"","feature","group","avgExpr","logFC","statistic","auc","pval","padj","pct_in","pct_out"
"Col4a1","Col4a1","neonate",1.45871545783837,1.01669019143301,9154.5,0.619216720779221,3.25020576253958e-05,0.0108015171508399,33.7662337662338,11.4583333333333
"Cd3g","Cd3g","neonate",1.85588709787118,0.86860287939182,8837,0.597740800865801,0.00232948190950658,0.232249346377806,42.8571428571429,22.9166666666667
"Ppia","Ppia","neonate",3.1338300362573,0.853963854081157,8529,0.576907467532468,0.0338756696919902,0.558968792597894,65.5844155844156,46.875
"Selplg","Selplg","neonate",1.79983814428039,0.826801967792197,8754,0.592126623376623,0.00385195264637819,0.295415137572235,42.2077922077922,21.875
"Plcg1","Plcg1","neonate",1.42056657546443,0.825026290714121,8820,0.596590909090909,0.000816336182029385,0.162777434696659,33.1168831168831,13.5416666666667
"Hsp90ab1","Hsp90ab1","neonate",1.29091167821141,0.814483230741835,8859,0.599228896103896,0.000395724176136231,0.0986342509019555,31.1688311688312,11.4583333333333
"Ccr7","Ccr7","neonate",1.3834389051527,0.784901387150645,8735.5,0.590875270562771,0.00153969634462927,0.205319483730706,31.8181818181818,14.5833333333333
"Rack1","Rack1","neonate",1.99169719395263,0.770643722717197,8642,0.584550865800866,0.0100356315402936,0.462534781705739,44.8051948051948,27.0833333333333
"Bcl2","Bcl2","neonate",1.13215822536803,0.691558969012933,8533.5,0.577211850649351,0.00283560563325627,0.235591568029709,25.3246753246753,9.375
"Cd47","Cd47","neonate",1.75620759307322,0.666153176713191,8514,0.575892857142857,0.0176861097677911,0.51861915995552,40.9090909090909,25
"Sox4","Sox4","neonate",2.23287088639748,0.653770384114397,8462.5,0.572409361471861,0.0360582812006578,0.560642317100702,51.9480519480519,36.4583333333333
"Clec2d","Clec2d","neonate",2.23079242013095,0.650149650523794,8563,0.579207251082251,0.0218386071582174,0.539180704756747,51.2987012987013,37.5
"Sod1","Sod1","neonate",2.46325548278711,0.636641340247486,8456.5,0.572003517316017,0.0421499504561368,0.560642317100702,57.1428571428571,42.7083333333333
"Cd2","Cd2","neonate",1.57103041231011,0.632884733778325,8479,0.573525432900433,0.0164027639438785,0.507524199852671,36.3636363636364,20.8333333333333
"Tnfrsf14","Tnfrsf14","neonate",1.53907842607838,0.631089271016981,8374,0.56642316017316,0.0257834676921055,0.539180704756747,33.7662337662338,18.75
"Ctnnb1","Ctnnb1","neonate",1.43186981370423,0.610566005817694,8454,0.571834415584416,0.0159012334592446,0.507524199852671,33.1168831168831,19.7916666666667
"Il27ra","Il27ra","neonate",1.13836931767509,0.600538787391345,8452,0.571699134199134,0.00857855155727326,0.462534781705739,27.2727272727273,13.5416666666667
"Cd52","Cd52","neonate",1.54169162700784,0.59339500979979,8355,0.565137987012987,0.0335082362142866,0.558968792597894,36.3636363636364,20.8333333333333
"Gsn","Gsn","neonate",1.50887107631255,0.593030755018014,8419.5,0.569500811688312,0.0226982455125387,0.539180704756747,35.7142857142857,20.8333333333333
"Fyb","Fyb","neonate",1.71729586962027,0.590753009562915,8385,0.567167207792208,0.033814516117326,0.558968792597894,38.961038961039,25
"Ets1","Ets1","neonate",2.03927123947943,0.58981488986551,8351.5,0.564901244588745,0.0514528584590143,0.581253132881385,44.8051948051948,32.2916666666667
"Naca","Naca","neonate",1.67553086996068,0.587322428270435,8382.5,0.566998106060606,0.0342652309162381,0.558968792597894,38.961038961039,25
"Itm2b","Itm2b","neonate",3.39712036023527,0.579101325985271,8020,0.542478354978355,0.252091798391653,0.833817867077649,74.6753246753247,60.4166666666667
"Cd3d","Cd3d","neonate",1.70817298125509,0.571214161509393,8303.5,0.561654491341991,0.0531418964731238,0.581253132881385,40.2597402597403,25
"Klf2","Klf2","neonate",1.96572330609356,0.56445434429053,8321,0.562838203463203,0.0571922569344672,0.581253132881385,43.5064935064935,31.25
"Csf2ra","Csf2ra","neonate",1.49788152314015,0.551371501951317,8449.5,0.571530032467532,0.021695540889949,0.539180704756747,37.012987012987,23.9583333333333
"Ms4a6b","Ms4a6b","neonate",2.33873778727345,0.547702969940547,8267,0.559185606060606,0.0839693083003664,0.620128891670113,48.7012987012987,37.5
"Glud1","Glud1","neonate",1.09130683572156,0.539461111079372,8362,0.565611471861472,0.015430722496376,0.507524199852671,26.6233766233766,13.5416666666667
"Srgn","Srgn","neonate",1.71931046046425,0.538060284753077,8296,0.561147186147186,0.057717211790629,0.581253132881385,40.2597402597403,28.125
"Irf3","Irf3","neonate",0.880255496027765,0.519907032738542,8368.5,0.566051136363636,0.00760123485943888,0.462534781705739,22.0779220779221,9.375
"Itk","Itk","neonate",1.41323728387754,0.519466026866461,8243,0.557562229437229,0.0533728347019195,0.581253132881385,33.1168831168831,19.7916666666667
"Tcf7","Tcf7","neonate",0.93299996344904,0.514261178120241,8303,0.561620670995671,0.0127690422871552,0.507524199852671,22.0779220779221,9.375
"Fyn","Fyn","neonate",1.43322732178619,0.498031063923989,8264.5,0.559016504329004,0.0508967471517219,0.581253132881385,33.1168831168831,22.9166666666667
"Msh2","Msh2","neonate",1.10120089069627,0.489464625932296,8310,0.562094155844156,0.0256933378241054,0.539180704756747,27.9220779220779,15.625
"Smad4","Smad4","neonate",1.14966227260501,0.488143428272713,8307,0.561891233766234,0.0281217619331503,0.539180704756747,28.5714285714286,16.6666666666667
"Tpt1","Tpt1","neonate",2.87297979416461,0.486387633229315,8046.5,0.544270833333333,0.218842104144213,0.802152859675664,60.3896103896104,48.9583333333333
"Eno1/b","Eno1/b","neonate",1.16463331339096,0.484404271263491,8293.5,0.560978084415584,0.030528235920905,0.553393658420768,28.5714285714286,16.6666666666667
"Parp1","Parp1","neonate",1.92188581330078,0.473308177889404,8211,0.555397727272727,0.0991425307738945,0.673086011030701,45.4545454545455,34.375
"Hsp90b1","Hsp90b1","neonate",1.4528791535399,0.468024076184915,8228.5,0.556581439393939,0.0659838473785452,0.604885135317035,35.0649350649351,23.9583333333333
"Myc","Myc","neonate",1.75655854795706,0.453128530478523,8092,0.547348484848485,0.149494083453234,0.693642042142238,42.8571428571429,30.2083333333333
"Tubb4b","Tubb4b","neonate",1.27766318865098,0.45216054920646,8208.5,0.555228625541126,0.0611491513133277,0.591900037469784,31.1688311688312,20.8333333333333
"Il20","Il20","neonate",1.60919557618004,0.441042508113393,8227.5,0.556513798701299,0.0773726181000718,0.620128891670113,38.961038961039,28.125
"Cd37","Cd37","neonate",1.26475623501319,0.432299907324151,8151.5,0.551373106060606,0.0751248273669658,0.620128891670113,29.2207792207792,19.7916666666667
"Plekhg2","Plekhg2","neonate",0.760491359350395,0.428417672623124,8142.5,0.55076433982684,0.0271758719963233,0.539180704756747,18.1818181818182,8.33333333333333
"Cd5","Cd5","neonate",1.20947605470026,0.42487041930786,8113,0.548768939393939,0.0836633349904303,0.620128891670113,27.2727272727273,18.75
"Stmn1","Stmn1","neonate",1.52299136410624,0.420919383837189,8112,0.548701298701299,0.119611852315249,0.693642042142238,36.3636363636364,26.0416666666667
"Hmgb2","Hmgb2","neonate",1.48633539272497,0.416981709703559,8097.5,0.547720508658009,0.11779561291532,0.693642042142238,33.1168831168831,25
"Il4ra","Il4ra","neonate",0.909807559913237,0.416769248086069,8104.5,0.548193993506494,0.0559307419712779,0.581253132881385,21.4285714285714,12.5
"Itgb2","Itgb2","neonate",0.968006913254064,0.40963957847618,8126.5,0.549682088744589,0.0568317533375457,0.581253132881385,23.3766233766234,13.5416666666667
"Tgfbr2","Tgfbr2","neonate",1.24577043827236,0.404758665844193,8075,0.546198593073593,0.113480357041763,0.693642042142238,30.5194805194805,19.7916666666667
"Myl12a","Myl12a","neonate",0.902266392711121,0.403629965034581,8143,0.55079816017316,0.0458095379432153,0.581253132881385,22.0779220779221,12.5
"Tlr1","Tlr1","neonate",1.34515766736496,0.396631887856343,8118,0.549107142857143,0.104301849529529,0.693259626539605,33.1168831168831,22.9166666666667
"Coro1b","Coro1b","neonate",0.716536416430509,0.395593732622714,8159,0.551880411255411,0.0256456758476696,0.539180704756747,18.8311688311688,8.33333333333333
"Casp8","Casp8","neonate",0.645427821279165,0.391566101798333,8087,0.547010281385281,0.0269072555521758,0.539180704756747,15.5844155844156,6.25
"Cd27","Cd27","neonate",1.02929017338857,0.389265438138138,8073.5,0.546097132034632,0.081950001563866,0.620128891670113,24.025974025974,14.5833333333333
"Axl","Axl","neonate",1.47126165307814,0.387003550212536,8107.5,0.548396915584416,0.120452095922069,0.693642042142238,35.0649350649351,27.0833333333333
"Cd28","Cd28","neonate",0.854712081697584,0.385617574260842,8065.5,0.545556006493506,0.0631041193363687,0.604885135317035,20.1298701298701,11.4583333333333
"Acp5","Acp5","neonate",0.74207460531843,0.384796356700961,8059.5,0.545150162337662,0.04678713695479,0.581253132881385,17.5324675324675,8.33333333333333
"Ptprcap","Ptprcap","neonate",1.10664841132862,0.376943158074002,8083,0.546739718614719,0.0910457442389211,0.657772514537713,26.6233766233766,16.6666666666667
"Sorbs1","Sorbs1","neonate",1.57141464886573,0.376072138780559,8071,0.54592803030303,0.15125266037675,0.693642042142238,38.3116883116883,29.1666666666667
"Fzd8","Fzd8","neonate",1.58711200393933,0.375606988814413,8065.5,0.545556006493506,0.15603934079536,0.693642042142238,38.3116883116883,30.2083333333333
"Ctla4","Ctla4","neonate",0.798917643833996,0.370005116342582,8041.5,0.54393262987013,0.0702827275684438,0.62010512730742,19.4805194805195,11.4583333333333
"Hdac1","Hdac1","neonate",0.895045235274673,0.366175411770717,8060.5,0.545217803030303,0.0780135867109979,0.620128891670113,22.0779220779221,13.5416666666667
"Il12b","Il12b","neonate",1.09128384292907,0.364014236940845,8051.5,0.544609036796537,0.109090678740803,0.693642042142238,26.6233766233766,17.7083333333333
"Atm","Atm","neonate",0.778869562317146,0.362277806688489,8071,0.54592803030303,0.0558972186011688,0.581253132881385,19.4805194805195,10.4166666666667
"Itga5","Itga5","neonate",0.960729313456058,0.357984766683701,8065.5,0.545556006493506,0.0879943178719429,0.645075992046523,24.025974025974,15.625
"St6gal1","St6gal1","neonate",0.662974181590805,0.357273629321561,8053.5,0.544744318181818,0.0405841333882277,0.560642317100702,16.2337662337662,7.29166666666667
"Pfn1","Pfn1","neonate",3.43588614649899,0.35437507169771,8029,0.543087121212121,0.245892799097298,0.828555200172137,72.7272727272727,65.625
"Ly6d","Ly6d","neonate",1.46320741312626,0.350762569029055,8025,0.542816558441558,0.171247512510752,0.717368781400084,35.7142857142857,27.0833333333333
"Bgn","Bgn","neonate",1.33330275002171,0.34926608669282,8030,0.543154761904762,0.15348791854284,0.693642042142238,32.4675324675325,23.9583333333333
"Ifna","Ifna","neonate",0.725665505061212,0.345691166826958,8081,0.546604437229437,0.052377715504698,0.581253132881385,19.4805194805195,10.4166666666667
"Xcl1","Xcl1","neonate",0.605231834905467,0.342440185187365,7989.5,0.540415313852814,0.0571448822914054,0.581253132881385,14.9350649350649,7.29166666666667
"Atp5b","Atp5b","neonate",0.885915541330605,0.339660435624917,8012,0.541937229437229,0.0992413677246872,0.673086011030701,22.0779220779221,12.5
"Clec14a","Clec14a","neonate",1.27035060924461,0.338463013002289,8020.5,0.542512175324675,0.153727226757503,0.693642042142238,31.1688311688312,22.9166666666667
"Ramp1","Ramp1","neonate",0.839915087294062,0.336473939719189,8008.5,0.541700487012987,0.0951204523316545,0.667852753342673,20.7792207792208,12.5
"Uba52","Uba52","neonate",2.6301735196365,0.336068138784856,7738.5,0.5234375,0.510059842909065,0.92479193348348,55.8441558441558,46.875
"Il17ra","Il17ra","neonate",0.962753774692594,0.333123068752603,8008.5,0.541700487012987,0.115614143643296,0.693642042142238,23.3766233766234,15.625
"Dnmt1","Dnmt1","neonate",0.805201098998976,0.333097287957119,8030,0.543154761904762,0.0754022965876514,0.620128891670113,20.1298701298701,10.4166666666667
"Nusap1","Nusap1","neonate",1.17819073076428,0.332632274301969,7999.5,0.541091720779221,0.159234468026826,0.693642042142238,29.2207792207792,21.875
"Ifit1","Ifit1","neonate",0.757623401991022,0.329910138257233,7973.5,0.539333062770563,0.101608373904791,0.683913261303026,18.8311688311688,11.4583333333333
"Notch1","Notch1","neonate",0.574580530512235,0.329349809734869,7994.5,0.540753517316017,0.0480161615230412,0.581253132881385,14.2857142857143,6.25
"Tubb5","Tubb5","neonate",1.02275996926518,0.323304195894883,7946,0.537472943722944,0.163676248618549,0.694405190947633,24.025974025974,16.6666666666667
"Stat6","Stat6","neonate",2.01805169657871,0.318071575590367,7931.5,0.536492153679654,0.289969252845825,0.833817867077649,48.7012987012987,40.625
"Mki67","Mki67","neonate",0.564458148004626,0.317428756636727,7910.5,0.535071699134199,0.0888805937704217,0.646817167803726,13.6363636363636,7.29166666666667
"Flt3l","Flt3l","neonate",0.777598861441397,0.317424872105422,7960.5,0.538453733766234,0.109492710674579,0.693642042142238,18.8311688311688,11.4583333333333
"Tnf","Tnf","neonate",1.15702987161588,0.317390911500275,8002,0.541260822510823,0.152960179848091,0.693642042142238,28.5714285714286,20.8333333333333
"Abl1","Abl1","neonate",0.835803213343574,0.317347610772525,7986,0.540178571428571,0.114254331021317,0.693642042142238,21.4285714285714,13.5416666666667
"Rspo3","Rspo3","neonate",0.45605372747379,0.317090677747152,8056.5,0.54494724025974,0.0150978315105774,0.507524199852671,12.3376623376623,3.125
"Pecam1","Pecam1","neonate",1.90338277544669,0.316671640519198,7899.5,0.534327651515151,0.311895812939182,0.833817867077649,46.1038961038961,37.5
"Tgfbr1","Tgfbr1","neonate",0.470680415464077,0.31141328946893,7956,0.538149350649351,0.0391860188783436,0.560642317100702,11.6883116883117,4.16666666666667
"Atg5","Atg5","neonate",1.11491506363086,0.310446856397264,7991,0.540516774891775,0.155706305001611,0.693642042142238,27.2727272727273,20.8333333333333
"Fgfr3","Fgfr3","neonate",0.766572113957614,0.309808497915945,7988,0.540313852813853,0.0967392424857394,0.669784894154737,19.4805194805195,11.4583333333333
"Lmna","Lmna","neonate",0.791651217914412,0.309377337079641,7927,0.536187770562771,0.139944945097827,0.693642042142238,19.4805194805195,12.5
"Cd6","Cd6","neonate",1.02512613443536,0.307858579754017,7928.5,0.536289231601732,0.174217711944275,0.718181880143328,24.025974025974,15.625
"Cd48","Cd48","neonate",0.783075876829541,0.305726153775644,7940.5,0.53710091991342,0.122558814061403,0.693642042142238,18.8311688311688,11.4583333333333
"Cxcl10","Cxcl10","neonate",0.843800192132145,0.30524913221368,7971.5,0.539197781385281,0.123373097484644,0.693642042142238,21.4285714285714,13.5416666666667
"Etv5","Etv5","neonate",0.760764411136599,0.30475854913166,7936.5,0.536830357142857,0.125312596614313,0.693642042142238,18.8311688311688,11.4583333333333
"Adm2","Adm2","neonate",1.8078977279986,0.304138618094908,8024,0.542748917748918,0.198401047047319,0.783872193510843,41.5584415584416,36.4583333333333
"Thbs2","Thbs2","neonate",0.865311435644132,0.303897105421905,7963.5,0.538656655844156,0.135223128131724,0.693642042142238,22.0779220779221,14.5833333333333
"Ms4a4b","Ms4a4b","neonate",1.00903867243689,0.302232560766175,7971,0.539163961038961,0.142507917797186,0.693642042142238,24.025974025974,15.625
"Ndufa4l2","Ndufa4l2","neonate",1.48331459411761,0.301926630931131,8018,0.542343073593074,0.181053396907371,0.733781450067677,36.3636363636364,29.1666666666667
"Efna5","Efna5","neonate",0.886332593322689,0.301561379237931,7942,0.537202380952381,0.153909760815364,0.693642042142238,22.0779220779221,15.625
"Smarcb1","Smarcb1","neonate",0.769597990373708,0.296717845499777,7969,0.53902867965368,0.10786181686258,0.693642042142238,19.4805194805195,11.4583333333333
"Il16","Il16","neonate",0.905622468629659,0.296019737396903,7929.5,0.536356872294372,0.156563177102133,0.693642042142238,22.0779220779221,13.5416666666667
"Chil1","Chil1","neonate",0.751926483326085,0.295163329124165,7876,0.532738095238095,0.173079157530724,0.718181880143328,18.1818181818182,12.5
"Vcam1","Vcam1","neonate",0.955262244503885,0.293246599832948,7951.5,0.537844967532468,0.162547945112759,0.693642042142238,24.6753246753247,16.6666666666667
"Nhej1","Nhej1","neonate",0.422910789275486,0.29100535957203,7963.5,0.538656655844156,0.0290597079799656,0.546651487849542,11.038961038961,3.125
"Dhrs2","Dhrs2","neonate",0.843877728146706,0.290864865175211,7944,0.537337662337662,0.142215614162307,0.693642042142238,21.4285714285714,13.5416666666667
"Ifnar2","Ifnar2","neonate",0.446118941980615,0.288907949035379,7953,0.537946428571429,0.0402428505574657,0.560642317100702,11.6883116883117,4.16666666666667
"Tgfb1","Tgfb1","neonate",1.67711986030007,0.288821049325218,7974.5,0.539400703463203,0.231844950640289,0.813148825964052,40.9090909090909,34.375
"Efnb2","Efnb2","neonate",0.364831076701547,0.287492899738739,7911,0.535105519480519,0.0279593641773693,0.539180704756747,9.09090909090909,2.08333333333333
"Myl4","Myl4","neonate",1.05483510224682,0.286760212246854,7900,0.534361471861472,0.217226624896707,0.799169538826631,25.974025974026,18.75
"Atr","Atr","neonate",0.94785436743991,0.284782368213828,7948.5,0.537642045454545,0.161782193870163,0.693642042142238,24.025974025974,16.6666666666667
"Thbs1","Thbs1","neonate",0.873912319411325,0.279561573885066,7926,0.53612012987013,0.162800639780626,0.693642042142238,22.0779220779221,14.5833333333333
"Ffar2","Ffar2","neonate",0.87080874228393,0.279349580275698,7902.5,0.534530573593074,0.178466796368646,0.732227966993993,21.4285714285714,14.5833333333333
"Ybx3","Ybx3","neonate",0.426934438182121,0.275880676083151,7907,0.534834956709957,0.0544484651963394,0.581253132881385,11.038961038961,4.16666666666667
"H2-K1","H2-K1","neonate",2.27904681511175,0.27246554430001,7634,0.516369047619048,0.638159615538401,0.935833273718085,50.6493506493506,41.6666666666667
"Csk","Csk","neonate",1.50725468791514,0.257189946338941,7872.5,0.532501352813853,0.304706669785585,0.833817867077649,35.7142857142857,30.2083333333333
"Spn","Spn","neonate",1.29937749614239,0.252297220969535,7821.5,0.529051677489177,0.329825586381576,0.833817867077649,30.5194805194805,23.9583333333333
"Serpinb5","Serpinb5","neonate",0.400184963486168,0.25153178819096,7861,0.531723484848485,0.0733150727615446,0.620128891670113,10.3896103896104,4.16666666666667
"Il6st","Il6st","neonate",0.646733489050576,0.249722031483152,7850,0.530979437229437,0.172651501175681,0.718181880143328,16.2337662337662,10.4166666666667
"Itga8","Itga8","neonate",0.417920595886166,0.249648681201704,7850,0.530979437229437,0.0803227843510786,0.620128891670113,10.3896103896104,4.16666666666667
"H2az1","H2az1","neonate",0.647210140725503,0.249511420215961,7886.5,0.533448322510823,0.135984528269392,0.693642042142238,16.2337662337662,9.375
"Blk","Blk","neonate",0.846991510885072,0.2492939856474,7840,0.53030303030303,0.237760787223141,0.815186708687942,20.7792207792208,15.625
"Sec61g","Sec61g","neonate",1.46698879415259,0.248513684001636,7799,0.527529761904762,0.382927736360622,0.896923893371439,35.7142857142857,29.1666666666667
"Map1lc3b","Map1lc3b","neonate",0.490842803650249,0.247353708172854,7890.5,0.533718885281385,0.0797504300458878,0.620128891670113,12.3376623376623,5.20833333333333
"Ezh2","Ezh2","neonate",0.840807207394774,0.246757928076861,7825,0.52928841991342,0.25385768101265,0.833817867077649,20.7792207792208,15.625
"Pcna","Pcna","neonate",0.819620121821046,0.245119328578064,7849,0.530911796536797,0.216147704749817,0.798145413465066,20.1298701298701,13.5416666666667
"Il15ra","Il15ra","neonate",0.934966906407452,0.244751840540076,7818,0.528814935064935,0.280741609909136,0.833817867077649,22.7272727272727,17.7083333333333
"Col4a2","Col4a2","neonate",0.800724823541833,0.243405240689865,7850.5,0.531013257575758,0.214642992670006,0.798145413465066,20.1298701298701,13.5416666666667
"Igf2r","Igf2r","neonate",1.30767109305762,0.243324568920054,7794,0.527191558441558,0.373058541816789,0.883466428007929,32.4675324675325,26.0416666666667
"Cd1d1","Cd1d1","neonate",0.630625441306767,0.241485562005243,7803.5,0.527834145021645,0.202925014787063,0.783872193510843,14.9350649350649,9.375
"Elane","Elane","neonate",0.454343799059638,0.238900854514527,7818.5,0.528848755411255,0.118991340930852,0.693642042142238,11.038961038961,5.20833333333333
"Trp53","Trp53","neonate",0.659483581037066,0.23858477567672,7894,0.533955627705628,0.134943093110727,0.693642042142238,16.8831168831169,9.375
"Igfbp7","Igfbp7","neonate",2.28690314317417,0.238528078017328,7654,0.517721861471861,0.616348740174566,0.934064862248374,53.2467532467532,46.875
"Igfbp3","Igfbp3","neonate",0.529434873488286,0.238406788388822,7849.5,0.530945616883117,0.133360109974996,0.693642042142238,13.6363636363636,7.29166666666667
"Celsr1","Celsr1","neonate",0.325870841749099,0.237857121250455,7861,0.531723484848485,0.04067193164009,0.560642317100702,8.44155844155844,2.08333333333333
"Kitl","Kitl","neonate",0.320112680650351,0.237324779352103,7815,0.528612012987013,0.0565486841980661,0.581253132881385,7.79220779220779,2.08333333333333
"Epha3","Epha3","neonate",0.427787446427785,0.235731620383562,7831.5,0.529728084415584,0.108142788209964,0.693642042142238,11.038961038961,5.20833333333333
"Nlrc5","Nlrc5","neonate",0.737791360661601,0.234601270692644,7824.5,0.5292545995671,0.213630368047229,0.798145413465066,17.5324675324675,11.4583333333333
"Ifitm2","Ifitm2","neonate",0.680063352330939,0.234092881336195,7817.5,0.528781114718615,0.205206261290201,0.783872193510843,16.2337662337662,10.4166666666667
"Rgs5","Rgs5","neonate",1.12476466113705,0.232418651936407,7793,0.527123917748918,0.353006540123977,0.855404774651679,28.5714285714286,22.9166666666667
"Dusp5","Dusp5","neonate",1.25883110432174,0.227814750980894,7829.5,0.529592803030303,0.330099966621426,0.833817867077649,31.8181818181818,26.0416666666667
"Pdgfrb","Pdgfrb","neonate",1.24910001989064,0.226965369627883,7801.5,0.527698863636364,0.355234511417484,0.855480212278336,30.5194805194805,25
"Cd14","Cd14","neonate",1.10823347685233,0.224854065047886,7786.5,0.526684253246753,0.352816747826041,0.855404774651679,27.2727272727273,21.875
"Rarres1","Rarres1","neonate",1.05559205842797,0.224707212051903,7813,0.528476731601732,0.315662298088832,0.833817867077649,26.6233766233766,20.8333333333333
"Tsc22d1","Tsc22d1","neonate",0.555997861125755,0.223690420799929,7754.5,0.524519751082251,0.24873487074918,0.833817867077649,13.6363636363636,9.375
"Il7","Il7","neonate",0.795891299880696,0.221326673815555,7803,0.527800324675325,0.274667186062337,0.833817867077649,20.1298701298701,15.625
"Esam","Esam","neonate",0.974144541416791,0.221256623374202,7787.5,0.526751893939394,0.32712818791765,0.833817867077649,24.025974025974,18.75
"Il3ra","Il3ra","neonate",0.613183951350195,0.220419194304478,7788,0.526785714285714,0.232621191158659,0.813148825964052,15.5844155844156,10.4166666666667
"Mxra8","Mxra8","neonate",0.311355828119784,0.219422189460218,7808,0.528138528138528,0.0607663967740078,0.591900037469784,7.79220779220779,2.08333333333333
"Oas2","Oas2","neonate",0.853103888823939,0.219035436840837,7807,0.528070887445887,0.282126467871495,0.833817867077649,22.0779220779221,15.625
"Adgrl1","Adgrl1","neonate",0.46550643672196,0.217997814643838,7825.5,0.52932224025974,0.134718689559336,0.693642042142238,12.3376623376623,6.25
"Tnfsf14","Tnfsf14","neonate",0.315591436938127,0.216315566243531,7801.5,0.527698863636364,0.0829714349801116,0.620128891670113,8.44155844155844,3.125
"Igfbp5","Igfbp5","neonate",0.797413220907351,0.215655777742566,7779,0.526176948051948,0.29942218531168,0.833817867077649,20.1298701298701,14.5833333333333
"Gpx1","Gpx1","neonate",1.29756989884659,0.214887016877739,7738,0.52340367965368,0.434830367041053,0.898608460023035,30.5194805194805,25
"Timp1","Timp1","neonate",0.747591833830124,0.213965745567808,7825,0.52928841991342,0.232349486465217,0.813148825964052,19.4805194805195,12.5
"Hspb1","Hspb1","neonate",0.31110980830096,0.210636717807267,7750,0.524215367965368,0.118310573295564,0.693642042142238,7.79220779220779,3.125
"Glul","Glul","neonate",0.569066022026027,0.210472250656394,7772,0.525703463203463,0.233260345261503,0.813148825964052,14.2857142857143,9.375
"Sh3bgrl3","Sh3bgrl3","neonate",0.692448173753539,0.209595652155642,7748,0.524080086580087,0.306111708364976,0.833817867077649,16.8831168831169,12.5
"Ccl17","Ccl17","neonate",0.410379664878005,0.209318770975671,7780,0.526244588744589,0.147473275463046,0.693642042142238,10.3896103896104,5.20833333333333
"Birc3","Birc3","neonate",1.28986705154067,0.208646368190297,7769,0.525500541125541,0.403552773013793,0.898608460023035,32.4675324675325,26.0416666666667
"Pld3","Pld3","neonate",1.56780159482458,0.208478504734088,7745.5,0.523910984848485,0.458395371060705,0.905144879503302,37.6623376623377,32.2916666666667
"Jak1","Jak1","neonate",0.764477840985431,0.207681611800467,7745,0.523877164502164,0.330349104810102,0.833817867077649,18.1818181818182,14.5833333333333
"Csf2rb","Csf2rb","neonate",0.437867466469586,0.207469098292133,7759,0.524824134199134,0.188679866345509,0.752981809943045,11.038961038961,6.25
"S100a4","S100a4","neonate",0.372849104568943,0.207404993938389,7800,0.527597402597403,0.110739273208113,0.693642042142238,9.74025974025974,4.16666666666667
"Il34","Il34","neonate",0.248053912992022,0.206943026433415,7794,0.527191558441558,0.0421746978761812,0.560642317100702,6.49350649350649,1.04166666666667
"Junb","Junb","neonate",1.15105622423068,0.20649805574949,7760.5,0.524925595238095,0.393435789972948,0.898608460023035,27.9220779220779,23.9583333333333
"Itga9","Itga9","neonate",0.35527003831989,0.203905505057045,7763,0.525094696969697,0.13707995533893,0.693642042142238,9.09090909090909,4.16666666666667
"Tigit","Tigit","neonate",0.556076212054877,0.203067717952809,7767,0.52536525974026,0.239476058283935,0.81766311681193,14.2857142857143,9.375
"Stat5b","Stat5b","neonate",0.68856407099884,0.202207850543893,7733.5,0.523099296536797,0.326260861049438,0.833817867077649,16.8831168831169,12.5
"Lefty1","Lefty1","neonate",1.2291489371394,0.202181708952462,7768.5,0.525466720779221,0.393062310876374,0.898608460023035,30.5194805194805,23.9583333333333
"Tnfsf8","Tnfsf8","neonate",0.469317713508414,0.201773097254414,7783,0.526447510822511,0.169468429385107,0.715932305495559,11.6883116883117,6.25
"Vegfc","Vegfc","neonate",0.533518438507321,0.194997704744993,7699.5,0.520799512987013,0.320787665676565,0.833817867077649,12.987012987013,9.375
"Sell","Sell","neonate",1.94530065506336,0.194081607350596,7808.5,0.528172348484849,0.403179803183738,0.898608460023035,42.8571428571429,39.5833333333333
"Nfkb1","Nfkb1","neonate",0.743367408185726,0.192570790958037,7755,0.524553571428571,0.316814293790479,0.833817867077649,18.8311688311688,13.5416666666667
"Igf1r","Igf1r","neonate",0.252670495774881,0.189151830552506,7726,0.522591991341991,0.105423451279532,0.693642042142238,6.49350649350649,2.08333333333333
"Tm4sf1","Tm4sf1","neonate",0.633398888552974,0.189074117099799,7736,0.523268398268398,0.31728977118708,0.833817867077649,16.2337662337662,12.5
"Srebf1","Srebf1","neonate",0.234904362747351,0.188270585442782,7746.5,0.523978625541126,0.0607863903177584,0.591900037469784,5.84415584415584,1.04166666666667
"Kras","Kras","neonate",0.587014041854733,0.185186408464276,7765,0.525229978354978,0.260919326805482,0.833817867077649,15.5844155844156,10.4166666666667
"Itga1","Itga1","neonate",0.577768393463797,0.183680843820318,7722,0.522321428571429,0.313793858843786,0.833817867077649,14.9350649350649,10.4166666666667
"Ncr1","Ncr1","neonate",1.54464883543882,0.182606879331838,7797.5,0.527428300865801,0.393303899175359,0.898608460023035,36.3636363636364,33.3333333333333
"Ptges3","Ptges3","neonate",0.998635859350832,0.182296441427495,7750,0.524215367965368,0.387760648919907,0.898608460023035,25.3246753246753,20.8333333333333
"Rb1","Rb1","neonate",0.698500944580198,0.180941860159217,7750,0.524215367965368,0.297967921769332,0.833817867077649,16.8831168831169,11.4583333333333
"Osm","Osm","neonate",0.647653104983598,0.180700792466561,7692,0.520292207792208,0.38323929646563,0.896923893371439,16.2337662337662,12.5
"Tlr4","Tlr4","neonate",0.427884271608473,0.178337474092646,7746,0.523944805194805,0.204845279245078,0.783872193510843,11.038961038961,6.25
"Tyms","Tyms","neonate",0.212635983979569,0.177471074767818,7703,0.521036255411255,0.0836136723342103,0.620128891670113,5.19480519480519,1.04166666666667
"Frmd8","Frmd8","neonate",0.79261896963614,0.176554798331136,7698,0.520698051948052,0.403425512482238,0.898608460023035,18.8311688311688,14.5833333333333
"Tox","Tox","neonate",1.16738915333272,0.17648682603629,7724.5,0.52249053030303,0.446170490460218,0.900197454237231,27.9220779220779,26.0416666666667
"Arhgdib","Arhgdib","neonate",0.869395389082262,0.17566443534372,7695.5,0.52052895021645,0.427957308730248,0.898608460023035,20.7792207792208,16.6666666666667
"Hdac11","Hdac11","neonate",1.50769662896942,0.17511300184063,7689.5,0.520123106060606,0.529875091442614,0.92479193348348,36.3636363636364,32.2916666666667
"Ighm","Ighm","neonate",0.761550400305161,0.174919435026919,7748.5,0.524113906926407,0.305431692627453,0.833817867077649,17.5324675324675,11.4583333333333
"Casp3","Casp3","neonate",0.247071678675416,0.174775429903027,7722,0.522321428571429,0.109667135713912,0.693642042142238,6.49350649350649,2.08333333333333
"Cotl1","Cotl1","neonate",1.23317968588052,0.174719408767073,7671,0.518871753246753,0.520609538337995,0.92479193348348,28.5714285714286,23.9583333333333
"S100a8","S100a8","neonate",1.07634167658528,0.173655497800606,7730,0.522862554112554,0.428728706703883,0.898608460023035,27.2727272727273,22.9166666666667
"Ms4a1","Ms4a1","neonate",0.302318070653136,0.172846553786333,7689.5,0.520123106060606,0.180118740738226,0.732972998024536,7.14285714285714,3.125
"Adgrl2","Adgrl2","neonate",0.438442020198969,0.171766891946027,7697.5,0.520664231601732,0.28322728707422,0.833817867077649,11.038961038961,7.29166666666667
"Npr1","Npr1","neonate",1.88662389539364,0.171759688516746,7679.5,0.519446699134199,0.568854909158105,0.92479193348348,45.4545454545455,40.625
"Adgre5","Adgre5","neonate",1.91212674954238,0.171168244419394,7594,0.51366341991342,0.690493077664744,0.94748468717838,46.7532467532467,40.625
"Ighd","Ighd","neonate",1.31988752110489,0.171146896183305,7706,0.521239177489177,0.488655337237814,0.92479193348348,31.8181818181818,28.125
"Mthfd1l","Mthfd1l","neonate",0.329845005696639,0.170472139569185,7751,0.524283008658009,0.150263656253901,0.693642042142238,9.09090909090909,4.16666666666667
"Col5a1","Col5a1","neonate",0.631399995674619,0.17017119591557,7708,0.521374458874459,0.358343557888883,0.860888017386062,16.2337662337662,12.5
"Ccr6","Ccr6","neonate",0.7289752470206,0.169998450252993,7718.5,0.522084686147186,0.37261562469345,0.883466428007929,18.8311688311688,14.5833333333333
"Nfkbia","Nfkbia","neonate",1.22516622453144,0.169833151632284,7704,0.521103896103896,0.481370559654574,0.92479193348348,29.8701298701299,26.0416666666667
"Bax","Bax","neonate",0.571320313272606,0.168849604942507,7753,0.52441829004329,0.25749838818414,0.833817867077649,14.2857142857143,9.375
"Tek","Tek","neonate",0.405928537053607,0.168609254759804,7667,0.51860119047619,0.30484029106101,0.833817867077649,9.74025974025974,6.25
"Hhex","Hhex","neonate",0.683019785643562,0.168440753318509,7643.5,0.517011634199134,0.46993760057571,0.91868193681173,16.2337662337662,13.5416666666667
"Marco","Marco","neonate",0.334378292571648,0.167193369049725,7707,0.521306818181818,0.194986444223974,0.774507907933475,8.44155844155844,4.16666666666667
"Erbb3","Erbb3","neonate",1.40773952710679,0.166386132494314,7650.5,0.517485119047619,0.579734160909905,0.92479193348348,35.0649350649351,30.2083333333333
"Gsk3b","Gsk3b","neonate",1.6511810377333,0.166237879124722,7715.5,0.521881764069264,0.508228378658196,0.92479193348348,40.2597402597403,36.4583333333333
"Stat3","Stat3","neonate",1.29409305104387,0.166097552957621,7701,0.520900974025974,0.495614846051641,0.92479193348348,32.4675324675325,27.0833333333333
"Zfp36","Zfp36","neonate",0.697126663963824,0.165928418552717,7705,0.521171536796537,0.378564710486037,0.892305375790275,17.5324675324675,13.5416666666667
"Col15a1","Col15a1","neonate",0.165501381651043,0.165501381651043,7680,0.519480519480519,0.0511628134099722,0.581253132881385,3.8961038961039,0
"Tnfrsf4","Tnfrsf4","neonate",0.367772869979906,0.16540127600516,7724.5,0.52249053030303,0.204410272142342,0.783872193510843,9.74025974025974,5.20833333333333
"Myh11","Myh11","neonate",0.163444737362922,0.163444737362922,7728,0.522727272727273,0.0347603461796083,0.558968792597894,4.54545454545455,0
"Ephb4","Ephb4","neonate",0.311975761901036,0.163079444610348,7671,0.518871753246753,0.237790934067823,0.815186708687942,7.79220779220779,4.16666666666667
"Nosip","Nosip","neonate",0.773546349424506,0.162273338183846,7680,0.519480519480519,0.440186150861264,0.899703164275449,19.4805194805195,15.625
"Csf1r","Csf1r","neonate",0.225580084454705,0.159539499309745,7678,0.519345238095238,0.148522056532568,0.693642042142238,5.84415584415584,2.08333333333333
"Il18","Il18","neonate",0.264725520880056,0.159443563171432,7654,0.517721861471861,0.221619111155789,0.809356241107406,6.49350649350649,3.125
"Il2rg","Il2rg","neonate",1.47558388249356,0.159075924425149,7672.5,0.518973214285714,0.550831100269374,0.92479193348348,35.0649350649351,32.2916666666667
"H2-M3","H2-M3","neonate",1.54604746877747,0.157859521694531,7633,0.516301406926407,0.614623426551869,0.934064862248374,37.6623376623377,33.3333333333333
"Tyk2","Tyk2","neonate",0.499516668519203,0.157267398937488,7691.5,0.520258387445887,0.333559789598707,0.837626271106119,12.987012987013,9.375
"Cd69","Cd69","neonate",1.00060233382745,0.157023688775835,7673.5,0.519040854978355,0.491634389697599,0.92479193348348,24.025974025974,20.8333333333333
"Itga2","Itga2","neonate",0.235698797223291,0.156981212553588,7671,0.518871753246753,0.158731626744823,0.693642042142238,5.84415584415584,2.08333333333333
"Cd164","Cd164","neonate",0.816137342459019,0.156391277600862,7654,0.517721861471861,0.490260076965715,0.92479193348348,20.1298701298701,16.6666666666667
"Col17a1","Col17a1","neonate",0.26821177578966,0.156097314245286,7693.5,0.520393668831169,0.174322983946525,0.718181880143328,7.14285714285714,3.125
"Atp5e","Atp5e","neonate",1.00273267363396,0.15460319716949,7693,0.520359848484849,0.462075006455201,0.910452137224972,24.6753246753247,19.7916666666667
"Icos","Icos","neonate",0.42918920783236,0.15431121387484,7676.5,0.519243777056277,0.31769293743334,0.833817867077649,11.038961038961,7.29166666666667
"Dusp6","Dusp6","neonate",0.74195843003321,0.153708486518493,7639,0.516707251082251,0.491769189261768,0.92479193348348,17.5324675324675,14.5833333333333
"Bid","Bid","neonate",0.197674302498861,0.152766033371101,7695,0.52049512987013,0.0918882164797974,0.659083106693223,5.19480519480519,1.04166666666667
"Ramp3","Ramp3","neonate",0.262518947476231,0.152524008471629,7649,0.517383658008658,0.230580666516886,0.813148825964052,6.49350649350649,3.125
"Hcar2","Hcar2","neonate",0.398437148539988,0.152063730862213,7606.5,0.514508928571429,0.433527101371206,0.898608460023035,9.74025974025974,7.29166666666667
"Prf1","Prf1","neonate",0.847023323586013,0.151726690449766,7643,0.516977813852814,0.515689800635691,0.92479193348348,20.7792207792208,17.7083333333333
"Isg15","Isg15","neonate",0.260279220982097,0.149873806809313,7647,0.517248376623377,0.234236460592833,0.813706450212734,6.49350649350649,3.125
"Lamp3","Lamp3","neonate",0.422035069163879,0.14906921730768,7636,0.516504329004329,0.382477720493688,0.896923893371439,10.3896103896104,7.29166666666667
"Fzd4","Fzd4","neonate",0.296387943571824,0.148973490448481,7626,0.515827922077922,0.307656011535055,0.833817867077649,7.14285714285714,4.16666666666667
"Itga6","Itga6","neonate",0.931036683065343,0.148301470402351,7644.5,0.517079274891775,0.52293479267269,0.92479193348348,22.0779220779221,18.75
"Ttn","Ttn","neonate",0.34887153290656,0.147671433856989,7679.5,0.519446699134199,0.26132472245218,0.833817867077649,9.09090909090909,5.20833333333333
"Rnf43","Rnf43","neonate",0.349477075719004,0.147377373658201,7693,0.520359848484849,0.215611135327989,0.798145413465066,8.44155844155844,4.16666666666667
"Il12a","Il12a","neonate",0.263493583334602,0.14581554413604,7646,0.517180735930736,0.236079678202199,0.815186708687942,6.49350649350649,3.125
"Tnfsf10","Tnfsf10","neonate",0.377089377898103,0.145221847844099,7705.5,0.521205357142857,0.231517916724056,0.813148825964052,9.74025974025974,5.20833333333333
"Areg","Areg","neonate",1.52021499157027,0.144625654631448,7620,0.515422077922078,0.631572799237267,0.935833273718085,37.012987012987,32.2916666666667
"Ube2c","Ube2c","neonate",0.309923431100524,0.144310353148086,7663,0.518330627705628,0.251540622884993,0.833817867077649,7.79220779220779,4.16666666666667
"Ikzf3","Ikzf3","neonate",0.839826470738397,0.144136433800911,7649.5,0.517417478354978,0.508243101476777,0.92479193348348,21.4285714285714,17.7083333333333
"Tpm1","Tpm1","neonate",1.00790490715686,0.142162490056322,7654.5,0.517755681818182,0.526755636924369,0.92479193348348,25.3246753246753,20.8333333333333
"Itgal","Itgal","neonate",1.31342508739516,0.14087467236504,7645,0.517113095238095,0.575349843070101,0.92479193348348,31.8181818181818,27.0833333333333
"Dpp4","Dpp4","neonate",0.528042118619489,0.140517164766375,7648.5,0.517349837662338,0.421344069130231,0.898608460023035,13.6363636363636,10.4166666666667
"Ramp2","Ramp2","neonate",0.579918176009802,0.139708212213912,7603.5,0.514306006493506,0.513324026370102,0.92479193348348,13.6363636363636,11.4583333333333
"Itgav","Itgav","neonate",0.287045236774213,0.139540646715352,7669,0.518736471861472,0.241177540878356,0.819541458858189,7.79220779220779,4.16666666666667
"Sigirr","Sigirr","neonate",0.452153048118251,0.134882930239545,7617,0.515219155844156,0.438037825046334,0.898608460023035,11.038961038961,8.33333333333333
"Myl7","Myl7","neonate",0.167479688271713,0.134448549086016,7652.5,0.5176204004329,0.125156859452004,0.693642042142238,4.54545454545455,1.04166666666667
"Vegfd","Vegfd","neonate",0.662276488458296,0.134015994358345,7638,0.51663961038961,0.484492961506256,0.92479193348348,16.8831168831169,13.5416666666667
"Fzd3","Fzd3","neonate",0.574369481922288,0.132852895947572,7646.5,0.517214556277056,0.443330074898308,0.900197454237231,14.9350649350649,11.4583333333333
"Cxcl5","Cxcl5","neonate",0.271794669807426,0.132768267679903,7626,0.515827922077922,0.307656011535055,0.833817867077649,7.14285714285714,4.16666666666667
"Wnt5b","Wnt5b","neonate",0.283735101787695,0.13143808628716,7621,0.515489718614719,0.318130048838988,0.833817867077649,7.14285714285714,4.16666666666667
"Akt1","Akt1","neonate",0.993819017193697,0.130977851194321,7631,0.516166125541126,0.561988999212454,0.92479193348348,24.6753246753247,20.8333333333333
"Il1rl1","Il1rl1","neonate",0.1718717245877,0.130760838029093,7650.5,0.517485119047619,0.128087499255066,0.693642042142238,4.54545454545455,1.04166666666667
"H2-DMb2","H2-DMb2","neonate",0.315991088211821,0.130664970815372,7648,0.517316017316017,0.278794104675786,0.833817867077649,7.79220779220779,4.16666666666667
"Hsp90aa1","Hsp90aa1","neonate",1.00517635128505,0.130598829098757,7623,0.515625,0.572672239017453,0.92479193348348,24.6753246753247,19.7916666666667
"Relt","Relt","neonate",0.915675922375941,0.13051242352063,7629.5,0.516064664502164,0.553784108971158,0.92479193348348,22.7272727272727,19.7916666666667
"Flt3","Flt3","neonate",0.926139660747089,0.130169634609373,7643,0.516977813852814,0.534309959345393,0.92479193348348,23.3766233766234,19.7916666666667
"Apod","Apod","neonate",0.375490966606473,0.130030908754199,7650,0.517451298701299,0.335768227087044,0.837626271106119,9.74025974025974,6.25
"Eng","Eng","neonate",0.758742267889958,0.128931987170979,7618,0.515286796536797,0.541221246853023,0.92479193348348,18.8311688311688,15.625
"Htt","Htt","neonate",1.23334789182494,0.128781001522571,7631.5,0.516199945887446,0.594281432050654,0.92822662642494,30.5194805194805,28.125
"Mcpt8","Mcpt8","neonate",0.283970049766235,0.128116907012538,7619,0.515354437229437,0.322382128796545,0.833817867077649,7.14285714285714,4.16666666666667
"Kdr","Kdr","neonate",0.82375544675053,0.127944655114939,7611,0.514813311688312,0.570735014401265,0.92479193348348,20.7792207792208,17.7083333333333
"Esr1","Esr1","neonate",0.983263361721628,0.127430167793982,7661.5,0.518229166666667,0.518389567503889,0.92479193348348,25.3246753246753,21.875
"Tnfrsf1a","Tnfrsf1a","neonate",0.387812488952564,0.127153378940897,7608,0.51461038961039,0.410076306094171,0.898608460023035,9.09090909090909,6.25
"Cd209a","Cd209a","neonate",0.24391011048694,0.126250660040013,7643,0.516977813852814,0.241670199502816,0.819541458858189,6.49350649350649,3.125
"Klrk1","Klrk1","neonate",0.617587615165408,0.125492333113367,7635.5,0.516470508658009,0.484208513017811,0.92479193348348,16.2337662337662,13.5416666666667
"Qrfpr","Qrfpr","neonate",0.812143257228544,0.125188973619535,7629.5,0.516064664502164,0.535240078396113,0.92479193348348,20.7792207792208,16.6666666666667
"Ackr1","Ackr1","neonate",0.323653276405435,0.124044062683287,7627.5,0.515929383116883,0.345672783608201,0.846770922008297,8.44155844155844,5.20833333333333
"Angpt1","Angpt1","neonate",0.322533814005918,0.123694564971961,7631.5,0.516199945887446,0.337525350780401,0.837626271106119,8.44155844155844,5.20833333333333
"Agr2","Agr2","neonate",0.236212340678566,0.12270927624744,7599.5,0.514035443722944,0.31491358316611,0.833817867077649,5.84415584415584,3.125
"Mb","Mb","neonate",0.980266210912665,0.122678463122966,7621.5,0.515523538961039,0.577670379989577,0.92479193348348,24.6753246753247,20.8333333333333
"Tnfsf13","Tnfsf13","neonate",0.308051300500382,0.120954671409843,7590,0.513392857142857,0.415734726529053,0.898608460023035,7.79220779220779,5.20833333333333
"Fau","Fau","neonate",2.35839161446118,0.120798157854512,7400.5,0.500574945887446,0.987829157965038,0.998740198688732,53.8961038961039,48.9583333333333
"Il6ra","Il6ra","neonate",0.559367044409553,0.119199337713081,7646,0.517180735930736,0.432257677863973,0.898608460023035,14.2857142857143,10.4166666666667
"Il17d","Il17d","neonate",0.192077985177995,0.11875941219767,7579,0.51264880952381,0.298725609215176,0.833817867077649,4.54545454545455,2.08333333333333
"Tgfb3","Tgfb3","neonate",0.33078255810793,0.118034887936997,7628.5,0.515997023809524,0.343624612239224,0.846770922008297,8.44155844155844,5.20833333333333
"Bcl6","Bcl6","neonate",0.361842822358466,0.117891153692762,7565,0.51170183982684,0.499590960310125,0.92479193348348,8.44155844155844,6.25
"Smad3","Smad3","neonate",1.12383412677378,0.116846582136099,7639,0.516707251082251,0.573616090610404,0.92479193348348,28.5714285714286,26.0416666666667
"Mif","Mif","neonate",1.83450921008083,0.116634593293305,7536.5,0.50977408008658,0.774469485420427,0.969475277042459,44.1558441558442,41.6666666666667
"Ifit3/b","Ifit3/b","neonate",0.478648068803862,0.11597277099372,7545,0.510349025974026,0.616459185344901,0.934064862248374,11.6883116883117,10.4166666666667
"Cfd","Cfd","neonate",0.843159878757935,0.114894727089535,7618,0.515286796536797,0.561586058378415,0.92479193348348,21.4285714285714,17.7083333333333
"Cd53","Cd53","neonate",1.15594830120217,0.112667584717803,7563.5,0.511600378787879,0.690094088079344,0.94748468717838,27.9220779220779,22.9166666666667
"Mfap5","Mfap5","neonate",0.157569880562362,0.112432343320418,7602,0.514204545454545,0.187409206307373,0.752981809943045,3.8961038961039,1.04166666666667
"Ly75","Ly75","neonate",1.42743567846778,0.112341265393878,7641,0.516842532467532,0.593768531179163,0.92822662642494,33.7662337662338,32.2916666666667
"Sox9","Sox9","neonate",0.150237133986828,0.111513357712174,7604,0.514339826839827,0.183232709554797,0.739607333709038,3.8961038961039,1.04166666666667
"Tnfrsf10b","Tnfrsf10b","neonate",0.353543333692514,0.109973234786667,7602,0.514204545454545,0.423233508030735,0.898608460023035,9.09090909090909,6.25
"Irf4","Irf4","neonate",0.396397518381497,0.109819971787793,7575.5,0.512412067099567,0.503036035830174,0.92479193348348,9.74025974025974,7.29166666666667
"Pdgfa","Pdgfa","neonate",0.189787154707131,0.107725277947377,7619,0.515354437229437,0.230251343210829,0.813148825964052,5.19480519480519,2.08333333333333
"Cxcl17","Cxcl17","neonate",0.867224408542152,0.107470100854471,7567,0.511837121212121,0.658226979125058,0.940189538950835,21.4285714285714,19.7916666666667
"Inhbb","Inhbb","neonate",1.12205279189613,0.107388566385505,7555,0.511025432900433,0.706290451916123,0.94748468717838,27.2727272727273,25
"Psap","Psap","neonate",1.93909052246958,0.106920435170242,7500,0.507305194805195,0.831769993570828,0.974470838531275,46.1038961038961,41.6666666666667
"Gcg","Gcg","neonate",0.519786875930213,0.10687750392467,7589,0.513325216450216,0.531248724928376,0.92479193348348,12.987012987013,10.4166666666667
"Tlr3","Tlr3","neonate",0.176651690640405,0.10508977457206,7575,0.512378246753247,0.30920941454766,0.833817867077649,4.54545454545455,2.08333333333333
"Pdgfb","Pdgfb","neonate",0.256689026474956,0.104631299969787,7570,0.512040043290043,0.423088491340727,0.898608460023035,6.49350649350649,4.16666666666667
"Atg12","Atg12","neonate",0.443828262184026,0.10441654922303,7586,0.513122294372294,0.503863095801916,0.92479193348348,11.038961038961,8.33333333333333
"Adgrg3","Adgrg3","neonate",0.490687566865866,0.104404470042138,7587,0.513189935064935,0.535436350553371,0.92479193348348,12.987012987013,10.4166666666667
"Cd38","Cd38","neonate",0.396871952192123,0.104017375288443,7616,0.515151515151515,0.422779470011483,0.898608460023035,10.3896103896104,7.29166666666667
"Il10ra","Il10ra","neonate",0.870309266669394,0.103783885519949,7583,0.512919372294372,0.629150513110508,0.935833273718085,21.4285714285714,19.7916666666667
"Cystm1","Cystm1","neonate",0.355849509452758,0.103278127744217,7599,0.514001623376623,0.429903723821753,0.898608460023035,9.09090909090909,6.25
"Ifitm1","Ifitm1","neonate",0.446513718814355,0.101194393173987,7579.5,0.51268262987013,0.532520437259403,0.92479193348348,11.6883116883117,9.375
"Anxa2","Anxa2","neonate",0.441562612062039,0.100203653125125,7556,0.511093073593074,0.565122310357922,0.92479193348348,10.3896103896104,8.33333333333333
"Fos","Fos","neonate",0.296538810878623,0.100106505230751,7581,0.512784090909091,0.43730228681221,0.898608460023035,7.79220779220779,5.20833333333333
"Ccl9","Ccl9","neonate",0.254362724145857,0.0999005545184305,7574,0.512310606060606,0.412713433847809,0.898608460023035,6.49350649350649,4.16666666666667
"Twist1","Twist1","neonate",0.099880558433552,0.099880558433552,7584,0.512987012987013,0.113084109523456,0.693642042142238,2.5974025974026,0
"Adipoq","Adipoq","neonate",0.207323185555347,0.0990416436481295,7553,0.510890151515151,0.416671376551,0.898608460023035,5.19480519480519,3.125
"Col27a1","Col27a1","neonate",0.0978363775017073,0.0978363775017073,7584,0.512987012987013,0.113084109523456,0.693642042142238,2.5974025974026,0
"Casr","Casr","neonate",0.212071789609932,0.0976114825108032,7592.5,0.513561958874459,0.331557781157968,0.834755322763875,5.84415584415584,3.125
"Camp","Camp","neonate",0.0963352827370164,0.0963352827370164,7584,0.512987012987013,0.113084109523456,0.693642042142238,2.5974025974026,0
"Dnmt3a","Dnmt3a","neonate",0.261447832277443,0.0963294680094816,7567,0.511837121212121,0.430968597518132,0.898608460023035,6.49350649350649,4.16666666666667
"Ccr9","Ccr9","neonate",0.355648622958469,0.0961445496339486,7555,0.511025432900433,0.524779099805963,0.92479193348348,8.44155844155844,6.25
"Btk","Btk","neonate",0.130184167892672,0.0959145261197757,7557.5,0.511194534632035,0.263057166987639,0.833817867077649,3.24675324675325,1.04166666666667
"Vhl","Vhl","neonate",0.302216682825152,0.0951306142491656,7584,0.512987012987013,0.430042024746423,0.898608460023035,7.79220779220779,5.20833333333333
"Tnxb","Tnxb","neonate",0.294512229781628,0.0946024308127522,7584,0.512987012987013,0.430042024746423,0.898608460023035,7.79220779220779,5.20833333333333
"Carmn","Carmn","neonate",0.285919136756141,0.094378189212315,7546.5,0.510450487012987,0.513893884794161,0.92479193348348,7.14285714285714,5.20833333333333
"Maml2","Maml2","neonate",1.26564399652084,0.0936134162849347,7553.5,0.510923971861472,0.722130903947896,0.94748468717838,31.1688311688312,29.1666666666667
"Il1rap","Il1rap","neonate",0.197928186302167,0.0921235339670946,7551,0.51075487012987,0.422501708817335,0.898608460023035,5.19480519480519,3.125
"Hey1","Hey1","neonate",0.167494366312301,0.0908743616292914,7528,0.509199134199134,0.424185680333191,0.898608460023035,3.8961038961039,2.08333333333333
"Adgra2","Adgra2","neonate",0.322131778459445,0.090609564786492,7556,0.511093073593074,0.522231677579366,0.92479193348348,8.44155844155844,6.25
"Stat4","Stat4","neonate",0.696118797997798,0.0897917592892565,7519.5,0.508624188311688,0.723183472955353,0.94748468717838,16.8831168831169,15.625
"Cpa3","Cpa3","neonate",0.253969420864149,0.089566393785839,7601,0.514136904761905,0.362332938566706,0.866297217628312,7.14285714285714,4.16666666666667
"Ldlr","Ldlr","neonate",0.295537374783062,0.0895105781562552,7579,0.51264880952381,0.442181093776299,0.899703164275449,7.79220779220779,5.20833333333333
"Chek2","Chek2","neonate",0.307861464921283,0.0884958173575078,7523,0.508860930735931,0.600505113340462,0.931109794712971,7.79220779220779,6.25
"Rigi","Rigi","neonate",0.768634228583971,0.0873597710282066,7548.5,0.510585768398268,0.680660572471453,0.94748468717838,19.4805194805195,17.7083333333333
"Saa1/2","Saa1/2","neonate",0.575031702908773,0.0871816431144186,7605,0.514407467532468,0.521306109892115,0.92479193348348,14.9350649350649,11.4583333333333
"Rgs1","Rgs1","neonate",0.362416374181603,0.0866269308114156,7537,0.5098079004329,0.589089696949107,0.92822662642494,9.09090909090909,7.29166666666667
"Oas1a/g","Oas1a/g","neonate",1.02352977103428,0.0865185899811552,7537.5,0.509841720779221,0.730888148889477,0.94748468717838,25.974025974026,22.9166666666667
"Mecom","Mecom","neonate",0.530830100364668,0.0860658985198336,7559.5,0.511329816017316,0.604904963922395,0.932133306075159,13.6363636363636,11.4583333333333
"Gpnmb","Gpnmb","neonate",0.279667161082457,0.0860210217227518,7543.5,0.510247564935065,0.522127127042236,0.92479193348348,7.14285714285714,5.20833333333333
"Gstp1/2","Gstp1/2","neonate",0.84465465589125,0.0859921186920242,7535,0.509672619047619,0.711559265673481,0.94748468717838,20.1298701298701,18.75
"Ccr5","Ccr5","neonate",0.205721910588381,0.0854408554891447,7546,0.510416666666667,0.437284269785802,0.898608460023035,5.19480519480519,3.125
"Calm1","Calm1","neonate",0.365036905645653,0.0841250131648312,7533,0.509537337662338,0.599442214416668,0.930909482513111,9.09090909090909,7.29166666666667
"Fkbp5","Fkbp5","neonate",0.128247819505553,0.0840683591261954,7553.5,0.510923971861472,0.274805621090103,0.833817867077649,3.24675324675325,1.04166666666667
"Mapk14","Mapk14","neonate",0.358425105095333,0.0835440927156021,7609,0.51467803030303,0.418343598689721,0.898608460023035,9.74025974025974,6.25
"Ceacam3","Ceacam3","neonate",0.328974985359532,0.0832666823714041,7552,0.510822510822511,0.532460879467429,0.92479193348348,8.44155844155844,6.25
"Cdh5","Cdh5","neonate",1.44767063073887,0.0832434647219891,7580,0.51271645021645,0.687352041008802,0.94748468717838,33.7662337662338,32.2916666666667
"Nlrc4","Nlrc4","neonate",0.196546663067277,0.0829294071305249,7547,0.510484307359307,0.434304022417212,0.898608460023035,5.19480519480519,3.125
"Igf2","Igf2","neonate",0.121712707818433,0.0814466808164981,7554.5,0.510991612554113,0.271835453676275,0.833817867077649,3.24675324675325,1.04166666666667
"Il11ra1/2","Il11ra1/2","neonate",1.03276207816832,0.0806149573668049,7544,0.510281385281385,0.719323632749163,0.94748468717838,25.974025974026,22.9166666666667
"Nr3c1","Nr3c1","neonate",0.433642405609558,0.0802572726236087,7526.5,0.509097673160173,0.649225303999482,0.936600828866,11.038961038961,9.375
"Ephb2","Ephb2","neonate",0.293322380534352,0.0794157038569246,7578,0.512581168831169,0.444632130315457,0.900197454237231,7.79220779220779,5.20833333333333
"Rarb","Rarb","neonate",0.158944262723881,0.0792883474435076,7573,0.512242965367965,0.314541423732028,0.833817867077649,4.54545454545455,2.08333333333333
"Il7r","Il7r","neonate",1.19228106658441,0.0792694248134265,7533.5,0.509571158008658,0.743680308081712,0.951566158161292,27.2727272727273,25
"Bst1","Bst1","neonate",0.930204125703727,0.0789122001662438,7532,0.509469696969697,0.731068614833229,0.94748468717838,22.7272727272727,21.875
"H2-Q10","H2-Q10","neonate",1.32988389440972,0.0779655930232825,7479,0.50588474025974,0.850378530123991,0.980009879402385,33.1168831168831,29.1666666666667
"Sat1","Sat1","neonate",0.574936382622216,0.0773971784949318,7546,0.510416666666667,0.643171348309346,0.935833273718085,14.2857142857143,12.5
"Itga3","Itga3","neonate",0.156120645378154,0.076717519810966,7527,0.509131493506494,0.427613180114065,0.898608460023035,3.8961038961039,2.08333333333333
"Cflar","Cflar","neonate",0.470320571929125,0.0760674439001875,7553,0.510890151515151,0.592157693390909,0.92822662642494,11.6883116883117,9.375
"Dusp4","Dusp4","neonate",0.533441063007048,0.0759184000224061,7515,0.508319805194805,0.7080424258223,0.94748468717838,13.6363636363636,12.5
"Rbpj","Rbpj","neonate",1.50675534714256,0.0758783957749884,7505.5,0.507677218614719,0.812994769823629,0.969475277042459,37.012987012987,34.375
"Insr","Insr","neonate",0.763594906294319,0.0753257251690079,7522,0.50879329004329,0.732615065591141,0.94748468717838,18.8311688311688,18.75
"Mlh1","Mlh1","neonate",0.24588363253928,0.0751831892727231,7497.5,0.507136093073593,0.646419739930874,0.936600828866,6.49350649350649,5.20833333333333
"Ptgdr2","Ptgdr2","neonate",0.227903034543217,0.0747875499679611,7520,0.508658008658009,0.551223638287844,0.92479193348348,5.84415584415584,4.16666666666667
"Pparg","Pparg","neonate",0.248366629194066,0.0734072960222456,7498,0.507169913419913,0.644852015089593,0.935833273718085,6.49350649350649,5.20833333333333
"Calm2","Calm2","neonate",0.883873599304311,0.0724026283878393,7550,0.510687229437229,0.689696645612104,0.94748468717838,22.0779220779221,18.75
"Acvrl1","Acvrl1","neonate",0.928833701876195,0.0718873601989563,7535.5,0.509706439393939,0.726358302857568,0.94748468717838,23.3766233766234,21.875
"Scg5","Scg5","neonate",0.160429475558006,0.0715761616966447,7526,0.509063852813853,0.431056753975905,0.898608460023035,3.8961038961039,2.08333333333333
"Alcam","Alcam","neonate",0.506185534794612,0.0712046246383308,7534,0.509604978354978,0.661123844476483,0.941629247061506,13.6363636363636,11.4583333333333
"Cldn4","Cldn4","neonate",0.154847503594452,0.0711779477012315,7525,0.508996212121212,0.434516356952581,0.898608460023035,3.8961038961039,2.08333333333333
"Rela","Rela","neonate",0.617780639251036,0.0702190185233094,7547.5,0.510518127705628,0.651804457511464,0.936600828866,15.5844155844156,13.5416666666667
"Ltbr","Ltbr","neonate",1.06926481589831,0.0700678625165623,7536,0.50974025974026,0.736510163052402,0.94748468717838,25.974025974026,25
"Gpx3","Gpx3","neonate",0.660181567465485,0.0699545361877172,7515,0.508319805194805,0.727212795126299,0.94748468717838,16.2337662337662,14.5833333333333
"Cpb1","Cpb1","neonate",0.35042061035987,0.0693394520993486,7570.5,0.512073863636364,0.51477408583737,0.92479193348348,9.74025974025974,7.29166666666667
"Col3a1","Col3a1","neonate",0.287550987776992,0.0692916673561543,7529.5,0.509300595238095,0.561424911977703,0.92479193348348,7.14285714285714,5.20833333333333
"Spp1","Spp1","neonate",0.146896477068676,0.0692643106594918,7526,0.509063852813853,0.431056753975905,0.898608460023035,3.8961038961039,2.08333333333333
"Il33","Il33","neonate",0.787835205550168,0.0677265620043189,7538,0.509875541125541,0.703463172129255,0.94748468717838,20.1298701298701,17.7083333333333
"Dst","Dst","neonate",1.62643917862068,0.067579293038545,7397.5,0.500372023809524,0.99175476994879,0.998767177413074,38.961038961039,35.4166666666667
"Ccl19","Ccl19","neonate",0.195237133851739,0.06740531928287,7536,0.50974025974026,0.467727719001525,0.916334422791697,5.19480519480519,3.125
"Fgg","Fgg","neonate",0.146606125027175,0.067298215183101,7526,0.509063852813853,0.431056753975905,0.898608460023035,3.8961038961039,2.08333333333333
"Notch3","Notch3","neonate",0.224491590280784,0.0671603456740415,7520,0.508658008658009,0.551223638287844,0.92479193348348,5.84415584415584,4.16666666666667
"Mmp7","Mmp7","neonate",0.188604303939069,0.0670245119021508,7542,0.510146103896104,0.449323020056091,0.900197454237231,5.19480519480519,3.125
"Tpsab1","Tpsab1","neonate",0.218175313060882,0.0669279178968949,7516,0.508387445887446,0.563783404970668,0.92479193348348,5.84415584415584,4.16666666666667
"Gzmg","Gzmg","neonate",0.271968168687166,0.0666002828927423,7532.5,0.509503517316017,0.552885164671794,0.92479193348348,7.14285714285714,5.20833333333333
"Ldb2","Ldb2","neonate",0.153998961820841,0.0661898723011874,7523,0.508860930735931,0.441483463749223,0.899703164275449,3.8961038961039,2.08333333333333
"Ceacam1","Ceacam1","neonate",0.22718805388579,0.0657603793174598,7514,0.508252164502164,0.57011431496052,0.92479193348348,5.84415584415584,4.16666666666667
"Ddc","Ddc","neonate",0.323313052549355,0.0657165281777513,7454.5,0.504227543290043,0.808271374008445,0.969475277042459,7.79220779220779,7.29166666666667
"Cd276","Cd276","neonate",0.197810763365938,0.0653541446750511,7539,0.509943181818182,0.458473584903879,0.905144879503302,5.19480519480519,3.125
"Ahr","Ahr","neonate",0.264036130286269,0.0652217226544866,7498,0.507169913419913,0.644851640300144,0.935833273718085,6.49350649350649,5.20833333333333
"Serpina1a","Serpina1a","neonate",0.641006090204694,0.0648213189419531,7502,0.507440476190476,0.755179610302423,0.960349580958565,16.2337662337662,14.5833333333333
"Il10rb","Il10rb","neonate",0.405812222516729,0.0637739072599937,7527,0.509131493506494,0.636057555823363,0.935833273718085,10.3896103896104,8.33333333333333
"Hcst","Hcst","neonate",0.306287208422255,0.0637666758349565,7474.5,0.505580357142857,0.73543867037288,0.94748468717838,7.14285714285714,6.25
"Il2rb","Il2rb","neonate",0.955799709276566,0.0629268280091156,7545.5,0.510382846320346,0.700233804098564,0.94748468717838,22.7272727272727,18.75
"Gpbar1","Gpbar1","neonate",0.144713973726813,0.0628425032719974,7524,0.508928571428571,0.437991942750885,0.898608460023035,3.8961038961039,2.08333333333333
"Cd40lg","Cd40lg","neonate",1.10769993414946,0.0622369664542022,7530.5,0.509368235930736,0.750242274343367,0.956510930332911,27.2727272727273,26.0416666666667
"Epha2","Epha2","neonate",0.356361483531163,0.0619639791683688,7472,0.505411255411255,0.771094061675129,0.969475277042459,9.09090909090909,8.33333333333333
"Ptk6","Ptk6","neonate",0.156493417755521,0.0618239724987608,7524,0.508928571428571,0.437991942750885,0.898608460023035,3.8961038961039,2.08333333333333
"Lgals3","Lgals3","neonate",0.223389729312342,0.0618039334507087,7513,0.508184523809524,0.573292429782204,0.92479193348348,5.84415584415584,4.16666666666667
"Ier3","Ier3","neonate",0.40835942765248,0.0616917712986667,7528,0.509199134199134,0.633550023120004,0.935833273718085,10.3896103896104,8.33333333333333
"Vim","Vim","neonate",1.51243342480672,0.0614320662528767,7444,0.503517316017316,0.912634554577653,0.980587684021677,35.0649350649351,32.2916666666667
"Ccl3","Ccl3","neonate",0.226886801402782,0.0613327293554165,7473,0.505478896103896,0.695930019787847,0.94748468717838,5.19480519480519,4.16666666666667
"Cd244a","Cd244a","neonate",0.230730141917827,0.0604718272957063,7513,0.508184523809524,0.573292429782204,0.92479193348348,5.84415584415584,4.16666666666667
"Prtn3","Prtn3","neonate",0.0603844841227684,0.0603844841227684,7488,0.506493506493506,0.265711116292836,0.833817867077649,1.2987012987013,0
"Ltb","Ltb","neonate",0.696054693807008,0.0590919437878039,7512,0.508116883116883,0.736327981988881,0.94748468717838,16.8831168831169,14.5833333333333
"Tpm2","Tpm2","neonate",0.522002576507197,0.0590666918998152,7503,0.507508116883117,0.735512204727404,0.94748468717838,13.6363636363636,12.5
"Ifnar1","Ifnar1","neonate",0.503651846474591,0.058991587618827,7488.5,0.506527326839827,0.759694961006941,0.964860988692892,12.3376623376623,11.4583333333333
"Pnoc","Pnoc","neonate",0.140885378409707,0.0585818618484687,7523,0.508860930735931,0.441483463749223,0.899703164275449,3.8961038961039,2.08333333333333
"Ankrd42","Ankrd42","neonate",0.164561124861548,0.0578278830950435,7500.5,0.507339015151515,0.56728949451714,0.92479193348348,4.54545454545455,3.125
"Tnfsf12","Tnfsf12","neonate",0.299767690833373,0.0578099920689316,7500,0.507305194805195,0.666192679054103,0.943438683293701,7.79220779220779,6.25
"Havcr1","Havcr1","neonate",0.131185788835502,0.0568856024605671,7481,0.506020021645022,0.577604161607822,0.92479193348348,3.24675324675325,2.08333333333333
"Gh","Gh","neonate",0.235162744286275,0.0565649683147325,7456.5,0.504362824675325,0.77270523936587,0.969475277042459,5.84415584415584,5.20833333333333
"Col5a2","Col5a2","neonate",0.945557781267681,0.0564001840925797,7491.5,0.506730248917749,0.808555833179522,0.969475277042459,23.3766233766234,21.875
"Angpt2","Angpt2","neonate",0.484416871604498,0.0556705589908877,7501.5,0.507406655844156,0.732074621008034,0.94748468717838,12.987012987013,11.4583333333333
"Ccl11","Ccl11","neonate",0.513496110888791,0.0547325649486402,7489.5,0.506594967532468,0.766823350217163,0.969475277042459,13.6363636363636,12.5
"Fap","Fap","neonate",0.166314303874525,0.0545531564888598,7496.5,0.507068452380952,0.581728975964886,0.925227489623455,4.54545454545455,3.125
"Apc","Apc","neonate",0.181806077038817,0.0544696717920582,7497.5,0.507136093073593,0.578103037604181,0.92479193348348,4.54545454545455,3.125
"Dll4","Dll4","neonate",0.102212226209084,0.0544428647486874,7505,0.507643398268398,0.40414705285069,0.898608460023035,2.5974025974026,1.04166666666667
"Tnfsf9","Tnfsf9","neonate",0.289310238550834,0.0542808771612725,7559,0.511295995670996,0.492649542300469,0.92479193348348,7.79220779220779,5.20833333333333
"Meg3","Meg3","neonate",0.70336440857318,0.053469150225818,7492,0.506764069264069,0.785525914439353,0.969475277042459,17.5324675324675,16.6666666666667
"Epha4","Epha4","neonate",0.149853993278364,0.0530103466132655,7526,0.509063852813853,0.431056753975905,0.898608460023035,3.8961038961039,2.08333333333333
"Tlr7","Tlr7","neonate",0.557190709609097,0.0525980595101905,7476,0.505681818181818,0.803438159968533,0.969475277042459,14.2857142857143,13.5416666666667
"Twist2","Twist2","neonate",0.173979774692148,0.0522180117637217,7498.5,0.507203733766234,0.574487764873841,0.92479193348348,4.54545454545455,3.125
"Acvr2a","Acvr2a","neonate",0.167614488303116,0.0521679642877812,7498.5,0.507203733766234,0.574487764873841,0.92479193348348,4.54545454545455,3.125
"Calb1","Calb1","neonate",0.0507193019972232,0.0507193019972232,7488,0.506493506493506,0.265711116292836,0.833817867077649,1.2987012987013,0
"Nod2","Nod2","neonate",0.297071741368194,0.0498187285415775,7500,0.507305194805195,0.666192679054103,0.943438683293701,7.79220779220779,6.25
"Col11a1","Col11a1","neonate",0.233367570140586,0.0492346809107997,7488,0.506493506493506,0.676505846227939,0.94748468717838,6.49350649350649,5.20833333333333
"Myl9","Myl9","neonate",0.30910787034582,0.0490223919767353,7445,0.503584956709957,0.837200855055259,0.977387883477861,7.79220779220779,7.29166666666667
"Wnt9a","Wnt9a","neonate",0.130383262306161,0.0483814891007934,7478,0.5058170995671,0.590570043291499,0.92822662642494,3.24675324675325,2.08333333333333
"Cd163","Cd163","neonate",0.13929298562598,0.0470859255622013,7478,0.5058170995671,0.590570043291499,0.92822662642494,3.24675324675325,2.08333333333333
"Itgam","Itgam","neonate",0.840993204080702,0.0468952154714563,7485,0.506290584415584,0.813220774347257,0.969475277042459,20.7792207792208,19.7916666666667
"Ccl22","Ccl22","neonate",0.400815478928492,0.0466108130771311,7471,0.505343614718615,0.786260783213707,0.969475277042459,10.3896103896104,9.375
"Col9a2","Col9a2","neonate",0.83888268403865,0.046585553487967,7487.5,0.506459686147186,0.809688611490931,0.969475277042459,20.7792207792208,20.8333333333333
"Cd93","Cd93","neonate",1.16382200945245,0.0460058679708364,7473,0.505478896103896,0.854191158676702,0.980009879402385,28.5714285714286,26.0416666666667
"Mzt2","Mzt2","neonate",0.167865756330412,0.0457450966328901,7495.5,0.507000811688312,0.585365509395465,0.927258048117169,4.54545454545455,3.125
"Brca1","Brca1","neonate",0.504874790472456,0.0455225731221068,7496.5,0.507068452380952,0.743923380306235,0.951566158161292,12.987012987013,11.4583333333333
"Dusp2","Dusp2","neonate",0.552392568240886,0.0450866929669849,7485,0.506290584415584,0.771402324842722,0.969475277042459,12.987012987013,11.4583333333333
"Cidea","Cidea","neonate",0.717433082624836,0.0450378533243918,7484.5,0.506256764069264,0.804907338136132,0.969475277042459,18.1818181818182,17.7083333333333
"H2-T23","H2-T23","neonate",0.964252601714998,0.0444784450801547,7445,0.503584956709957,0.896375094922641,0.980587684021677,22.0779220779221,21.875
"Cd33","Cd33","neonate",0.15318930002548,0.0442909131501193,7454,0.504193722943723,0.731842662170993,0.94748468717838,3.8961038961039,3.125
"Gzmk","Gzmk","neonate",0.157894412686756,0.0442844806091741,7453,0.504126082251082,0.736038913533502,0.94748468717838,3.8961038961039,3.125
"Tlr8","Tlr8","neonate",0.076564447629223,0.0440001984553301,7460.5,0.504633387445887,0.573682873918751,0.92479193348348,1.94805194805195,1.04166666666667
"Angptl1","Angptl1","neonate",0.359752881922153,0.0439534896673811,7464,0.50487012987013,0.793578401048409,0.969475277042459,9.09090909090909,8.33333333333333
"Birc5","Birc5","neonate",0.285971689387287,0.042900991940677,7495,0.506966991341991,0.68084125362254,0.94748468717838,7.79220779220779,6.25
"Ifngr2","Ifngr2","neonate",0.212507645344726,0.0415517221561667,7471,0.505343614718615,0.703121619917783,0.94748468717838,5.19480519480519,4.16666666666667
"Ndrg1","Ndrg1","neonate",0.120234205102677,0.0412615973104556,7477,0.505749458874459,0.594921579022604,0.92822662642494,3.24675324675325,2.08333333333333
"Fn1","Fn1","neonate",0.538154564397085,0.0410779835183541,7486,0.506358225108225,0.77500639547286,0.969475277042459,13.6363636363636,12.5
"Fzd6","Fzd6","neonate",0.205684626687694,0.0410576259790366,7510,0.507981601731602,0.58287684542505,0.925363399504418,5.84415584415584,4.16666666666667
"Fcgbp","Fcgbp","neonate",0.51229429779532,0.04077903204034,7443,0.503449675324675,0.875680646231233,0.980587684021677,12.987012987013,12.5
"Pgk1","Pgk1","neonate",0.552556353605777,0.0400920285560589,7504.5,0.507609577922078,0.728612583593615,0.94748468717838,13.6363636363636,11.4583333333333
"Cxcl16","Cxcl16","neonate",0.121364629244122,0.0396465785265866,7476,0.505681818181818,0.599287698640161,0.930909482513111,3.24675324675325,2.08333333333333
"Rag1","Rag1","neonate",0.700307970149459,0.0395798415200015,7456,0.504329004329004,0.860802959738402,0.980587684021677,16.8831168831169,16.6666666666667
"Fpr1","Fpr1","neonate",0.664988797286157,0.0393979681928642,7474,0.505546536796537,0.823616408881608,0.969475277042459,17.5324675324675,16.6666666666667
"Plac8","Plac8","neonate",0.149599828165488,0.0389338133351972,7453,0.504126082251082,0.736038913533502,0.94748468717838,3.8961038961039,3.125
"Tyrobp","Tyrobp","neonate",0.54843012919383,0.0386433138865674,7440.5,0.503280573593074,0.884816756809539,0.980587684021677,13.6363636363636,13.5416666666667
"Smad2","Smad2","neonate",0.122254232790167,0.0385246061066403,7475,0.505614177489177,0.603668277565885,0.932133306075159,3.24675324675325,2.08333333333333
"Selenop","Selenop","neonate",0.647018193207843,0.03805149792471,7529.5,0.509300595238095,0.693288273099006,0.94748468717838,16.2337662337662,13.5416666666667
"Slc2a1","Slc2a1","neonate",0.337677428903414,0.0370266428442916,7423,0.502096861471861,0.909228283182476,0.980587684021677,8.44155844155844,8.33333333333333
"Clec10a","Clec10a","neonate",0.0996788481274474,0.0368806286422778,7434,0.502840909090909,0.778331240457957,0.969475277042459,2.5974025974026,2.08333333333333
"Ica1","Ica1","neonate",0.160154180970621,0.0359609010092496,7451,0.503990800865801,0.744454968270619,0.951566158161292,3.8961038961039,3.125
"C1qc","C1qc","neonate",0.229742408876904,0.0354947210774674,7443,0.503449675324675,0.819714944975765,0.969475277042459,5.84415584415584,5.20833333333333
"Fgf1","Fgf1","neonate",0.114477235459471,0.0352792089810095,7477,0.505749458874459,0.594921579022604,0.92822662642494,3.24675324675325,2.08333333333333
"Krt23","Krt23","neonate",0.902607296082288,0.0342235422254278,7464.5,0.50490395021645,0.85919774900766,0.980587684021677,22.7272727272727,21.875
"Krt8","Krt8","neonate",0.243438796343056,0.0338611006000646,7483,0.506155303030303,0.692554263220154,0.94748468717838,6.49350649350649,5.20833333333333
"Lcn2","Lcn2","neonate",0.482973554659834,0.0332327797935705,7457.5,0.504430465367965,0.835926052183503,0.977043697569698,12.3376623376623,11.4583333333333
"Cd80","Cd80","neonate",0.104304769962158,0.032090392304106,7432,0.502705627705628,0.788754445885912,0.969475277042459,2.5974025974026,2.08333333333333
"Krt20","Krt20","neonate",0.270529008940809,0.0319908289164182,7455,0.504261363636364,0.796757813057498,0.969475277042459,7.14285714285714,6.25
"Met","Met","neonate",0.108057760754635,0.0317463390845575,7433,0.502773268398268,0.783537987629071,0.969475277042459,2.5974025974026,2.08333333333333
"Psd3","Psd3","neonate",0.198946414055959,0.0316701166203933,7464.5,0.50490395021645,0.726673723741328,0.94748468717838,5.19480519480519,4.16666666666667
"Csf3","Csf3","neonate",0.140325525828602,0.0316161850969327,7407.5,0.501048430735931,0.929502983709498,0.98741508083462,3.24675324675325,3.125
"Dpt","Dpt","neonate",0.430032169915957,0.0313571819972301,7402.5,0.500710227272727,0.97292243806608,0.994409845870151,10.3896103896104,10.4166666666667
"Lag3","Lag3","neonate",0.25260130618556,0.0307444110015967,7478,0.5058170995671,0.708741889112421,0.94748468717838,6.49350649350649,5.20833333333333
"Cd34","Cd34","neonate",0.266847009873163,0.030654177012601,7422,0.502029220779221,0.900486306665464,0.980587684021677,6.49350649350649,6.25
"Klrb1c","Klrb1c","neonate",0.207704935831096,0.0304927335234262,7443.5,0.503483495670996,0.817961306234785,0.969475277042459,5.84415584415584,5.20833333333333
"Cd55","Cd55","neonate",1.17213271166611,0.0303840009956642,7450.5,0.503956980519481,0.895695897235863,0.980587684021677,29.2207792207792,27.0833333333333
"Havcr2","Havcr2","neonate",0.451125150209622,0.0301774474076583,7467.5,0.505106872294372,0.805425068945884,0.969475277042459,11.6883116883117,10.4166666666667
"Lyn","Lyn","neonate",0.232395619063252,0.0299563741631005,7442.5,0.503415854978355,0.821469914490173,0.969475277042459,5.84415584415584,5.20833333333333
"Ptges2","Ptges2","neonate",0.259208128837327,0.0299039093256995,7419,0.501826298701299,0.910561632065803,0.980587684021677,6.49350649350649,6.25
"Aif1","Aif1","neonate",0.270093613885047,0.0289914092228673,7362,0.497970779220779,0.903246381733267,0.980587684021677,6.49350649350649,7.29166666666667
"Sst","Sst","neonate",0.0996425257883257,0.0288588490543043,7432,0.502705627705628,0.788754445885912,0.969475277042459,2.5974025974026,2.08333333333333
"Trmt5","Trmt5","neonate",0.181245364913161,0.0284906696796205,7423,0.502096861471861,0.877337619007456,0.980587684021677,4.54545454545455,4.16666666666667
"Ifi44l","Ifi44l","neonate",0.252205645003189,0.0284420119620294,7421.5,0.5019954004329,0.902164531340834,0.980587684021677,6.49350649350649,6.25
"Notch2","Notch2","neonate",0.386936256542895,0.0278687193249746,7433.5,0.502807088744589,0.885301271456822,0.980587684021677,9.74025974025974,9.375
"Cd200r3","Cd200r3","neonate",0.10526873745801,0.0274856553076466,7432,0.502705627705628,0.788754445885912,0.969475277042459,2.5974025974026,2.08333333333333
"Ccr10","Ccr10","neonate",0.327705653775495,0.0273543012141998,7463.5,0.50483630952381,0.786082637518816,0.969475277042459,8.44155844155844,7.29166666666667
"Syk","Syk","neonate",0.340279453400621,0.0266669687500738,7414,0.501488095238095,0.935943691927662,0.98741508083462,8.44155844155844,8.33333333333333
"Cuzd1","Cuzd1","neonate",0.19634938038097,0.0265784006135633,7463,0.504802489177489,0.732147128178746,0.94748468717838,5.19480519480519,4.16666666666667
"Rara","Rara","neonate",0.216336194538117,0.0252006557936259,7382,0.499323593073593,0.966893191311879,0.994409845870151,5.84415584415584,6.25
"Pten","Pten","neonate",0.31227717898271,0.0248559938910151,7461.5,0.504701028138528,0.791967668845101,0.969475277042459,8.44155844155844,7.29166666666667
"Hdac3","Hdac3","neonate",0.423194879337139,0.024734619276949,7465,0.504937770562771,0.80224475438556,0.969475277042459,10.3896103896104,9.375
"Ppara","Ppara","neonate",0.102383193197715,0.0246568193114574,7431.5,0.502671807359307,0.791365690482634,0.969475277042459,2.5974025974026,2.08333333333333
"Bmpr1a","Bmpr1a","neonate",0.183650967881222,0.0246335082790335,7466,0.505005411255411,0.721214967882092,0.94748468717838,5.19480519480519,4.16666666666667
"Tnfrsf17","Tnfrsf17","neonate",0.0233746632546037,0.0233746632546037,7440,0.503246753246753,0.43461569896743,0.898608460023035,0.649350649350649,0
"Egfr","Egfr","neonate",0.54233599295734,0.0231215494701883,7445,0.503584956709957,0.875643654649855,0.980587684021677,14.2857142857143,13.5416666666667
"Olr1","Olr1","neonate",0.0231106930033084,0.0231106930033084,7440,0.503246753246753,0.43461569896743,0.898608460023035,0.649350649350649,0
"Tap2","Tap2","neonate",0.678303739769954,0.0226068288353589,7458.5,0.504498106060606,0.85092038064407,0.980009879402385,16.2337662337662,14.5833333333333
"Lamp2","Lamp2","neonate",1.06460019222942,0.0225960430324357,7449.5,0.50388933982684,0.894838217805113,0.980587684021677,26.6233766233766,26.0416666666667
"Eomes","Eomes","neonate",0.13445563133581,0.0224468173191182,7404.5,0.500845508658009,0.943575918060773,0.989216814202514,3.24675324675325,3.125
"Ms4a4a","Ms4a4a","neonate",0.105467624530119,0.0217382613248635,7431,0.502637987012987,0.793980392895132,0.969475277042459,2.5974025974026,2.08333333333333
"Ephb3","Ephb3","neonate",0.238152509392193,0.0214446997004477,7380,0.499188311688312,0.959928689814679,0.994409845870151,5.84415584415584,6.25
"Il1b","Il1b","neonate",0.744538709618187,0.0211405761007853,7437,0.503043831168831,0.907321020016238,0.980587684021677,19.4805194805195,18.75
"Azgp1","Azgp1","neonate",0.76456768450242,0.0205009833895657,7459,0.504531926406926,0.861886225739363,0.980587684021677,19.4805194805195,18.75
"Msr1","Msr1","neonate",0.504958826719845,0.0196644768411747,7425,0.502232142857143,0.919801465315098,0.983950709140722,12.987012987013,12.5
"Prss2","Prss2","neonate",0.179325580988792,0.0187432274915372,7422,0.502029220779221,0.881329043603976,0.980587684021677,4.54545454545455,4.16666666666667
"Clu","Clu","neonate",0.24112136962909,0.0183995676555535,7376,0.498917748917749,0.946009326241224,0.989686566907135,5.84415584415584,6.25
"Adgrv1","Adgrv1","neonate",0.0996210767084575,0.01663891738733,7431,0.502637987012987,0.793980392895132,0.969475277042459,2.5974025974026,2.08333333333333
"H2-Q2","H2-Q2","neonate",0.0945968364605298,0.0165666070656044,7430,0.502570346320346,0.79921560504505,0.969475277042459,2.5974025974026,2.08333333333333
"Rac1","Rac1","neonate",0.853176538791263,0.0163631583826326,7423,0.502096861471861,0.936919564728652,0.98741508083462,20.1298701298701,18.75
"Il13ra1","Il13ra1","neonate",0.768083740599799,0.0163627313622581,7436,0.50297619047619,0.91012959107593,0.980587684021677,20.1298701298701,18.75
"Lgals9","Lgals9","neonate",0.498315342446043,0.0159318536152435,7406.5,0.50098079004329,0.964925320136584,0.994409845870151,12.3376623376623,12.5
"Tert","Tert","neonate",0.25484245667243,0.0158872317498555,7414.5,0.501521915584416,0.925700724152212,0.98741508083462,6.49350649350649,6.25
"Vtn","Vtn","neonate",0.2138859397938,0.0155474718455897,7400,0.500541125541126,0.972036270585864,0.994409845870151,5.19480519480519,5.20833333333333
"Cd22","Cd22","neonate",0.228522007289982,0.0152680764002598,7436.5,0.503010010822511,0.842594252654292,0.980009879402385,5.84415584415584,5.20833333333333
"Adgrf3","Adgrf3","neonate",0.045004555516758,0.0152374752172853,7412,0.501352813852814,0.852499537246241,0.980009879402385,1.2987012987013,1.04166666666667
"Sparcl1","Sparcl1","neonate",0.243032456318744,0.0150213283357385,7419,0.501826298701299,0.910561632065803,0.980587684021677,6.49350649350649,6.25
"Fzd1","Fzd1","neonate",0.0954352750230435,0.0148188504849893,7429,0.502502705627706,0.804459857474247,0.969475277042459,2.5974025974026,2.08333333333333
"Cd19","Cd19","neonate",0.161170554885389,0.0139886034725263,7419,0.501826298701299,0.893321015647169,0.980587684021677,4.54545454545455,4.16666666666667
"Pds5a","Pds5a","neonate",0.528436870311167,0.0130784247033059,7386,0.499594155844156,0.986585258015213,0.998740198688732,12.987012987013,13.5416666666667
"Cntfr","Cntfr","neonate",0.168484538328004,0.0128460278808608,7419,0.501826298701299,0.893321015647169,0.980587684021677,4.54545454545455,4.16666666666667
"Rxra","Rxra","neonate",0.170301700143773,0.0126970177863998,7419,0.501826298701299,0.893321015647169,0.980587684021677,4.54545454545455,4.16666666666667
"Itm2a","Itm2a","neonate",0.278570670329403,0.0117943494536681,7388.5,0.499763257575758,0.990394898307306,0.998767177413074,7.14285714285714,7.29166666666667
"Cd40","Cd40","neonate",0.0747708830409445,0.011788632540355,7385,0.499526515151515,0.961556531228807,0.994409845870151,1.94805194805195,2.08333333333333
"Cdh19","Cdh19","neonate",0.0896992499631738,0.0114199033148538,7428,0.502435064935065,0.809712924100445,0.969475277042459,2.5974025974026,2.08333333333333
"Icosl","Icosl","neonate",1.26883206912448,0.0113058160044641,7400.5,0.500574945887446,0.986137570581659,0.998740198688732,31.8181818181818,32.2916666666667
"Il17rb","Il17rb","neonate",0.111254080196576,0.0112542540694749,7357,0.497632575757576,0.828136793547861,0.973646678263229,2.5974025974026,3.125
"Spry2","Spry2","neonate",0.274726511229903,0.0107679408086388,7352,0.497294372294372,0.870700584975332,0.980587684021677,6.49350649350649,7.29166666666667
"Itgae","Itgae","neonate",0.178847113568068,0.0103880352421498,7419,0.501826298701299,0.893321015647169,0.980587684021677,4.54545454545455,4.16666666666667
"Wif1","Wif1","neonate",0.171578693497702,0.0095613601048293,7419,0.501826298701299,0.893321015647169,0.980587684021677,4.54545454545455,4.16666666666667
"Cdkn3","Cdkn3","neonate",0.154569780445255,0.00918581201153237,7376,0.498917748917749,0.934567611885857,0.98741508083462,3.8961038961039,4.16666666666667
"Il1r2","Il1r2","neonate",0.0478746612103625,0.00869142273800773,7411,0.501285173160173,0.859983419130224,0.980587684021677,1.2987012987013,1.04166666666667
"Ryr2","Ryr2","neonate",0.384747893421055,0.00857824706754728,7369.5,0.498478084415584,0.939421791920392,0.98741508083462,9.74025974025974,10.4166666666667
"Cd83","Cd83","neonate",0.249023959710052,0.00838659533454159,7412.5,0.501386634199134,0.932438228514143,0.98741508083462,6.49350649350649,6.25
"Tnfrsf11a","Tnfrsf11a","neonate",0.531349387217619,0.00827256538212895,7390.5,0.499898538961039,0.997591957908971,1,13.6363636363636,13.5416666666667
"P2rx5","P2rx5","neonate",0.121958024812274,0.00810775439926932,7401.5,0.500642586580087,0.957666486747617,0.994409845870151,3.24675324675325,3.125
"Prss34","Prss34","neonate",0.165665342038028,0.00715542044083184,7419,0.501826298701299,0.893321015647169,0.980587684021677,4.54545454545455,4.16666666666667
"Epor","Epor","neonate",0.0953121282431295,0.00581692918270969,7427,0.502367424242424,0.814974577649655,0.969475277042459,2.5974025974026,2.08333333333333
"Pou5f1","Pou5f1","neonate",0.123090716329159,0.00545807083610499,7401.5,0.500642586580087,0.957666486747617,0.994409845870151,3.24675324675325,3.125
"Gpr183","Gpr183","neonate",0.429857495258762,0.0052581666365013,7399,0.500473484848485,0.982397657152899,0.998740198688732,10.3896103896104,10.4166666666667
"Il17a","Il17a","neonate",0.0720431266285629,0.00523090935425244,7385,0.499526515151515,0.961556531228807,0.994409845870151,1.94805194805195,2.08333333333333
"Ptgds","Ptgds","neonate",0.293456331962205,0.0049613952263286,7421,0.50196158008658,0.91118522058394,0.980587684021677,7.79220779220779,7.29166666666667
"Gadd45b","Gadd45b","neonate",0.392588306686333,0.00450741268492427,7414,0.501488095238095,0.939701947806098,0.98741508083462,9.74025974025974,9.375
"Xbp1","Xbp1","neonate",0.842752698940171,0.00354851442068849,7420,0.501893939393939,0.944830204560709,0.989491296162843,21.4285714285714,20.8333333333333
"Cd3e","Cd3e","neonate",4.31726101056747,0.00203393573027277,7283.5,0.492660984848485,0.846005136088612,0.980009879402385,100,100
"Tie1","Tie1","neonate",0.570861326301033,0.0018259083465525,7382,0.499323593073593,0.977677761175303,0.995653450349108,14.2857142857143,14.5833333333333
"Itgb1","Itgb1","neonate",0.450729466885783,0.00168103290751814,7407,0.50101461038961,0.962598411192159,0.994409845870151,11.6883116883117,11.4583333333333
"Klra17","Klra17","neonate",0.159884867350325,0.00162269600608411,7377,0.49898538961039,0.938780476406876,0.98741508083462,3.8961038961039,4.16666666666667
"Cdh11","Cdh11","neonate",0.171172758145933,0.000613771881908837,7418,0.501758658008658,0.897323749465921,0.980587684021677,4.54545454545455,4.16666666666667
"Vsir","Vsir","neonate",0.788537171698442,0.000594186423084953,7403.5,0.500777867965368,0.977041978333375,0.995653450349108,19.4805194805195,18.75
"Fes","Fes","neonate",0.245215006355555,0.000340726501347671,7410,0.501217532467532,0.940866927575616,0.98741508083462,6.49350649350649,6.25
"Ccl28","Ccl28","neonate",0,0,7392,0.5,1,1,0,0
"Cd8a","Cd8a","neonate",0,0,7392,0.5,1,1,0,0
"Il20ra","Il20ra","neonate",0.751842223212144,-0.000570929816899768,7387.5,0.499695616883117,0.991650625179625,0.998767177413074,18.8311688311688,19.7916666666667
"Cdkn1a","Cdkn1a","neonate",0.192444373865996,-0.000718799718476909,7391,0.499932359307359,0.99813537125779,1,5.19480519480519,5.20833333333333
"Cd86","Cd86","neonate",0.18955917235287,-0.000740446465715805,7391,0.499932359307359,0.99813537125779,1,5.19480519480519,5.20833333333333
"Rac2","Rac2","neonate",0.83860057831455,-0.000869249847490927,7423,0.502096861471861,0.93640239969306,0.98741508083462,19.4805194805195,18.75
"Cxcr3","Cxcr3","neonate",0.403776224365326,-0.00157984452084808,7408.5,0.501116071428571,0.955107976783389,0.994409845870151,9.74025974025974,9.375
"Apoe","Apoe","neonate",0.479224023499561,-0.00165092135335904,7387,0.499661796536797,0.988722744338795,0.998740198688732,12.3376623376623,12.5
"Cxcl1","Cxcl1","neonate",0.11886517403241,-0.00329557511153918,7398.5,0.500439664502164,0.971770295685787,0.994409845870151,3.24675324675325,3.125
"Cd79a","Cd79a","neonate",0.264289118688149,-0.0033064674588727,7350,0.497159090909091,0.864215679742904,0.980587684021677,6.49350649350649,7.29166666666667
"Lgals1","Lgals1","neonate",0.803357921598303,-0.00341285075384024,7379,0.499120670995671,0.9734644027776,0.994409845870151,18.1818181818182,18.75
"Mpo","Mpo","neonate",0.106331799936542,-0.00445817255382969,7356,0.497564935064935,0.823236399018198,0.969475277042459,2.5974025974026,3.125
"Atf3","Atf3","neonate",0.3719667435813,-0.00487916336851196,7383,0.499391233766234,0.976982846046648,0.995653450349108,10.3896103896104,10.4166666666667
"Fabp4","Fabp4","neonate",0.0948059589187576,-0.00513247050822231,7426,0.502299783549784,0.820244589685597,0.969475277042459,2.5974025974026,2.08333333333333
"Krt19","Krt19","neonate",0.193513211118291,-0.00548740083046825,7387,0.499661796536797,0.98321956326117,0.998740198688732,5.19480519480519,5.20833333333333
"Pigr","Pigr","neonate",0.269489598715734,-0.00572273928506395,7383,0.499391233766234,0.972790190086412,0.994409845870151,7.14285714285714,7.29166666666667
"Nppc","Nppc","neonate",0.434933957482869,-0.00589703086751853,7364.5,0.498139880952381,0.929336635922305,0.98741508083462,11.038961038961,11.4583333333333
"Csf1","Csf1","neonate",0.306398719410006,-0.00600307925947818,7363,0.49803841991342,0.913247976091378,0.980587684021677,7.79220779220779,8.33333333333333
"Krt17","Krt17","neonate",0.124507020228711,-0.00613883596466334,7398.5,0.500439664502164,0.971770237404344,0.994409845870151,3.24675324675325,3.125
"Tnfrsf9","Tnfrsf9","neonate",1.4300119675965,-0.00627825011009597,7360.5,0.497869318181818,0.947720786745831,0.990437761410476,35.0649350649351,34.375
"Cd70","Cd70","neonate",0.175380470682783,-0.00664046959125314,7350.5,0.497192911255411,0.842222781560138,0.980009879402385,4.54545454545455,5.20833333333333
"Mt2","Mt2","neonate",0.248741958510664,-0.00774709101703014,7403,0.500744047619048,0.964499335707462,0.994409845870151,6.49350649350649,6.25
"Top2a","Top2a","neonate",0.45383912420908,-0.00903667298532324,7394.5,0.500169101731602,0.994839305393873,1,11.6883116883117,11.4583333333333
"Tnfrsf22","Tnfrsf22","neonate",0.313295055013223,-0.00928033508700016,7363,0.49803841991342,0.913247976091378,0.980587684021677,7.79220779220779,8.33333333333333
"Fcrla","Fcrla","neonate",0.0705421315798624,-0.0103366578775704,7381,0.499255952380952,0.937937680072489,0.98741508083462,1.94805194805195,2.08333333333333
"Acvr1b","Acvr1b","neonate",0.203254838118239,-0.0112225519009739,7388,0.499729437229437,0.98694816905864,0.998740198688732,5.19480519480519,5.20833333333333
"Myh6","Myh6","neonate",0.232566065158963,-0.0119391131250117,7302.5,0.493946158008658,0.705980566541341,0.94748468717838,5.84415584415584,7.29166666666667
"Il6","Il6","neonate",0.171530761882935,-0.0123943742189626,7347.5,0.496989989177489,0.830846442570364,0.974470838531275,4.54545454545455,5.20833333333333
"Rxrb","Rxrb","neonate",0.305705940755915,-0.0135280280962278,7355,0.497497294372294,0.889036845750132,0.980587684021677,7.79220779220779,8.33333333333333
"Ttr","Ttr","neonate",0.294557112846505,-0.0135580723663993,7358,0.497700216450216,0.898105132097879,0.980587684021677,7.79220779220779,8.33333333333333
"Upk3a","Upk3a","neonate",0.101554297034644,-0.0138678249278435,7355,0.497497294372294,0.818342887864231,0.969475277042459,2.5974025974026,3.125
"Foxp3","Foxp3","neonate",0.172010996185198,-0.0138898692637896,7371.5,0.498613365800866,0.915633939520005,0.981399586985179,3.8961038961039,4.16666666666667
"Cxcl13","Cxcl13","neonate",0.169349148614382,-0.0143371213525486,7408,0.501082251082251,0.937479896411463,0.98741508083462,4.54545454545455,4.16666666666667
"Oasl1","Oasl1","neonate",0.0630553351812241,-0.0146682433651405,7381,0.499255952380952,0.937937680072489,0.98741508083462,1.94805194805195,2.08333333333333
"Ccr1","Ccr1","neonate",0.18646047679726,-0.0148673358989182,7348.5,0.49705762987013,0.834634898162949,0.976679569798662,4.54545454545455,5.20833333333333
"Ackr4","Ackr4","neonate",0.247554027005962,-0.0152794848960719,7342,0.496617965367965,0.838372319886465,0.977610763657083,6.49350649350649,7.29166666666667
"Il36g","Il36g","neonate",0.172451004012407,-0.0153168233401034,7345.5,0.496854707792208,0.823282095827892,0.969475277042459,4.54545454545455,5.20833333333333
"Erbb2","Erbb2","neonate",0.142321906347929,-0.0157481377952378,7367,0.498308982683983,0.896748291608389,0.980587684021677,3.8961038961039,4.16666666666667
"Msmb","Msmb","neonate",0.235455198682703,-0.0157558491896398,7365.5,0.498207521645022,0.909560312141332,0.980587684021677,5.84415584415584,6.25
"Rora","Rora","neonate",0.623659765257589,-0.0163878788232481,7339,0.496415043290043,0.882396920967477,0.980587684021677,15.5844155844156,16.6666666666667
"Cav1","Cav1","neonate",0.239817476221984,-0.016518113394884,7358.5,0.497734036796537,0.885361547366733,0.980587684021677,5.84415584415584,6.25
"Ngfr","Ngfr","neonate",0.836568807251347,-0.016742801107254,7349.5,0.497125270562771,0.916432312420463,0.981399586985179,21.4285714285714,21.875
"Ptgs1","Ptgs1","neonate",0.0760592896978169,-0.0168205335027336,7380,0.499188311688312,0.932040674488515,0.98741508083462,1.94805194805195,2.08333333333333
"H2-D1","H2-D1","neonate",2.09724720283692,-0.0182431031942949,7200.5,0.487046807359307,0.711005580236603,0.94748468717838,48.7012987012987,46.875
"Col6a1","Col6a1","neonate",0.142649783810936,-0.0186683512555262,7369,0.498444264069264,0.905135401492839,0.980587684021677,3.8961038961039,4.16666666666667
"Npr3","Npr3","neonate",0.0188763492399581,-0.0188761883083663,7362.5,0.4980045995671,0.735380401313413,0.94748468717838,0.649350649350649,1.04166666666667
"Hdac4","Hdac4","neonate",0.697542385243696,-0.0195009978536238,7369,0.498444264069264,0.951390063435642,0.993231301827576,17.5324675324675,17.7083333333333
"Snai1","Snai1","neonate",1.28376598725021,-0.0200880870003497,7375,0.498850108225108,0.97129636243767,0.994409845870151,31.8181818181818,31.25
"Fgf7","Fgf7","neonate",0.0241141043292488,-0.02251967297532,7362.5,0.4980045995671,0.735380401313413,0.94748468717838,0.649350649350649,1.04166666666667
"Mt1","Mt1","neonate",0.199678381589196,-0.0227245152632347,7383,0.499391233766234,0.968309619166033,0.994409845870151,5.19480519480519,5.20833333333333
"Yes1","Yes1","neonate",0.215041945329113,-0.0229071209078937,7362,0.497970779220779,0.897449122697586,0.980587684021677,5.84415584415584,6.25
"Phlda2","Phlda2","neonate",0.147589332596369,-0.0239050497983621,7369,0.498444264069264,0.905135401492839,0.980587684021677,3.8961038961039,4.16666666666667
"Sdc1","Sdc1","neonate",0.143984689935855,-0.0240989078291815,7365,0.498173701298701,0.888372518874783,0.980587684021677,3.8961038961039,4.16666666666667
"Tnfrsf19","Tnfrsf19","neonate",0.421477834754369,-0.0241248295244863,7349,0.49709145021645,0.888985388424745,0.980587684021677,11.038961038961,11.4583333333333
"Cenpf","Cenpf","neonate",1.16642325192929,-0.0246735104752061,7307.5,0.494284361471861,0.850821375008739,0.980009879402385,29.2207792207792,29.1666666666667
"Csf3r","Csf3r","neonate",0.213981350296799,-0.024785987808434,7361,0.497903138528139,0.893993011810246,0.980587684021677,5.84415584415584,6.25
"Egf","Egf","neonate",0.0510085260411193,-0.0248607904217308,7335,0.496144480519481,0.640153493574254,0.935833273718085,1.2987012987013,2.08333333333333
"Icam2","Icam2","neonate",0.499634130128393,-0.0252121264516355,7357,0.497632575757576,0.913707079695223,0.980587684021677,12.3376623376623,12.5
"Arid5b","Arid5b","neonate",0.325378969792784,-0.0257120984191357,7394,0.500135281385281,0.995526167105313,1,8.44155844155844,8.33333333333333
"Best1","Best1","neonate",0.0453823094471188,-0.0258096238406584,7334,0.49607683982684,0.634246611931741,0.935833273718085,1.2987012987013,2.08333333333333
"Tacstd2","Tacstd2","neonate",0.15226317242916,-0.0259833448849024,7300,0.493777056277056,0.643339011068206,0.935833273718085,3.8961038961039,5.20833333333333
"Krt1","Krt1","neonate",0.12734665385878,-0.0263926788925056,7323,0.495332792207792,0.702699391225802,0.94748468717838,3.24675324675325,4.16666666666667
"Nrg1","Nrg1","neonate",0.543432473925421,-0.0273816245669467,7339.5,0.496448863636364,0.876818436076505,0.980587684021677,13.6363636363636,14.5833333333333
"Igf1","Igf1","neonate",0.546375167880427,-0.0275509779552172,7351.5,0.497260551948052,0.90621631261008,0.980587684021677,14.2857142857143,14.5833333333333
"Wnt7a","Wnt7a","neonate",0.0498168816530734,-0.0277098113530041,7335,0.496144480519481,0.640153493574254,0.935833273718085,1.2987012987013,2.08333333333333
"Cx3cr1","Cx3cr1","neonate",0.213769041155259,-0.0280208999175172,7359,0.497767857142857,0.887086889215723,0.980587684021677,5.84415584415584,6.25
"Krt10","Krt10","neonate",0.197453206037547,-0.0285110154880506,7319,0.495062229437229,0.743517027613924,0.951566158161292,5.19480519480519,6.25
"Src","Src","neonate",0.185859720921945,-0.0287795755027469,7381,0.499255952380952,0.960858473367042,0.994409845870151,5.19480519480519,5.20833333333333
"Myl12b","Myl12b","neonate",0.655078051174985,-0.0289452282758399,7330,0.495806277056277,0.863810423872278,0.980587684021677,16.2337662337662,16.6666666666667
"Cxcl12","Cxcl12","neonate",0.185968037250044,-0.0289902402968494,7380,0.499188311688312,0.957134141440178,0.994409845870151,5.19480519480519,5.20833333333333
"Clcf1","Clcf1","neonate",0.389391932413078,-0.0293476931717502,7338,0.496347402597403,0.853377899435966,0.980009879402385,9.74025974025974,10.4166666666667
"Spink1","Spink1","neonate",1.01149168241665,-0.0305563917174942,7326,0.495535714285714,0.877937515175672,0.980587684021677,25.3246753246753,26.0416666666667
"Eif5a","Eif5a","neonate",0.925801246090975,-0.0315303267232936,7298,0.493641774891775,0.816573345530765,0.969475277042459,21.4285714285714,22.9166666666667
"Ptger4","Ptger4","neonate",0.506527469882986,-0.0315703285704937,7332,0.495941558441558,0.855666206040766,0.980130783929056,12.987012987013,13.5416666666667
"Fgfr1","Fgfr1","neonate",0.701382195612728,-0.0323673773395698,7324.5,0.495434253246753,0.857245780928923,0.980130783929056,17.5324675324675,18.75
"Ror1","Ror1","neonate",1.90258443476931,-0.0330103117572051,7274.5,0.492052218614719,0.816333963202749,0.969475277042459,43.5064935064935,43.75
"Tgfbi","Tgfbi","neonate",0.432711393269603,-0.0338460305845725,7294,0.493371212121212,0.752522031162865,0.958192164839561,11.038961038961,12.5
"Ctsw","Ctsw","neonate",0.558411806883092,-0.0344905990885237,7292.5,0.493269751082251,0.770603552867896,0.969475277042459,13.6363636363636,15.625
"Dusp1","Dusp1","neonate",0.576879558123025,-0.0350257173196894,7366,0.498241341991342,0.940820282229149,0.98741508083462,14.9350649350649,14.5833333333333
"Adgrg5","Adgrg5","neonate",0.338352562061578,-0.0350771358202335,7320.5,0.49516369047619,0.794989600144581,0.969475277042459,8.44155844155844,9.375
"Cd68","Cd68","neonate",1.81214449477741,-0.0354852774076386,7272.5,0.491916937229437,0.812821354211271,0.969475277042459,42.8571428571429,43.75
"Fzd5","Fzd5","neonate",0.888831391131049,-0.0357336553264419,7336.5,0.496245941558442,0.892208152595779,0.980587684021677,22.0779220779221,22.9166666666667
"Sox2","Sox2","neonate",0.0510626705548614,-0.0363268857748754,7334,0.49607683982684,0.634245234062396,0.935833273718085,1.2987012987013,2.08333333333333
"Gm13889","Gm13889","neonate",0.31365753600096,-0.0366849980567987,7381,0.499255952380952,0.968691044756119,0.994409845870151,8.44155844155844,8.33333333333333
"S100a10","S100a10","neonate",1.61424064535417,-0.0370106421442185,7384,0.499458874458874,0.987632414396623,0.998740198688732,37.012987012987,38.5416666666667
"Fhit","Fhit","neonate",0.416436410819336,-0.0376399631530701,7324,0.495400432900433,0.821746259950667,0.969475277042459,10.3896103896104,11.4583333333333
"Fgf12","Fgf12","neonate",0.0807450327782771,-0.0376731887388084,7306.5,0.494216720779221,0.564240276022297,0.92479193348348,1.94805194805195,3.125
"Ephb6","Ephb6","neonate",0.121631318087823,-0.0376738422386345,7323,0.495332792207792,0.702699391225802,0.94748468717838,3.24675324675325,4.16666666666667
"Aicda","Aicda","neonate",0.336623898989918,-0.0381069610519122,7323.5,0.495366612554113,0.803470580712295,0.969475277042459,8.44155844155844,9.375
"Dcn","Dcn","neonate",0.486532799169935,-0.0393345916981254,7331,0.495873917748918,0.853267813820153,0.980009879402385,12.987012987013,13.5416666666667
"Il17b","Il17b","neonate",0.0708066524147686,-0.0393367889022824,7306.5,0.494216720779221,0.564240276022297,0.92479193348348,1.94805194805195,3.125
"Wnt3","Wnt3","neonate",0.124373570059006,-0.0408253130466347,7325,0.495468073593074,0.710983752816468,0.94748468717838,3.24675324675325,4.16666666666667
"Mst1r","Mst1r","neonate",0.229068714524583,-0.0408566608064946,7324,0.495400432900433,0.780898001319231,0.969475277042459,6.49350649350649,7.29166666666667
"Pdgfra","Pdgfra","neonate",1.18715432564331,-0.0409151271302526,7316.5,0.494893127705628,0.866646135705347,0.980587684021677,28.5714285714286,30.2083333333333
"C5ar2","C5ar2","neonate",0.0497219321746498,-0.0410602779654122,7334,0.49607683982684,0.634246611931741,0.935833273718085,1.2987012987013,2.08333333333333
"Snai2","Snai2","neonate",0.0746250884161027,-0.0413087044633344,7306.5,0.494216720779221,0.564240276022297,0.92479193348348,1.94805194805195,3.125
"Clec12a","Clec12a","neonate",0.0459179342227752,-0.0414298954012735,7334,0.49607683982684,0.634246611931741,0.935833273718085,1.2987012987013,2.08333333333333
"Cd8b1","Cd8b1","neonate",0.437081738708132,-0.0432198733470184,7270.5,0.491781655844156,0.691060730210845,0.94748468717838,10.3896103896104,12.5
"Fasn","Fasn","neonate",0.290933005577064,-0.043397701263628,7343,0.496685606060606,0.852920298979875,0.980009879402385,7.79220779220779,8.33333333333333
"Cd209e","Cd209e","neonate",0.147859192899219,-0.0444946610945673,7298,0.493641774891775,0.636101624967877,0.935833273718085,3.8961038961039,5.20833333333333
"Fas","Fas","neonate",0.296577722627159,-0.0445905505280778,7286,0.492830086580087,0.693308115171801,0.94748468717838,7.79220779220779,9.375
"Vwa1","Vwa1","neonate",0.218359322178927,-0.0455712505751402,7353,0.497362012987013,0.866421959477746,0.980587684021677,5.84415584415584,6.25
"Cyp1b1","Cyp1b1","neonate",0.394766315507172,-0.0457506255955128,7306.5,0.494216720779221,0.776632226037229,0.969475277042459,10.3896103896104,11.4583333333333
"Ackr3","Ackr3","neonate",0.074169371787658,-0.0457658260079695,7304.5,0.494081439393939,0.555109703949642,0.92479193348348,1.94805194805195,3.125
"Pax5","Pax5","neonate",0.116175047662795,-0.0464906907976367,7322,0.495265151515151,0.698570341276868,0.94748468717838,3.24675324675325,4.16666666666667
"Gata3","Gata3","neonate",1.30519374985689,-0.0465133309754107,7283,0.492627164502164,0.81443815436046,0.969475277042459,32.4675324675325,32.2916666666667
"Lif","Lif","neonate",0.0718611841406434,-0.047162756126776,7306.5,0.494216720779221,0.564240276022297,0.92479193348348,1.94805194805195,3.125
"Mmp19","Mmp19","neonate",0.186130392236945,-0.0472931534841303,7270,0.491747835497836,0.57011431496052,0.92479193348348,4.54545454545455,6.25
"Ahi1","Ahi1","neonate",0.0831520244982603,-0.0473041796353077,7305.5,0.49414908008658,0.559665958120271,0.92479193348348,1.94805194805195,3.125
"Nlrp3","Nlrp3","neonate",0.0411599558705321,-0.0475598629030992,7332,0.495941558441558,0.622502777607731,0.934064862248374,1.2987012987013,2.08333333333333
"Nlrp1a","Nlrp1a","neonate",0.0552875954985292,-0.0485026650321107,7260,0.491071428571429,0.329495197040664,0.833817867077649,1.2987012987013,3.125
"Pdcd1lg2","Pdcd1lg2","neonate",0.169515556771123,-0.0490220046704731,7329.5,0.495772456709957,0.763411379935427,0.968347513734887,4.54545454545455,5.20833333333333
"S100b","S100b","neonate",0.0291830466570768,-0.0491959783189479,7287,0.492897727272727,0.319058303876788,0.833817867077649,0.649350649350649,2.08333333333333
"Tnfsf15","Tnfsf15","neonate",0.0298410122710632,-0.0499969646683159,7287,0.492897727272727,0.319058303876788,0.833817867077649,0.649350649350649,2.08333333333333
"Cacna1c","Cacna1c","neonate",0.186454487509465,-0.0504702515844701,7310,0.494453463203463,0.713009448672551,0.94748468717838,5.19480519480519,6.25
"H2-Ab1","H2-Ab1","neonate",0.609476279896833,-0.050559108467305,7327.5,0.495637175324675,0.853822456276362,0.980009879402385,14.9350649350649,15.625
"Tnfrsf21","Tnfrsf21","neonate",0.997644073831466,-0.0508601702149076,7324.5,0.495434253246753,0.87585443457793,0.980587684021677,25.3246753246753,27.0833333333333
"Il11","Il11","neonate",0.224001592993049,-0.0512525694903052,7286.5,0.492863906926407,0.656260676811307,0.940074561466771,5.84415584415584,7.29166666666667
"Adgrg6","Adgrg6","neonate",0.288937762345561,-0.0519986937821362,7328.5,0.495704816017316,0.80969416259378,0.969475277042459,7.79220779220779,8.33333333333333
"Itgb8","Itgb8","neonate",0.146819146906717,-0.052122992904105,7291,0.49316829004329,0.61104676432973,0.934064862248374,3.8961038961039,5.20833333333333
"Scgb3a1","Scgb3a1","neonate",0.103931065075643,-0.0521925336311667,7277,0.49222132034632,0.499470968373795,0.92479193348348,2.5974025974026,4.16666666666667
"Marcksl1","Marcksl1","neonate",0.258414306532078,-0.0536500091323748,7269,0.491680194805195,0.623022199995154,0.934064862248374,6.49350649350649,8.33333333333333
"Vpreb3","Vpreb3","neonate",0.0705572663992336,-0.0537101170265329,7303.5,0.494013798701299,0.550571650973225,0.92479193348348,1.94805194805195,3.125
"Ptprc","Ptprc","neonate",4.37706537078423,-0.0537929975842983,7336.5,0.496245941558442,0.921211697838478,0.984403068322575,100,100
"Bmpr2","Bmpr2","neonate",0.74051176168876,-0.0540098682806006,7265.5,0.491443452380952,0.739575530881118,0.950202067382055,18.1818181818182,19.7916666666667
"Nrxn3","Nrxn3","neonate",0.143983206078665,-0.0546484631905224,7294,0.493371212121212,0.62173114782925,0.934064862248374,3.8961038961039,5.20833333333333
"Il21r","Il21r","neonate",0.441074616640707,-0.0555118534609803,7336.5,0.496245941558442,0.856647398837071,0.980130783929056,11.038961038961,11.4583333333333
"Il10","Il10","neonate",0.297528312041324,-0.0555913033472104,7341,0.496550324675325,0.84692863221936,0.980009879402385,7.79220779220779,8.33333333333333
"Tnfrsf13b","Tnfrsf13b","neonate",0.982935992729926,-0.0562440166031161,7301.5,0.493878517316017,0.830950655517704,0.974470838531275,24.025974025974,26.0416666666667
"Tnnc1","Tnnc1","neonate",0.596721381823908,-0.0567005974790786,7312,0.494588744588745,0.822749391262022,0.969475277042459,15.5844155844156,16.6666666666667
"Ccr2","Ccr2","neonate",0.213660241504298,-0.0567685671225596,7284.5,0.492728625541126,0.650145910517989,0.936600828866,5.84415584415584,7.29166666666667
"Apoa1","Apoa1","neonate",0.22048669476713,-0.0571697770196364,7321,0.495197510822511,0.771425220146716,0.969475277042459,6.49350649350649,7.29166666666667
"Rarres2","Rarres2","neonate",0.200338699246922,-0.0572306869850399,7310,0.494453463203463,0.713009448672551,0.94748468717838,5.19480519480519,6.25
"Oas3","Oas3","neonate",0.124501383634599,-0.0576074040325257,7249.5,0.490361201298701,0.451968608435144,0.900197454237231,3.24675324675325,5.20833333333333
"Cst7","Cst7","neonate",0.25505566834624,-0.0576208193655468,7268,0.491612554112554,0.62018761613447,0.934064862248374,6.49350649350649,8.33333333333333
"Aatk","Aatk","neonate",0.891961717770793,-0.0577568910950627,7277,0.49222132034632,0.780708705669695,0.969475277042459,22.7272727272727,23.9583333333333
"Cryab","Cryab","neonate",0.445808470480159,-0.0577727192891589,7356,0.497564935064935,0.908597810397566,0.980587684021677,11.6883116883117,11.4583333333333
"Gzmb","Gzmb","neonate",0.204967156768848,-0.0578500480543772,7310,0.494453463203463,0.713009448672551,0.94748468717838,5.19480519480519,6.25
"Flt1","Flt1","neonate",0.200196061272633,-0.0584613775123479,7347,0.496956168831169,0.84584794162092,0.980009879402385,5.84415584415584,6.25
"Efna4","Efna4","neonate",0.173789732856766,-0.0592943795083612,7265,0.491409632034632,0.55435103262813,0.92479193348348,4.54545454545455,6.25
"Ffar3","Ffar3","neonate",0.117647205604995,-0.0593137486081107,7250.5,0.490428841991342,0.455159923337266,0.902175832141658,3.24675324675325,5.20833333333333
"Braf","Braf","neonate",0.180585774843594,-0.0599239279145514,7269,0.491680194805195,0.56694361852845,0.92479193348348,4.54545454545455,6.25
"Itgb4","Itgb4","neonate",0.07591752131373,-0.0601783180666443,7302.5,0.493946158008658,0.546051934433254,0.92479193348348,1.94805194805195,3.125
"Tagln","Tagln","neonate",0.0910219131900066,-0.0606837169809447,7274,0.492018398268398,0.488299249680073,0.92479193348348,2.5974025974026,4.16666666666667
"Ddr2","Ddr2","neonate",0.102101543535932,-0.0608347750287466,7278.5,0.492322781385281,0.505106427382974,0.92479193348348,2.5974025974026,4.16666666666667
"Il1r1","Il1r1","neonate",0.0623324130292149,-0.061447828053015,7303.5,0.494013798701299,0.550571650973225,0.92479193348348,1.94805194805195,3.125
"Kit","Kit","neonate",0.0887512460448608,-0.06191930543295,7275,0.492086038961039,0.492008117745622,0.92479193348348,2.5974025974026,4.16666666666667
"Dmbt1","Dmbt1","neonate",0.230634447298904,-0.0622968993369215,7290,0.493100649350649,0.667016593794219,0.943438683293701,5.84415584415584,7.29166666666667
"Mertk","Mertk","neonate",0.134913188880752,-0.0625015398434628,7291,0.49316829004329,0.61104676432973,0.934064862248374,3.8961038961039,5.20833333333333
"Bag3","Bag3","neonate",0.150881469016087,-0.0625100901114126,7292,0.493235930735931,0.614599184972226,0.934064862248374,3.8961038961039,5.20833333333333
"Hspa1b","Hspa1b","neonate",0.0959800562237142,-0.0631257144041957,7276,0.49215367965368,0.495732046945241,0.92479193348348,2.5974025974026,4.16666666666667
"Col5a3","Col5a3","neonate",0.129126407131067,-0.0635900004928986,7249.5,0.490361201298701,0.451968608435144,0.900197454237231,3.24675324675325,5.20833333333333
"Pgf","Pgf","neonate",0.190006994549897,-0.0641922166511936,7268,0.491612554112554,0.563783404970668,0.92479193348348,4.54545454545455,6.25
"Ace","Ace","neonate",1.00007377649606,-0.064392921526508,7270,0.491747835497836,0.776942119080949,0.969475277042459,25.3246753246753,27.0833333333333
"Bmp5","Bmp5","neonate",0.125672984959941,-0.0648611547814729,7249.5,0.490361201298701,0.451968608435144,0.900197454237231,3.24675324675325,5.20833333333333
"Ifngr1","Ifngr1","neonate",0.446424308458093,-0.0650912811905236,7278,0.492288961038961,0.713574476219355,0.94748468717838,11.038961038961,12.5
"Gc","Gc","neonate",0.0477426067727097,-0.0651596720180184,7258,0.490936147186147,0.322192660726702,0.833817867077649,1.2987012987013,3.125
"Tshz2","Tshz2","neonate",0.149431656220986,-0.0659942058250683,7291,0.49316829004329,0.61104676432973,0.934064862248374,3.8961038961039,5.20833333333333
"Stat5a","Stat5a","neonate",0.547206070942742,-0.0663239617238055,7276.5,0.4921875,0.728535326065476,0.94748468717838,12.987012987013,14.5833333333333
"Il22ra1","Il22ra1","neonate",0.0439673369067101,-0.066578618624729,7256,0.490800865800866,0.314996555230802,0.833817867077649,1.2987012987013,3.125
"Maf","Maf","neonate",0.328259841285101,-0.0667407219810073,7287.5,0.492931547619048,0.703495526898612,0.94748468717838,8.44155844155844,9.375
"Tlr5","Tlr5","neonate",0.0556295507628092,-0.0669474362843748,7259,0.491003787878788,0.325830627394173,0.833817867077649,1.2987012987013,3.125
"Ido1","Ido1","neonate",0.221415702224944,-0.0670235729143009,7275.5,0.492119859307359,0.622924447981609,0.934064862248374,5.84415584415584,7.29166666666667
"Tgfb2","Tgfb2","neonate",0.502894734920556,-0.067976090794983,7263,0.491274350649351,0.69815083172074,0.94748468717838,12.987012987013,14.5833333333333
"Ezr","Ezr","neonate",0.757692119953046,-0.069218260220985,7285,0.492762445887446,0.778732861986362,0.969475277042459,18.8311688311688,18.75
"Krt80","Krt80","neonate",0.294503314957345,-0.0693979989176041,7268,0.491612554112554,0.644328648971158,0.935833273718085,7.79220779220779,9.375
"Tnfsf4","Tnfsf4","neonate",0.0597675529588083,-0.0696042090886754,7259,0.491003787878788,0.325830627394173,0.833817867077649,1.2987012987013,3.125
"Tnfrsf11b","Tnfrsf11b","neonate",0.137592750689007,-0.0698226830044653,7291,0.49316829004329,0.61104676432973,0.934064862248374,3.8961038961039,5.20833333333333
"Krt6a","Krt6a","neonate",0.847769568082729,-0.0701693374462349,7260.5,0.491105248917749,0.746876157225664,0.953438577149792,21.4285714285714,23.9583333333333
"Col18a1","Col18a1","neonate",0.488861197842149,-0.0701807958489069,7263,0.491274350649351,0.701691379991683,0.94748468717838,13.6363636363636,14.5833333333333
"Cdh1","Cdh1","neonate",0.386799495720401,-0.070183121516417,7265,0.491409632034632,0.667645769861757,0.943438683293701,9.74025974025974,11.4583333333333
"Ifi27","Ifi27","neonate",0.403292047376231,-0.0707305572022293,7286,0.492830086580087,0.724737147322188,0.94748468717838,10.3896103896104,11.4583333333333
"Cd300a","Cd300a","neonate",0.100639273405152,-0.0711067184265401,7274,0.492018398268398,0.488299249680073,0.92479193348348,2.5974025974026,4.16666666666667
"Efna1","Efna1","neonate",0.258320368773518,-0.071258399524639,7252,0.490530303030303,0.575622863527836,0.92479193348348,6.49350649350649,8.33333333333333
"Il2ra","Il2ra","neonate",0.240207997847373,-0.0723615448469605,7260,0.491071428571429,0.597716176955165,0.930909482513111,6.49350649350649,8.33333333333333
"Mapk13","Mapk13","neonate",0.0543977845434355,-0.0724469981910865,7257,0.490868506493506,0.318581302502623,0.833817867077649,1.2987012987013,3.125
"Mmp1a","Mmp1a","neonate",0.225314069583657,-0.0729005270003215,7280.5,0.492458062770563,0.637987124925965,0.935833273718085,5.84415584415584,7.29166666666667
"Tpsb2","Tpsb2","neonate",0.143105997651221,-0.0740983848281986,7222,0.488501082251082,0.410560609138545,0.898608460023035,3.8961038961039,6.25
"Igha","Igha","neonate",0.733812289949886,-0.0742141076476687,7296.5,0.493540313852814,0.803721588275744,0.969475277042459,18.8311688311688,19.7916666666667
"Txk","Txk","neonate",0.822137675741474,-0.0743769673419115,7247.5,0.49022591991342,0.715078422204728,0.94748468717838,20.1298701298701,21.875
"Ifitm3","Ifitm3","neonate",0.954697932603487,-0.0744435742715974,7267.5,0.491578733766234,0.768657187878672,0.969475277042459,24.6753246753247,25
"Npr2","Npr2","neonate",0.0418169118028546,-0.0751397675541254,7256,0.490800865800866,0.314996555230802,0.833817867077649,1.2987012987013,3.125
"Jchain","Jchain","neonate",1.31384476734293,-0.0753036102076889,7272,0.491883116883117,0.796021889391719,0.969475277042459,31.8181818181818,33.3333333333333
"Ffar4","Ffar4","neonate",0.116004746824423,-0.075941220693631,7205,0.48735119047619,0.298725609215176,0.833817867077649,2.5974025974026,5.20833333333333
"Lifr","Lifr","neonate",0.198833352394734,-0.0761785316181174,7238,0.489583333333333,0.502452109557849,0.92479193348348,5.19480519480519,7.29166666666667
"Ccnd1","Ccnd1","neonate",0.268736600309938,-0.0769494036738714,7285,0.492762445887446,0.676809220477798,0.94748468717838,7.14285714285714,8.33333333333333
"Ptgs2","Ptgs2","neonate",0.0673450744311854,-0.076969592884397,7300.5,0.493810876623377,0.537068040470877,0.92479193348348,1.94805194805195,3.125
"Lair1","Lair1","neonate",0.199960030097641,-0.0770395201170384,7300,0.493777056277056,0.679644502251757,0.94748468717838,5.19480519480519,6.25
"Krt7","Krt7","neonate",0.116945147710414,-0.0770611694359054,7247.5,0.49022591991342,0.44562332456828,0.900197454237231,3.24675324675325,5.20833333333333
"Mx1","Mx1","neonate",0.11118619669311,-0.0770853685657653,7275,0.492086038961039,0.492007223504582,0.92479193348348,2.5974025974026,4.16666666666667
"Hsd17b2","Hsd17b2","neonate",0.0771633429037372,-0.0771034768149882,7231,0.489109848484849,0.312519785955692,0.833817867077649,1.94805194805195,4.16666666666667
"Sec23a","Sec23a","neonate",0.557341478458779,-0.0782276488241253,7233.5,0.48927895021645,0.649215899514844,0.936600828866,14.2857142857143,16.6666666666667
"Tnxa","Tnxa","neonate",0.219340438356191,-0.0782617077857527,7275.5,0.492119859307359,0.622924447981609,0.934064862248374,5.84415584415584,7.29166666666667
"Cxcr1","Cxcr1","neonate",0.0291264768392561,-0.0784069333931016,7210.5,0.487723214285714,0.134236101433982,0.693642042142238,0.649350649350649,3.125
"Map2k1","Map2k1","neonate",0.390836546360651,-0.078595052895448,7261,0.491139069264069,0.657795489330685,0.940189538950835,9.74025974025974,11.4583333333333
"Lgr5","Lgr5","neonate",0.0171463916801093,-0.0787083309353714,7285,0.492762445887446,0.309884378693596,0.833817867077649,0.649350649350649,2.08333333333333
"Ccl8","Ccl8","neonate",0.230051930176468,-0.079028966592912,7275.5,0.492119859307359,0.622924447981609,0.934064862248374,5.84415584415584,7.29166666666667
"Btg1","Btg1","neonate",0.577048329981026,-0.0791753446653187,7268,0.491612554112554,0.719184240545888,0.94748468717838,14.2857142857143,15.625
"Etv4","Etv4","neonate",0.492914991529382,-0.0795959052279016,7253,0.490597943722944,0.675948244455633,0.94748468717838,12.987012987013,14.5833333333333
"Ltf","Ltf","neonate",0.0497090279496526,-0.0798354071525501,7256,0.490800865800866,0.314996555230802,0.833817867077649,1.2987012987013,3.125
"Wnt10b","Wnt10b","neonate",0.0751230989713019,-0.0799737882883876,7229,0.488974567099567,0.306528273910659,0.833817867077649,1.94805194805195,4.16666666666667
"Cd5l","Cd5l","neonate",0.220264338260728,-0.080125631349569,7214,0.487959956709957,0.464517286729951,0.913459043135623,5.84415584415584,8.33333333333333
"Cxcl3","Cxcl3","neonate",0.134755887529502,-0.0810702984588644,7180,0.485660173160173,0.284486597031985,0.833817867077649,3.24675324675325,6.25
"Il23a","Il23a","neonate",0.0849853362980946,-0.0818254215450988,7230,0.489042207792208,0.309514451493619,0.833817867077649,1.94805194805195,4.16666666666667
"Rbm47","Rbm47","neonate",0.203736009203598,-0.0818612671146925,7178,0.485524891774892,0.365465620891742,0.871696708203508,5.19480519480519,8.33333333333333
"Krt86","Krt86","neonate",0.120921747642687,-0.0820489122821006,7243.5,0.489955357142857,0.433088489811681,0.898608460023035,3.24675324675325,5.20833333333333
"Tlr2","Tlr2","neonate",1.4353461662063,-0.0821927289781561,7222,0.488501082251082,0.721809220336147,0.94748468717838,35.0649350649351,36.4583333333333
"Ar","Ar","neonate",0.861509415109416,-0.0831755222396269,7238.5,0.489617153679654,0.706199203876475,0.94748468717838,21.4285714285714,23.9583333333333
"Cmklr1","Cmklr1","neonate",0.712783670755555,-0.0835290368451233,7238.5,0.489617153679654,0.683900542429461,0.94748468717838,17.5324675324675,19.7916666666667
"Celsr2","Celsr2","neonate",0.096505028037857,-0.0851360000765508,7202,0.487148268398268,0.29102028902439,0.833817867077649,2.5974025974026,5.20833333333333
"Cxcr4","Cxcr4","neonate",0.589612745353372,-0.086124645545516,7235,0.489380411255411,0.659229776195387,0.940274802384551,15.5844155844156,16.6666666666667
"Ncam1","Ncam1","neonate",0.0257913182193777,-0.0863808501843134,7209.5,0.487655573593074,0.132098415926559,0.693642042142238,0.649350649350649,3.125
"Cd81","Cd81","neonate",0.680221457875501,-0.0864563376687789,7223.5,0.488602543290043,0.651956845770315,0.936600828866,16.8831168831169,19.7916666666667
"Ccl26","Ccl26","neonate",0.661262182529579,-0.0864845204783894,7197,0.486810064935065,0.601536367263461,0.931260494039861,16.8831168831169,19.7916666666667
"Adgrl4","Adgrl4","neonate",0.248649642100031,-0.087677056081758,7247,0.4901920995671,0.562013154614466,0.92479193348348,6.49350649350649,8.33333333333333
"Cd59a","Cd59a","neonate",1.46973778571705,-0.0878543966988268,7259.5,0.491037608225108,0.784337838400864,0.969475277042459,36.3636363636364,38.5416666666667
"Bmp7","Bmp7","neonate",0.20550085131438,-0.0885632195786367,7233,0.48924512987013,0.488635579750015,0.92479193348348,5.19480519480519,7.29166666666667
"Fasl","Fasl","neonate",0.945119613851158,-0.0890423017656928,7251,0.490462662337662,0.735875914595377,0.94748468717838,23.3766233766234,25
"Clec1a","Clec1a","neonate",0.373594453236824,-0.0892067978162909,7202,0.487148268398268,0.527055524614484,0.92479193348348,9.74025974025974,12.5
"Inhba","Inhba","neonate",0.183483878705522,-0.0894437595417625,7230,0.489042207792208,0.480444722270322,0.92479193348348,5.19480519480519,7.29166666666667
"Il2","Il2","neonate",0.153053815196697,-0.0895853286493284,7221,0.488433441558442,0.407805733915026,0.898608460023035,3.8961038961039,6.25
"Spry4","Spry4","neonate",0.0885613192014134,-0.0897533343807548,7270,0.491747835497836,0.473615720474082,0.922255611938788,2.5974025974026,4.16666666666667
"Chek1","Chek1","neonate",0.653207906392926,-0.0898961672119442,7220,0.488365800865801,0.642174775659867,0.935833273718085,16.8831168831169,18.75
"Fgf9","Fgf9","neonate",0.10509577135377,-0.0904225189849594,7202,0.487148268398268,0.29102028902439,0.833817867077649,2.5974025974026,5.20833333333333
"Muc1","Muc1","neonate",0.544595459315799,-0.0905451742377811,7250.5,0.490428841991342,0.681440715331669,0.94748468717838,14.2857142857143,15.625
"Ptgis","Ptgis","neonate",0.0742586759462986,-0.0906682423318336,7228,0.488906926406926,0.30356124857884,0.833817867077649,1.94805194805195,4.16666666666667
"Col8a1","Col8a1","neonate",0.607555028271581,-0.0913031690603069,7218.5,0.48826433982684,0.629447583380306,0.935833273718085,15.5844155844156,17.7083333333333
"Ctsd","Ctsd","neonate",1.21544669055563,-0.0913623408457918,7228,0.488906926406926,0.714315634992383,0.94748468717838,28.5714285714286,30.2083333333333
"Il17re","Il17re","neonate",0.197745972673022,-0.092454113754437,7173,0.485186688311688,0.354345207553805,0.855404774651679,5.19480519480519,8.33333333333333
"Wnt5a","Wnt5a","neonate",0.410925130825889,-0.0928873407213231,7222.5,0.488534902597403,0.578847978141387,0.92479193348348,10.3896103896104,12.5
"Crp","Crp","neonate",0.0257582227289839,-0.0938230986827509,7209.5,0.487655573593074,0.132098415926559,0.693642042142238,0.649350649350649,3.125
"Vwf","Vwf","neonate",0.10017909968635,-0.0951453407370321,7201,0.487080627705628,0.28848181759474,0.833817867077649,2.5974025974026,5.20833333333333
"Sfn","Sfn","neonate",0.818354150124205,-0.0959030350090951,7202,0.487148268398268,0.635906721044333,0.935833273718085,20.7792207792208,22.9166666666667
"Rarg","Rarg","neonate",0.828242433793728,-0.0965396379774981,7243.5,0.489955357142857,0.709577711794236,0.94748468717838,20.7792207792208,21.875
"Epcam","Epcam","neonate",0.0263824872492681,-0.0968445836986554,7209.5,0.487655573593074,0.132098415926559,0.693642042142238,0.649350649350649,3.125
"Mrc1","Mrc1","neonate",0.071958198043776,-0.0975859787293783,7226,0.488771645021645,0.297684628756418,0.833817867077649,1.94805194805195,4.16666666666667
"Lgals3bp","Lgals3bp","neonate",0.420158763197643,-0.0981866795519283,7178,0.485524891774892,0.489904739890726,0.92479193348348,10.3896103896104,13.5416666666667
"Nr1h2","Nr1h2","neonate",1.4787939930377,-0.0993141952014542,7170.5,0.485017586580087,0.644699565908563,0.935833273718085,35.7142857142857,37.5
"Il15","Il15","neonate",0.0524798170501138,-0.0995517534196671,7182,0.485795454545455,0.155305748019258,0.693642042142238,1.2987012987013,4.16666666666667
"Slpi","Slpi","neonate",0.0726073229349699,-0.0997153791457318,7226,0.488771645021645,0.297684628756418,0.833817867077649,1.94805194805195,4.16666666666667
"Wnt7b","Wnt7b","neonate",0.31825453899589,-0.0999359374479297,7201,0.487080627705628,0.510498555328236,0.92479193348348,9.09090909090909,11.4583333333333
"Fzd7","Fzd7","neonate",0.493832137827404,-0.100061445286823,7228.5,0.488940746753247,0.622761460379006,0.934064862248374,12.987012987013,14.5833333333333
"Cxcr5","Cxcr5","neonate",0.132868724629948,-0.101016167959608,7178,0.485524891774892,0.279957029884328,0.833817867077649,3.24675324675325,6.25
"Mzb1","Mzb1","neonate",0.0397213983835565,-0.103682986276116,7255,0.490733225108225,0.311438418485883,0.833817867077649,1.2987012987013,3.125
"Smo","Smo","neonate",0.431747359388537,-0.103849707612355,7218.5,0.48826433982684,0.586860409590706,0.927258048117169,11.6883116883117,13.5416666666667
"Vegfa","Vegfa","neonate",0.895554688570041,-0.104172406620214,7215.5,0.488061417748918,0.66455477427466,0.943438683293701,21.4285714285714,23.9583333333333
"Mtor","Mtor","neonate",1.63869232468629,-0.105510252431796,7189,0.486268939393939,0.682502931609394,0.94748468717838,40.2597402597403,41.6666666666667
"Klrb1","Klrb1","neonate",1.32383002009897,-0.105538512234556,7088.5,0.47947104978355,0.517043382250317,0.92479193348348,33.1168831168831,34.375
"Hpgds","Hpgds","neonate",0.105568086448043,-0.106018761831113,7199,0.486945346320346,0.283449771898945,0.833817867077649,2.5974025974026,5.20833333333333
"Col14a1","Col14a1","neonate",0.0763145324947139,-0.107274187383075,7154.5,0.483935335497836,0.16216446695454,0.693642042142238,1.94805194805195,5.20833333333333
"Fgfr2","Fgfr2","neonate",0.125795970892898,-0.107597424350384,7173,0.485186688311688,0.268848443253023,0.833817867077649,3.24675324675325,6.25
"H2-DMa","H2-DMa","neonate",0.990375464619668,-0.10776354216409,7175,0.48532196969697,0.613684433714721,0.934064862248374,25.3246753246753,27.0833333333333
"Calm3","Calm3","neonate",1.35433790471456,-0.108201127060347,7180.5,0.485693993506494,0.653059056245913,0.936834358384424,33.1168831168831,35.4166666666667
"Ddit3","Ddit3","neonate",1.22964811029676,-0.108319935702915,7184.5,0.485964556277056,0.651689450356312,0.936600828866,30.5194805194805,33.3333333333333
"Gzmf","Gzmf","neonate",0.126905452682052,-0.109050703061848,7171,0.485051406926407,0.264490908466562,0.833817867077649,3.24675324675325,6.25
"Sqstm1","Sqstm1","neonate",2.21038169707481,-0.10936434307448,6982.5,0.472301136363636,0.436856447836468,0.898608460023035,52.5974025974026,53.125
"Pgr","Pgr","neonate",0.0789334357762228,-0.109511102763967,7226,0.488771645021645,0.297684628756418,0.833817867077649,1.94805194805195,4.16666666666667
"Pdgfc","Pdgfc","neonate",0.293342005005435,-0.109645219921641,7146,0.48336038961039,0.378580916709414,0.892305375790275,7.79220779220779,11.4583333333333
"S100a2","S100a2","neonate",0.852985356463499,-0.109697985791511,7168,0.484848484848485,0.581863225670919,0.925227489623455,21.4285714285714,23.9583333333333
"Fcer1g","Fcer1g","neonate",0.0502118816769544,-0.110044885980435,7180,0.485660173160173,0.151400010576899,0.693642042142238,1.2987012987013,4.16666666666667
"Nt5c3","Nt5c3","neonate",0.296794248185127,-0.110162462759537,7253,0.490597943722944,0.604649029748231,0.932133306075159,7.79220779220779,9.375
"Col6a2","Col6a2","neonate",0.301461147677901,-0.11071883648364,7195,0.486674783549784,0.472063277629514,0.921031482967957,7.79220779220779,10.4166666666667
"Hif1a","Hif1a","neonate",0.0955936167338164,-0.111071647454965,7198,0.486877705627706,0.280956175989981,0.833817867077649,2.5974025974026,5.20833333333333
"Tcl1","Tcl1","neonate",0.128264809388399,-0.111192777864072,7208,0.487554112554113,0.372996237918179,0.883466428007929,3.8961038961039,6.25
"Tcap","Tcap","neonate",0.236724245734794,-0.111242346256948,7147.5,0.483461850649351,0.327515533254511,0.833817867077649,5.84415584415584,9.375
"Clec5a","Clec5a","neonate",0,-0.111543667226556,7161,0.484375,0.0279640932510732,0.539180704756747,0,3.125
"Il12rb2","Il12rb2","neonate",0.0862649895723721,-0.112322014875476,7153.5,0.483867694805195,0.160400198578882,0.693642042142238,1.94805194805195,5.20833333333333
"Fgf2","Fgf2","neonate",0.172598505158158,-0.112485454113525,7183.5,0.485896915584416,0.347872481097437,0.850070744250355,4.54545454545455,7.29166666666667
"Ciita","Ciita","neonate",0.119765564927867,-0.115523310863913,7169,0.484916125541126,0.26018230781306,0.833817867077649,3.24675324675325,6.25
"Il21","Il21","neonate",0.16061839633827,-0.115598090770684,7182.5,0.485829274891775,0.345559655966544,0.846770922008297,4.54545454545455,7.29166666666667
"Bmp3","Bmp3","neonate",0.819660799697209,-0.116564055539931,7175.5,0.48535579004329,0.586760609333368,0.927258048117169,20.1298701298701,22.9166666666667
"Ptges","Ptges","neonate",0.255487005760434,-0.11662823545304,7178.5,0.485558712121212,0.404481710357922,0.898608460023035,6.49350649350649,9.375
"Csf2","Csf2","neonate",0.163288770320926,-0.117302745364485,7182.5,0.485829274891775,0.345559655966544,0.846770922008297,4.54545454545455,7.29166666666667
"Bcl2l1","Bcl2l1","neonate",1.46175793742056,-0.11835465121168,7186,0.486066017316017,0.668071926183904,0.943438683293701,35.7142857142857,37.5
"Pttg1","Pttg1","neonate",0.594724128150538,-0.118372378656022,7171.5,0.485085227272727,0.535322077171199,0.92479193348348,14.9350649350649,17.7083333333333
"S100a9","S100a9","neonate",0.122799265945828,-0.118862662860818,7168,0.484848484848485,0.258046322766017,0.833817867077649,3.24675324675325,6.25
"Prdm1","Prdm1","neonate",0.136643916503367,-0.120223926562357,7170.5,0.485017586580087,0.26340917499893,0.833817867077649,3.24675324675325,6.25
"Jun","Jun","neonate",0.210679942205793,-0.120230737444702,7164.5,0.484611742424242,0.335936401877232,0.837626271106119,5.19480519480519,8.33333333333333
"Col16a1","Col16a1","neonate",0.0437515893480838,-0.120324339307621,7178,0.485524891774892,0.14756954988138,0.693642042142238,1.2987012987013,4.16666666666667
"H2-Eb1","H2-Eb1","neonate",0.42295834447103,-0.12043986500632,7167,0.484780844155844,0.467817674223645,0.916334422791697,10.3896103896104,13.5416666666667
"Cr2","Cr2","neonate",0.785571546483085,-0.122926559393112,7190.5,0.4863704004329,0.607660625264049,0.934064862248374,19.4805194805195,21.875
"Kir3dl1/2","Kir3dl1/2","neonate",0.708458450385537,-0.123203309067867,7164.5,0.484611742424242,0.552602448400234,0.92479193348348,18.1818181818182,20.8333333333333
"Runx3","Runx3","neonate",0.48796112594931,-0.123255519199839,7170,0.484983766233766,0.492587706018713,0.92479193348348,11.6883116883117,14.5833333333333
"C1qa","C1qa","neonate",0.742175311792462,-0.124027716475435,7176,0.48538961038961,0.572904670761769,0.92479193348348,18.1818181818182,20.8333333333333
"Krt18","Krt18","neonate",0.542102369717077,-0.124118949490503,7187,0.486133658008658,0.556052155883324,0.92479193348348,14.2857142857143,16.6666666666667
"Iapp","Iapp","neonate",0.0702836497790284,-0.125553075422826,7149.5,0.483597132034632,0.15348799067963,0.693642042142238,1.94805194805195,5.20833333333333
"Ntrk2","Ntrk2","neonate",0.205715252783854,-0.129630740861854,7100,0.480248917748918,0.229676455284156,0.813148825964052,5.19480519480519,9.375
"Col9a3","Col9a3","neonate",0.20991553414293,-0.130827909132985,7192,0.486471861471861,0.411028664013518,0.898608460023035,5.84415584415584,8.33333333333333
"Epha7","Epha7","neonate",0.195257555596967,-0.132824887304647,7150,0.483630952380952,0.305982653021002,0.833817867077649,5.19480519480519,8.33333333333333
"Adgrf5","Adgrf5","neonate",1.23166162542902,-0.133429815799359,7099.5,0.480215097402597,0.520765130488511,0.92479193348348,30.5194805194805,31.25
"Ptk2","Ptk2","neonate",0.13689243424132,-0.134322537186908,7102.5,0.480418019480519,0.160596733578729,0.693642042142238,3.24675324675325,7.29166666666667
"Fkbp11","Fkbp11","neonate",0.095442149324038,-0.135136338760279,7190,0.48633658008658,0.261543889448993,0.833817867077649,2.5974025974026,5.20833333333333
"Bmp1","Bmp1","neonate",0.0986069332347201,-0.135482538469956,7125,0.481939935064935,0.158073291056263,0.693642042142238,2.5974025974026,6.25
"Tnfaip6","Tnfaip6","neonate",0.0380581650839216,-0.135547289783572,7176,0.48538961038961,0.143813606378201,0.693642042142238,1.2987012987013,4.16666666666667
"Actg2","Actg2","neonate",0.531202567994322,-0.135858416960845,7119.5,0.481567911255411,0.433606698762028,0.898608460023035,13.6363636363636,17.7083333333333
"Sod2","Sod2","neonate",0.321175475040752,-0.136171509174064,7157.5,0.484138257575758,0.410341159435767,0.898608460023035,8.44155844155844,11.4583333333333
"Cd36","Cd36","neonate",0.527945125939154,-0.137632561018375,7110.5,0.480959145021645,0.418547128938416,0.898608460023035,13.6363636363636,17.7083333333333
"Cd24a","Cd24a","neonate",0.152146570434777,-0.138170685876786,7139,0.482886904761905,0.23793313162306,0.815186708687942,3.8961038961039,7.29166666666667
"Adgrf1","Adgrf1","neonate",0.152251431213835,-0.13882622071182,7078,0.478760822510823,0.157110836655261,0.693642042142238,3.8961038961039,8.33333333333333
"Tnfrsf12a","Tnfrsf12a","neonate",1.47062712411969,-0.139836369108211,7103,0.48045183982684,0.548481218379108,0.92479193348348,35.7142857142857,38.5416666666667
"Krt15","Krt15","neonate",0.101201204422358,-0.140472570139044,7123,0.481804653679654,0.154975527332252,0.693642042142238,2.5974025974026,6.25
"Hck","Hck","neonate",0.229770452435644,-0.140641617287557,7075,0.4785579004329,0.215448448942547,0.798145413465066,5.84415584415584,10.4166666666667
"Krt6b","Krt6b","neonate",0.0233298729064023,-0.142147396641413,7131,0.482345779220779,0.0533936139815957,0.581253132881385,0.649350649350649,4.16666666666667
"Btf3","Btf3","neonate",0.883219378920556,-0.142252749209273,7114,0.481195887445887,0.502595120620265,0.92479193348348,22.0779220779221,26.0416666666667
"Krt4","Krt4","neonate",0.242845306581232,-0.142351064394211,7100,0.480248917748918,0.265162045390002,0.833817867077649,6.49350649350649,10.4166666666667
"Aqp3","Aqp3","neonate",0.101089286104232,-0.14242227054551,7121,0.481669372294372,0.151924083603437,0.693642042142238,2.5974025974026,6.25
"Plac9","Plac9","neonate",0.868469268579064,-0.142671808511872,7141.5,0.483056006493506,0.543286829316703,0.92479193348348,22.0779220779221,25
"App","App","neonate",0.798419512550456,-0.142683197954911,7120,0.481601731601732,0.494483841808298,0.92479193348348,19.4805194805195,23.9583333333333
"Adgrg1","Adgrg1","neonate",0.149734872087698,-0.142758832125429,7074,0.47849025974026,0.151884133686265,0.693642042142238,3.8961038961039,8.33333333333333
"Cd274","Cd274","neonate",1.46695821249601,-0.142995309965139,7086,0.479301948051948,0.523828377958968,0.92479193348348,35.7142857142857,37.5
"Tap1","Tap1","neonate",1.67863701501259,-0.144391797462339,7072.5,0.478388798701299,0.518209830247296,0.92479193348348,39.6103896103896,41.6666666666667
"Il18r1","Il18r1","neonate",0.630650480183872,-0.145001816101334,7166,0.484713203463203,0.525166845010568,0.92479193348348,14.9350649350649,17.7083333333333
"Mmp2","Mmp2","neonate",0.299154228619021,-0.14700146565364,7116.5,0.481364989177489,0.323976889855306,0.833817867077649,7.79220779220779,11.4583333333333
"Ccl20","Ccl20","neonate",0.406196293348218,-0.147422457475069,7104,0.480519480519481,0.35964013700814,0.861926001435373,10.3896103896104,14.5833333333333
"Ifnl2/3","Ifnl2/3","neonate",0.490648095764435,-0.148124118563316,7142.5,0.483123647186147,0.452355992550504,0.900197454237231,12.3376623376623,15.625
"Lum","Lum","neonate",0.278537403981649,-0.14821508819669,7088.5,0.47947104978355,0.267481374195188,0.833817867077649,7.14285714285714,11.4583333333333
"Itgb6","Itgb6","neonate",0.151813685266166,-0.149265427571506,7076,0.478625541125541,0.154480691818008,0.693642042142238,3.8961038961039,8.33333333333333
"Ppard","Ppard","neonate",0.400753272598124,-0.149900989649673,7090,0.479572510822511,0.336723793731083,0.837626271106119,10.3896103896104,14.5833333333333
"Il12rb1","Il12rb1","neonate",1.01829457665501,-0.15017850893751,7133.5,0.482514880952381,0.55176386122363,0.92479193348348,25.3246753246753,29.1666666666667
"Col1a1","Col1a1","neonate",0.65457886544215,-0.15096909621883,7160.5,0.48434117965368,0.53874571569644,0.92479193348348,17.5324675324675,19.7916666666667
"Gdf15","Gdf15","neonate",0.360013683797562,-0.152143486680003,7106.5,0.480688582251082,0.349241656186716,0.851329905178865,9.74025974025974,13.5416666666667
"Lyz3","Lyz3","neonate",0.2834078695665,-0.153513253828641,7083.5,0.479132846320346,0.25966650600555,0.833817867077649,7.14285714285714,11.4583333333333
"Anxa4","Anxa4","neonate",0.672832351221778,-0.153626645675967,7099,0.480181277056277,0.436352724518573,0.898608460023035,16.8831168831169,20.8333333333333
"Hgf","Hgf","neonate",0.584921435182407,-0.154131770988698,7142.5,0.483123647186147,0.487387766343409,0.92479193348348,15.5844155844156,17.7083333333333
"Fcgr4","Fcgr4","neonate",1.19855268250005,-0.154290512404425,7095,0.479910714285714,0.512532364781206,0.92479193348348,29.2207792207792,32.2916666666667
"Prox1","Prox1","neonate",0.13162277348511,-0.15508664809506,7094.5,0.479876893939394,0.149328706385083,0.693642042142238,3.24675324675325,7.29166666666667
"Itgb5","Itgb5","neonate",0.171057982430069,-0.15623506877257,7105,0.480587121212121,0.210676359572277,0.798145413465066,4.54545454545455,8.33333333333333
"Pdcd1","Pdcd1","neonate",0.227413357686131,-0.156605665605333,7119.5,0.481567911255411,0.27505747487759,0.833817867077649,5.84415584415584,9.375
"Ccdc80","Ccdc80","neonate",0.226685507870714,-0.158657281336361,7063.5,0.477780032467532,0.19923571625276,0.783872193510843,5.84415584415584,10.4166666666667
"Arg1","Arg1","neonate",0.419880597439373,-0.159308204436968,7037,0.475987554112554,0.265503290537899,0.833817867077649,10.3896103896104,15.625
"Thsd4","Thsd4","neonate",0.12997567024248,-0.159799055164743,7091.5,0.479673971861472,0.145262356748106,0.693642042142238,3.24675324675325,7.29166666666667
"Rgs2","Rgs2","neonate",0.238308105601102,-0.161278099713546,7066,0.477949134199134,0.20268242100199,0.783872193510843,5.84415584415584,10.4166666666667
"Ifih1","Ifih1","neonate",0.740810997597835,-0.161947846397129,7097,0.480045995670996,0.448384857118683,0.900197454237231,18.1818181818182,22.9166666666667
"Clec7a","Clec7a","neonate",0.451338537747311,-0.162413293530126,7088,0.479437229437229,0.353506488917289,0.855404774651679,11.6883116883117,15.625
"Cd84","Cd84","neonate",0.813806370941128,-0.164145503751874,7090,0.479572510822511,0.454484453809453,0.902175832141658,20.1298701298701,25
"Tnfrsf13c","Tnfrsf13c","neonate",0.21468526697727,-0.165323082131244,7089,0.47950487012987,0.212573740829139,0.798145413465066,5.19480519480519,9.375
"Il1a","Il1a","neonate",0.050355196827004,-0.165741157782911,7102,0.480384199134199,0.0685030259516887,0.609799257802086,1.2987012987013,5.20833333333333
"Foxf1","Foxf1","neonate",0.945354790068717,-0.167451675989845,7116.5,0.481364989177489,0.521374936334516,0.92479193348348,24.6753246753247,28.125
"Bmp2","Bmp2","neonate",0.0720601001672237,-0.169122333058385,7074,0.47849025974026,0.0768777484944781,0.620128891670113,1.94805194805195,6.25
"Pdgfd","Pdgfd","neonate",0.0520738807414163,-0.170236904900622,7101,0.480316558441558,0.0675531541519669,0.606761213419018,1.2987012987013,5.20833333333333
"S100a6","S100a6","neonate",1.20349368759483,-0.170998814313249,7090.5,0.479606331168831,0.506153407025111,0.92479193348348,29.2207792207792,32.2916666666667
"Nr1h3","Nr1h3","neonate",0.383155454038058,-0.172932102986428,7046,0.47659632034632,0.26384505737294,0.833817867077649,9.74025974025974,14.5833333333333
"Serpina3a","Serpina3a","neonate",0.193315587817222,-0.17329102901212,7015,0.474499458874459,0.130831674786996,0.693642042142238,5.19480519480519,10.4166666666667
"Mmp9","Mmp9","neonate",1.03433982741668,-0.17329475812735,7051,0.476934523809524,0.42974341491392,0.898608460023035,25.3246753246753,28.125
"Inha","Inha","neonate",0.0972007246051213,-0.173836797159172,7047,0.476663961038961,0.0812740959746461,0.620128891670113,2.5974025974026,7.29166666666667
"Bst2","Bst2","neonate",1.11429730076412,-0.174237962846071,7096.5,0.480012175324675,0.504897801361284,0.92479193348348,26.6233766233766,31.25
"Cd4","Cd4","neonate",4.2416148929218,-0.174436263745314,6034.5,0.40817775974026,0.0146740033558074,0.507524199852671,100,100
"Ryk","Ryk","neonate",0.671674615676758,-0.179035090245632,7075,0.4785579004329,0.403720101562292,0.898608460023035,17.5324675324675,20.8333333333333
"Efnb1","Efnb1","neonate",0.242082490573774,-0.180421316616268,7088,0.479437229437229,0.245990310181497,0.828555200172137,6.49350649350649,10.4166666666667
"Clock","Clock","neonate",0.15222556577454,-0.181588671522579,7063,0.477746212121212,0.138193465913224,0.693642042142238,3.8961038961039,8.33333333333333
"H2-Ob","H2-Ob","neonate",1.0093657920242,-0.182361059734204,7065.5,0.477915313852814,0.447166608933751,0.900197454237231,24.6753246753247,28.125
"Hspa1a","Hspa1a","neonate",0.119862351470667,-0.184341414620015,7083.5,0.479132846320346,0.134832850654001,0.693642042142238,3.24675324675325,7.29166666666667
"Mgp","Mgp","neonate",0.95457732377773,-0.184575887840327,7053,0.477069805194805,0.424720637872716,0.898608460023035,23.3766233766234,28.125
"Vcan","Vcan","neonate",0.545704502771264,-0.185958108948185,7058.5,0.477441829004329,0.337738977918415,0.837626271106119,13.6363636363636,17.7083333333333
"Fgf13","Fgf13","neonate",0.0760029280190376,-0.188258605502177,7002.5,0.47365395021645,0.0393572656037877,0.560642317100702,1.94805194805195,7.29166666666667
"Ins1","Ins1","neonate",0.237272125531216,-0.189017326631491,7079,0.478828463203463,0.232264212131196,0.813148825964052,6.49350649350649,10.4166666666667
"Cd63","Cd63","neonate",0.0991905556618886,-0.190707443570622,7047,0.476663961038961,0.0812740959746461,0.620128891670113,2.5974025974026,7.29166666666667
"Fabp5","Fabp5","neonate",0.730573673074209,-0.190866268045176,7053,0.477069805194805,0.387241119144721,0.898608460023035,18.8311688311688,22.9166666666667
"Ldha","Ldha","neonate",1.61304080509511,-0.191303050414597,7096,0.479978354978355,0.549499324786727,0.92479193348348,38.3116883116883,43.75
"Acvr1","Acvr1","neonate",0.0430669461371772,-0.192518938572329,7024,0.475108225108225,0.0301952699361435,0.553393658420768,1.2987012987013,6.25
"Tnfrsf1b","Tnfrsf1b","neonate",1.19637298742114,-0.192808573919744,6998,0.473349567099567,0.38884600757062,0.898608460023035,29.8701298701299,33.3333333333333
"Ankrd1","Ankrd1","neonate",0.485037002039079,-0.193452507693166,7057,0.477340367965368,0.32452334027205,0.833817867077649,12.987012987013,16.6666666666667
"Sla","Sla","neonate",0.433583479799329,-0.194759573179118,6979,0.472064393939394,0.201281206828395,0.783872193510843,10.3896103896104,16.6666666666667
"Mmp14","Mmp14","neonate",0.543839054533981,-0.196380143598586,7039,0.476122835497836,0.320586626782984,0.833817867077649,14.2857142857143,18.75
"Cxcl2","Cxcl2","neonate",0.564258051468592,-0.196615611750247,7006.5,0.473924512987013,0.282921622696345,0.833817867077649,14.2857142857143,19.7916666666667
"Xkr4","Xkr4","neonate",0.753461104280994,-0.197184968727206,7017.5,0.474668560606061,0.343078286928507,0.846770922008297,18.8311688311688,23.9583333333333
"Ctsg","Ctsg","neonate",0,-0.199481449669993,7007,0.473958333333333,0.00435492141972286,0.310132618247406,0,5.20833333333333
"Il24","Il24","neonate",0.184136006751139,-0.201638392818489,6971,0.471523268398268,0.0831374282698862,0.620128891670113,4.54545454545455,10.4166666666667
"Bmp4","Bmp4","neonate",0.978213440750203,-0.202197800848351,7042,0.476325757575758,0.417651807572052,0.898608460023035,24.025974025974,30.2083333333333
"Clec4e","Clec4e","neonate",0.500586509159554,-0.205213267673704,7012,0.474296536796537,0.269224470061759,0.833817867077649,12.987012987013,17.7083333333333
"Krt14","Krt14","neonate",0.408519688883685,-0.205442702122925,6985.5,0.472504058441558,0.202224382994424,0.783872193510843,10.3896103896104,15.625
"Igkc","Igkc","neonate",0.406827563053584,-0.206906681859508,7149.5,0.483597132034632,0.394525219171288,0.898608460023035,8.44155844155844,11.4583333333333
"Ddr1","Ddr1","neonate",0.52699895214238,-0.208765842704224,7004.5,0.473789231601732,0.270446016313601,0.833817867077649,13.6363636363636,18.75
"Cxcl14","Cxcl14","neonate",0.122463421184253,-0.209921549658157,7010,0.474161255411255,0.0745689933016073,0.620128891670113,3.24675324675325,8.33333333333333
"Gas6","Gas6","neonate",0.491132130394495,-0.210382453330007,6968.5,0.471354166666667,0.223324537733985,0.812607898251034,12.987012987013,18.75
"H2-Aa","H2-Aa","neonate",0.166188185545651,-0.210691083126429,7026.5,0.475277326839827,0.121817691810231,0.693642042142238,4.54545454545455,9.375
"Gzma","Gzma","neonate",0.083628179941539,-0.211784054224521,7071,0.478287337662338,0.0741296198340262,0.620128891670113,1.94805194805195,6.25
"Cd74","Cd74","neonate",0.959173906269988,-0.215439989252107,7065.5,0.477915313852814,0.424962033873403,0.898608460023035,21.4285714285714,25
"Cx3cl1","Cx3cl1","neonate",0.376456491535051,-0.217679182519815,6961.5,0.470880681818182,0.170657397661575,0.717368781400084,9.74025974025974,15.625
"Bbln","Bbln","neonate",0.277733931791624,-0.218025245771566,7052.5,0.477035984848485,0.214742604926924,0.798145413465066,7.14285714285714,11.4583333333333
"Cd9","Cd9","neonate",0.920582566987425,-0.220265767320581,6928.5,0.468648538961039,0.277638010175222,0.833817867077649,24.025974025974,28.125
"Clec4a1","Clec4a1","neonate",0.137159924203552,-0.220944279742667,6981,0.472199675324675,0.0728995355707994,0.620128891670113,3.8961038961039,9.375
"Ccl4","Ccl4","neonate",0.653853910556037,-0.222130492064761,6969,0.471387987012987,0.265001817772329,0.833817867077649,16.8831168831169,21.875
"H2-Pa","H2-Pa","neonate",0.15207813939874,-0.222282237879499,6984,0.472402597402597,0.0750183277791516,0.620128891670113,3.8961038961039,9.375
"Abl2","Abl2","neonate",0.678490417634975,-0.225471908093935,6969,0.471387987012987,0.269020580063717,0.833817867077649,16.8831168831169,22.9166666666667
"Clec4d","Clec4d","neonate",0.726000871319491,-0.225936382720901,7005,0.473823051948052,0.323525814947123,0.833817867077649,18.8311688311688,22.9166666666667
"Mmp12","Mmp12","neonate",0.0238657564136963,-0.228347205787592,6977,0.471929112554113,0.00910069870845315,0.462534781705739,0.649350649350649,6.25
"Cxcl9","Cxcl9","neonate",0.137720654475877,-0.230558642217703,6950,0.470102813852814,0.0463124648841241,0.581253132881385,3.24675324675325,9.375
"Ccl2","Ccl2","neonate",0.356730643170768,-0.232665095652003,6941,0.469494047619048,0.151169448909243,0.693642042142238,9.74025974025974,15.625
"Jak2","Jak2","neonate",0.489464665080542,-0.233163325299315,6979,0.472064393939394,0.224388875010133,0.813148825964052,12.3376623376623,17.7083333333333
"Col12a1","Col12a1","neonate",0.445492949397142,-0.240638190767999,6992,0.472943722943723,0.2279300806684,0.813148825964052,11.6883116883117,16.6666666666667
"Itgax","Itgax","neonate",0.290722169602095,-0.241802127679345,7018,0.474702380952381,0.188811888150212,0.752981809943045,7.79220779220779,12.5
"Hdac5","Hdac5","neonate",1.15498886872964,-0.241996247137886,6924,0.468344155844156,0.301791902518008,0.833817867077649,28.5714285714286,33.3333333333333
"Serpinh1","Serpinh1","neonate",0.779808624138485,-0.244290477392565,6935,0.469088203463203,0.260700114676915,0.833817867077649,20.1298701298701,26.0416666666667
"Il1rn","Il1rn","neonate",0.691419803973922,-0.24494198228102,6920.5,0.468107413419913,0.228946711977677,0.813148825964052,18.1818181818182,23.9583333333333
"Gper1","Gper1","neonate",0.123488071284753,-0.246750068248298,6871,0.464759199134199,0.0229632782055357,0.539180704756747,3.24675324675325,10.4166666666667
"Cyp2u1","Cyp2u1","neonate",0.075964573983023,-0.251050925142895,6919,0.468005952380952,0.0167986946791757,0.507524199852671,1.94805194805195,8.33333333333333
"Becn1","Becn1","neonate",0.221187427151949,-0.254834719848812,6934,0.469020562770563,0.0733623582479589,0.620128891670113,5.19480519480519,11.4583333333333
"Entpd1","Entpd1","neonate",0.95912582213653,-0.258406836099108,6945,0.46976461038961,0.297819628972839,0.833817867077649,23.3766233766234,30.2083333333333
"Krt13","Krt13","neonate",0.124477260322702,-0.258597059322074,6866,0.464420995670996,0.0216821796606771,0.539180704756747,3.24675324675325,10.4166666666667
"Tbx21","Tbx21","neonate",0.200988662718291,-0.261794932727599,6922,0.468208874458874,0.0661308723666568,0.604885135317035,5.19480519480519,11.4583333333333
"Krt16","Krt16","neonate",0.121009641703499,-0.275564019323902,6859,0.463947510822511,0.0199933526105213,0.539180704756747,3.24675324675325,10.4166666666667
"Ccl21a/b/d","Ccl21a/b/d","neonate",0.243700507174235,-0.279129467208617,6867.5,0.464522456709957,0.0601917618411913,0.591900037469784,6.49350649350649,13.5416666666667
"Arf1","Arf1","neonate",0.49926306018645,-0.280294131071637,6870,0.464691558441558,0.133278717335511,0.693642042142238,12.3376623376623,19.7916666666667
"Vegfb","Vegfb","neonate",0.203509655629761,-0.28577865318923,6849,0.463271103896104,0.0381041194619253,0.560642317100702,5.19480519480519,12.5
"Adgra3","Adgra3","neonate",0.127008363670392,-0.285949177958772,6795.5,0.459652326839827,0.0115247544696671,0.478757508594086,3.24675324675325,11.4583333333333
"Anxa1","Anxa1","neonate",0.732729069366734,-0.289012883328633,6900,0.466720779220779,0.209319354557424,0.796532047686074,18.1818181818182,23.9583333333333
"Dll1","Dll1","neonate",0.379140927613069,-0.295153885842607,6866,0.464420995670996,0.0988230392993495,0.673086011030701,9.74025974025974,16.6666666666667
"Col6a3","Col6a3","neonate",1.12606482607505,-0.300973830801284,6816.5,0.461072781385281,0.204069723211025,0.783872193510843,27.9220779220779,34.375
"C1qb","C1qb","neonate",0.151245604778715,-0.302716025177407,6895,0.466382575757576,0.0353260677863965,0.559049041000593,3.8961038961039,10.4166666666667
"Stat1","Stat1","neonate",1.3986675920274,-0.305053391243396,6915,0.46773538961039,0.316871053307884,0.833817867077649,32.4675324675325,40.625
"Col4a5","Col4a5","neonate",0.75344805542153,-0.306033630954543,6794.5,0.459584686147186,0.141316862324494,0.693642042142238,19.4805194805195,27.0833333333333
"Cald1","Cald1","neonate",0.25637640623964,-0.306696338841785,6823,0.461512445887446,0.0495511073485279,0.581253132881385,7.14285714285714,14.5833333333333
"Ighg1","Ighg1","neonate",0.130733231539664,-0.307986192177795,6785.5,0.45897591991342,0.010206384350578,0.462534781705739,3.24675324675325,11.4583333333333
"Tfeb","Tfeb","neonate",0.143105527138653,-0.308984893840514,6825,0.461647727272727,0.0195752559023725,0.539180704756747,3.8961038961039,11.4583333333333
"Nkg7","Nkg7","neonate",0.292974738364308,-0.310031258336843,6876,0.465097402597403,0.064472443364841,0.604885135317035,6.49350649350649,13.5416666666667
"Sostdc1","Sostdc1","neonate",0.614720475244567,-0.311360224667397,6801,0.460024350649351,0.119265021284967,0.693642042142238,15.5844155844156,23.9583333333333
"H2-DMb1","H2-DMb1","neonate",0.166499605446155,-0.311435132121918,6799,0.459889069264069,0.0203985800803531,0.539180704756747,4.54545454545455,12.5
"Jag1","Jag1","neonate",0.57446514626259,-0.317302265086248,6821.5,0.461410984848485,0.119018725131241,0.693642042142238,14.2857142857143,21.875
"G6pd2","G6pd2","neonate",0.753635754253321,-0.31846214041562,6832,0.462121212121212,0.162173023026789,0.693642042142238,18.8311688311688,26.0416666666667
"Nlrp2","Nlrp2","neonate",0.845254696035636,-0.321572858143724,6801,0.460024350649351,0.158814169343579,0.693642042142238,21.4285714285714,29.1666666666667
"Cxcr6","Cxcr6","neonate",0.147151249104475,-0.32340859012664,6892,0.466179653679654,0.0342329132761088,0.558968792597894,3.8961038961039,10.4166666666667
"Tnfsf13b","Tnfsf13b","neonate",0.0559213610067222,-0.335006787926175,6798,0.459821428571429,0.002669734789568,0.235591568029709,1.2987012987013,9.375
"Spock2","Spock2","neonate",0.388283042002713,-0.337213822814757,6775.5,0.458299512987013,0.0530092652453547,0.581253132881385,9.09090909090909,17.7083333333333
"Ifng","Ifng","neonate",0.592241090199197,-0.337952408809236,6757,0.45704816017316,0.0941409292594534,0.66566316646578,15.5844155844156,23.9583333333333
"Tpi1","Tpi1","neonate",0.918289649082998,-0.338328459865679,6762.5,0.457420183982684,0.142467769292827,0.693642042142238,22.7272727272727,31.25
"Hilpda","Hilpda","neonate",0.700599807037121,-0.339075400085266,6774,0.458198051948052,0.120218063391983,0.693642042142238,18.1818181818182,26.0416666666667
"Acacb","Acacb","neonate",0.0558074997043471,-0.341108489643732,6724,0.454816017316017,0.00119258006880066,0.19816705476571,1.2987012987013,10.4166666666667
"Apoc1","Apoc1","neonate",0.754059633559336,-0.352883383723605,6764.5,0.457555465367965,0.122389899681156,0.693642042142238,19.4805194805195,27.0833333333333
"Nanog","Nanog","neonate",0.972680806330836,-0.354161157536923,6737,0.455695346320346,0.133140916058123,0.693642042142238,24.6753246753247,31.25
"Nrxn1","Nrxn1","neonate",0.344800615955766,-0.358054926028594,6741,0.455965909090909,0.0410317188323347,0.560642317100702,9.09090909090909,17.7083333333333
"Osmr","Osmr","neonate",0.245706342924788,-0.361519907595518,6695.5,0.452888257575758,0.014334489109702,0.507524199852671,5.84415584415584,15.625
"Fgr","Fgr","neonate",0.6249077840449,-0.3637045619556,6717.5,0.454376352813853,0.080305941831481,0.620128891670113,16.2337662337662,25
"Slc40a1","Slc40a1","neonate",0.105645499207481,-0.364160250538655,6666,0.450892857142857,0.00210288832889301,0.232249346377806,2.5974025974026,12.5
"Icam1","Icam1","neonate",0.729524848843085,-0.366585134132857,6718.5,0.454443993506494,0.0926932089982222,0.660108066937339,18.1818181818182,27.0833333333333
"Emp3","Emp3","neonate",0.312139464502756,-0.367458290078271,6781,0.458671536796537,0.0415790291428648,0.560642317100702,7.79220779220779,15.625
"Rgcc","Rgcc","neonate",0.426223464484378,-0.372608031985407,6728,0.45508658008658,0.0506760314896376,0.581253132881385,11.038961038961,19.7916666666667
"Pf4","Pf4","neonate",0.0833825790448636,-0.384821117343909,6649,0.449742965367965,0.00164749836494047,0.205319483730706,2.5974025974026,12.5
"Wnt11","Wnt11","neonate",0.660353340482764,-0.386290998882365,6664,0.450757575757576,0.0651485831765769,0.604885135317035,17.5324675324675,26.0416666666667
"Col1a2","Col1a2","neonate",1.01544221911413,-0.389174082093477,6668.5,0.451061958874459,0.102209705049299,0.683913261303026,24.6753246753247,34.375
"Tnfrsf18","Tnfrsf18","neonate",0.517901716435217,-0.401231822781207,6680,0.451839826839827,0.0472114843131417,0.581253132881385,12.987012987013,21.875
"Reg1","Reg1","neonate",0.195141918570756,-0.40198694498159,6677,0.451636904761905,0.00892694106779785,0.462534781705739,5.19480519480519,14.5833333333333
"Cd44","Cd44","neonate",1.1813863745205,-0.416999016190641,6616.5,0.447544642857143,0.0962189039452478,0.669784894154737,29.2207792207792,39.5833333333333
"Acta2","Acta2","neonate",0.202201393159679,-0.423899360798773,6682,0.451975108225108,0.00941682197345094,0.462534781705739,5.19480519480519,14.5833333333333
"Mrc2","Mrc2","neonate",1.08106367278054,-0.425986086946506,6558.5,0.443621482683983,0.0669609897602092,0.606761213419018,27.2727272727273,36.4583333333333
"B2m","B2m","neonate",2.95618441385144,-0.43772817834548,6661,0.450554653679654,0.179520150690687,0.732972998024536,61.6883116883117,70.8333333333333
"Lep","Lep","neonate",0.6801324794504,-0.445498404393615,6591,0.445819805194805,0.0439721362162032,0.576844997467823,16.8831168831169,28.125
"Psca","Psca","neonate",0.344339492499847,-0.453113779625628,6519,0.440949675324675,0.00845747144592927,0.462534781705739,9.09090909090909,20.8333333333333
"H2-Q1","H2-Q1","neonate",1.23659771422485,-0.456743733795812,6518,0.440882034632035,0.0637152196529813,0.604885135317035,30.5194805194805,40.625
"Olfm4","Olfm4","neonate",0.614463613850081,-0.456796393274082,6571,0.444466991341991,0.0346735882670952,0.558968792597894,16.2337662337662,26.0416666666667
"Ccl5","Ccl5","neonate",0.412709137971211,-0.498845046736981,6686.5,0.452279491341991,0.0246837482867689,0.539180704756747,8.44155844155844,17.7083333333333
"Ccrl2","Ccrl2","neonate",0.463855000910086,-0.499909675155077,6471.5,0.437736742424242,0.0110683485913627,0.478757508594086,12.3376623376623,23.9583333333333
"Fgf18","Fgf18","neonate",0.57580632404704,-0.505266317627604,6432,0.435064935064935,0.0135126264234374,0.507524199852671,15.5844155844156,27.0833333333333
"Lpar5","Lpar5","neonate",0.935847853197332,-0.52241299375234,6409,0.433509199134199,0.0241667434317563,0.539180704756747,22.7272727272727,34.375
"Crip1","Crip1","neonate",1.11294988355508,-0.53278425582155,6469.5,0.437601461038961,0.0408027258552732,0.560642317100702,26.6233766233766,35.4166666666667
