"","feature","group","avgExpr","logFC","statistic","auc","pval","padj","pct_in","pct_out"
"Col4a1","Col4a1","neonate",1.7731046718951,1.05031850251685,266419.5,0.614875718341065,2.2852757013663e-18,7.59473291420732e-16,38.3449883449883,16.039603960396
"Col4a2","Col4a2","neonate",1.15622257105443,0.829121079896353,257378,0.594008631632394,3.94613452159639e-17,9.835740295079e-15,26.3403263403263,7.52475247524752
"Ighm","Ighm","neonate",4.60713850153651,0.684607913990263,252934.5,0.583753375337534,2.05274210856782e-07,2.92369126034588e-05,83.2167832167832,72.2772277227723
"Gsn","Gsn","neonate",1.90353201906716,0.583611743305449,244044.5,0.563235938978513,5.80942599664889e-06,0.00038613318124393,40.7925407925408,28.7128712871287
"Igfbp7","Igfbp7","neonate",2.63758051727818,0.515776412569969,237015.5,0.547013547508597,0.00216019009546481,0.0398835097255262,57.4592074592075,45.1485148514852
"Sox4","Sox4","neonate",1.53553880232832,0.502489035071392,240879,0.555930208405456,2.52654399108975e-05,0.00125075910231324,35.3146853146853,23.7623762376238
"Cd37","Cd37","neonate",3.28732210967011,0.461890391506454,235040.5,0.542455399386092,0.00719829918196702,0.0854369557669181,67.1328671328671,57.2277227722772
"Stmn1","Stmn1","neonate",1.09202112086128,0.455233096938888,239286,0.552253686907152,7.5163775837904e-06,0.000468364278189939,25.6410256410256,14.8514851485149
"Ctnnb1","Ctnnb1","neonate",1.45529718719044,0.446805320291999,238851.5,0.551250894320201,9.11175277066693e-05,0.00378517396348122,33.5664335664336,23.3663366336634
"Tsc22d1","Tsc22d1","neonate",0.672308129252044,0.426056020422045,238240,0.54983959934455,8.27661744319298e-08,1.37529793181057e-05,16.0839160839161,6.33663366336634
"Col1a2","Col1a2","neonate",1.18004235594529,0.421956103076694,238078,0.549465715802349,4.45493066203624e-05,0.00193111559567397,27.5058275058275,17.8217821782178
"Cd93","Cd93","neonate",1.22591855005718,0.408844876779889,236736.5,0.546369636963696,0.000156551939438704,0.00578082531927364,27.972027972028,19.2079207920792
"Ms4a1","Ms4a1","neonate",2.0273209668391,0.402211221557523,235431.5,0.543357797318193,0.00266317448099575,0.045779050992289,44.1724941724942,35.4455445544554
"Mgp","Mgp","neonate",0.979453625274298,0.39661543560776,236687,0.546255394770246,3.86232333341181e-05,0.00175033471064163,23.0769230769231,13.8613861386139
"Ly6d","Ly6d","neonate",1.16121332352978,0.390189836531114,236176.5,0.545077200027695,0.000195650736607704,0.00696656372849574,27.039627039627,18.4158415841584
"Hsp90b1","Hsp90b1","neonate",1.4471790043786,0.375197121603914,235021,0.542410394885642,0.0012954226242884,0.0274794969450113,33.5664335664336,24.950495049505
"Col1a1","Col1a1","neonate",0.812159383350259,0.374796222947297,235833,0.544284428442844,2.11375676673863e-05,0.00110916605075706,19.4638694638695,10.8910891089109
"Itga8","Itga8","neonate",0.749098880256148,0.355622878788753,234367,0.540901013178241,2.63449760768085e-05,0.00125075910231324,17.016317016317,8.51485148514852
"Cdh5","Cdh5","neonate",1.48142064376692,0.34785139324907,233109.5,0.537998799879988,0.00374527325019927,0.0584062713357114,32.7505827505828,24.950495049505
"Hmgb2","Hmgb2","neonate",0.868045255654058,0.338241502325725,232932,0.537589143529738,0.000412161295763031,0.0127854636821687,19.8135198135198,12.6732673267327
"Glul","Glul","neonate",0.762681844631878,0.335590637777972,233529.5,0.538968127581989,0.000109458346734291,0.00436519886776352,17.8321678321678,10.2970297029703
"Pecam1","Pecam1","neonate",1.43483743423664,0.332359392890847,232702,0.537058321216737,0.00483474031973898,0.0678063627978163,32.8671328671329,25.5445544554455
"Mif","Mif","neonate",1.38701291246456,0.328895327884162,233735,0.539442405779039,0.00257838910864765,0.045779050992289,32.2843822843823,25.3465346534653
"Dusp6","Dusp6","neonate",0.932482450626564,0.32688848641454,232512,0.536619815827737,0.000923098135315026,0.0216031618048044,21.4452214452214,14.4554455445545
"Fcrla","Fcrla","neonate",1.32954390727634,0.323967082595638,232429.5,0.536429412171986,0.00436581293345878,0.0640105219802707,30.6526806526807,22.7722772277228
"Serpinh1","Serpinh1","neonate",0.880348908143651,0.314458232128414,232509.5,0.536614046019987,0.000794279864587484,0.0197138969197201,20.8624708624709,13.8613861386139
"Cd9","Cd9","neonate",0.827775810086057,0.303613686551558,232290,0.536107456899536,0.000706556441663227,0.0185378097983747,19.9300699300699,12.6732673267327
"Mmp2","Mmp2","neonate",0.461410198577236,0.301369967562773,232143,0.535768192203836,3.87436953426792e-06,0.000297134340435779,10.955710955711,3.76237623762376
"Klf2","Klf2","neonate",2.02344056806919,0.2973839845697,229393,0.529421403678829,0.0429540576864304,0.254915814813269,44.5221445221445,37.8217821782178
"Csk","Csk","neonate",2.12728586049348,0.293846763241222,229931,0.530663066306631,0.0383367369326131,0.245133329572192,47.6689976689977,40.990099009901
"Dpp4","Dpp4","neonate",0.664587889527241,0.286855660484931,230941.5,0.532995222599183,0.00056922491067807,0.0154480281462973,15.7342657342657,9.30693069306931
"Bcl2l1","Bcl2l1","neonate",0.953841791640279,0.285807130032065,231277.5,0.533770684760784,0.00297685209604475,0.0503037549111291,22.8438228438228,15.8415841584158
"Rac2","Rac2","neonate",1.04352780909548,0.275812723068012,230253.5,0.531407371506381,0.00748358568352547,0.0867573828659872,24.3589743589744,18.019801980198
"Ppia","Ppia","neonate",3.13890771297692,0.272371010499903,223763.5,0.516428950587366,0.297910774903749,0.635672305529924,65.6177156177156,58.6138613861386
"Hck","Hck","neonate",0.530700411878018,0.267650694877995,229594,0.52988529622193,0.000442593821355159,0.0127854636821687,12.3543123543124,6.53465346534654
"Bgn","Bgn","neonate",1.2907543752411,0.266839147928927,229501.5,0.52967181333518,0.0200195110499788,0.166328770973574,29.8368298368298,23.7623762376238
"Dusp1","Dusp1","neonate",0.623543424464363,0.264160597202091,230136,0.531136190542131,0.000810701879346563,0.0197138969197201,14.8018648018648,8.51485148514852
"Abl1","Abl1","neonate",0.673177740908309,0.26256599636291,230088.5,0.531026564194881,0.00146738592604621,0.0292987196951782,16.2004662004662,10.0990099009901
"Ifi27","Ifi27","neonate",0.8028979500211,0.25079822202487,228776,0.527997415126128,0.00783649090458216,0.0882267648477398,18.6480186480186,13.4653465346535
"Icam1","Icam1","neonate",1.01740044344666,0.250312349970189,229008.5,0.528534007246878,0.014848507926358,0.134581476387081,24.009324009324,18.2178217821782
"Acp5","Acp5","neonate",0.766643352803031,0.247371863066935,229671.5,0.53006416026218,0.00369265061323756,0.0584062713357114,18.4149184149184,12.0792079207921
"Btg1","Btg1","neonate",0.783849392285526,0.246564981049798,229221,0.529024440905629,0.00557684052639607,0.0731593421686432,18.6480186480186,12.8712871287129
"Ndufa4l2","Ndufa4l2","neonate",0.774663315772945,0.24653427628537,229334,0.529285236215929,0.00476179232355808,0.0678063627978163,18.2983682983683,12.4752475247525
"Ifitm2","Ifitm2","neonate",0.912592837769951,0.242775012344064,228629,0.527658150430428,0.01288916111011,0.126115417832993,21.0955710955711,15.8415841584158
"Chil1","Chil1","neonate",0.669694289321193,0.240767823715264,228451.5,0.527248494080177,0.00481374835283249,0.0678063627978163,15.6177156177156,10.2970297029703
"Col6a2","Col6a2","neonate",0.459067012258694,0.239427974327373,228149.5,0.526551501303977,0.000931731151059767,0.0216031618048044,10.8391608391608,5.74257425742574
"Calm3","Calm3","neonate",0.950268018301299,0.237595883727177,228844.5,0.528155507858478,0.0142008396929907,0.131612191842486,22.960372960373,17.029702970297
"Cd68","Cd68","neonate",1.03110241644486,0.23621112878052,228568.5,0.527518521082878,0.0197244205580027,0.165254178960746,24.3589743589744,18.8118811881188
"Syk","Syk","neonate",1.55118964999215,0.235260955374181,227339.5,0.524682083592975,0.0696130012651043,0.332077331393823,35.8974358974359,29.3069306930693
"Coro1b","Coro1b","neonate",0.662178208243115,0.234998051161303,228551.5,0.527479286390177,0.00513260621567824,0.0682294452937495,16.0839160839161,10.8910891089109
"Cd36","Cd36","neonate",0.732858888485762,0.233737144966029,228163.5,0.526583812227377,0.00885095526592197,0.0980489155569356,17.2494172494172,12.0792079207921
"Myl12a","Myl12a","neonate",1.12508551970152,0.231090746908352,228095.5,0.526426873456576,0.0302831536695694,0.214370210034509,26.6899766899767,20.3960396039604
"Ramp2","Ramp2","neonate",0.803036544794599,0.229041933668233,228237,0.526753444575227,0.0106248791652652,0.113903274492144,18.6480186480186,12.8712871287129
"Cd1d1","Cd1d1","neonate",0.780344002144572,0.226093696498098,227895.5,0.525965288836576,0.0131554698642239,0.126115417832993,18.4149184149184,13.2673267326733
"Map1lc3b","Map1lc3b","neonate",0.55130356101371,0.21926082260596,227724,0.525569480024926,0.00407771197938072,0.0620848895880024,13.1701631701632,8.11881188118812
"Sod1","Sod1","neonate",1.92378769382493,0.213565538183919,226443.5,0.522614184495373,0.119241622095178,0.445258042055775,43.5897435897436,38.8118811881188
"Etv5","Etv5","neonate",0.545437812450723,0.207568359447213,226925,0.523725449468024,0.00787580949994868,0.0882267648477398,13.0536130536131,8.51485148514852
"Tubb5","Tubb5","neonate",0.916191390500408,0.205201177841559,227004,0.523907775392924,0.0341908118134563,0.226707465957636,21.5617715617716,17.029702970297
"Jun","Jun","neonate",0.459958293359088,0.204825285392072,227924,0.526031064644926,0.001437727464591,0.0292987196951782,11.3053613053613,5.94059405940594
"Fzd8","Fzd8","neonate",0.736582527672422,0.204467229180758,227745.5,0.525619100371576,0.0130109217710772,0.126115417832993,17.9487179487179,12.4752475247525
"Blk","Blk","neonate",2.00009104902636,0.204208143447985,225969.5,0.521520228945971,0.139806305959189,0.470239630917948,44.1724941724942,39.6039603960396
"Pfn1","Pfn1","neonate",3.15965558840962,0.203942947139954,220692.5,0.509341318747259,0.555111631990008,0.828512420799457,66.4335664335664,60.990099009901
"Dst","Dst","neonate",1.04105353765109,0.203563962019527,226815,0.523471577927023,0.0475633091819109,0.270974967167801,24.4755244755245,19.2079207920792
"Tie1","Tie1","neonate",0.607058624139049,0.201859763376001,226718.5,0.523248863347873,0.0123949684781448,0.126115417832993,14.2191142191142,9.5049504950495
"Atp5e","Atp5e","neonate",1.17935742354477,0.201153884145182,226925,0.523725449468024,0.055907053994935,0.302931156700816,27.1561771561772,22.7722772277228
"Il20","Il20","neonate",0.629902506872906,0.201103276503285,227216.5,0.524398209051674,0.0108340745215748,0.114910343595852,15.2680652680653,10.0990099009901
"Jak1","Jak1","neonate",0.724767536744851,0.198953691459957,226714.5,0.523239631655473,0.0221121475526522,0.17223289929683,17.1328671328671,12.2772277227723
"Eif5a","Eif5a","neonate",1.25764948905392,0.197465889201696,226592,0.522956911075723,0.071927249584612,0.336673557914827,29.1375291375291,24.950495049505
"Dpt","Dpt","neonate",0.534497099033211,0.195006536451063,226081.5,0.521778716333172,0.0130555092268577,0.126115417832993,12.4708624708625,8.31683168316832
"Vegfa","Vegfa","neonate",0.876274289389882,0.194185907477562,226259,0.522188372683422,0.043384926249366,0.254915814813269,20.2797202797203,15.6435643564356
"Il12b","Il12b","neonate",0.411319109243295,0.192586223381301,226739.5,0.523297329732973,0.00263100379029172,0.045779050992289,10.02331002331,5.34653465346535
"Eng","Eng","neonate",0.907180382916209,0.18767975340274,226021.5,0.521640240947172,0.0516897524566291,0.288135658318979,20.8624708624709,16.2376237623762
"Gpx3","Gpx3","neonate",0.707103947798524,0.185816681803661,226780.5,0.523391954580073,0.0202211462203197,0.166615560178997,16.8997668997669,11.8811881188119
"Col6a1","Col6a1","neonate",0.337790398078212,0.184310664803313,226432,0.522587643379723,0.00119721908303979,0.0265250539064592,8.27505827505827,3.76237623762376
"Dusp5","Dusp5","neonate",0.670638309666023,0.184005158229587,226551,0.522862286228623,0.0212679592701393,0.168371788749769,16.3170163170163,11.4851485148515
"Tek","Tek","neonate",0.501490878373242,0.183958039464156,226648,0.523086154769323,0.00664846178558614,0.0821162805750208,12.004662004662,7.12871287128713
"Spock2","Spock2","neonate",0.53476652539626,0.183752772062486,226011.5,0.521617161716172,0.0129120516006091,0.126115417832993,12.3543123543124,7.92079207920792
"Rgcc","Rgcc","neonate",0.448365070191752,0.180521422030614,226363.5,0.522429550647372,0.00621335669541588,0.0804508652640212,11.0722610722611,6.53465346534654
"Ncr1","Ncr1","neonate",0.672095014259342,0.180207057136283,226261.5,0.522194142491172,0.0244224656484726,0.184026332067777,16.0839160839161,11.2871287128713
"Plcg1","Plcg1","neonate",0.655955047016379,0.179626343009155,225585,0.520632832514021,0.0343975174645857,0.226707465957636,15.5011655011655,11.2871287128713
"Plekhg2","Plekhg2","neonate",0.690806055743394,0.176427531924597,226014.5,0.521624085485472,0.0304163175252227,0.214370210034509,16.4335664335664,11.8811881188119
"Cd40lg","Cd40lg","neonate",0.493662415554223,0.175880699453455,225928,0.521424450137321,0.0120545750878672,0.12519178502712,11.8881118881119,7.52475247524752
"Tgfb1","Tgfb1","neonate",1.28129632255526,0.175737616538608,225398,0.52020125089432,0.118234582536139,0.445258042055775,30.3030303030303,25.9405940594059
"Tgfb2","Tgfb2","neonate",0.339295877248743,0.175519943527705,225801,0.521131343903621,0.00312291410193263,0.0518924226604473,8.50815850815851,4.35643564356436
"Ceacam1","Ceacam1","neonate",0.42933268573196,0.174183869828559,225300,0.51997507443052,0.0127598612150113,0.126115417832993,10.3729603729604,6.53465346534654
"Tagln","Tagln","neonate",0.274810447043326,0.17299658487672,225827,0.521191349904221,0.000573296932209629,0.0154480281462973,6.64335664335664,2.37623762376238
"Mzb1","Mzb1","neonate",0.552184714091922,0.169659936074044,224804.5,0.518831498534469,0.0391081161301731,0.245225105545802,13.2867132867133,9.7029702970297
"Top2a","Top2a","neonate",0.302700418627476,0.166899156326569,224980.5,0.519237693000069,0.003749249112824,0.0584062713357114,7.34265734265734,3.56435643564356
"Lgals9","Lgals9","neonate",0.560326343818056,0.165409775041928,225101,0.51951579773362,0.0315854531194251,0.216733952332277,13.2867132867133,9.30693069306931
"Cd4","Cd4","neonate",0.66770762849534,0.165388098145633,225021.5,0.519332317847169,0.0519670008438212,0.288135658318979,16.0839160839161,12.0792079207921
"Fn1","Fn1","neonate",0.59746855663062,0.16433170348003,224275.5,0.517610607214568,0.060126996665323,0.306893532663695,13.8694638694639,10.6930693069307
"Mmp9","Mmp9","neonate",0.800277048684422,0.163917310118606,225195,0.51973274250502,0.0674064959449496,0.324658340372535,19.2307692307692,15.2475247524752
"Tnnc1","Tnnc1","neonate",0.476872825781549,0.163656117658617,225246.5,0.51985160054467,0.0188298533293369,0.160605630417852,11.5384615384615,7.52475247524752
"Col4a5","Col4a5","neonate",0.379044925573443,0.162178069130765,225643.5,0.520767846015371,0.00641254627192293,0.0809279573811033,9.55710955710956,5.34653465346535
"Fgf18","Fgf18","neonate",0.674638817553696,0.161889740444765,224767,0.518744951418219,0.0611413128226838,0.306893532663695,16.2004662004662,12.4752475247525
"Nanog","Nanog","neonate",0.476716405097865,0.160803053345158,225178.5,0.51969466177387,0.0210084179422736,0.168371788749769,11.7715617715618,7.72277227722772
"Ifit3/b","Ifit3/b","neonate",0.245294142355136,0.160109607449795,224757.5,0.518723026148769,0.00161315444557986,0.0308779072200128,6.06060606060606,2.37623762376238
"Pdgfrb","Pdgfrb","neonate",0.651700179852679,0.159841882843428,224430,0.517967181333518,0.0684862086648793,0.328272836725407,15.6177156177156,12.0792079207921
"Vpreb3","Vpreb3","neonate",0.443779193734221,0.15953154768703,224885,0.519017286344019,0.0185945066998343,0.160605630417852,10.4895104895105,6.73267326732673
"Col6a3","Col6a3","neonate",0.891174439560629,0.158283907268122,224455,0.518024879411018,0.109821552739689,0.437968352325878,21.2121212121212,17.4257425742574
"Gas6","Gas6","neonate",0.511945340517636,0.156750980866369,224950.5,0.519168455307069,0.0303471018527349,0.214370210034509,12.5874125874126,8.71287128712871
"Pttg1","Pttg1","neonate",0.386142391944535,0.15654041676095,224401,0.517900251563618,0.0208319393805096,0.168371788749769,9.55710955710956,6.13861386138614
"Bbln","Bbln","neonate",0.371977768574955,0.1550317046987,225062.5,0.519426942694269,0.00917237639651773,0.0994006442100889,9.09090909090909,5.14851485148515
"Tpm1","Tpm1","neonate",1.02961641379012,0.154999678420563,224184.5,0.517400586212467,0.143852579732893,0.474904046336734,24.1258741258741,20.5940594059406
"Cd3d","Cd3d","neonate",0.397650324918365,0.153006763432426,223689,0.516257010316416,0.0321254178569161,0.216733952332277,9.09090909090909,5.94059405940594
"Kitl","Kitl","neonate",0.307581650134423,0.152865848074662,224945,0.519155761730019,0.00410993251033917,0.0620848895880024,7.45920745920746,3.56435643564356
"Krt18","Krt18","neonate",0.383991718419146,0.151689602511712,224973.5,0.519221537538369,0.0134496347885425,0.126502697020537,9.79020979020979,5.94059405940594
"Jak2","Jak2","neonate",0.444690889979291,0.151556090948048,224360,0.517805626716518,0.032173144378312,0.216733952332277,10.955710955711,7.52475247524752
"Akt1","Akt1","neonate",0.899882194669911,0.151314041431361,224185,0.517401740174017,0.123748211879274,0.458650435849948,21.2121212121212,17.8217821782178
"Ccrl2","Ccrl2","neonate",0.420824775709257,0.150818440843915,224708,0.518608783955319,0.0212786814267511,0.168371788749769,10.4895104895105,6.73267326732673
"Fes","Fes","neonate",0.54061071022492,0.148962956688592,223987.5,0.516945925361767,0.0612555797392932,0.306893532663695,12.9370629370629,9.7029702970297
"Ctsd","Ctsd","neonate",0.995624455010524,0.147544697776607,223873.5,0.516682822128367,0.154907764360822,0.488589688913908,23.0769230769231,20
"Cxcl17","Cxcl17","neonate",0.495963965448051,0.147163060981753,224679.5,0.518543008146969,0.0345632244990578,0.226707465957636,12.3543123543124,8.51485148514852
"S100a8","S100a8","neonate",0.666030676147807,0.144966618867061,224744,0.518691869186919,0.0602416064816439,0.306893532663695,16.0839160839161,12.0792079207921
"Arf1","Arf1","neonate",0.935406520465414,0.143347439927895,224032.5,0.517049781901267,0.141854016226326,0.470239630917948,22.7272727272727,19.009900990099
"Tnfrsf9","Tnfrsf9","neonate",0.694635511709858,0.142856687637074,224050.5,0.517091324517067,0.0917255082530464,0.401097946176698,16.6666666666667,12.8712871287129
"Itk","Itk","neonate",0.250724638385883,0.142259694139995,223487,0.515790809850216,0.00693064352740717,0.0835253028017273,5.71095571095571,2.57425742574257
"Tnfrsf12a","Tnfrsf12a","neonate",0.890571392077454,0.140618230170991,223889.5,0.516719748897967,0.138593538549835,0.470239630917948,21.3286713286713,17.4257425742574
"Sdc1","Sdc1","neonate",0.254736156197638,0.140002149292119,224225,0.517494057098018,0.00419916095192046,0.0624860219263388,6.29370629370629,2.77227722772277
"Gadd45b","Gadd45b","neonate",0.426333293957138,0.139996437396897,224547.5,0.518238362297768,0.0229741528236749,0.176194079732337,10.3729603729604,6.53465346534654
"Calm1","Calm1","neonate",0.505341406982944,0.139991360642785,223895,0.516732442475017,0.0609215745889991,0.306893532663695,12.5874125874126,9.30693069306931
"Il17d","Il17d","neonate",0.194608772212096,0.139011387104651,224007,0.516990929862217,0.00102027063989282,0.0231184051812079,4.77855477855478,1.38613861386139
"Myl12b","Myl12b","neonate",0.61313027394768,0.136864046334591,224002.5,0.516980544208267,0.0810129340471217,0.37050410662835,15.1515151515152,11.6831683168317
"Gsk3b","Gsk3b","neonate",1.12821774282482,0.134031503452982,223375.5,0.515533476424565,0.211649787526968,0.559295520747999,26.6899766899767,23.960396039604
"Cacna1c","Cacna1c","neonate",0.282857019043465,0.133974092843285,223675,0.516224699393016,0.0133822894507634,0.126502697020537,6.99300699300699,3.76237623762376
"Hey1","Hey1","neonate",0.244968063470302,0.132159561936089,223848,0.516623970089317,0.00511101937820839,0.0682294452937495,5.94405594405594,2.57425742574257
"Cd69","Cd69","neonate",0.69262340023148,0.132029250041256,223576.5,0.515997368967666,0.113736794814655,0.445258042055775,16.4335664335664,13.0693069306931
"Il20ra","Il20ra","neonate",0.439599880622101,0.129842403065936,223795.5,0.516502804126566,0.0448380066426101,0.258401691460591,10.7226107226107,7.32673267326733
"Tnfsf9","Tnfsf9","neonate",0.253465354132972,0.129671046065685,223441.5,0.515685799349166,0.0113471514241155,0.119085368103612,6.29370629370629,3.16831683168317
"Trp53","Trp53","neonate",0.533299435323492,0.129656257296406,223551.5,0.515939670890166,0.0791408818801989,0.363610411219163,13.0536130536131,9.7029702970297
"Adm2","Adm2","neonate",0.892130829830919,0.12936021631078,222873.5,0.514374899028364,0.201583746566876,0.548632867612223,20.8624708624709,17.8217821782178
"H2-Q10","H2-Q10","neonate",0.713185312649138,0.128708414954826,223362,0.515502319462716,0.131418601672567,0.464147902574413,17.016317016317,13.6633663366337
"Il24","Il24","neonate",0.231071832814159,0.127559936206225,223432.5,0.515665028041266,0.00739198451889767,0.0867036301804821,5.71095571095571,2.57425742574257
"Ctla4","Ctla4","neonate",0.336189530054394,0.12733379563427,223499,0.515818504927416,0.0307471815796738,0.214370210034509,8.50815850815851,5.34653465346535
"Itgb1","Itgb1","neonate",0.396803996817946,0.126640935763312,223296,0.515349996538115,0.0520204799372279,0.288135658318979,9.79020979020979,6.73267326732673
"Cd47","Cd47","neonate",1.56516755855944,0.126287539841666,221941,0.512222760737612,0.375002748925367,0.700145581795113,36.2470862470862,32.4752475247525
"Itga6","Itga6","neonate",0.457256856754574,0.125871495214131,223467.5,0.515745805349766,0.0615982888468561,0.307067469901578,11.1888111888112,7.92079207920792
"Il15ra","Il15ra","neonate",0.86787286179473,0.125684519152822,222792,0.514186803295714,0.200742282150171,0.54832891864033,20.1631701631702,17.029702970297
"Sla","Sla","neonate",0.624370822664837,0.125580290952763,222677,0.513921392139214,0.155348978320671,0.488589688913908,15.034965034965,12.4752475247525
"Col27a1","Col27a1","neonate",0.23280396119442,0.125301777812346,222855,0.514332202451014,0.0142568873811318,0.131612191842486,5.59440559440559,2.77227722772277
"Spink1","Spink1","neonate",0.486073274966844,0.125108851897048,223183,0.515089201227815,0.0836104837900902,0.377192997007782,11.8881118881119,8.91089108910891
"Pax5","Pax5","neonate",1.0894418883784,0.124982538118122,222591,0.513722910752614,0.258496794609488,0.602170147693149,25.1748251748252,22.1782178217822
"Tnf","Tnf","neonate",0.618782235924149,0.124502276916843,222438,0.513369798518313,0.171428398570803,0.517921555682093,14.9184149184149,12.4752475247525
"Acvrl1","Acvrl1","neonate",0.704361394394897,0.12355121229014,222877,0.514382976759214,0.15752775894575,0.490797423965353,16.5501165501165,13.4653465346535
"Spry4","Spry4","neonate",0.285266662180788,0.122855175113674,223376.5,0.515535784347666,0.0192462439907837,0.162614451345859,7.10955710955711,3.96039603960396
"Csf2ra","Csf2ra","neonate",0.965244068138427,0.122779664387256,222864,0.514352973758914,0.219265360167131,0.566340839602667,22.8438228438228,19.8019801980198
"Fgr","Fgr","neonate",0.374275064105431,0.122622774528295,222905,0.514447598606014,0.0600340839236647,0.306893532663695,9.20745920745921,6.33663366336634
"Dusp2","Dusp2","neonate",0.913485204640768,0.121832051259879,222586.5,0.513712525098664,0.22450033109483,0.573914948978323,20.979020979021,18.019801980198
"Tnfrsf21","Tnfrsf21","neonate",0.337892140002226,0.121480078906432,223551.5,0.515939670890166,0.0279970820908374,0.205243315033565,8.39160839160839,5.14851485148515
"Smo","Smo","neonate",0.267094907484728,0.121102159923642,222912,0.514463754067714,0.0247337296861405,0.184026332067777,6.64335664335664,3.76237623762376
"Fzd5","Fzd5","neonate",0.5601776428783,0.120052038677679,223542,0.515917745620716,0.086877079662053,0.386680573317263,13.7529137529138,10.2970297029703
"Icos","Icos","neonate",0.258352082643707,0.119837864509843,223185,0.515093817074015,0.0162175474909954,0.144365132576093,6.41025641025641,3.36633663366337
"Rgs2","Rgs2","neonate",0.230666366612175,0.119735421705486,222993,0.514650695838815,0.0129132222990135,0.126115417832993,5.71095571095571,2.77227722772277
"Pgk1","Pgk1","neonate",0.349631333466644,0.119094000556308,222366,0.513203628055113,0.0752822179047636,0.349099401167671,8.50815850815851,5.94059405940594
"Plac8","Plac8","neonate",0.744691370315247,0.118048247766553,221940,0.512220452814512,0.244104380819804,0.59707166453162,17.3659673659674,15.2475247524752
"Fgfr3","Fgfr3","neonate",0.411714098656081,0.117703889237456,223752,0.516402409471716,0.0431189580887338,0.254915814813269,10.4895104895105,6.93069306930693
"S100a10","S100a10","neonate",1.16663455189182,0.116336440893731,222215.5,0.512856285628563,0.30469289988291,0.63819080080517,27.1561771561772,24.5544554455446
"Phlda2","Phlda2","neonate",0.185599585841259,0.11604804959532,222538.5,0.513601744789864,0.00667143302565365,0.0821162805750208,4.31235431235431,1.58415841584158
"Sostdc1","Sostdc1","neonate",0.380680165217946,0.115982468825788,222763,0.514119873525814,0.0716668954515798,0.336673557914827,9.55710955710956,6.73267326732673
"Cd79a","Cd79a","neonate",2.09171588816095,0.115931819778109,220936,0.50990329802211,0.50372948052579,0.78670457477576,46.3869463869464,43.3663366336634
"Ifit1","Ifit1","neonate",0.390961553124052,0.115578393093823,222736.5,0.514058713563664,0.0729048797234035,0.339654977029127,9.55710955710956,6.73267326732673
"Ephb3","Ephb3","neonate",0.185936889063459,0.115516280037768,222780.5,0.514160262180064,0.0078418211570024,0.0882267648477398,4.77855477855478,1.98019801980198
"Itgb5","Itgb5","neonate",0.248324755212669,0.115253370675739,222094,0.512575872971913,0.0382242047106891,0.245133329572192,5.82750582750583,3.36633663366337
"Sorbs1","Sorbs1","neonate",0.757760135931204,0.114998364271678,222650,0.513859078215514,0.193611356935056,0.546343567619845,18.4149184149184,15.2475247524752
"Bmpr2","Bmpr2","neonate",0.723058120168989,0.114859442420323,222523.5,0.513567125943364,0.188469374883701,0.542906682220326,17.1328671328671,13.8613861386139
"Il12a","Il12a","neonate",0.52979291222416,0.114837499581207,222228.5,0.512886288628863,0.156921278626309,0.490797423965353,12.8205128205128,10.2970297029703
"Ntrk2","Ntrk2","neonate",0.18985378087855,0.113433467147435,222821.5,0.514254887027164,0.00635989961378086,0.0809279573811033,4.66200466200466,1.78217821782178
"Selplg","Selplg","neonate",0.57034860230274,0.112527227711127,222369,0.513210551824413,0.157451415136039,0.490797423965353,13.6363636363636,10.8910891089109
"Cd274","Cd274","neonate",0.909825858250191,0.11160899644749,222207,0.512836668282213,0.260949365630388,0.603634611446628,21.6783216783217,18.4158415841584
"Marcksl1","Marcksl1","neonate",0.516166593429154,0.111129379124682,222278,0.513000530822313,0.147658280876961,0.482673134538788,12.4708624708625,9.9009900990099
"Pdgfa","Pdgfa","neonate",0.242588959164468,0.111024274668901,222629,0.513810611830414,0.0228495988548122,0.176194079732337,5.94405594405594,3.16831683168317
"Igfbp3","Igfbp3","neonate",0.310558079193825,0.110569705117199,222898,0.514431443144314,0.0384793318637647,0.245133329572192,7.69230769230769,4.75247524752475
"Itga1","Itga1","neonate",0.457603943112822,0.110452178678985,222417.5,0.513322486094763,0.117324031802565,0.445258042055775,11.1888111888112,8.51485148514852
"Cd24a","Cd24a","neonate",0.673732717789383,0.110193125939586,222238,0.512908213898313,0.202805765581279,0.549316452524529,16.2004662004662,13.6633663366337
"Col5a3","Col5a3","neonate",0.211626430664254,0.110003625810212,221621,0.511484225345611,0.040933084968846,0.250369851005764,5.01165501165501,2.77227722772277
"Lcn2","Lcn2","neonate",0.426834161355452,0.109678329662507,221993.5,0.512343926700362,0.129368571021769,0.464147902574413,10.1398601398601,7.72277227722772
"Itga5","Itga5","neonate",0.454145088475113,0.109516754539979,222447,0.513390569826213,0.115462227790864,0.445258042055775,11.1888111888112,8.51485148514852
"Cxcl12","Cxcl12","neonate",0.367371417219058,0.108254771580681,221656.5,0.511566156615662,0.119202897286809,0.445258042055775,8.39160839160839,6.13861386138614
"Nfkb1","Nfkb1","neonate",0.638769400137332,0.108135860007734,221767,0.511821182118212,0.234717211662429,0.592225131456237,15.3846153846154,13.2673267326733
"Ikzf3","Ikzf3","neonate",0.760258793707366,0.107873350949057,222293.5,0.513036303630363,0.221409845765379,0.570402109116494,18.2983682983683,15.4455445544554
"Ffar2","Ffar2","neonate",0.484723690207084,0.107849894384472,222347,0.513159777516213,0.131332459367329,0.464147902574413,11.7715617715618,9.10891089108911
"Tap2","Tap2","neonate",0.558359715058192,0.107630291853233,222361,0.513192088439613,0.158032661102407,0.490836645230841,13.6363636363636,10.8910891089109
"Lamp3","Lamp3","neonate",0.376497071108061,0.107479892799644,221906.5,0.512143137390662,0.107963888675733,0.43787187920646,8.74125874125874,6.33663366336634
"Lyn","Lyn","neonate",0.400949498746473,0.107449224574881,222139.5,0.512680883472963,0.112543747480357,0.445258042055775,9.79020979020979,7.32673267326733
"Rxra","Rxra","neonate",0.269036274637843,0.107180780451768,222101,0.512592028433613,0.0534657815390869,0.29288672634324,6.64335664335664,4.15841584158416
"Lamp2","Lamp2","neonate",0.815421203155936,0.106797293423577,221934,0.512206605275912,0.269482600064623,0.614973873831709,19.6969696969697,17.4257425742574
"Nusap1","Nusap1","neonate",0.454363007406016,0.1065048902661,222088.5,0.512563179394863,0.140990487953721,0.470239630917948,11.1888111888112,8.71287128712871
"Fabp5","Fabp5","neonate",0.540789083008483,0.106500709252192,222684.5,0.513938701562464,0.129806394022716,0.464147902574413,13.2867132867133,10.2970297029703
"Ube2c","Ube2c","neonate",0.211243592488481,0.106421030199635,222409.5,0.513304022709963,0.018847400961774,0.160605630417852,5.24475524475525,2.57425742574257
"Ier3","Ier3","neonate",0.426055754330235,0.106312659445924,222430,0.513351335133513,0.103366855498886,0.431199811432589,10.3729603729604,7.72277227722772
"Ifitm1","Ifitm1","neonate",0.373053249069978,0.105944546477464,221679.5,0.511619238846962,0.130440817319594,0.464147902574413,8.97435897435897,6.73267326732673
"Smarcb1","Smarcb1","neonate",0.607812287307547,0.10551674171127,222218,0.512862055436313,0.184295804322776,0.538835533459848,14.6853146853147,12.0792079207921
"Areg","Areg","neonate",0.614381410566711,0.105404483884558,222163,0.512735119665813,0.189674685836809,0.542906682220326,14.8018648018648,12.0792079207921
"Chek2","Chek2","neonate",0.207430170065954,0.105027781330976,221952,0.512248147891712,0.0278948435647762,0.205243315033565,5.01165501165501,2.57425742574257
"Bmp3","Bmp3","neonate",0.412478519101325,0.104079375190585,222279,0.513002838745413,0.108861695642224,0.43787187920646,10.1398601398601,7.52475247524752
"Fgfr2","Fgfr2","neonate",0.297605439082309,0.103048723941238,221827,0.511959657504212,0.0781351388532483,0.360651543688373,7.10955710955711,4.75247524752475
"Flt3l","Flt3l","neonate",0.409305993961115,0.101762597789344,222104.5,0.512600106164463,0.118918457832746,0.445258042055775,10.02331002331,7.52475247524752
"Clec1a","Clec1a","neonate",0.457696726768353,0.101360573450839,222181,0.512776662281613,0.126809713959472,0.463110933397777,10.8391608391608,8.11881188118812
"Jchain","Jchain","neonate",0.739520726966316,0.101281285892982,221886.5,0.512096978928662,0.246292014951726,0.59707166453162,17.3659673659674,14.6534653465347
"Lifr","Lifr","neonate",0.336977441409174,0.100059743196834,221772,0.511832721733712,0.10771761000819,0.43787187920646,8.27505827505827,5.94059405940594
"Klra17","Klra17","neonate",0.166292256365703,0.0992691541919691,221423,0.511027256571811,0.0245636223621034,0.184026332067777,3.96270396270396,1.78217821782178
"Hdac11","Hdac11","neonate",0.831294227159526,0.0991006722660891,221901.5,0.512131597775162,0.270937467136882,0.614973873831709,19.6969696969697,17.029702970297
"Adgrl2","Adgrl2","neonate",0.345243448334031,0.0984565079644093,221446,0.511080338803111,0.139005907299017,0.470239630917948,8.50815850815851,6.33663366336634
"Itga2","Itga2","neonate",0.188753971606214,0.0982604089460179,221636.5,0.511519998153662,0.0321201723928804,0.216733952332277,4.66200466200466,2.37623762376238
"Insr","Insr","neonate",0.4556440621699,0.0973110060059363,221590.5,0.511413833691061,0.185228313204284,0.539978445218337,11.3053613053613,9.10891089108911
"Cd59a","Cd59a","neonate",0.820038695236503,0.0959677059423565,221575,0.511378060883011,0.30030256359538,0.635672305529924,19.5804195804196,16.8316831683168
"Qrfpr","Qrfpr","neonate",0.368398891617147,0.0956924103237447,221463.5,0.511120727457361,0.151091154860929,0.486451499640662,9.09090909090909,6.93069306930693
"Dusp4","Dusp4","neonate",0.271772766024392,0.095507826602457,222028,0.512423550047312,0.0612368074352221,0.306893532663695,6.87645687645688,4.35643564356436
"Rnf43","Rnf43","neonate",0.216784290754512,0.0946109576411723,221558,0.511338826190311,0.0489054035899057,0.277037996472364,5.24475524475525,2.97029702970297
"Epha3","Epha3","neonate",0.266385142830798,0.0943247423390544,221939,0.512218144891412,0.0609587084475356,0.306893532663695,6.64335664335664,4.15841584158416
"Cd86","Cd86","neonate",0.306610190430897,0.0941202830199549,221167,0.51043642825821,0.134467777468314,0.470239630917948,7.34265734265734,5.34653465346535
"Mertk","Mertk","neonate",0.188121167653701,0.0939438562368851,221385.5,0.510940709455561,0.0399528476662984,0.248956182020622,4.54545454545455,2.37623762376238
"Cd5","Cd5","neonate",0.272652278389055,0.093248645096679,221337.5,0.510829929146761,0.0967384191728001,0.415725016876214,6.52680652680653,4.35643564356436
"Adgra2","Adgra2","neonate",0.365265034206448,0.0929996718186614,221587.5,0.511406909921761,0.137616350303605,0.470239630917948,8.97435897435897,6.73267326732673
"Myl4","Myl4","neonate",0.488022674408051,0.0928710546818837,221548.5,0.511316900920861,0.197122828758521,0.54649917284977,11.7715617715618,9.5049504950495
"Abl2","Abl2","neonate",0.46039823056017,0.0927858738763396,221405.5,0.510986867917561,0.199386328487801,0.54832891864033,11.1888111888112,8.91089108910891
"Ddc","Ddc","neonate",0.249007914629086,0.0922886068266652,222152,0.512709732511713,0.0415812854926797,0.251418880907583,6.17715617715618,3.56435643564356
"Ifnar2","Ifnar2","neonate",0.359368922243144,0.091990117171205,221639,0.511525767961411,0.135162811985388,0.470239630917948,9.09090909090909,6.73267326732673
"Ramp1","Ramp1","neonate",0.245331477647082,0.0918093441865847,221620.5,0.511483071384061,0.0656209072491691,0.320706100624616,6.06060606060606,3.76237623762376
"Col9a3","Col9a3","neonate",0.213075736965692,0.0917409855063287,221324,0.510798772184911,0.058660464142848,0.306893532663695,5.12820512820513,2.97029702970297
"Rac1","Rac1","neonate",1.19786707877814,0.0906693017231099,221158.5,0.51041681091186,0.411118611004288,0.721847492550158,28.0885780885781,25.3465346534653
"Hdac1","Hdac1","neonate",0.672109391817357,0.0906664525959506,221182,0.51047104710471,0.302524504482437,0.636322639175084,16.0839160839161,14.0594059405941
"Xbp1","Xbp1","neonate",0.751430383395066,0.0905763048489968,221491.5,0.511185349304161,0.299071229746213,0.635672305529924,18.5314685314685,16.2376237623762
"Fgf2","Fgf2","neonate",0.185049809951589,0.0904110270569359,221340.5,0.510836852916061,0.0418776588754124,0.251518228305941,4.54545454545455,2.37623762376238
"Pnoc","Pnoc","neonate",0.191210267695413,0.0899535045498979,221429.5,0.511042258071961,0.0436811821095993,0.254915814813269,4.77855477855478,2.57425742574257
"Nr1h3","Nr1h3","neonate",0.377839954183063,0.0898924984572325,221411,0.510999561494611,0.152229556557559,0.486451499640662,8.97435897435897,6.73267326732673
"Ly75","Ly75","neonate",0.725637542925056,0.089785123801895,221456,0.511103418034111,0.288144323329747,0.630895432113235,17.4825174825175,14.6534653465347
"Igf2r","Igf2r","neonate",0.594171145116312,0.0897783748364437,221223,0.510565671951811,0.27100493225613,0.614973873831709,14.2191142191142,12.0792079207921
"Itgb2","Itgb2","neonate",0.504485805275198,0.0892027671195877,221184,0.510475662950911,0.242031580623755,0.59707166453162,12.2377622377622,10.0990099009901
"Stat6","Stat6","neonate",1.31968464107624,0.0888749309943211,220580,0.509081677398509,0.487740271521589,0.78670457477576,30.5361305361305,28.3168316831683
"Fzd7","Fzd7","neonate",0.322770611823962,0.0885953890048735,221553.5,0.511328440536361,0.118379749851783,0.445258042055775,8.04195804195804,5.74257425742574
"Prox1","Prox1","neonate",0.14337123971091,0.0885348486909563,221468,0.511131113111311,0.0159702761886582,0.143444732973804,3.61305361305361,1.38613861386139
"Nr1h2","Nr1h2","neonate",1.03538878636379,0.0879950239739939,221436.5,0.511058413533661,0.361996563643495,0.693983991550104,24.8251748251748,22.5742574257426
"Kras","Kras","neonate",0.46981081752471,0.0879948518615313,221148.5,0.51039373168086,0.233381902768451,0.592065539593246,11.5384615384615,9.5049504950495
"App","App","neonate",0.909084420582482,0.0873924753453336,220540,0.508989360474509,0.434351445808946,0.738990429132286,21.3286713286713,20
"Tnfrsf18","Tnfrsf18","neonate",0.386878788242322,0.0867676750656464,221142,0.51037873018071,0.188958467518256,0.542906682220326,9.44055944055944,7.32673267326733
"Ccr2","Ccr2","neonate",0.118394046587199,0.0863274111237732,220857,0.50972097209721,0.0182100979133264,0.159258487891109,2.91375291375291,0.99009900990099
"Cd276","Cd276","neonate",0.256281604444239,0.0854979484512229,220501,0.508899351473609,0.161789341371091,0.500355934923197,6.06060606060606,4.35643564356436
"Tyms","Tyms","neonate",0.181019878547927,0.0854449252346382,220869,0.50974866717441,0.0620429293179546,0.30774527626866,4.31235431235431,2.37623762376238
"Hspb1","Hspb1","neonate",0.344818951552026,0.0852559523300284,220507.5,0.508914352973759,0.235986711529475,0.592225131456237,8.39160839160839,6.73267326732673
"Sfn","Sfn","neonate",0.44526628071101,0.0852491850605843,221279,0.510694915645411,0.207212845038384,0.556849613216358,10.955710955711,8.71287128712871
"Ephb4","Ephb4","neonate",0.255467225901907,0.0848839058642296,221463,0.511119573495811,0.084293116968631,0.378559628908672,6.41025641025641,4.15841584158416
"Mmp1a","Mmp1a","neonate",0.216769133001311,0.0844876558241447,220784,0.50955249371091,0.102394110097881,0.428936671292386,5.24475524475525,3.36633663366337
"Il27ra","Il27ra","neonate",0.392406057149428,0.0842651508463925,220643,0.509227076553809,0.246462925825808,0.59707166453162,9.44055944055944,7.72277227722772
"Mrc1","Mrc1","neonate",0.178892311832558,0.0839623760151817,221237.5,0.510599136836761,0.0404562664194429,0.248980849507312,4.31235431235431,2.17821782178218
"Fasn","Fasn","neonate",0.266171059748427,0.0837678791397002,220956.5,0.50995061044566,0.129295170063926,0.464147902574413,6.52680652680653,4.55445544554455
"Plac9","Plac9","neonate",0.4781464725843,0.0836884034948364,221674,0.511606545269912,0.185899734907266,0.540355789220244,11.8881118881119,9.30693069306931
"Ptgds","Ptgds","neonate",0.20817868185762,0.0836880020661366,220901.5,0.50982367467516,0.0879661178674908,0.388062918203046,5.12820512820513,3.16831683168317
"Cxcr4","Cxcr4","neonate",0.824430372354351,0.0835779230265528,220802,0.50959403632671,0.385454522576523,0.705188122551138,19.6969696969697,17.4257425742574
"Wif1","Wif1","neonate",0.181980493968965,0.0835409194154101,221299,0.510741074107411,0.0437217696419949,0.254915814813269,4.54545454545455,2.37623762376238
"Adgrg6","Adgrg6","neonate",0.283593194835171,0.0830548437055775,220726.5,0.509419788132659,0.167621111697463,0.507958201709332,6.99300699300699,5.14851485148515
"Mxra8","Mxra8","neonate",0.313210810672696,0.08297978609055,220418,0.508707793856309,0.223317586128748,0.572926997325295,7.57575757575758,5.94059405940594
"Il21r","Il21r","neonate",0.521509036201234,0.0823702685424188,220574.5,0.509068983821459,0.313865228235942,0.651924234481738,12.2377622377622,10.4950495049505
"Cd3g","Cd3g","neonate",0.307286016775928,0.0821403731637496,221208,0.510531053105311,0.128969683205369,0.464147902574413,7.34265734265734,5.14851485148515
"Nr3c1","Nr3c1","neonate",0.42819362156623,0.0821159023706213,220928,0.50988483463731,0.235944531206893,0.592225131456237,10.4895104895105,8.51485148514852
"Snai1","Snai1","neonate",0.889202018803598,0.0813895466698904,220584,0.509090909090909,0.4266250330915,0.73462030741317,21.2121212121212,19.4059405940594
"Pdcd1lg2","Pdcd1lg2","neonate",0.189349056450252,0.0811951969832269,220535,0.508977820859009,0.0979727247953702,0.416922367897852,4.54545454545455,2.77227722772277
"Rigi","Rigi","neonate",0.437884910419976,0.0810483251536823,220618,0.509169378476309,0.277980885620202,0.625613866734405,10.7226107226107,8.91089108910891
"Mki67","Mki67","neonate",0.259726652341938,0.0807490074645678,221154,0.51040642525791,0.104013025400893,0.432087443019544,6.29370629370629,4.15841584158416
"Adgrf1","Adgrf1","neonate",0.136032352441664,0.0801363872573288,220727,0.509420942094209,0.0337878479289096,0.226083787819617,3.26340326340326,1.38613861386139
"Rgs5","Rgs5","neonate",0.376663427916718,0.0800379928743479,221015.5,0.51008677790856,0.196429273721963,0.54649917284977,9.20745920745921,7.12871287128713
"Fzd4","Fzd4","neonate",0.242538403896428,0.0799632056130948,221157,0.51041334902721,0.097222562546322,0.416012424286193,6.06060606060606,3.96039603960396
"Ldha","Ldha","neonate",1.0447107720841,0.0797485699207294,220702,0.509363244016709,0.442784661928211,0.744445713225003,24.8251748251748,23.5643564356436
"Tm4sf1","Tm4sf1","neonate",0.330132370145365,0.0793705278197539,220636,0.509210921092109,0.212613531658839,0.559295520747999,8.15850815850816,6.33663366336634
"Fgfr1","Fgfr1","neonate",0.426329188864103,0.0791907585705809,220760.5,0.50949825751806,0.249902301602692,0.59707166453162,10.2564102564103,8.31683168316832
"Hcar2","Hcar2","neonate",0.291235470477106,0.0787559369853608,220563,0.509042442705809,0.190044565792271,0.542906682220326,7.10955710955711,5.34653465346535
"Rbpj","Rbpj","neonate",0.862879635433498,0.0784097908936625,220425.5,0.508725103279559,0.44160414362731,0.744445713225003,20.8624708624709,18.8118811881188
"Yes1","Yes1","neonate",0.241380817695768,0.0776359272111748,220551.5,0.509015901590159,0.151035678959006,0.486451499640662,5.94405594405594,4.15841584158416
"Cxcl14","Cxcl14","neonate",0.186725263268614,0.0771973147168902,220653,0.509250155784809,0.0824254859755795,0.373537315989331,4.42890442890443,2.57425742574257
"Serpina1a","Serpina1a","neonate",0.312055840439551,0.077158509734127,220636,0.509210921092109,0.195502682327469,0.546343567619845,7.57575757575758,5.74257425742574
"Sigirr","Sigirr","neonate",0.278510577876419,0.0768027183252246,220804.5,0.50959980613446,0.155072892146123,0.488589688913908,6.87645687645688,4.95049504950495
"Gh","Gh","neonate",0.236366637617587,0.0764622053482936,220791.5,0.50956980313416,0.117358791109188,0.445258042055775,5.71095571095571,3.76237623762376
"Ror1","Ror1","neonate",1.00572266764507,0.0760739824297525,220216,0.508241593390108,0.487741112126999,0.78670457477576,23.5431235431235,21.1881188118812
"Cflar","Cflar","neonate",0.351447537428203,0.0756972412170501,220052,0.507863094001708,0.297968185091643,0.635672305529924,8.39160839160839,6.93069306930693
"Bst1","Bst1","neonate",0.33811726220725,0.0756561285041495,220777.5,0.50953749221076,0.198858529899048,0.54832891864033,8.27505827505827,6.33663366336634
"Mthfd1l","Mthfd1l","neonate",0.166193884081637,0.0753516481386641,220378.5,0.508616630893859,0.0924222588742274,0.402379878155479,4.07925407925408,2.37623762376238
"Cmklr1","Cmklr1","neonate",0.447065584239969,0.0752578050449716,220339,0.508525467931409,0.319360848397882,0.658114133881593,10.955710955711,9.30693069306931
"Naca","Naca","neonate",1.37220182587316,0.0750797451002381,219830,0.507350735073507,0.57959156108238,0.840188627036956,31.7016317016317,29.7029702970297
"Adgrf5","Adgrf5","neonate",0.976731960690804,0.0750156990716653,219918.5,0.507554986267858,0.520044509060826,0.788802455962407,22.8438228438228,20.5940594059406
"Xcl1","Xcl1","neonate",0.203369899010233,0.0747119631787016,220396,0.508657019548109,0.126478450240334,0.463110933397777,4.89510489510489,3.16831683168317
"Myl9","Myl9","neonate",0.212479594037025,0.0747061822709993,220249.5,0.508318908813958,0.148503010196631,0.483848043026277,5.01165501165501,3.36633663366337
"Elane","Elane","neonate",0.288317094760213,0.0744304688339517,220781,0.50954556994161,0.1642929981672,0.505555923372526,7.10955710955711,5.14851485148515
"Dnmt1","Dnmt1","neonate",0.492142611331153,0.0741798871956847,220785,0.50955480163401,0.28457439709545,0.630895432113235,12.1212121212121,10.0990099009901
"Efnb2","Efnb2","neonate",0.248952812027397,0.0741499382048794,220707.5,0.509375937593759,0.137936071779271,0.470239630917948,6.06060606060606,4.15841584158416
"Aicda","Aicda","neonate",0.189235307337297,0.073905716550093,220719,0.509402478709409,0.0858768273996072,0.38394258707358,4.66200466200466,2.77227722772277
"Col3a1","Col3a1","neonate",0.28084326220374,0.0729303528128001,220081.5,0.507931177733158,0.245317765854515,0.59707166453162,6.87645687645688,5.34653465346535
"Cystm1","Cystm1","neonate",0.375057587639597,0.0727100631534201,220821.5,0.50963904082716,0.211499052566722,0.559295520747999,8.97435897435897,6.93069306930693
"Hgf","Hgf","neonate",0.426623333600777,0.0726496818540417,220152,0.508093886311708,0.330192578242302,0.669109757129218,10.2564102564103,8.71287128712871
"Scg5","Scg5","neonate",0.119230871336022,0.0724202176131499,220391.5,0.508646633894159,0.0387407545622486,0.245133329572192,2.91375291375291,1.18811881188119
"Il10","Il10","neonate",0.237852654975786,0.0716983131285376,220208,0.508223130005308,0.17844223576574,0.535864183910973,5.59440559440559,3.96039603960396
"Fap","Fap","neonate",0.163143240054771,0.0715564850077668,220104.5,0.507984259964458,0.115137470591034,0.445258042055775,3.96270396270396,2.37623762376238
"Xkr4","Xkr4","neonate",0.372921530639729,0.0714018149368184,220455.5,0.508794340972559,0.260058360744242,0.60297252479537,9.09090909090909,7.32673267326733
"Cd28","Cd28","neonate",0.170946369946581,0.0710877410046243,220801,0.50959172840361,0.0663656917649169,0.322763876534742,4.31235431235431,2.37623762376238
"Vegfd","Vegfd","neonate",0.33728604440347,0.0710732810523838,220767.5,0.50951441297976,0.20195412478805,0.548632867612223,8.39160839160839,6.33663366336634
"Acta2","Acta2","neonate",0.245890461645045,0.0708878089553732,220562.5,0.509041288744259,0.14449288563558,0.47544358738836,5.82750582750583,3.96039603960396
"Vsir","Vsir","neonate",0.439835097018858,0.0702598898938576,219992,0.507724618615708,0.363878769277093,0.693983991550104,10.7226107226107,9.30693069306931
"Il2rb","Il2rb","neonate",0.335645199893299,0.0698538945528787,220530,0.508966281243509,0.214293770236445,0.559295520747999,7.80885780885781,5.94059405940594
"Hcst","Hcst","neonate",0.152349422544056,0.0698184265675051,220045,0.507846938540008,0.109656808247823,0.437968352325878,3.72960372960373,2.17821782178218
"Timp1","Timp1","neonate",0.366114730931085,0.0697540423221081,220410,0.508689330471509,0.265792970187297,0.610588919992477,9.09090909090909,7.32673267326733
"Cd200r3","Cd200r3","neonate",0.123092998177212,0.0696575760446309,220359.5,0.508572780354959,0.0404353960295261,0.248980849507312,2.91375291375291,1.18811881188119
"Vegfb","Vegfb","neonate",0.383199872544891,0.0695741669882706,220332.5,0.508510466431259,0.285087199405212,0.630895432113235,9.44055944055944,7.72277227722772
"Tcf7","Tcf7","neonate",0.146893386910145,0.0694785688996769,220433.5,0.508743566664359,0.0713904644764574,0.336673557914827,3.72960372960373,1.98019801980198
"Eno1/b","Eno1/b","neonate",0.859482225421218,0.0692293930133897,220339.5,0.508526621892958,0.451412701484147,0.750383416645457,20.7459207459207,18.8118811881188
"Hsd17b2","Hsd17b2","neonate",0.158865928298317,0.068984463628026,220254,0.508329294467908,0.0930928264060782,0.403537164899391,3.84615384615385,2.17821782178218
"Lgals3bp","Lgals3bp","neonate",0.268045685890426,0.0689177218025973,219985,0.507708463154008,0.250925804853309,0.59707166453162,6.64335664335664,5.14851485148515
"Itm2b","Itm2b","neonate",2.8867778216082,0.0687126231473387,217642,0.502300999330702,0.883635192554903,0.971596697412545,61.8881118881119,59.8019801980198
"Sec61g","Sec61g","neonate",1.06881670415256,0.0685089308907854,219875,0.507454591613007,0.543836043422018,0.81412092386149,25.7575757575758,23.1683168316832
"Clec4a1","Clec4a1","neonate",0.161238082414158,0.0684047199077362,220105,0.507985413926008,0.115084959106432,0.445258042055775,3.96270396270396,2.37623762376238
"Tpm2","Tpm2","neonate",0.343861188496755,0.068337140651744,219434.5,0.506437951487456,0.39414009342193,0.710592537326698,8.27505827505827,7.12871287128713
"Sec23a","Sec23a","neonate",0.392647619517497,0.0681646118822922,219677,0.506997622839207,0.386529040994115,0.705188122551138,9.55710955710956,8.31683168316832
"Nhej1","Nhej1","neonate",0.291022782202868,0.0669256307883488,219842.5,0.507379584112257,0.284875031843123,0.630895432113235,6.99300699300699,5.54455445544555
"Krt20","Krt20","neonate",0.152472062665086,0.066492183431665,220249,0.508317754852408,0.0935469609248418,0.403750303212413,3.84615384615385,2.17821782178218
"Clec2d","Clec2d","neonate",1.7243545429835,0.0663684407898462,218370,0.503981167347504,0.778997643790674,0.929945808304856,39.2773892773893,37.029702970297
"Kdr","Kdr","neonate",0.617282769926217,0.0663411546341214,220488,0.508869348473309,0.366415827234037,0.69451821245691,14.9184149184149,12.8712871287129
"Gm13889","Gm13889","neonate",0.250059884933224,0.0657443114860841,220572.5,0.509064367975259,0.151510559994319,0.486451499640662,6.06060606060606,4.15841584158416
"Hdac3","Hdac3","neonate",0.362434958369957,0.0655488879122906,219769,0.507209951764407,0.350021614408515,0.685602258477975,8.74125874125874,7.32673267326733
"Efna4","Efna4","neonate",0.247480748487319,0.0652605239673804,219917,0.507551524383207,0.238136554157134,0.593555361236655,6.06060606060606,4.55445544554455
"Cd80","Cd80","neonate",0.188191329066044,0.0647953476533595,219557,0.506720672067207,0.231617264489503,0.590594405872212,4.66200466200466,3.36633663366337
"Tlr3","Tlr3","neonate",0.176229028911592,0.0645862834959667,219989,0.507717694846408,0.147332944766552,0.482673134538788,4.31235431235431,2.77227722772277
"Apc","Apc","neonate",0.153925976228495,0.0645774410324405,219868.5,0.507439590112857,0.137890396205318,0.470239630917948,3.84615384615385,2.37623762376238
"Gzmf","Gzmf","neonate",0.122401473914711,0.0643956666042612,220187.5,0.508175817581758,0.0580101464122158,0.306893532663695,3.03030303030303,1.38613861386139
"Ifnar1","Ifnar1","neonate",0.432409091377907,0.0643811788026137,220085.5,0.507940409425558,0.341085818284153,0.672060396895851,10.3729603729604,8.71287128712871
"Clec14a","Clec14a","neonate",0.743036591295468,0.0643194436627135,219832.5,0.507356504881257,0.490204755980988,0.78670457477576,17.9487179487179,16.039603960396
"Cd14","Cd14","neonate",0.608530017624537,0.0641690811585571,220111.5,0.508000415426158,0.416265080911878,0.726603162489063,14.9184149184149,13.0693069306931
"Src","Src","neonate",0.207328663383219,0.0639948701389997,219678,0.506999930762307,0.234930829057136,0.592225131456237,5.12820512820513,3.76237623762376
"Apod","Apod","neonate",0.181122385251847,0.0639851004270518,220413.5,0.508697408202359,0.108918982992179,0.43787187920646,4.54545454545455,2.77227722772277
"Ccl26","Ccl26","neonate",0.436063156699149,0.063941814748054,220317,0.508474693623209,0.31602251619318,0.655040433772557,10.7226107226107,8.91089108910891
"Col17a1","Col17a1","neonate",0.137866524443694,0.0638572768392742,219714.5,0.507084169955457,0.129970157963603,0.464147902574413,3.37995337995338,1.98019801980198
"Clcf1","Clcf1","neonate",0.497168118533572,0.0638452440009899,220094.5,0.507961180733458,0.372607878074911,0.699245134637329,12.004662004662,10.2970297029703
"Tlr7","Tlr7","neonate",0.389502840926137,0.0637031899102997,219677,0.506997622839207,0.388255982444492,0.705188122551138,9.67365967365967,8.31683168316832
"Lag3","Lag3","neonate",0.216290895342831,0.0636318810423404,220094.5,0.507961180733458,0.18321159489201,0.538664507657809,5.36130536130536,3.76237623762376
"Casr","Casr","neonate",0.154707257889597,0.0635517844699632,219851,0.507399201458607,0.140041390513247,0.470239630917948,3.84615384615385,2.37623762376238
"Tnfsf13b","Tnfsf13b","neonate",0.212229920650673,0.0634097252487163,220014,0.507775392923908,0.183697023674679,0.538664507657809,5.12820512820513,3.56435643564356
"Ccr10","Ccr10","neonate",0.249977124222813,0.0630460037380259,219686,0.507018394147107,0.269882703984961,0.614973873831709,5.94405594405594,4.55445544554455
"Bag3","Bag3","neonate",0.24220092568729,0.0625900094442563,220068,0.507900020771308,0.211313048644181,0.559295520747999,5.94405594405594,4.35643564356436
"Cd163","Cd163","neonate",0.117989199485168,0.0625278449634497,220338,0.508523160008309,0.0416089421762801,0.251418880907583,2.91375291375291,1.18811881188119
"Dll4","Dll4","neonate",0.199691605453179,0.0625233658975761,219733,0.507126866532807,0.208392270815394,0.55851369355631,4.77855477855478,3.36633663366337
"Notch3","Notch3","neonate",0.158060429222834,0.062425051750726,219835.5,0.507363428650557,0.141968033005318,0.470239630917948,3.84615384615385,2.37623762376238
"Tgfbr1","Tgfbr1","neonate",0.329787444007832,0.0624179590778641,220065.5,0.507894250963558,0.287591494237079,0.630895432113235,8.15850815850816,6.53465346534654
"Itgae","Itgae","neonate",0.127796706174024,0.0616899111999834,219780,0.507235338918507,0.0982715711695037,0.416922367897852,3.03030303030303,1.58415841584158
"Dhrs2","Dhrs2","neonate",0.369571105185209,0.0614985688486088,219922.5,0.507564217960258,0.33460722517357,0.672060396895851,9.09090909090909,7.52475247524752
"Sparcl1","Sparcl1","neonate",0.190610511826688,0.0611426455567928,220439,0.508756260241409,0.115986124102652,0.445258042055775,4.77855477855478,2.97029702970297
"Nosip","Nosip","neonate",0.471489639378575,0.0608646968950563,220137.5,0.508060421426758,0.358298604739956,0.690954949566221,11.5384615384615,9.9009900990099
"Dmbt1","Dmbt1","neonate",0.166635644578222,0.0608259392867088,220114.5,0.508007339195458,0.125363994190981,0.461209971248737,4.1958041958042,2.57425742574257
"Tnfsf13","Tnfsf13","neonate",0.222656670610739,0.0603357389014222,220120,0.508020032772508,0.189409168112087,0.542906682220326,5.59440559440559,3.96039603960396
"Ahr","Ahr","neonate",0.326337085663994,0.0591091098761019,219920.5,0.507559602114058,0.30191721844728,0.636322639175084,7.92540792540793,6.33663366336634
"Adgrg3","Adgrg3","neonate",0.275802320202908,0.0590615928776188,219694.5,0.507038011493457,0.299921647154293,0.635672305529924,6.75990675990676,5.34653465346535
"Marco","Marco","neonate",0.185500810722203,0.0584462110230846,219485.5,0.506555655565557,0.243280175891141,0.59707166453162,4.66200466200466,3.36633663366337
"Cx3cr1","Cx3cr1","neonate",0.17132345965597,0.0582527205740616,219704,0.507059936762907,0.180832996183548,0.536578860699397,4.1958041958042,2.77227722772277
"Snai2","Snai2","neonate",0.119292575257138,0.0582049664989113,219536.5,0.506673359643657,0.121811055934354,0.453155308830414,2.91375291375291,1.58415841584158
"Ryr2","Ryr2","neonate",0.27325618121845,0.0580768576456363,219693.5,0.507035703570357,0.300080170185469,0.635672305529924,6.75990675990676,5.34653465346535
"Cpb1","Cpb1","neonate",0.151886155416425,0.0576618739415032,219457,0.506489879757206,0.200337580892115,0.54832891864033,3.84615384615385,2.57425742574257
"Nkg7","Nkg7","neonate",0.225908341991524,0.0572231269786487,219547.5,0.506698746797757,0.255689095517795,0.600484352602297,5.12820512820513,3.76237623762376
"Krt10","Krt10","neonate",0.14517204465492,0.0570003164052359,219732.5,0.507125712571257,0.1417436801616,0.470239630917948,3.61305361305361,2.17821782178218
"Icam2","Icam2","neonate",0.754568179339419,0.0569581823071504,219914.5,0.507545754575458,0.480629596801597,0.780436006532886,18.0652680652681,16.2376237623762
"Tnfsf8","Tnfsf8","neonate",0.193357861086371,0.0569439434511571,219383.5,0.506320247409356,0.248312838435227,0.59707166453162,4.42890442890443,3.16831683168317
"Ackr4","Ackr4","neonate",0.257793023509659,0.0568036361791897,220147.5,0.508083500657758,0.217863572829782,0.564181771717644,6.41025641025641,4.75247524752475
"Becn1","Becn1","neonate",0.433922579278125,0.0563457488348508,219919,0.507556140229408,0.368179402829595,0.696536745011587,10.4895104895105,8.91089108910891
"Flt1","Flt1","neonate",0.295427327299416,0.0563061207681989,220466,0.508818574165109,0.210648529515041,0.559295520747999,7.45920745920746,5.54455445544555
"Cdkn3","Cdkn3","neonate",0.102616652771713,0.0562151830008819,219860.5,0.507421126728057,0.0668418781891369,0.323501711429949,2.68065268065268,1.18811881188119
"Gdf15","Gdf15","neonate",0.40251480980689,0.0560890227960829,219627.5,0.506883380645757,0.401108093057375,0.71566817190575,9.90675990675991,8.51485148514852
"Mrc2","Mrc2","neonate",0.779780017861068,0.0560264951475006,219366,0.506279858755106,0.563815739342744,0.832776729073652,18.6480186480186,17.2277227722772
"Ets1","Ets1","neonate",1.76842523255381,0.0558671833713034,218406,0.504064252579104,0.775447185878811,0.929633563536257,39.7435897435897,37.8217821782178
"Axl","Axl","neonate",0.777087596408253,0.0556375876111743,219794.5,0.507268803803457,0.506147435462785,0.78670457477576,18.997668997669,17.2277227722772
"Angpt1","Angpt1","neonate",0.131134369803008,0.05527049826819,219443.5,0.506458722795356,0.16210127079257,0.500355934923197,3.26340326340326,1.98019801980198
"Il17re","Il17re","neonate",0.157142159371683,0.0552298520195742,219168,0.505822889981306,0.24555199464011,0.59707166453162,3.72960372960373,2.57425742574257
"Gper1","Gper1","neonate",0.143629778773714,0.0550283990942062,219738,0.507138406148307,0.141035319730422,0.470239630917948,3.61305361305361,2.17821782178218
"Oas2","Oas2","neonate",0.316393206060641,0.0548394085515144,220111,0.507999261464608,0.276874812782176,0.624534362768845,8.04195804195804,6.33663366336634
"Tnfrsf14","Tnfrsf14","neonate",0.671152191996825,0.0548050722441153,218861,0.505114357589605,0.613879748072273,0.860276346316585,15.6177156177156,14.6534653465347
"Chek1","Chek1","neonate",0.38569484670556,0.0546971019950983,219320,0.506173694292506,0.444894477397576,0.746733659874382,9.55710955710956,8.31683168316832
"Psap","Psap","neonate",2.13019938261871,0.0546433113142868,217675.5,0.502378314754552,0.873663191951571,0.96960674942035,47.7855477855478,45.9405940594059
"Il6","Il6","neonate",0.154323357646805,0.0543388638087831,219529,0.506656050220407,0.179626004202122,0.536189000567414,3.72960372960373,2.37623762376238
"Aif1","Aif1","neonate",0.324048247222395,0.0542480120147176,219168.5,0.505824043942856,0.428571027990148,0.735430834606157,7.80885780885781,6.73267326732673
"Cpa3","Cpa3","neonate",0.139355568668802,0.0540741643531553,219754.5,0.507176486879457,0.138926619041129,0.470239630917948,3.61305361305361,2.17821782178218
"Frmd8","Frmd8","neonate",0.368679962936149,0.0538263014494491,219494.5,0.506576426873457,0.40339219632711,0.71566817190575,9.09090909090909,7.72277227722772
"Upk3a","Upk3a","neonate",0.120107084902648,0.0536843008931975,219754,0.507175332917907,0.101093011638289,0.425273133347569,3.03030303030303,1.58415841584158
"Ifna","Ifna","neonate",0.439826727464093,0.0535142473085782,219715,0.507085323917007,0.403415759890703,0.71566817190575,10.7226107226107,9.10891089108911
"Col8a1","Col8a1","neonate",0.37824510581257,0.0532295206032719,219725,0.507108403148007,0.370126987785143,0.698895088677629,9.32400932400932,7.72277227722772
"Msh2","Msh2","neonate",0.576177570194201,0.0530900419533601,219352.5,0.506248701793256,0.516060649281898,0.787921083206819,13.986013986014,12.6732673267327
"Cdkn1a","Cdkn1a","neonate",0.309092644550699,0.0530833442146568,219827,0.507343811304207,0.309105247218021,0.644723706017505,7.69230769230769,6.13861386138614
"Krt15","Krt15","neonate",0.159620390208617,0.052289863829221,219838,0.507369198458307,0.154281671659246,0.488589688913908,4.07925407925408,2.57425742574257
"Olfm4","Olfm4","neonate",0.377228815849131,0.0520601346375706,219949,0.507625377922408,0.338176679790216,0.672060396895851,9.44055944055944,7.72277227722772
"Thbs1","Thbs1","neonate",0.313286228817626,0.051927776821088,219036.5,0.505519398093656,0.453121153168247,0.750906724799497,7.80885780885781,6.73267326732673
"Adgrl1","Adgrl1","neonate",0.166689327146088,0.0516207056174053,218880,0.505158208128505,0.323531486737306,0.660307965337415,3.96270396270396,2.97029702970297
"Mmp14","Mmp14","neonate",0.488396417246744,0.0516145540259669,218855.5,0.505101664012555,0.568888889612512,0.835319915970066,11.7715617715618,10.8910891089109
"Hdac5","Hdac5","neonate",0.729393172908915,0.0516022717894173,219364.5,0.506276396870456,0.554006770650443,0.828103073970751,17.5990675990676,16.039603960396
"Ifng","Ifng","neonate",0.290825493077717,0.0515420997064132,219209,0.505917514828406,0.398549430463252,0.714665075848672,7.10955710955711,5.94059405940594
"Rag1","Rag1","neonate",0.467915933260807,0.0512568861836448,219556.5,0.506719518105657,0.442449318626817,0.744445713225003,11.4219114219114,9.9009900990099
"Pdgfd","Pdgfd","neonate",0.121530602479763,0.0510714163291308,219584,0.506782985990907,0.131718938027798,0.464147902574413,3.14685314685315,1.78217821782178
"Cfd","Cfd","neonate",0.449164751671209,0.0509965117294419,219586,0.506787601837107,0.433662748039685,0.738990429132286,11.1888111888112,9.7029702970297
"Birc5","Birc5","neonate",0.224555442426154,0.0505076644177852,219560.5,0.506728749798057,0.280721881227049,0.628943181086221,5.71095571095571,4.35643564356436
"Krt80","Krt80","neonate",0.25846973162687,0.0501861095244535,219467.5,0.506514112949757,0.320728885205599,0.658114133881593,6.29370629370629,4.95049504950495
"Ptges","Ptges","neonate",0.222213923362296,0.0498146443829229,218987.5,0.505406309861755,0.386128455641157,0.705188122551138,5.59440559440559,4.55445544554455
"Ifitm3","Ifitm3","neonate",0.729627557586206,0.0497613022165481,219036.5,0.505519398093656,0.606570059284547,0.860276346316585,17.8321678321678,16.8316831683168
"H2az1","H2az1","neonate",0.647717567220062,0.0495313825644816,218653.5,0.504635463546355,0.644770568568962,0.880131236362511,15.2680652680653,14.4554455445545
"Rgs1","Rgs1","neonate",0.160623189988047,0.0495289890930795,219227,0.505959057444206,0.249351161392114,0.59707166453162,3.96270396270396,2.77227722772277
"Eomes","Eomes","neonate",0.12620845561612,0.0494933285969459,219101,0.505668259133606,0.195267450759948,0.546343567619845,2.91375291375291,1.78217821782178
"Il2ra","Il2ra","neonate",0.143078518228961,0.0494243256774514,219101,0.505668259133606,0.242503691500581,0.59707166453162,3.4965034965035,2.37623762376238
"Igf1r","Igf1r","neonate",0.264165085356819,0.0492862499962505,218621.5,0.504561610007155,0.496923034872471,0.78670457477576,6.41025641025641,5.54455445544555
"Ffar4","Ffar4","neonate",0.125869179102963,0.0491699340081543,218952.5,0.505325532553255,0.236643401038787,0.592225131456237,3.03030303030303,1.98019801980198
"Btf3","Btf3","neonate",0.761149811828681,0.0489788059852188,218893,0.505188211128805,0.635676232343301,0.873075025122558,18.7645687645688,17.8217821782178
"Cst7","Cst7","neonate",0.269551856102953,0.0486891042989972,219354.5,0.506253317639456,0.354379923272982,0.688726673495445,6.64335664335664,5.34653465346535
"Il18","Il18","neonate",0.223758932736611,0.0486138218623635,218392.5,0.504033095617254,0.517968966270136,0.788560991071097,5.47785547785548,4.75247524752475
"Pten","Pten","neonate",0.383861268736033,0.0484305760176633,218328,0.503884234577304,0.633271888686165,0.872060874337164,9.44055944055944,8.91089108910891
"Sod2","Sod2","neonate",0.320705900000361,0.0481394118497817,220088,0.507946179233308,0.286578113775931,0.630895432113235,8.27505827505827,6.53465346534654
"Ttn","Ttn","neonate",0.16743523236961,0.0474726433451562,219271.5,0.506061760022156,0.25509369643313,0.600484352602297,4.1958041958042,2.97029702970297
"Cxcr3","Cxcr3","neonate",0.163492435613329,0.0472344680513116,218622,0.504562763968705,0.377797701256448,0.702731918195296,3.84615384615385,2.97029702970297
"Ltb","Ltb","neonate",1.08572084256249,0.0470211056686221,218721.5,0.504792402317155,0.695437847987586,0.900633675217665,25.1748251748252,23.5643564356436
"Tnxa","Tnxa","neonate",0.177136695901086,0.0468094779596293,219120,0.505712109672506,0.292451071112204,0.635645638623056,4.31235431235431,3.16831683168317
"Fkbp11","Fkbp11","neonate",0.160433066408834,0.0467962601901396,218840.5,0.505067045166055,0.332158562395632,0.671590453848453,3.96270396270396,2.97029702970297
"Il11ra1/2","Il11ra1/2","neonate",0.489180672391724,0.046597941319257,218799.5,0.504972420318955,0.579789142829916,0.840188627036956,11.8881118881119,10.8910891089109
"Havcr2","Havcr2","neonate",0.18504390390615,0.0461925426535042,219464,0.506506035218906,0.258504336221332,0.602170147693149,4.89510489510489,3.56435643564356
"Itgal","Itgal","neonate",0.621555129680499,0.0458750714566263,218711.5,0.504769323086155,0.632408827251355,0.872060874337164,15.034965034965,14.0594059405941
"Clec12a","Clec12a","neonate",0.1164160949361,0.0456803962579616,219099,0.505663643287406,0.19563154828514,0.546343567619845,2.91375291375291,1.78217821782178
"Met","Met","neonate",0.0688678625388924,0.045655805198108,219144,0.505767499826906,0.0717782505763741,0.336673557914827,1.74825174825175,0.594059405940594
"Ldb2","Ldb2","neonate",0.254384693281799,0.0456172512852056,218993,0.505419003438805,0.403135330704968,0.71566817190575,6.06060606060606,4.95049504950495
"Pdcd1","Pdcd1","neonate",0.120020124228699,0.0455876579556804,219559,0.506725287913407,0.135036153804979,0.470239630917948,3.14685314685315,1.78217821782178
"Acvr2a","Acvr2a","neonate",0.20218630885702,0.0453365867429978,219287.5,0.506098686791756,0.297074616320002,0.635672305529924,5.01165501165501,3.76237623762376
"Cd5l","Cd5l","neonate",0.158846322491149,0.0451104863573834,218369.5,0.503980013385954,0.437074798707726,0.741094514135379,3.72960372960373,2.97029702970297
"Tlr1","Tlr1","neonate",0.772973928392442,0.0450630629866161,218541,0.504375822197604,0.68708761700784,0.900166036999758,18.4149184149184,17.4257425742574
"Ptprcap","Ptprcap","neonate",1.64683173153874,0.0446562991654817,217340.5,0.501605160516052,0.908453915902148,0.972889207319091,37.0629370629371,35.049504950495
"Nppc","Nppc","neonate",0.222657235869307,0.0445540657536652,219240,0.505989060444506,0.333758799706364,0.672060396895851,5.59440559440559,4.35643564356436
"Mecom","Mecom","neonate",0.243337995081449,0.0445318196088231,219206,0.505910591059106,0.364741837083505,0.693983991550104,6.17715617715618,4.95049504950495
"Gc","Gc","neonate",0.0880736156494337,0.0444791962183587,218634,0.504590459045905,0.21358841917082,0.559295520747999,2.0979020979021,1.18811881188119
"Atp5b","Atp5b","neonate",0.968886886756888,0.0443727444460337,218869,0.505132820974405,0.664488324232248,0.888248285072446,22.960372960373,21.5841584158416
"Prss34","Prss34","neonate",0.141299430825511,0.0436358227682626,218678.5,0.504693161623855,0.338723920576755,0.672060396895851,3.4965034965035,2.57425742574257
"Smad4","Smad4","neonate",0.598911663107813,0.0435861005444133,219085,0.505631332364006,0.568059070060344,0.835319915970066,14.8018648018648,13.4653465346535
"Ace","Ace","neonate",0.665646079675356,0.0435700933361159,218858,0.505107433820305,0.614359838091683,0.860276346316585,15.7342657342657,14.4554455445545
"Krt23","Krt23","neonate",0.351833681720615,0.0432065179332336,219282,0.506085993214706,0.433934311133038,0.738990429132286,8.85780885780886,7.52475247524752
"Cdh1","Cdh1","neonate",0.3383436220206,0.0429035859298796,219344,0.506229084446906,0.407641740982219,0.71932533762703,8.27505827505827,6.93069306930693
"Col9a2","Col9a2","neonate",0.470168041250752,0.0427030624019202,219302,0.506132151676706,0.488508571184331,0.78670457477576,11.6550116550117,10.2970297029703
"Lum","Lum","neonate",0.147737963577221,0.0426929405224447,219110,0.505689030441506,0.25657604475211,0.600484352602297,3.72960372960373,2.57425742574257
"Arid5b","Arid5b","neonate",0.275838033334589,0.0425957642943923,218929,0.505271296360405,0.442519366067986,0.744445713225003,6.75990675990676,5.74257425742574
"Vcan","Vcan","neonate",0.307052344905205,0.042379530821496,218773,0.504911260356805,0.502462029671967,0.78670457477576,7.69230769230769,6.73267326732673
"Tnfrsf1a","Tnfrsf1a","neonate",0.378902028665775,0.0422310737128434,218651,0.504629693738605,0.562413905927283,0.83266013649595,9.20745920745921,8.31683168316832
"Ybx3","Ybx3","neonate",0.144481080971031,0.0418261648910853,219110,0.505689030441506,0.256576062395766,0.600484352602297,3.72960372960373,2.57425742574257
"Rspo3","Rspo3","neonate",0.11733515084986,0.0417992456922401,218696,0.504733550278105,0.286257440799698,0.630895432113235,2.91375291375291,1.98019801980198
"Rxrb","Rxrb","neonate",0.360927106634058,0.0417066977291694,218934,0.505282835975905,0.493522939489935,0.78670457477576,8.62470862470862,7.52475247524752
"Cd8a","Cd8a","neonate",0.170568054955824,0.0413757377124269,219002.5,0.505440928708255,0.302416422780345,0.636322639175084,4.07925407925408,2.97029702970297
"Cxcl2","Cxcl2","neonate",0.435656089449884,0.0410625314587801,219183,0.505857508827806,0.493903728427524,0.78670457477576,10.8391608391608,9.5049504950495
"Fkbp5","Fkbp5","neonate",0.16293819249107,0.0409426193161919,218422,0.504101179348704,0.436995139571391,0.741094514135379,3.96270396270396,3.16831683168317
"Esam","Esam","neonate",0.835091393606965,0.0408749415896327,219138,0.505753652288306,0.608762818146862,0.860276346316585,20.3962703962704,18.4158415841584
"Cd81","Cd81","neonate",1.21558454598097,0.0406863399474935,218533.5,0.504358512774354,0.733373604192498,0.91213496634657,28.3216783216783,26.9306930693069
"Apoa1","Apoa1","neonate",0.107443407422271,0.0404418304180262,218599,0.504509681737405,0.288553978980577,0.630895432113235,2.68065268065268,1.78217821782178
"Tpsb2","Tpsb2","neonate",0.143871437015211,0.0403597634239967,218738,0.504830483048305,0.340540357711294,0.672060396895851,3.72960372960373,2.77227722772277
"Hpgds","Hpgds","neonate",0.0888169808989625,0.0401862111278831,218868.5,0.505131667012855,0.172931971115578,0.520885725686498,2.21445221445221,1.18811881188119
"Igfbp5","Igfbp5","neonate",0.320224869610693,0.0400241910963236,219011,0.505460546054605,0.459997419815262,0.758045334803002,7.92540792540793,6.73267326732673
"Rarb","Rarb","neonate",0.120989199828405,0.0397720736283618,218659.5,0.504649311084955,0.294921677689723,0.635672305529924,2.91375291375291,1.98019801980198
"Col5a2","Col5a2","neonate",0.422639496260487,0.0395271549663083,218766.5,0.504896258856655,0.561147503865452,0.83266013649595,10.3729603729604,9.30693069306931
"Inha","Inha","neonate",0.171646176505023,0.0390754956503768,218691.5,0.504723164624155,0.388313218937387,0.705188122551138,4.31235431235431,3.36633663366337
"Adgrg1","Adgrg1","neonate",0.23132003353238,0.0390184081084067,219025.5,0.505494010939555,0.381622482735621,0.705188122551138,5.71095571095571,4.55445544554455
"Nrxn1","Nrxn1","neonate",0.220456806441619,0.0388176733578176,218658,0.504645849200305,0.453406066528884,0.750906724799497,5.47785547785548,4.55445544554455
"Ccnd1","Ccnd1","neonate",0.507217202036332,0.0384757544364841,218361.5,0.503961550001154,0.666038450778326,0.888248285072446,12.3543123543124,11.6831683168317
"Il10rb","Il10rb","neonate",0.478293497781881,0.0382747670422967,218590,0.504488910429505,0.611094722203966,0.860276346316585,11.4219114219114,10.4950495049505
"Il7r","Il7r","neonate",0.251521908453729,0.0380913011134237,218790.5,0.504951649011055,0.44210774050602,0.744445713225003,5.94405594405594,4.95049504950495
"Anxa4","Anxa4","neonate",0.621596471071038,0.0378681640593973,218572.5,0.504448521775254,0.656163209226354,0.8864427094833,15.1515151515152,14.0594059405941
"Fos","Fos","neonate",0.207169135159983,0.0373677949743801,218149,0.503471116342403,0.561790409716087,0.83266013649595,5.01165501165501,4.35643564356436
"Nrxn3","Nrxn3","neonate",0.12363429242945,0.0372049539330632,218728,0.504807403817305,0.29809143918006,0.635672305529924,3.14685314685315,2.17821782178218
"Gzmk","Gzmk","neonate",0.0582545493466113,0.0368809133277724,218403,0.504057328809804,0.165784013955999,0.506019275546512,1.3986013986014,0.594059405940594
"Dnmt3a","Dnmt3a","neonate",0.260334598608819,0.0367921148205878,218548,0.504391977659304,0.513066638133683,0.78670457477576,6.41025641025641,5.54455445544555
"Prdm1","Prdm1","neonate",0.196676537238599,0.0365511831958118,219218,0.505938286136306,0.309964009484329,0.645165172141703,5.01165501165501,3.76237623762376
"Mcpt8","Mcpt8","neonate",0.140292624153379,0.0365085924908752,218616,0.504548916430105,0.353782023639088,0.688726673495445,3.4965034965035,2.57425742574257
"Olr1","Olr1","neonate",0.0939473769517388,0.0363839527167517,218050.5,0.503243785917053,0.406848423584587,0.719198365804669,2.21445221445221,1.58415841584158
"Fgf1","Fgf1","neonate",0.132033828021597,0.0362691129826287,218340.5,0.503913083616054,0.402986600993472,0.71566817190575,3.14685314685315,2.37623762376238
"Cd84","Cd84","neonate",0.371499906274228,0.0361602094645007,218444.5,0.504153107618454,0.606019995864971,0.860276346316585,9.32400932400932,8.51485148514852
"Efna5","Efna5","neonate",0.353575167186098,0.0359249367382055,218955.5,0.505332456322555,0.491236467758793,0.78670457477576,8.74125874125874,7.52475247524752
"Ar","Ar","neonate",0.306543933095928,0.0357118235359005,218619.5,0.504556994160955,0.533787113916303,0.803905970656426,7.69230769230769,6.73267326732673
"Il21","Il21","neonate",0.116540044354156,0.0355319889729662,218894.5,0.505191673013455,0.248637068684764,0.59707166453162,3.03030303030303,1.98019801980198
"Cd63","Cd63","neonate",0.365756556449938,0.0354218521242467,218220.5,0.503636132844054,0.64668185352726,0.88079481962661,8.97435897435897,8.31683168316832
"Map2k1","Map2k1","neonate",0.719553748858321,0.0354100889911982,218158.5,0.503493041611853,0.739697226007448,0.91213496634657,16.8997668997669,16.2376237623762
"Tnxb","Tnxb","neonate",0.141823843161752,0.0353921410216405,218619.5,0.504556994160955,0.352927743799611,0.688588963929965,3.4965034965035,2.57425742574257
"Dll1","Dll1","neonate",0.329628218854346,0.0349794937244357,218666.5,0.504665466546655,0.538654066093987,0.810012223070446,8.27505827505827,7.32673267326733
"Npr3","Npr3","neonate",0.132206087991275,0.0348998689137745,218920.5,0.505251679014055,0.261664143977585,0.603863852021056,3.26340326340326,2.17821782178218
"Lefty1","Lefty1","neonate",0.688623853204689,0.0347302217135864,218082.5,0.503317639456253,0.749211465149858,0.916520037735471,16.4335664335664,15.6435643564356
"Krt16","Krt16","neonate",0.174640680576116,0.0342249756832806,218669.5,0.504672390315955,0.393435158611198,0.710592537326698,4.31235431235431,3.36633663366337
"Calb1","Calb1","neonate",0.113529131337601,0.0341662156456127,218178.5,0.503539200073854,0.411967124634945,0.721847492550158,2.68065268065268,1.98019801980198
"Ido1","Ido1","neonate",0.139625424206049,0.0340170102658712,218245,0.503692676960004,0.456654721265873,0.755032764680059,3.4965034965035,2.77227722772277
"Adipoq","Adipoq","neonate",0.0892735277055955,0.033835292736335,218435,0.504131182349004,0.281850290842231,0.630055470784091,2.21445221445221,1.38613861386139
"Fzd3","Fzd3","neonate",0.28503170797174,0.0335853581746535,218649.5,0.504626231853955,0.511432233335785,0.78670457477576,7.10955710955711,6.13861386138614
"Vtn","Vtn","neonate",0.17120689638903,0.0335665454552548,218656.5,0.504642387315655,0.396480909089852,0.712236876328978,4.31235431235431,3.36633663366337
"Fzd6","Fzd6","neonate",0.160101642045657,0.0334595605533884,218155,0.503484963881003,0.50482725167006,0.78670457477576,3.84615384615385,3.16831683168317
"Gstp1/2","Gstp1/2","neonate",0.883199912174269,0.0332987572609698,218297.5,0.503813842922754,0.739835312581618,0.91213496634657,21.0955710955711,20.1980198019802
"Il2rg","Il2rg","neonate",0.924735261069313,0.0332710967620233,218530.5,0.504351589005054,0.711376356377867,0.908120649563039,22.6107226107226,21.1881188118812
"Ncam1","Ncam1","neonate",0.122920407557133,0.0330221892987254,218656.5,0.504642387315655,0.295641531694623,0.635672305529924,2.91375291375291,1.98019801980198
"Vwa1","Vwa1","neonate",0.192404480445912,0.0328505676888783,217813,0.502695654180803,0.642382761887011,0.880131236362511,4.66200466200466,4.15841584158416
"Tnfrsf17","Tnfrsf17","neonate",0.108502041085871,0.0327193481974332,218808,0.504992037665305,0.247135500840394,0.59707166453162,2.7972027972028,1.78217821782178
"Cxcl16","Cxcl16","neonate",0.190751236230381,0.0324589672949229,218052,0.503247247801703,0.57882063415365,0.840188627036956,4.77855477855478,4.15841584158416
"Carmn","Carmn","neonate",0.116346155480806,0.0324474127623531,218495,0.504269657735004,0.349184053385231,0.685308073277707,3.03030303030303,2.17821782178218
"Ptk6","Ptk6","neonate",0.171458282771854,0.0321760941536137,217832,0.502739504719703,0.613707267820919,0.860276346316585,4.07925407925408,3.56435643564356
"Erbb3","Erbb3","neonate",0.672366526488224,0.0319445122249491,218462.5,0.504194650234254,0.68549182242459,0.900166036999758,16.5501165501165,15.2475247524752
"Braf","Braf","neonate",0.13447708707669,0.0311353197240685,218148,0.503468808419303,0.469342017133532,0.769072379447314,3.26340326340326,2.57425742574257
"Pgr","Pgr","neonate",0.123757325180977,0.030790010150168,218454,0.504175032887904,0.359971254719225,0.691505473901864,3.03030303030303,2.17821782178218
"Rora","Rora","neonate",0.273343902308792,0.0306301143668073,217716.5,0.502472939601653,0.722946217041543,0.91007244746265,6.75990675990676,6.33663366336634
"Cryab","Cryab","neonate",0.511466267155822,0.0304742861668933,218680.5,0.504697777470055,0.602924709079121,0.858737049931262,12.1212121212121,10.8910891089109
"Kir3dl1/2","Kir3dl1/2","neonate",0.372505752321594,0.0302170988064922,218591,0.504491218352604,0.571254898399842,0.836330592811516,9.09090909090909,8.11881188118812
"Aatk","Aatk","neonate",0.578262405347266,0.0298478933985372,218337,0.503905005885204,0.686267514917795,0.900166036999758,13.986013986014,13.0693069306931
"Sox9","Sox9","neonate",0.107058883572518,0.0294717721931295,218156.5,0.503488425765653,0.4187091373518,0.727266444034169,2.68065268065268,1.98019801980198
"Stat4","Stat4","neonate",0.286065496134385,0.0294416960514754,218288,0.503791917653304,0.592329316200779,0.853399318283492,7.10955710955711,6.33663366336634
"Krt14","Krt14","neonate",0.247898556268734,0.0294346356605384,218135,0.503438805419003,0.600207624111522,0.858546630185348,6.06060606060606,5.34653465346535
"Ccl21a/b/d","Ccl21a/b/d","neonate",0.135027103506594,0.0294034535932151,217756.5,0.502565256525653,0.596940038195312,0.855099451265411,3.26340326340326,2.77227722772277
"Efnb1","Efnb1","neonate",0.278959078314734,0.0293546636318352,218182.5,0.503548431766254,0.610906422197342,0.860276346316585,6.87645687645688,6.13861386138614
"Il12rb2","Il12rb2","neonate",0.0846605902639961,0.0292529554926254,217943.5,0.502996838145353,0.416867611779081,0.726603162489063,1.98135198135198,1.38613861386139
"Fcgr4","Fcgr4","neonate",0.718052039277912,0.0289878351814549,218241,0.503683445267604,0.72747731546666,0.91213496634657,17.2494172494172,16.2376237623762
"Myh6","Myh6","neonate",0.159409910118616,0.0289424114385099,217670.5,0.502366775139052,0.644046863477439,0.880131236362511,3.61305361305361,3.16831683168317
"Cav1","Cav1","neonate",0.322100869747799,0.0288765822243332,217807.5,0.502682960603753,0.719065483251261,0.909782089849629,7.80885780885781,7.32673267326733
"Il6st","Il6st","neonate",0.299506225912335,0.0282757553205352,217335,0.501592466939002,0.827153350508663,0.956831330294738,7.34265734265734,7.12871287128713
"Il16","Il16","neonate",0.707907870628556,0.0281523971117591,217975,0.503069537723003,0.771123853517324,0.928467853363055,17.016317016317,16.4356435643564
"Osmr","Osmr","neonate",0.154883710421217,0.028111848880208,217871,0.502829513720603,0.584483652708947,0.844536524276551,3.72960372960373,3.16831683168317
"Hspa1a","Hspa1a","neonate",0.159703244274407,0.0277837820801907,217621.5,0.502253686907152,0.675179079034165,0.892763850732626,3.96270396270396,3.56435643564356
"Igf2","Igf2","neonate",0.101929854215684,0.0275324818622635,218319,0.503863463269404,0.355805622475417,0.690152150988309,2.56410256410256,1.78217821782178
"Isg15","Isg15","neonate",0.263531684516727,0.0275029381074295,218611,0.504537376814605,0.501617802064722,0.78670457477576,6.52680652680653,5.54455445544555
"Vhl","Vhl","neonate",0.205615183547566,0.0274896667987933,217602,0.502208682406702,0.707930739564825,0.906389814097185,4.77855477855478,4.35643564356436
"Sox2","Sox2","neonate",0.0405445187046134,0.0273442354936881,218062.5,0.503271480994253,0.19261033573878,0.545546888441942,1.04895104895105,0.396039603960396
"Aqp3","Aqp3","neonate",0.147964376962763,0.0272413511985643,217420.5,0.501789794364052,0.724088955652433,0.910361524319642,3.4965034965035,3.16831683168317
"Egf","Egf","neonate",0.0779839578320562,0.0270718071781561,218106.5,0.503373029610653,0.340210151752445,0.672060396895851,1.86480186480186,1.18811881188119
"Myc","Myc","neonate",1.064331687836,0.0270634712312663,217327,0.501574003554202,0.898507678048512,0.971596697412545,25.2913752913753,24.7524752475248
"Spry2","Spry2","neonate",0.1817820288874,0.0269651276651326,217938,0.502984144568303,0.601433611776802,0.85858653377194,4.54545454545455,3.96039603960396
"Ms4a4b","Ms4a4b","neonate",0.244678529495675,0.0266751947291171,218723.5,0.504797018163355,0.450812022203206,0.750383416645457,5.82750582750583,4.75247524752475
"Foxp3","Foxp3","neonate",0.109933190317266,0.0264667087114564,217927.5,0.502959911375753,0.486124485670626,0.78670457477576,2.56410256410256,1.98019801980198
"Arg1","Arg1","neonate",0.332817404384588,0.0264250556294819,218117,0.503397262803203,0.651601469923093,0.88468405764435,8.04195804195804,7.32673267326733
"S100a2","S100a2","neonate",0.453463291504199,0.0262975658714425,218076,0.503302637956103,0.705004708456882,0.904619941224596,11.0722610722611,10.2970297029703
"Tnfrsf22","Tnfrsf22","neonate",0.230919844081061,0.0260625811916824,217845.5,0.502770661681553,0.665230368045248,0.888248285072446,5.71095571095571,5.14851485148515
"Lgr5","Lgr5","neonate",0.0795772989709434,0.0256556201329469,218336.5,0.503903851923654,0.280129071314487,0.628943181086221,1.98135198135198,1.18811881188119
"Il15","Il15","neonate",0.0756012877963875,0.0255944198080163,218106,0.503371875649103,0.340375437872816,0.672060396895851,1.86480186480186,1.18811881188119
"Epor","Epor","neonate",0.0880426140215843,0.0250747143769834,218011,0.503152622954603,0.420165969672699,0.727266444034169,2.21445221445221,1.58415841584158
"Ccdc80","Ccdc80","neonate",0.130340542846017,0.0244080301270889,217353,0.501634009554802,0.739182952397696,0.91213496634657,3.26340326340326,2.97029702970297
"Lyz3","Lyz3","neonate",0.180625345930551,0.0243493953435499,217465,0.501892496942002,0.736346559453565,0.91213496634657,4.31235431235431,3.96039603960396
"Atg5","Atg5","neonate",0.57607363490448,0.0242109713534248,218258,0.503722679960304,0.700847349074673,0.903938948289068,14.1025641025641,13.0693069306931
"Cald1","Cald1","neonate",0.329469429377294,0.0240097732427192,217645,0.502307923100002,0.76204671000137,0.92315986618635,8.15850815850816,7.72277227722772
"Cdh11","Cdh11","neonate",0.248697141193411,0.0236551373341367,217849.5,0.502779893373953,0.678925910466969,0.895355995681968,6.29370629370629,5.74257425742574
"Nlrp1a","Nlrp1a","neonate",0.0770520542413041,0.0233362454286418,217936,0.502979528722103,0.419564799572094,0.727266444034169,1.98135198135198,1.38613861386139
"Rarres2","Rarres2","neonate",0.304288034379282,0.0233100426851486,218181.5,0.503546123843154,0.625040511201077,0.869128855882111,7.45920745920746,6.73267326732673
"Ackr1","Ackr1","neonate",0.156312885399619,0.0230213389175951,217859.5,0.502802972604953,0.588014363165082,0.848408567403165,3.72960372960373,3.16831683168317
"Relt","Relt","neonate",0.581469662421103,0.022866866841509,217557,0.502104825867202,0.830348476928339,0.958168323492539,14.3356643356643,13.8613861386139
"Adgrg5","Adgrg5","neonate",0.230758448120504,0.0225858133963573,218387.5,0.504021556001754,0.529911632807396,0.800487724104505,5.82750582750583,4.95049504950495
"Lif","Lif","neonate",0.0665182859750548,0.022330548300578,217861.5,0.502807588451153,0.416680645416937,0.726603162489063,1.74825174825175,1.18811881188119
"Inhba","Inhba","neonate",0.0919465595698195,0.0222649167129532,217841.5,0.502761429989153,0.495372317692235,0.78670457477576,2.33100233100233,1.78217821782178
"Cd70","Cd70","neonate",0.123133072203975,0.0217146824371771,218027,0.503189549724203,0.490020869856458,0.78670457477576,3.03030303030303,2.37623762376238
"Saa1/2","Saa1/2","neonate",0.341281754553965,0.0215976439591972,217201,0.501283205243601,0.867995689709319,0.969083653572442,8.27505827505827,8.11881188118812
"Acacb","Acacb","neonate",0.151222127100478,0.0215859853903523,217697.5,0.502429089062752,0.645311869389163,0.880131236362511,3.84615384615385,3.36633663366337
"Cxcl1","Cxcl1","neonate",0.116309572374511,0.0213572049277992,217965,0.503046458492003,0.492581109610758,0.78670457477576,2.7972027972028,2.17821782178218
"Bcl6","Bcl6","neonate",0.531805288729137,0.0213329238980327,217527,0.502035588174202,0.826775616450741,0.956831330294738,12.5874125874126,12.2772277227723
"Ldlr","Ldlr","neonate",0.209528900446694,0.0213321908279039,217250,0.501396293475501,0.818143617675842,0.953432787010307,5.01165501165501,4.75247524752475
"Krt8","Krt8","neonate",0.234173524204562,0.0210973555348785,217957,0.503027995107203,0.631949223711053,0.872060874337164,5.59440559440559,4.95049504950495
"Bmp7","Bmp7","neonate",0.116290117630029,0.0209639451117684,217952,0.503016455491703,0.496853636553575,0.78670457477576,2.7972027972028,2.17821782178218
"Stat5b","Stat5b","neonate",0.522269226498951,0.0205969785715947,217772,0.502601029333703,0.779736965728569,0.929945808304856,12.7039627039627,12.0792079207921
"Clec4d","Clec4d","neonate",0.426835336351882,0.0205916881409914,218480,0.504235038888504,0.619782630795354,0.864266233228749,10.7226107226107,9.5049504950495
"Cdh19","Cdh19","neonate",0.05827336374934,0.0205806834963479,217537,0.502058667405202,0.508718940329201,0.78670457477576,1.3986013986014,0.99009900990099
"Tubb4b","Tubb4b","neonate",0.972177732587803,0.0204615783590739,217566.5,0.502126751136652,0.858793267354483,0.96432687810364,23.1934731934732,22.7722772277228
"Col16a1","Col16a1","neonate",0.127144899951096,0.0200183140133753,217240,0.501373214244501,0.77201589813237,0.928467853363055,3.03030303030303,2.77227722772277
"Ctsg","Ctsg","neonate",0.0645343481384661,0.0198524747779424,217857.5,0.502798356758753,0.41821509902294,0.727266444034169,1.74825174825175,1.18811881188119
"Il22ra1","Il22ra1","neonate",0.0761638932064675,0.0195938604772503,217679,0.502386392485402,0.509196755630945,0.78670457477576,1.86480186480186,1.38613861386139
"Msmb","Msmb","neonate",0.110334697128922,0.0195906607777998,217804.5,0.502676036834453,0.557433193308957,0.830733772390179,2.91375291375291,2.37623762376238
"Apoc1","Apoc1","neonate",0.459959980470571,0.0195829082679536,217815.5,0.502701423988553,0.760306942977452,0.922172776336399,11.4219114219114,10.6930693069307
"Ccr9","Ccr9","neonate",0.195970978805662,0.0194817745410482,216983.5,0.500781231969351,0.89467901550341,0.971596697412545,4.66200466200466,4.55445544554455
"Ccl17","Ccl17","neonate",0.262035720234181,0.0191016821575341,217441.5,0.501838260749152,0.785522910251196,0.934566040000527,6.29370629370629,5.94059405940594
"Pigr","Pigr","neonate",0.134819315819163,0.0190294852099318,217548,0.502084054559302,0.674485094690631,0.892763850732626,3.37995337995338,2.97029702970297
"Tnfrsf19","Tnfrsf19","neonate",0.256137004474953,0.0187701060770903,217404,0.501751713632902,0.795397027387385,0.941818095374374,6.29370629370629,5.94059405940594
"Ccl28","Ccl28","neonate",0.0494709835574196,0.0187651976929049,217457,0.501874033557202,0.507891031292543,0.78670457477576,1.16550116550117,0.792079207920792
"Ccl3","Ccl3","neonate",0.123302118064099,0.0183502182593133,217775.5,0.502609107064553,0.567336037193689,0.835319915970066,2.91375291375291,2.37623762376238
"Itgav","Itgav","neonate",0.147162942916226,0.0183227162392045,217078.5,0.501000484663851,0.849738738831876,0.964050352859761,3.72960372960373,3.56435643564356
"Il17a","Il17a","neonate",0.0578396318385119,0.0182883079152835,217532,0.502047127789702,0.511098975758366,0.78670457477576,1.3986013986014,0.99009900990099
"Tcl1","Tcl1","neonate",0.0930477180670454,0.0182791075973043,217422,0.501793256248702,0.663293400456753,0.888248285072446,2.33100233100233,1.98019801980198
"Flt3","Flt3","neonate",0.560445802542168,0.0181658341974947,217385.5,0.501709017055552,0.858101658940576,0.96432687810364,13.4032634032634,13.0693069306931
"Lep","Lep","neonate",0.31338145184827,0.0180194652537205,217686.5,0.502403701908652,0.745067020514792,0.91481751164193,7.69230769230769,7.12871287128713
"Mzt2","Mzt2","neonate",0.133120342050996,0.0179988684663292,217477,0.501920192019202,0.688846796057334,0.900633675217665,3.14685314685315,2.77227722772277
"Krt17","Krt17","neonate",0.100443474344734,0.0178544295205302,217649.5,0.502318308753952,0.579594610097545,0.840188627036956,2.44755244755245,1.98019801980198
"Azgp1","Azgp1","neonate",0.301548325572173,0.0174626482597329,217883,0.502857208797803,0.696477997585577,0.900633675217665,7.57575757575758,6.93069306930693
"Col15a1","Col15a1","neonate",0.0980826147576055,0.0172826866585045,217657.5,0.502336772138752,0.576577311814118,0.840188627036956,2.44755244755245,1.98019801980198
"Ankrd42","Ankrd42","neonate",0.116498104501357,0.016832434624925,217230,0.501350135013501,0.775747287451342,0.929633563536257,3.03030303030303,2.77227722772277
"Hhex","Hhex","neonate",0.675855901809734,0.0166482054311952,217698,0.502430243024302,0.813834496858472,0.952339194093775,16.2004662004662,15.4455445544554
"Ltf","Ltf","neonate",0.0969521566007329,0.0165620667663502,217418,0.501784024556302,0.664921832702092,0.888248285072446,2.33100233100233,1.98019801980198
"Ptges2","Ptges2","neonate",0.267689113304162,0.0163593862933891,217658,0.502337926100302,0.734841382856892,0.91213496634657,6.64335664335664,6.13861386138614
"Atm","Atm","neonate",0.420737299790881,0.0160749430022066,217813.5,0.502696808142353,0.750533018283285,0.916963486452791,10.3729603729604,9.7029702970297
"Celsr2","Celsr2","neonate",0.163630974552495,0.015901255788831,216910.5,0.500612753583051,0.90941287616747,0.972889207319091,3.84615384615385,3.76237623762376
"Ica1","Ica1","neonate",0.224311504736525,0.0158324373606403,217559.5,0.502110595674952,0.740137600576103,0.91213496634657,5.59440559440559,5.14851485148515
"Wnt7a","Wnt7a","neonate",0.0899820014043916,0.015825773034144,218203,0.503595744189804,0.366394872965881,0.69451821245691,2.33100233100233,1.58415841584158
"Tnfrsf11a","Tnfrsf11a","neonate",0.208303360949265,0.0157362911253921,217241,0.501375522167601,0.820804823619715,0.953779031642023,5.01165501165501,4.75247524752475
"Notch1","Notch1","neonate",0.27120079745474,0.0155378200653115,217820.5,0.502712963604053,0.695810047260182,0.900633675217665,6.75990675990676,6.13861386138614
"Klrb1","Klrb1","neonate",0.715357007693566,0.0154411226037224,217802,0.502670267026703,0.799876007802911,0.943759029324855,17.2494172494172,15.8415841584158
"Il33","Il33","neonate",0.439662123119122,0.01515564210484,217196.5,0.501272819589651,0.883361247397231,0.971596697412545,10.7226107226107,10.4950495049505
"Pf4","Pf4","neonate",0.205772370747532,0.0148579335523773,217013.5,0.500850469662351,0.887885909631073,0.971596697412545,4.89510489510489,4.75247524752475
"Tlr4","Tlr4","neonate",0.257263049565078,0.0146292040873991,217801.5,0.502669113065153,0.695891504023808,0.900633675217665,6.52680652680653,5.94059405940594
"Erbb2","Erbb2","neonate",0.108453302779036,0.0144063301752184,217328.5,0.501577465438852,0.722442842679254,0.91007244746265,2.68065268065268,2.37623762376238
"Krt19","Krt19","neonate",0.224416368842038,0.0143981743275597,218055,0.503254171571003,0.601957860688652,0.85858653377194,5.47785547785548,4.75247524752475
"Cyp2u1","Cyp2u1","neonate",0.157499136282606,0.0143112154406034,217423,0.501795564171802,0.731216278017506,0.91213496634657,3.72960372960373,3.36633663366337
"Cxcl5","Cxcl5","neonate",0.178648332269501,0.0142796814307477,217056.5,0.500949710355651,0.867006933439343,0.969064924483212,4.31235431235431,4.15841584158416
"Gpnmb","Gpnmb","neonate",0.119637808253534,0.0139998135286212,217243.5,0.501381291975351,0.770711147505952,0.928467853363055,3.03030303030303,2.77227722772277
"Tnfsf4","Tnfsf4","neonate",0.103640310278182,0.0139794908145587,217469.5,0.501902882595952,0.659219148552649,0.888248285072446,2.56410256410256,2.17821782178218
"Mt1","Mt1","neonate",0.210796321184041,0.0138692315289366,217639,0.502294075561402,0.709403187412558,0.906762792115795,5.24475524475525,4.75247524752475
"Col18a1","Col18a1","neonate",0.370375404632373,0.0137995516211312,217391,0.501721710632602,0.831971193805087,0.958930959796153,9.32400932400932,8.91089108910891
"Ahi1","Ahi1","neonate",0.0895110502026318,0.0137681709679961,217559,0.502109441713402,0.59627173459822,0.855099451265411,2.21445221445221,1.78217821782178
"Igf1","Igf1","neonate",0.284276637014189,0.0134826123029017,217907,0.502912598952203,0.683854434659515,0.899476083582502,7.22610722610723,6.53465346534654
"Itm2a","Itm2a","neonate",0.101866614494975,0.0134811536373974,216854,0.5004823559279,0.911151806577731,0.972889207319091,2.44755244755245,2.37623762376238
"Spn","Spn","neonate",0.31184342622289,0.0134076307711586,218025.5,0.503186087839553,0.665013831740205,0.888248285072446,7.69230769230769,6.93069306930693
"Krt13","Krt13","neonate",0.119431378941814,0.013311737553431,217000,0.500819312700501,0.86115238799174,0.965769326015484,2.91375291375291,2.77227722772277
"Spp1","Spp1","neonate",0.0659920881354913,0.0132249502752045,217584.5,0.502168293752452,0.520593797415511,0.788802455962407,1.63170163170163,1.18811881188119
"Slc40a1","Slc40a1","neonate",0.167305949972904,0.0131840288539037,217541,0.502067899097602,0.7082022719977,0.906389814097185,4.1958041958042,3.76237623762376
"Havcr1","Havcr1","neonate",0.133176003491145,0.013017009718815,217119.5,0.501095109510951,0.827270417967968,0.956831330294738,3.37995337995338,3.16831683168317
"Pdgfc","Pdgfc","neonate",0.109733630991138,0.012897515565178,217135.5,0.501132036280551,0.804113982687986,0.94540287823104,2.7972027972028,2.57425742574257
"Cd244a","Cd244a","neonate",0.152381107588135,0.0127312996413924,217650.5,0.502320616677052,0.660139439913944,0.888248285072446,3.84615384615385,3.36633663366337
"Tpi1","Tpi1","neonate",0.874711391847698,0.0125228808371511,217552.5,0.502094440213252,0.854937639171649,0.964050352859761,20.979020979021,20
"Mst1r","Mst1r","neonate",0.100117631969294,0.012439430479728,217065,0.500969327702001,0.824885953707692,0.956831330294738,2.56410256410256,2.37623762376238
"Wnt5b","Wnt5b","neonate",0.224014394182257,0.0124035739104024,216479.5,0.49961803872695,0.953141018371865,0.982711060306876,5.59440559440559,5.74257425742574
"Tnfsf12","Tnfsf12","neonate",0.248955402903889,0.0122143767644361,217825,0.502723349258003,0.681677642551923,0.897797370705769,6.17715617715618,5.54455445544555
"H2-Pa","H2-Pa","neonate",0.197671941443453,0.0118045266880274,217670.5,0.502366775139052,0.690286770766537,0.900633675217665,4.89510489510489,4.35643564356436
"Reg1","Reg1","neonate",0.205752567682459,0.0116942557587255,217616,0.502240993330102,0.715835186684855,0.909712466366694,5.24475524475525,4.75247524752475
"Casp3","Casp3","neonate",0.148585111274877,0.0116843899127721,216823.5,0.50041196427335,0.937317094314087,0.980218349988775,3.61305361305361,3.56435643564356
"Ctsw","Ctsw","neonate",0.199926036939537,0.0116243964776678,217343,0.501610930323802,0.787808388465554,0.936168013468603,4.89510489510489,4.55445544554455
"Itgb4","Itgb4","neonate",0.0963196282923878,0.0113119687437371,217217,0.501320132013201,0.756192157413653,0.919419001148063,2.44755244755245,2.17821782178218
"Lair1","Lair1","neonate",0.113018461141555,0.0112866053272801,217368,0.501668628401302,0.718098005045726,0.909712466366694,2.91375291375291,2.57425742574257
"Cd300a","Cd300a","neonate",0.109047912035548,0.0112085414344191,217285.5,0.501478224745551,0.73925987387205,0.91213496634657,2.68065268065268,2.37623762376238
"Psd3","Psd3","neonate",0.127584108812044,0.0111623553213929,217403.5,0.501750559671352,0.715092317517054,0.909712466366694,3.14685314685315,2.77227722772277
"Cx3cl1","Cx3cl1","neonate",0.307385201600563,0.0110798576326129,217896,0.502887211798103,0.697400147756863,0.900657962841441,7.80885780885781,7.12871287128713
"Il36g","Il36g","neonate",0.115925453756664,0.0109968638487837,217326.5,0.501572849592652,0.73365608514006,0.91213496634657,2.91375291375291,2.57425742574257
"Acvr1b","Acvr1b","neonate",0.21561169241331,0.0109357969477236,217444,0.501844030556902,0.767622770207159,0.926537411497019,5.36130536130536,4.95049504950495
"Smad3","Smad3","neonate",0.370844059002465,0.0107202323628313,217211.5,0.501307438436151,0.871562282127888,0.96960674942035,9.20745920745921,8.91089108910891
"Smad2","Smad2","neonate",0.14295508516349,0.0104131386171359,217174.5,0.501222045281451,0.813392006001141,0.952339194093775,3.61305361305361,3.36633663366337
"Il13ra1","Il13ra1","neonate",0.382675348133116,0.0103257200751101,217407,0.501758637402202,0.830222592741558,0.958168323492539,9.55710955710956,9.10891089108911
"Sat1","Sat1","neonate",0.690073514360357,0.0102467138052658,217364.5,0.501660550670452,0.874086706804202,0.96960674942035,16.6666666666667,16.2376237623762
"Mmp7","Mmp7","neonate",0.166495149937128,0.0101707616437925,217732.5,0.502509866371253,0.652421116056785,0.88468405764435,4.31235431235431,3.76237623762376
"Ttr","Ttr","neonate",0.169359991946625,0.00973478886251114,216548.5,0.49977728542085,0.968270235479612,0.988105967342016,4.07925407925408,4.15841584158416
"Entpd1","Entpd1","neonate",0.591205611875345,0.00969007089576568,217213.5,0.501312054282351,0.893554126577211,0.971596697412545,14.2191142191142,13.8613861386139
"Nlrc4","Nlrc4","neonate",0.134257150474316,0.00943414812807862,217019,0.500863163239401,0.858898964649982,0.96432687810364,3.14685314685315,2.97029702970297
"Clock","Clock","neonate",0.104015384702915,0.00931135269333042,216664,0.5000438505389,0.992323693518366,0.998331707808083,2.56410256410256,2.57425742574257
"Klrb1c","Klrb1c","neonate",0.103625112970022,0.00914403802727982,217899,0.502894135567403,0.514474807175321,0.78670457477576,2.7972027972028,2.17821782178218
"Bmp4","Bmp4","neonate",0.598432483731853,0.00892567973378955,217624.5,0.502260610676452,0.819550550118187,0.953432787010307,14.8018648018648,13.8613861386139
"Ccr7","Ccr7","neonate",0.749598789908009,0.00884256018441498,217259,0.501417064783401,0.894150503198545,0.971596697412545,17.3659673659674,16.8316831683168
"Epcam","Epcam","neonate",0.0608438355920513,0.00876878114829379,217180,0.501234738858501,0.721088479501227,0.910031916535093,1.63170163170163,1.38613861386139
"Il4ra","Il4ra","neonate",0.600648592066442,0.00862586447825786,216809,0.5003784993884,0.969275462447835,0.988105967342016,14.1025641025641,14.0594059405941
"Wnt7b","Wnt7b","neonate",0.220207475923236,0.008330538593806,217490,0.501950195019502,0.759261227296394,0.922026118897082,5.59440559440559,5.14851485148515
"Nlrp2","Nlrp2","neonate",0.241651725238319,0.00823258159385445,217360.5,0.501651318978052,0.801363400169012,0.944396347480502,5.94405594405594,5.54455445544555
"Tnfrsf4","Tnfrsf4","neonate",0.158404924266155,0.00780919677580186,216862.5,0.500501973274251,0.925768440433732,0.976129710176278,3.84615384615385,3.76237623762376
"Il17rb","Il17rb","neonate",0.0722947403598124,0.00768363648836173,217005.5,0.500832006277551,0.818146642747327,0.953432787010307,1.74825174825175,1.58415841584158
"Nt5c3","Nt5c3","neonate",0.245683575646839,0.00746214811272949,216707,0.5001430912322,0.982937084805225,0.991890965132398,5.94405594405594,5.94059405940594
"Srebf1","Srebf1","neonate",0.167386957979425,0.00741522125410396,216908,0.500606983775301,0.912638494020287,0.972889207319091,4.07925407925408,3.96039603960396
"Vim","Vim","neonate",1.67980526921622,0.0072089985084971,213543.5,0.492841976505343,0.610642193367866,0.860276346316585,38.2284382284382,35.6435643564356
"Cd164","Cd164","neonate",0.67140463300097,0.0069831339890738,216919.5,0.500633524890951,0.951303248240388,0.981831613349551,16.0839160839161,16.039603960396
"Fgg","Fgg","neonate",0.0688847859909833,0.00697924864894053,217005.5,0.500832006277551,0.818146642747327,0.953432787010307,1.74825174825175,1.58415841584158
"Adgrf3","Adgrf3","neonate",0.117964847233054,0.00676482440554713,216939,0.500678529391401,0.88486048467985,0.971596697412545,2.91375291375291,2.77227722772277
"Il17ra","Il17ra","neonate",0.688735873484311,0.00669020175561152,216747.5,0.50023656211775,0.981997881467384,0.991890965132398,16.4335664335664,16.2376237623762
"Ptgis","Ptgis","neonate",0.138528616445815,0.00651419038384274,216579.5,0.49984883103695,0.976860960316856,0.991551564283545,3.4965034965035,3.56435643564356
"Cuzd1","Cuzd1","neonate",0.118704923895115,0.00649861077949666,216942.5,0.500686607122251,0.88349717479012,0.971596697412545,2.91375291375291,2.77227722772277
"Selenop","Selenop","neonate",0.61492380953304,0.00648694906422154,216919,0.500632370929401,0.949509131603469,0.981831613349551,14.8018648018648,14.4554455445545
"Rela","Rela","neonate",0.536523008166122,0.00628835835484098,216909,0.500609291698401,0.948746476723434,0.981831613349551,13.0536130536131,12.8712871287129
"Ptgs2","Ptgs2","neonate",0.0821313085637883,0.00607693027923069,216652,0.5000161554617,0.9969382653551,1,1.98135198135198,1.98019801980198
"Cd33","Cd33","neonate",0.0724266860002926,0.00581409071969265,216838,0.5004454291583,0.906055791307152,0.972889207319091,1.86480186480186,1.78217821782178
"Lgals3","Lgals3","neonate",0.223598440312974,0.00532894115588145,216922,0.500639294698701,0.920077610111074,0.974758780438019,5.47785547785548,5.34653465346535
"Tnfrsf13c","Tnfrsf13c","neonate",0.953254001667844,0.00473348321509814,216532.5,0.49974035865125,0.982482431367776,0.991890965132398,22.2610722610723,21.980198019802
"Wnt10b","Wnt10b","neonate",0.123693874732779,0.00467096233122287,217174.5,0.501222045281451,0.796548481097017,0.94206267574582,3.03030303030303,2.77227722772277
"Ddit3","Ddit3","neonate",0.687851939542482,0.00465064312844199,216992.5,0.500802003277251,0.938925300139699,0.980218349988775,16.6666666666667,16.039603960396
"Nlrp3","Nlrp3","neonate",0.0620091010780498,0.00462139465185053,216920.5,0.500635832814051,0.850762829863568,0.964050352859761,1.51515151515152,1.38613861386139
"Efna1","Efna1","neonate",0.208345311153998,0.00444462351623165,217298,0.501507073784301,0.805332978839826,0.94572082438552,5.12820512820513,4.75247524752475
"Cd34","Cd34","neonate",0.311146075380006,0.00411822375605692,216483.5,0.49962727041935,0.960250635997254,0.982925959023883,7.57575757575758,7.72277227722772
"Krt6b","Krt6b","neonate",0.0590149181718505,0.00395483422735651,216683,0.5000877010778,0.97900771212203,0.991890965132398,1.3986013986014,1.38613861386139
"Slc2a1","Slc2a1","neonate",0.682796985477114,0.0039369947285447,217153.5,0.501173578896351,0.910357225221117,0.972889207319091,16.4335664335664,16.039603960396
"Twist2","Twist2","neonate",0.177918562671532,0.00351915707478498,216910,0.500611599621501,0.914177947607757,0.972889207319091,4.31235431235431,4.15841584158416
"Ephb6","Ephb6","neonate",0.129011729329617,0.00342966644025933,216992,0.500800849315701,0.869003296338924,0.969123362919359,3.14685314685315,2.97029702970297
"Atf3","Atf3","neonate",0.216856355285449,0.0033125743286414,216455,0.499561494611,0.94446268210689,0.981831613349551,5.24475524475525,5.34653465346535
"Ccl11","Ccl11","neonate",0.304827000326679,0.00328664780654631,216862.5,0.500501973274251,0.94571567560021,0.981831613349551,7.45920745920746,7.32673267326733
"Tpsab1","Tpsab1","neonate",0.119158099602608,0.00321805380932255,216536.5,0.49974959034365,0.958022318404375,0.982925959023883,2.91375291375291,2.97029702970297
"Bcl2","Bcl2","neonate",0.697140220982751,0.00313775963775031,216517.5,0.49970573980475,0.977628071906444,0.991551564283545,16.4335664335664,16.4356435643564
"Cxcr1","Cxcr1","neonate",0.0812102352681076,0.00299521044055616,216892,0.500570057005701,0.886326754913773,0.971596697412545,2.0979020979021,1.98019801980198
"Atr","Atr","neonate",0.507584810323219,0.00283910999300385,216934.5,0.500668143737451,0.942656955554115,0.981831613349551,12.4708624708625,12.2772277227723
"Il12rb1","Il12rb1","neonate",0.520517446726966,0.00278681730779773,216647.5,0.50000576980775,0.999605847606295,1,12.5874125874126,12.6732673267327
"Ceacam3","Ceacam3","neonate",0.145888583027553,0.00273904357554799,216759,0.5002631032334,0.960006402909868,0.982925959023883,3.61305361305361,3.56435643564356
"Adgrl4","Adgrl4","neonate",0.214331180541863,0.00271187086188454,216828.5,0.50042350388885,0.946009038463801,0.981831613349551,5.24475524475525,5.14851485148515
"G6pd2","G6pd2","neonate",0.361763786061459,0.0025144376106237,217111.5,0.501076646126151,0.892120672158215,0.971596697412545,8.85780885780886,8.51485148514852
"Sst","Sst","neonate",0.138984440057325,0.00217795864555484,217073.5,0.500988945048351,0.843805778881383,0.964050352859761,3.37995337995338,3.16831683168317
"Ramp3","Ramp3","neonate",0.141526824836287,0.00203786466687675,217264.5,0.501429758360451,0.77798647284,0.929945808304856,3.4965034965035,3.16831683168317
"Crp","Crp","neonate",0.0663200731003851,0.00183114015031961,216742,0.5002238685407,0.949769839737503,0.981831613349551,1.63170163170163,1.58415841584158
"C5ar2","C5ar2","neonate",0.186829835446802,0.00171689588542323,216993,0.500803157238801,0.890068793919398,0.971596697412545,4.54545454545455,4.35643564356436
"Cxcl3","Cxcl3","neonate",0.161279370779221,0.000890324204634169,216646.5,0.50000346188465,0.999663578027689,1,3.96270396270396,3.96039603960396
"Prtn3","Prtn3","neonate",0.138615058504002,0.000815508025881401,217051.5,0.500938170740151,0.851738879974579,0.964050352859761,3.37995337995338,3.16831683168317
"Scgb3a1","Scgb3a1","neonate",0.109577353482311,0.0006132464897637,216848,0.5004685083893,0.917267657853506,0.972889207319091,2.68065268065268,2.57425742574257
"Csf1","Csf1","neonate",0.206263177898344,0.000565584333232866,216603,0.4999030672298,0.987664671452728,0.995604943315245,5.12820512820513,5.14851485148515
"Mb","Mb","neonate",0.369655302063253,0.00051221994738021,217480,0.501927115788502,0.810226294350377,0.950347782902737,9.20745920745921,8.51485148514852
"Ezh2","Ezh2","neonate",0.386036153616061,0.000276803217774235,216594,0.4998822959219,0.988614738096382,0.995604943315245,9.32400932400932,9.30693069306931
"Esr1","Esr1","neonate",0.39817779079049,0.000255705137914952,216870.5,0.500520436659051,0.950515366856782,0.981831613349551,9.90675990675991,9.7029702970297
"Itgax","Itgax","neonate",0.210651255264724,0.000252562204557882,216927,0.500650834314201,0.915908058261884,0.972889207319091,5.12820512820513,4.95049504950495
"Cxcl10","Cxcl10","neonate",0.322350209992445,0.000188702112694117,217165.5,0.501201273973551,0.874299365826374,0.96960674942035,8.04195804195804,7.72277227722772
"Cd3e","Cd3e","neonate",0,0,216645,0.5,1,1,0,0
"Clec10a","Clec10a","neonate",0.113871060756872,-2.08879082053415e-05,216461.5,0.49957649611115,0.926197297719919,0.976129710176278,2.68065268065268,2.77227722772277
"Stat5a","Stat5a","neonate",0.389791619053321,-0.00041171478298907,216512,0.4996930462277,0.970343640599269,0.988184483838071,9.44055944055944,9.5049504950495
"Cyp1b1","Cyp1b1","neonate",0.29482442506015,-0.000487393024143135,216062.5,0.498655634794249,0.855751817734091,0.964050352859761,7.34265734265734,7.72277227722772
"Tnfrsf11b","Tnfrsf11b","neonate",0.104594110493895,-0.0008560662957489,217254.5,0.501406679129451,0.751462140604396,0.916963486452791,2.68065268065268,2.37623762376238
"Wnt3","Wnt3","neonate",0.0850394779450186,-0.0009878840389798,216874,0.500528514389901,0.894577059137773,0.971596697412545,2.0979020979021,1.98019801980198
"Prf1","Prf1","neonate",0.3185446863765,-0.00117962981760916,216660,0.5000346188465,0.996449895049045,1,7.80885780885781,7.72277227722772
"Adgra3","Adgra3","neonate",0.0973182740905741,-0.00133493554157733,216770.5,0.50028964434905,0.946662919802236,0.981831613349551,2.44755244755245,2.37623762376238
"Il1rl1","Il1rl1","neonate",0.0750379992225918,-0.00139535536119645,216407,0.499450714302199,0.886425947970507,0.971596697412545,1.86480186480186,1.98019801980198
"Fzd1","Fzd1","neonate",0.0821555637802971,-0.00161377547426612,216251,0.499090678298599,0.81948768634272,0.953432787010307,1.98135198135198,2.17821782178218
"Gata3","Gata3","neonate",0.471068776802809,-0.00180060140648841,217282.5,0.501471300976251,0.870649237454545,0.96960674942035,11.8881118881119,11.2871287128713
"Nrg1","Nrg1","neonate",0.246509877285237,-0.00185322647061115,216807,0.5003738835422,0.956212634624294,0.982925959023883,6.29370629370629,6.13861386138614
"Apoe","Apoe","neonate",0.95855439691239,-0.0022210445458859,216484.5,0.49962957834245,0.974881458683375,0.990781665960576,22.027972027972,21.7821782178218
"Col5a1","Col5a1","neonate",0.262910883711197,-0.00265136438008196,216098,0.498737566064299,0.855701596343978,0.964050352859761,6.41025641025641,6.73267326732673
"Rarg","Rarg","neonate",0.436461137150888,-0.00272720214171623,216558,0.4997992106903,0.98168118234662,0.991890965132398,10.7226107226107,10.6930693069307
"Vegfc","Vegfc","neonate",0.209391886190066,-0.00280074302118027,215746.5,0.497926331094648,0.744526447451174,0.91481751164193,5.24475524475525,5.74257425742574
"Vwf","Vwf","neonate",0.199797294307475,-0.00298240239550784,216281.5,0.499161069953149,0.889399334265847,0.971596697412545,4.77855477855478,4.95049504950495
"Adgrv1","Adgrv1","neonate",0.0435607683254714,-0.00308602377328329,216593.5,0.49988114196035,0.968927527891868,0.988105967342016,1.16550116550117,1.18811881188119
"Tbx21","Tbx21","neonate",0.207381606578188,-0.00311165927921392,216346.5,0.499311084954649,0.91099897795184,0.972889207319091,5.01165501165501,5.14851485148515
"Maf","Maf","neonate",0.207913284355035,-0.00330319554968816,215667.5,0.497744005169748,0.717695838560262,0.909712466366694,5.01165501165501,5.54455445544555
"Trmt5","Trmt5","neonate",0.145569042587018,-0.00343838897658447,216938.5,0.500677375429851,0.897992940125611,0.971596697412545,3.72960372960373,3.56435643564356
"Txk","Txk","neonate",0.293541912497987,-0.00379849785899128,216396.5,0.499426481109649,0.937400300624692,0.980218349988775,7.22610722610723,7.32673267326733
"Ptger4","Ptger4","neonate",0.29669961047532,-0.00442029638351543,216402.5,0.499440328648249,0.938911810703022,0.980218349988775,7.22610722610723,7.32673267326733
"Btk","Btk","neonate",0.454451615414169,-0.00464906396121945,216350.5,0.499320316647049,0.938715243300218,0.980218349988775,11.0722610722611,11.0891089108911
"Krt7","Krt7","neonate",0.237062283000981,-0.00509815060906071,217020.5,0.500866625124051,0.89439693377346,0.971596697412545,5.82750582750583,5.54455445544555
"Pds5a","Pds5a","neonate",0.501394313853149,-0.00516972866784249,216247,0.499081446606199,0.920985728357687,0.974758780438019,12.2377622377622,12.4752475247525
"Ddr1","Ddr1","neonate",0.293144445058356,-0.00534628053255887,216814,0.5003900390039,0.957444013421861,0.982925959023883,7.34265734265734,7.12871287128713
"Csf2","Csf2","neonate",0.0818353028300908,-0.00537338567958734,216462,0.4995776500727,0.917141143074079,0.972889207319091,2.0979020979021,2.17821782178218
"Npr2","Npr2","neonate",0.166848104571707,-0.0054771207210276,216649,0.5000092316924,0.998852649436584,1,4.1958041958042,4.15841584158416
"Ms4a6b","Ms4a6b","neonate",1.07266815552281,-0.00563686899403204,216413.5,0.499465715802349,0.965254078338794,0.987034170362849,24.4755244755245,24.7524752475248
"Ccl19","Ccl19","neonate",0.185040806228284,-0.00582493415397461,215840.5,0.498143275866048,0.754620454523892,0.918628318877069,4.54545454545455,4.95049504950495
"Epha4","Epha4","neonate",0.112557908702573,-0.00621284436947286,216887.5,0.500559671351751,0.904957807571936,0.972889207319091,2.91375291375291,2.77227722772277
"Osm","Osm","neonate",0.32266145017837,-0.00641454505496697,215567.5,0.497513212859748,0.746268627694199,0.915165832485998,7.92540792540793,8.51485148514852
"Cd52","Cd52","neonate",1.57246392622605,-0.00714632848255436,215382.5,0.497086247086247,0.833397957252448,0.95946623946962,35.5477855477856,35.2475247524752
"Acvr1","Acvr1","neonate",0.158608123624169,-0.00716906137602433,216438,0.4995222599183,0.931813164301033,0.979976502962163,4.07925407925408,4.15841584158416
"Prss2","Prss2","neonate",0.12293076056287,-0.00718680807761948,216327,0.499266080454199,0.87987993002036,0.971596697412545,3.03030303030303,3.16831683168317
"Rb1","Rb1","neonate",0.838005454846277,-0.00760296146189032,216260,0.499111449606499,0.937611759506536,0.980218349988775,20.04662004662,20.1980198019802
"Il6ra","Il6ra","neonate",0.16379774139336,-0.00783774901148473,216202,0.498977590066699,0.853274865743566,0.964050352859761,3.96270396270396,4.15841584158416
"Il7","Il7","neonate",0.398238179711624,-0.00792368926889297,216833.5,0.50043504350435,0.958364516995771,0.982925959023883,9.79020979020979,9.5049504950495
"Epha2","Epha2","neonate",0.154680243364174,-0.00809514243667048,216206,0.498986821759099,0.854586339569462,0.964050352859761,3.96270396270396,4.15841584158416
"Il1a","Il1a","neonate",0.0879405913451226,-0.00814196421045167,216451,0.4995522629186,0.912166558209779,0.972889207319091,2.0979020979021,2.17821782178218
"Col12a1","Col12a1","neonate",0.207489619864999,-0.00824028197988622,216392.5,0.499417249417249,0.926191468479742,0.976129710176278,5.24475524475525,5.34653465346535
"Myh11","Myh11","neonate",0.0764277973351906,-0.0083909247453237,215977.5,0.498459461330748,0.693751935187527,0.900633675217665,1.86480186480186,2.17821782178218
"Gzmb","Gzmb","neonate",0.147679711790785,-0.0084258970697067,216080.5,0.498697177410049,0.803220456668506,0.94540287823104,3.4965034965035,3.76237623762376
"Ptk2","Ptk2","neonate",0.161428722522346,-0.00846681341559133,216437.5,0.49952110595675,0.931648466983094,0.979976502962163,4.07925407925408,4.15841584158416
"Runx3","Runx3","neonate",0.526892631615374,-0.0089900583120831,216309,0.499224537838399,0.933956531854689,0.980218349988775,12.5874125874126,12.6732673267327
"Il17b","Il17b","neonate",0.0915094439399205,-0.00964120078525718,216282.5,0.499163377876249,0.841683382134768,0.964050352859761,2.21445221445221,2.37623762376238
"Ifngr2","Ifngr2","neonate",0.483329410872893,-0.00976943668844693,216517,0.4997045858432,0.974071156744981,0.990781665960576,11.7715617715618,11.6831683168317
"H2-T23","H2-T23","neonate",1.15497562356482,-0.0101432268923729,216131,0.498813727526599,0.925418612628125,0.976129710176278,26.9230769230769,27.1287128712871
"Tox","Tox","neonate",0.397495775180181,-0.0102697374448503,216192.5,0.498955664797249,0.899773775268212,0.971911651075198,9.55710955710956,9.7029702970297
"Rbm47","Rbm47","neonate",0.198246090306855,-0.0104254529241433,216128.5,0.498807957718849,0.845475360157772,0.964050352859761,4.89510489510489,5.14851485148515
"Ffar3","Ffar3","neonate",0.155563066553507,-0.0105194776474747,215752,0.497939024671698,0.704161962289288,0.904619941224596,3.72960372960373,4.15841584158416
"Mpo","Mpo","neonate",0.09711714973685,-0.0107219960143269,216744.5,0.50022963834845,0.957745293572194,0.982925959023883,2.44755244755245,2.37623762376238
"Actg2","Actg2","neonate",0.343377672570478,-0.0108486450445566,215991,0.498490618292598,0.846215169406113,0.964050352859761,8.27505827505827,8.51485148514852
"Tnfrsf13b","Tnfrsf13b","neonate",0.768354719907511,-0.0111234477110228,216114.5,0.498775646795449,0.911187561747737,0.972889207319091,18.4149184149184,18.6138613861386
"Cxcr6","Cxcr6","neonate",0.210166397530913,-0.011203037697801,216457,0.4995661104572,0.943143674119955,0.981831613349551,4.89510489510489,4.95049504950495
"Wnt11","Wnt11","neonate",0.319190944120375,-0.0114498430459579,216303.5,0.499211844261349,0.917020973913758,0.972889207319091,7.80885780885781,7.92079207920792
"Pgf","Pgf","neonate",0.0823281457473694,-0.011555377321566,216430,0.4995037965335,0.902679335481098,0.972889207319091,2.0979020979021,2.17821782178218
"Ngfr","Ngfr","neonate",0.384745877298985,-0.0119594471027193,215955.5,0.498408687022548,0.847233199273966,0.964050352859761,9.44055944055944,9.7029702970297
"Ifnl2/3","Ifnl2/3","neonate",0.237740779695586,-0.012001355200796,215665.5,0.497739389323548,0.739254156421942,0.91213496634657,6.06060606060606,6.53465346534654
"Fhit","Fhit","neonate",0.196432894424878,-0.0120274388040179,216299.5,0.499202612568949,0.897034756525864,0.971596697412545,5.01165501165501,5.14851485148515
"Nlrc5","Nlrc5","neonate",0.27100147811134,-0.0122306097736782,215328,0.496960465277297,0.669337734342818,0.889772961519719,6.64335664335664,7.32673267326733
"Pparg","Pparg","neonate",0.121642121350294,-0.0122734399564588,215913.5,0.498311754252348,0.730850677167717,0.91213496634657,3.03030303030303,3.36633663366337
"S100a4","S100a4","neonate",0.21472816050548,-0.012341316703393,215705,0.497830552285998,0.733160388343302,0.91213496634657,5.24475524475525,5.74257425742574
"Clec7a","Clec7a","neonate",0.214654716259097,-0.0128441483281757,215722.5,0.497870940940248,0.742639812389763,0.914088756731598,5.47785547785548,5.94059405940594
"Wnt9a","Wnt9a","neonate",0.159705702479402,-0.0129352605347966,215969,0.498439843984398,0.775782472279003,0.929633563536257,3.84615384615385,4.15841584158416
"Itgb8","Itgb8","neonate",0.130068628927131,-0.0135410048066776,214924,0.496028064344896,0.423318731907657,0.730188193273242,2.91375291375291,3.76237623762376
"Cd209a","Cd209a","neonate",0.168454114658577,-0.0135711617598842,216225,0.499030672297999,0.864282878768223,0.967104410922467,4.1958041958042,4.35643564356436
"Il1b","Il1b","neonate",0.341620403282223,-0.0142284535467373,215998,0.498506773754299,0.847842225842798,0.964050352859761,8.27505827505827,8.51485148514852
"Itga9","Itga9","neonate",0.132365482177577,-0.0143553343636317,216207.5,0.498990283643749,0.843835176007142,0.964050352859761,3.37995337995338,3.56435643564356
"Bmp2","Bmp2","neonate",0.0780598084224116,-0.0144312276981122,215796.5,0.498041727249648,0.628805363457245,0.870720760231768,1.98135198135198,2.37623762376238
"Kit","Kit","neonate",0.216427516409146,-0.0147080060001932,216292,0.499185303145699,0.896896857221614,0.971596697412545,5.24475524475525,5.34653465346535
"Tcap","Tcap","neonate",0.18889119170792,-0.0150857979826647,215982.5,0.498471000946248,0.798368939567837,0.94309695823357,4.66200466200466,4.95049504950495
"Col11a1","Col11a1","neonate",0.0944311684577549,-0.0151046298193245,215479.5,0.497310115626947,0.532963110908337,0.8038793064684,2.21445221445221,2.77227722772277
"Il34","Il34","neonate",0.141355745044526,-0.0151854915411791,215876.5,0.498226361097648,0.739256385190307,0.91213496634657,3.61305361305361,3.96039603960396
"Myl7","Myl7","neonate",0.0973553403933635,-0.0155222416813362,216092,0.498723718525699,0.767467538023667,0.926537411497019,2.33100233100233,2.57425742574257
"Krt4","Krt4","neonate",0.103826892512386,-0.0161549169083161,215543.5,0.497457822705347,0.572224559744183,0.836521827074708,2.44755244755245,2.97029702970297
"Tnfrsf1b","Tnfrsf1b","neonate",0.670871217749363,-0.0164859270873693,216151.5,0.498861039950149,0.912667725793905,0.972889207319091,16.2004662004662,16.039603960396
"Alcam","Alcam","neonate",0.484360643691722,-0.016587740190441,215864.5,0.498198666020448,0.842387828634939,0.964050352859761,11.6550116550117,11.8811881188119
"Pdgfb","Pdgfb","neonate",0.264630904318473,-0.0166701195047199,216025.5,0.498570241639549,0.837648455968291,0.963247417070803,6.52680652680653,6.73267326732673
"Junb","Junb","neonate",0.812977284049532,-0.016781459082046,215744.5,0.497921715248448,0.852942257502813,0.964050352859761,19.5804195804196,19.4059405940594
"Mx1","Mx1","neonate",0.150639772806574,-0.0170316033821697,215489,0.497332040896397,0.619809786116906,0.864266233228749,3.61305361305361,4.15841584158416
"Ptgdr2","Ptgdr2","neonate",0.0829561713988143,-0.0170502126557777,215608.5,0.497607837706848,0.567570219214272,0.835319915970066,2.0979020979021,2.57425742574257
"Ccr6","Ccr6","neonate",0.733604085412006,-0.0175320533197127,215989,0.498486002446399,0.888479835444784,0.971596697412545,17.8321678321678,17.6237623762376
"Bmp5","Bmp5","neonate",0.155145734141174,-0.0176660617727752,216300.5,0.499204920492049,0.883643081307503,0.971596697412545,3.84615384615385,3.96039603960396
"H2-Q1","H2-Q1","neonate",0.611809600713228,-0.0178798655224111,215966.5,0.498434074176648,0.87704517528465,0.971571155287551,15.1515151515152,15.2475247524752
"Tnfrsf10b","Tnfrsf10b","neonate",0.224780253282267,-0.0179177936728348,215609.5,0.497610145629948,0.712423519067781,0.908294435435522,5.47785547785548,5.94059405940594
"Zfp36","Zfp36","neonate",0.934853263069374,-0.0181240918345987,215252.5,0.496786217083247,0.785200735564875,0.934566040000527,22.1445221445221,22.3762376237624
"Fgf9","Fgf9","neonate",0.0843556430977567,-0.018639425341689,215618,0.497629762976298,0.571127476027602,0.836330592811516,2.0979020979021,2.57425742574257
"Msr1","Msr1","neonate",0.209863540408496,-0.0187204872725892,215241.5,0.496760829929147,0.612925282350784,0.860276346316585,5.24475524475525,5.94059405940594
"Gcg","Gcg","neonate",0.218853954325135,-0.0187394119874865,215573,0.497525906436798,0.702756420140015,0.904619941224596,5.47785547785548,5.94059405940594
"Ccl22","Ccl22","neonate",0.220004686280555,-0.0191753194908694,215639,0.497678229361398,0.720270644220717,0.910031916535093,5.47785547785548,5.94059405940594
"Brca1","Brca1","neonate",0.220177374663136,-0.0194784658211462,215457,0.497258187357197,0.67606490200916,0.892763850732626,5.59440559440559,6.13861386138614
"Nod2","Nod2","neonate",0.22481384921884,-0.0197269216118676,215104,0.496443490502896,0.583258631999036,0.843989631499331,5.36130536130536,6.13861386138614
"Ccl9","Ccl9","neonate",0.152368981702926,-0.0198762263063961,215572,0.497523598513698,0.653974072701992,0.88468405764435,3.84615384615385,4.35643564356436
"Slpi","Slpi","neonate",0.118122020645718,-0.0199055171066997,215368,0.497052782201297,0.523596266336665,0.792147917356078,2.56410256410256,3.16831683168317
"Sh3bgrl3","Sh3bgrl3","neonate",0.987831590085168,-0.0200152822501034,215185,0.496630432273997,0.779774017796248,0.929945808304856,23.4265734265734,23.7623762376238
"Camp","Camp","neonate",0.0461294278654095,-0.0206950899950996,215725,0.497876710747998,0.507567836787187,0.78670457477576,1.16550116550117,1.58415841584158
"Csf3r","Csf3r","neonate",0.0770617339993488,-0.0209615161417037,215530,0.497426665743497,0.51806163405373,0.788560991071097,1.86480186480186,2.37623762376238
"Muc1","Muc1","neonate",0.278351777508666,-0.0209622001015634,216111,0.498767569064599,0.863926926267012,0.967104410922467,6.99300699300699,7.12871287128713
"Fpr1","Fpr1","neonate",0.340548355190086,-0.0209700080010109,215760.5,0.497958642018048,0.794644907638823,0.941818095374374,8.39160839160839,8.71287128712871
"Tshz2","Tshz2","neonate",0.122260310545609,-0.0211366568820903,215102,0.496438874656696,0.477652889841428,0.776867750688261,3.03030303030303,3.76237623762376
"Cd38","Cd38","neonate",0.411914353990375,-0.0212625303588578,215200.5,0.496666205082047,0.693324206858832,0.900633675217665,9.79020979020979,10.4950495049505
"Cntfr","Cntfr","neonate",0.0748364213104213,-0.0226816501699383,215129,0.496501188580396,0.387630433241174,0.705188122551138,1.86480186480186,2.57425742574257
"Tnfsf15","Tnfsf15","neonate",0.0411731430135096,-0.0231685680371523,215479.5,0.497310115626947,0.38782497857383,0.705188122551138,1.04895104895105,1.58415841584158
"Fgf12","Fgf12","neonate",0.018694505377884,-0.0232859428506246,215509,0.497378199358397,0.248743317722895,0.59707166453162,0.466200466200466,0.99009900990099
"Cd48","Cd48","neonate",0.508044422173918,-0.0233371736617382,214678,0.495460315262295,0.628029921395047,0.870720760231768,12.2377622377622,13.4653465346535
"Cd209e","Cd209e","neonate",0.106656805260696,-0.0238285471681901,215336,0.496978928662097,0.51324018682503,0.78670457477576,2.56410256410256,3.16831683168317
"Oas3","Oas3","neonate",0.0784812948114372,-0.024163512835029,215127,0.496496572734197,0.387004380781652,0.705188122551138,1.86480186480186,2.57425742574257
"Itgb6","Itgb6","neonate",0.145019698301394,-0.0242876886186773,215810.5,0.498074038173048,0.717769400464151,0.909712466366694,3.61305361305361,3.96039603960396
"Il23a","Il23a","neonate",0.130438288581574,-0.0245150803274109,215077,0.496381176579196,0.470545788829349,0.769072379447314,3.03030303030303,3.76237623762376
"Il1rap","Il1rap","neonate",0.135790803430364,-0.025054848711097,215001,0.496205774423596,0.472088248599769,0.770330579139067,3.37995337995338,4.15841584158416
"Fasl","Fasl","neonate",0.389530159153438,-0.0257166289619826,215512,0.497385123127697,0.75233313131232,0.916963486452791,9.44055944055944,9.9009900990099
"Lmna","Lmna","neonate",0.631975861782846,-0.0258688328013649,214629,0.495347227030395,0.648210891473727,0.881672931513377,15.034965034965,16.2376237623762
"Ackr3","Ackr3","neonate",0.0417554919504661,-0.0260206660928637,215470.5,0.497289344319047,0.384169349481904,0.705188122551138,1.04895104895105,1.58415841584158
"Adgre5","Adgre5","neonate",1.21823488771886,-0.0264322493428659,214841,0.495836506727596,0.747524440811174,0.915579689789608,28.5547785547786,28.9108910891089
"Pou5f1","Pou5f1","neonate",0.146647725298035,-0.026446769704816,215631.5,0.497660919938148,0.666487109827208,0.888248285072446,3.72960372960373,4.15841584158416
"Cd6","Cd6","neonate",0.196878113762912,-0.0271523241243218,215940.5,0.498374068176048,0.790313991339904,0.938027439721291,4.89510489510489,5.14851485148515
"Mfap5","Mfap5","neonate",0.150768184627456,-0.0272321115336226,215272,0.496831221583697,0.562788761057897,0.83266013649595,3.72960372960373,4.35643564356436
"Il2","Il2","neonate",0.111286589592061,-0.0276858941538897,215381,0.497082785201597,0.542884921373711,0.81412092386149,2.7972027972028,3.36633663366337
"Atg12","Atg12","neonate",0.238788983065613,-0.0277225599812329,215104,0.496443490502896,0.596378006225787,0.855099451265411,5.82750582750583,6.53465346534654
"Tgfb3","Tgfb3","neonate",0.140844879716602,-0.0281156065162378,214378.5,0.494769092293845,0.321465981143767,0.658114133881593,3.26340326340326,4.35643564356436
"Tert","Tert","neonate",0.108529283568713,-0.0281671377927459,215762.5,0.497963257864248,0.667299865114606,0.888248285072446,2.7972027972028,3.16831683168317
"Tnfsf14","Tnfsf14","neonate",0.078837251082819,-0.0285071615897895,215343.5,0.496996238085347,0.465726978260449,0.76495847994344,1.98135198135198,2.57425742574257
"Bid","Bid","neonate",0.154655974488531,-0.0288567613463411,214489,0.495024117796395,0.371783777283033,0.699245134637329,3.72960372960373,4.75247524752475
"Itga3","Itga3","neonate",0.187710292848711,-0.0288696846976735,215501,0.497359735973597,0.661334296255433,0.888248285072446,4.66200466200466,5.14851485148515
"Calm2","Calm2","neonate",0.840878646025095,-0.0295474471524562,215170,0.496595813427497,0.765030291643287,0.925649515495579,20.1631701631702,20.5940594059406
"Tacstd2","Tacstd2","neonate",0.123591051564952,-0.0298354542780895,215059.5,0.496340787924946,0.465605785747456,0.76495847994344,3.03030303030303,3.76237623762376
"Cldn4","Cldn4","neonate",0.102377768653382,-0.0304836223007778,214909,0.495993445498396,0.391842070860643,0.710001428060334,2.56410256410256,3.36633663366337
"Tigit","Tigit","neonate",0.227441172933734,-0.0309448667128895,215561.5,0.497499365321148,0.704820389341361,0.904619941224596,5.71095571095571,6.13861386138614
"Serpinb5","Serpinb5","neonate",0.10856102784074,-0.030963553936467,215305,0.496907383045997,0.503310458792394,0.78670457477576,2.56410256410256,3.16831683168317
"Best1","Best1","neonate",0.0506877387988613,-0.0309689585897438,215115,0.496468877656996,0.306976361298519,0.641625644055814,1.28205128205128,1.98019801980198
"Ppard","Ppard","neonate",0.332405120368572,-0.0310225202894437,214928,0.496037296037296,0.611870582527252,0.860276346316585,8.15850815850816,8.91089108910891
"Gpx1","Gpx1","neonate",1.43396060850439,-0.0316024160050081,213874.5,0.493605899051444,0.635759747481422,0.873075025122558,32.7505827505828,32.4752475247525
"Mmp12","Mmp12","neonate",0.101775878799847,-0.0316156683528129,214911,0.495998061344596,0.392387950713384,0.710001428060334,2.56410256410256,3.36633663366337
"Wnt5a","Wnt5a","neonate",0.168169118162602,-0.0316504399350573,214981,0.496159615961596,0.508193958805372,0.78670457477576,4.1958041958042,4.95049504950495
"Vcam1","Vcam1","neonate",0.468850108796801,-0.0318417952052145,215310,0.496918922661497,0.735102160468386,0.91213496634657,11.7715617715618,12.0792079207921
"Hilpda","Hilpda","neonate",0.447586839295923,-0.0323452260797149,215880,0.498234438828498,0.841538113159404,0.964050352859761,11.0722610722611,11.0891089108911
"Maml2","Maml2","neonate",0.558136555612751,-0.0325525312393331,214632,0.495354150799695,0.633149295808583,0.872060874337164,13.5198135198135,14.4554455445545
"Bst2","Bst2","neonate",0.929852315901681,-0.033440200318286,214592,0.495261833875695,0.689612357774849,0.900633675217665,22.2610722610723,23.1683168316832
"Gzmg","Gzmg","neonate",0.13205115029288,-0.0334631412171327,214779.5,0.495694569456946,0.423277839662307,0.730188193273242,3.4965034965035,4.35643564356436
"S100a9","S100a9","neonate",0.426541724043096,-0.0336630462034147,214792.5,0.495724572457246,0.622995307692064,0.867494862805849,10.3729603729604,11.2871287128713
"Klrk1","Klrk1","neonate",0.254461704748459,-0.034134435679272,214915,0.496007293036996,0.562901636908997,0.83266013649595,6.17715617715618,6.93069306930693
"Ccl8","Ccl8","neonate",0.0815224882210978,-0.0342020515985632,214291,0.494567149022595,0.194084501408544,0.546343567619845,1.86480186480186,2.97029702970297
"Il1r2","Il1r2","neonate",0.0326358773517184,-0.0345335658241238,214977,0.496150384269196,0.188540511249718,0.542906682220326,0.815850815850816,1.58415841584158
"Tyk2","Tyk2","neonate",0.367256630345421,-0.0345658293825247,215015.5,0.496239239308546,0.644113514561898,0.880131236362511,8.97435897435897,9.7029702970297
"Tgfbi","Tgfbi","neonate",0.225742151177906,-0.0348455321942872,214453,0.494941032564795,0.451193449340304,0.750383416645457,5.71095571095571,6.73267326732673
"Serpina3a","Serpina3a","neonate",0.069685504577692,-0.0351644492585213,214837,0.495827275035196,0.294532491540649,0.635672305529924,1.74825174825175,2.57425742574257
"S100b","S100b","neonate",0.0749549580082689,-0.0352401752215241,215084,0.496397332040896,0.373694022379238,0.699245134637329,1.86480186480186,2.57425742574257
"Gpbar1","Gpbar1","neonate",0.140080547323355,-0.0358147591022963,214924,0.496028064344896,0.451584804400475,0.750383416645457,3.37995337995338,4.15841584158416
"Pdgfra","Pdgfra","neonate",1.00683608010036,-0.0365451105695411,214415,0.494853331486995,0.671770177460611,0.89181739937181,24.009324009324,24.1584158415842
"Rarres1","Rarres1","neonate",0.438156941670234,-0.0367043851795323,214771,0.495674952110596,0.62717815293141,0.870720760231768,10.955710955711,11.8811881188119
"Ptges3","Ptges3","neonate",0.68098254076866,-0.0371237423257466,214862,0.495884973112696,0.695998127513002,0.900633675217665,16.5501165501165,17.029702970297
"Fcer1g","Fcer1g","neonate",0.133753946832062,-0.0373343149311109,214685.5,0.495477624685545,0.38676014291096,0.705188122551138,3.26340326340326,4.15841584158416
"Hspa1b","Hspa1b","neonate",0.136230448650686,-0.0373496164546966,214161,0.494267119019594,0.28628636523568,0.630895432113235,3.37995337995338,4.55445544554455
"Irf4","Irf4","neonate",0.414267245920598,-0.0375782508331654,214571.5,0.495214521452145,0.575027232835742,0.83938821542787,9.90675990675991,10.8910891089109
"Fgf7","Fgf7","neonate",0.0701920886776905,-0.0379896162122771,215254.5,0.496790832929447,0.41187578958311,0.721847492550158,1.74825174825175,2.37623762376238
"Ms4a4a","Ms4a4a","neonate",0.157963175603165,-0.0382180590152283,215014.5,0.496236931385446,0.499424996021304,0.78670457477576,3.84615384615385,4.55445544554455
"Ephb2","Ephb2","neonate",0.107299466677023,-0.0394560097870223,214319.5,0.494632924830945,0.268450793986682,0.614973873831709,2.68065268065268,3.76237623762376
"Fas","Fas","neonate",0.129322370188605,-0.0396880814958569,214091.5,0.494106718364144,0.259343782847704,0.602717369461914,3.14685314685315,4.35643564356436
"Meg3","Meg3","neonate",0.311008525944907,-0.0399173185254131,214455,0.494945648410995,0.50891612024023,0.78670457477576,7.69230769230769,8.71287128712871
"Stat3","Stat3","neonate",0.947256336302735,-0.0399247490283999,214318,0.494629462946295,0.653134211743684,0.88468405764435,22.6107226107226,23.7623762376238
"Bmp1","Bmp1","neonate",0.123743832567763,-0.0401607355243409,214227,0.494419441944194,0.275820093340817,0.623566061362345,3.03030303030303,4.15841584158416
"Thsd4","Thsd4","neonate",0.137549094476529,-0.040292306646869,214521.5,0.495099125297145,0.357534933727568,0.690954949566221,3.37995337995338,4.35643564356436
"Irf3","Irf3","neonate",0.492259363868721,-0.0403216798556021,214502.5,0.495055274758245,0.594887302081982,0.855099451265411,12.1212121212121,13.0693069306931
"Oas1a/g","Oas1a/g","neonate",0.493866863032163,-0.0413521924890522,214582.5,0.495239908606245,0.607795526548024,0.860276346316585,12.1212121212121,12.8712871287129
"Krt1","Krt1","neonate",0.130597524208733,-0.0415623128784721,213698,0.493198550624293,0.197331697317871,0.54649917284977,3.14685314685315,4.55445544554455
"P2rx5","P2rx5","neonate",0.0801153675958824,-0.0418918461288378,214491.5,0.495029887604145,0.242128286701755,0.59707166453162,1.98135198135198,2.97029702970297
"Mlh1","Mlh1","neonate",0.169296218897849,-0.0418932995998459,214754.5,0.495636871379446,0.459139387334901,0.757884054922014,4.31235431235431,5.14851485148515
"Cxcl9","Cxcl9","neonate",0.0702098077254188,-0.0423552054652636,214024,0.493950933554894,0.141759329142473,0.470239630917948,1.74825174825175,2.97029702970297
"Clec5a","Clec5a","neonate",0.0261570880069827,-0.0424490288017075,214714,0.495543400493896,0.115222297311892,0.445258042055775,0.699300699300699,1.58415841584158
"Agr2","Agr2","neonate",0.127278041928317,-0.0427543403284643,214647,0.495388769646195,0.377497035231717,0.702731918195296,3.26340326340326,4.15841584158416
"Il1r1","Il1r1","neonate",0.098666661495845,-0.0429869329764706,214028.5,0.493961319208844,0.191178154978493,0.543033106876233,2.33100233100233,3.56435643564356
"Celsr1","Celsr1","neonate",0.108193085666951,-0.0433991079643705,214682.5,0.495470700916245,0.344746311824827,0.677933082621997,2.68065268065268,3.56435643564356
"Anxa1","Anxa1","neonate",0.582618404023361,-0.0436611349990728,214033.5,0.493972858824344,0.543783946932374,0.81412092386149,14.1025641025641,15.2475247524752
"Mapk13","Mapk13","neonate",0.0714371912152005,-0.043681639660161,214421.5,0.494868332987145,0.205070037777757,0.552580615309253,1.74825174825175,2.77227722772277
"Ankrd1","Ankrd1","neonate",0.195723476359149,-0.0436925402231476,214335.5,0.494669851600545,0.395986786919308,0.712236876328978,4.89510489510489,5.94059405940594
"Ccr1","Ccr1","neonate",0.183270645450028,-0.044329158056886,213544.5,0.492844284428443,0.241647344781166,0.59707166453162,4.42890442890443,5.94059405940594
"Tlr5","Tlr5","neonate",0.114657778002263,-0.0445153555636723,214521.5,0.495099125297145,0.317774404440108,0.657305147773418,2.7972027972028,3.76237623762376
"Ifi44l","Ifi44l","neonate",0.091229306200925,-0.0445432730561855,214374.5,0.494759860601445,0.250547624132738,0.59707166453162,2.33100233100233,3.36633663366337
"Tlr8","Tlr8","neonate",0.0597936453694291,-0.0446050119453522,214341,0.494682545177595,0.165966201708836,0.506019275546512,1.51515151515152,2.57425742574257
"Mmp19","Mmp19","neonate",0.11677738539644,-0.0449239030545045,214358.5,0.494722933831845,0.29263926592576,0.635645638623056,2.91375291375291,3.96039603960396
"Thbs2","Thbs2","neonate",0.240735027576007,-0.0452176505367533,214553,0.495171824874795,0.481821575860221,0.781099367695349,6.06060606060606,6.93069306930693
"Krt86","Krt86","neonate",0.0355820249425865,-0.0454595462526053,214362,0.494731011562695,0.0999979700600556,0.422449051482523,0.932400932400932,1.98019801980198
"Ifngr1","Ifngr1","neonate",0.387766977042054,-0.0463289077224254,214018.5,0.493938239977844,0.470361905567335,0.769072379447314,9.44055944055944,10.6930693069307
"Mapk14","Mapk14","neonate",0.262102782713621,-0.0464441457486628,213891,0.493643979782594,0.371748466380255,0.699245134637329,6.41025641025641,7.72277227722772
"Rara","Rara","neonate",0.119054518511193,-0.0467625268021695,213793.5,0.493418957280343,0.203307694063743,0.549316452524529,3.03030303030303,4.35643564356436
"Parp1","Parp1","neonate",1.14566208327231,-0.047391172618205,213911,0.493690138244594,0.618933949368254,0.864266233228749,27.1561771561772,27.1287128712871
"Fgf13","Fgf13","neonate",0.0451724699372265,-0.0479534156026168,213793.5,0.493418957280343,0.0568781159124083,0.3065269273766,1.04895104895105,2.37623762376238
"H2-Q2","H2-Q2","neonate",0.161613902591354,-0.0480977039959279,214242.5,0.494455214752244,0.327732030194508,0.665476240537525,3.84615384615385,4.95049504950495
"Cd8b1","Cd8b1","neonate",0.207061394939478,-0.0482199370833657,213992.5,0.493878233977244,0.332763976129524,0.671590453848453,4.89510489510489,6.13861386138614
"Ltbr","Ltbr","neonate",0.753383155191665,-0.0485730569893219,214667.5,0.495436082069745,0.675393044897815,0.892763850732626,18.1818181818182,18.2178217821782
"Angpt2","Angpt2","neonate",0.220451957805965,-0.04930874772285,214270.5,0.494519836599045,0.406313114027767,0.719198365804669,5.47785547785548,6.53465346534654
"Psca","Psca","neonate",0.164371551267334,-0.0500585006621619,214206,0.494370975559094,0.320435084616575,0.658114133881593,3.84615384615385,4.95049504950495
"Csf3","Csf3","neonate",0.036351523432879,-0.050268728590455,213938,0.493752452168294,0.0575520447179121,0.306893532663695,0.932400932400932,2.17821782178218
"Tnfaip6","Tnfaip6","neonate",0.0846148718022054,-0.0506116690966138,213504.5,0.492751967504443,0.107240519440181,0.43787187920646,2.0979020979021,3.56435643564356
"Il1rn","Il1rn","neonate",0.380473135301348,-0.0518309831081064,214223.5,0.494411364213344,0.501398022191198,0.78670457477576,9.32400932400932,10.2970297029703
"Egfr","Egfr","neonate",0.267770276185684,-0.0519043471214465,214190.5,0.494335202751044,0.430518628141057,0.736470963589351,6.64335664335664,7.72277227722772
"Ccl20","Ccl20","neonate",0.228932386210859,-0.0522657313094646,213957,0.493796302707194,0.358212237226584,0.690954949566221,5.71095571095571,6.93069306930693
"Tfeb","Tfeb","neonate",0.229089488533711,-0.0535916069819685,213926.5,0.493725911052644,0.352783400245887,0.688588963929965,5.71095571095571,6.93069306930693
"Tnfsf10","Tnfsf10","neonate",0.198095265107981,-0.0538815590430353,214284.5,0.494552147522445,0.385636058307739,0.705188122551138,4.89510489510489,5.94059405940594
"St6gal1","St6gal1","neonate",0.634934402018043,-0.0538985537914959,213297.5,0.492274227422742,0.450442617024297,0.750383416645457,15.034965034965,16.6336633663366
"Jag1","Jag1","neonate",0.396829093136972,-0.054211627222271,213564.5,0.492890442890443,0.403329226408181,0.71566817190575,9.67365967365967,11.0891089108911
"Mt2","Mt2","neonate",0.154131278208432,-0.0543643509609576,213588,0.492944679083293,0.212996648481265,0.559295520747999,3.72960372960373,5.14851485148515
"Ptgs1","Ptgs1","neonate",0.100454147277327,-0.0545583343025892,213633,0.493048535622793,0.151745657594324,0.486451499640662,2.56410256410256,3.96039603960396
"Ccr5","Ccr5","neonate",0.140227140865604,-0.0546580785419655,214429,0.494885642410395,0.336974520689098,0.672060396895851,3.37995337995338,4.35643564356436
"Iapp","Iapp","neonate",0.0404613739783188,-0.0548502932242692,213763,0.493348565625793,0.0542771638114784,0.295706733989311,1.04895104895105,2.37623762376238
"Oasl1","Oasl1","neonate",0.179037865963591,-0.0553076060751685,213753,0.493325486394793,0.271402712623823,0.614973873831709,4.42890442890443,5.74257425742574
"Il11","Il11","neonate",0.117591848866371,-0.0560560305217636,213930,0.493733988783494,0.216306729908451,0.563075221197718,2.91375291375291,4.15841584158416
"Fabp4","Fabp4","neonate",0.156561652227464,-0.056637069882272,213059,0.491723787763392,0.153832930422765,0.488589688913908,3.84615384615385,5.54455445544555
"Hdac4","Hdac4","neonate",0.280874995947959,-0.0574326648882367,213357,0.492411548847192,0.300075764319965,0.635672305529924,6.75990675990676,8.31683168316832
"Hsp90ab1","Hsp90ab1","neonate",1.1461854167356,-0.0579429737862882,213062.5,0.491731865494242,0.513759885796627,0.78670457477576,26.9230769230769,27.1287128712871
"Angptl1","Angptl1","neonate",0.139591531432242,-0.0591081623667616,213840,0.493526275704494,0.237008854013078,0.592225131456237,3.4965034965035,4.75247524752475
"Hif1a","Hif1a","neonate",0.130289197650484,-0.0594434928074172,213633.5,0.493049689584343,0.200190074207704,0.54832891864033,3.37995337995338,4.75247524752475
"Inhbb","Inhbb","neonate",0.382345978228056,-0.0601123598521588,214062.5,0.494039788594244,0.473374041447302,0.771166534841439,9.32400932400932,10.2970297029703
"Epha7","Epha7","neonate",0.12518006559084,-0.0605128167922907,213585,0.492937755313993,0.18069041800005,0.536578860699397,3.14685314685315,4.55445544554455
"Cd40","Cd40","neonate",0.52071104226905,-0.061563716760174,213260.5,0.492188834268042,0.410211147016036,0.721847492550158,12.4708624708625,14.0594059405941
"Notch2","Notch2","neonate",0.858709615812803,-0.061863506310836,213351.5,0.492398855270142,0.507430044689646,0.78670457477576,20.2797202797203,21.3861386138614
"Clec4e","Clec4e","neonate",0.249498016979898,-0.0620595055119293,213916.5,0.493702831821644,0.373819114104009,0.699245134637329,6.41025641025641,7.52475247524752
"Col14a1","Col14a1","neonate",0.047652319608792,-0.0624576846175901,213182.5,0.492008816266242,0.0303572779434926,0.214370210034509,1.16550116550117,2.77227722772277
"Ppara","Ppara","neonate",0.0655263583347861,-0.0624629368712467,213300.5,0.492281151192042,0.0608029952684892,0.306893532663695,1.63170163170163,3.16831683168317
"Twist1","Twist1","neonate",0.0432083431923869,-0.0630187238474915,212926.5,0.491417987952641,0.0175651414233201,0.154977398221683,1.04895104895105,2.77227722772277
"Ddr2","Ddr2","neonate",0.0739649058219997,-0.0632854314033254,212971.5,0.491521844492142,0.0527058610677395,0.290319024776444,1.86480186480186,3.56435643564356
"Tap1","Tap1","neonate",1.16515488196519,-0.0639744712702235,213085,0.491783793763992,0.520345589073268,0.788802455962407,27.2727272727273,28.5148514851485
"Ryk","Ryk","neonate",0.389946477578102,-0.0652670100905339,213740,0.493295483394493,0.430654535378728,0.736470963589351,9.79020979020979,10.8910891089109
"Gzma","Gzma","neonate",0.156958999243435,-0.0663647184438518,213882,0.493623208474694,0.244105140073166,0.59707166453162,3.4965034965035,4.75247524752475
"Igha","Igha","neonate",0.261960813939418,-0.0672245824784972,213803,0.493440882549793,0.359022547898124,0.691014440645617,6.52680652680653,7.72277227722772
"Stat1","Stat1","neonate",1.084164834322,-0.067412949997119,213092,0.491799949225692,0.511420530289981,0.78670457477576,25.5244755244755,26.7326732673267
"Nfkbia","Nfkbia","neonate",1.42998646018332,-0.0674477700794645,212729.5,0.490963327101941,0.507408069151458,0.78670457477576,33.2167832167832,34.4554455445545
"Cd53","Cd53","neonate",1.36223885195202,-0.0687160900051178,212060.5,0.489419326548039,0.428045098680278,0.735430834606157,31.2354312354312,32.0792079207921
"Lpar5","Lpar5","neonate",0.827262763842248,-0.0720897780952112,213327.5,0.492343465115742,0.500749663854716,0.78670457477576,20.04662004662,20.5940594059406
"Anxa2","Anxa2","neonate",0.423700959319874,-0.0730266470680267,211538.5,0.488214590689838,0.183060540498625,0.538664507657809,10.1398601398601,12.8712871287129
"Cd19","Cd19","neonate",4.52373552038844,-0.0739114171079471,200521,0.462787047935563,0.0215897008453042,0.169487651517861,100,100
"Ifih1","Ifih1","neonate",0.23942833657467,-0.0739634103013794,212948.5,0.491468762260841,0.223539219618395,0.572926997325295,6.06060606060606,7.72277227722772
"Bax","Bax","neonate",0.615256949875383,-0.074948417421,213308.5,0.492299614576842,0.44833680354924,0.750383416645457,14.9184149184149,16.039603960396
"Pcna","Pcna","neonate",0.576248087227942,-0.0770057653954166,212521,0.49048212513559,0.336630929445378,0.672060396895851,13.7529137529138,15.6435643564356
"Il18r1","Il18r1","neonate",0.240304563573906,-0.078291432508745,213727,0.493265480394193,0.32651322269591,0.664354455158822,5.94405594405594,7.12871287128713
"Htt","Htt","neonate",0.594408870103663,-0.078462772678347,212656.5,0.490794848715641,0.364737785402552,0.693983991550104,14.6853146853147,16.4356435643564
"Fcgbp","Fcgbp","neonate",0.22419497351296,-0.0785285671786914,212934,0.491435297375891,0.209619366571275,0.559295520747999,5.71095571095571,7.32673267326733
"Foxf1","Foxf1","neonate",0.594484783998157,-0.0794405891255656,212680,0.490849084908491,0.364659570669844,0.693983991550104,14.5687645687646,16.039603960396
"H2-M3","H2-M3","neonate",0.944702293060185,-0.0818829594157529,212119,0.48955434004939,0.384272033749702,0.705188122551138,22.6107226107226,24.5544554455446
"Ighg1","Ighg1","neonate",0.307198277016938,-0.0831550110088792,212119.5,0.48955549401094,0.179285627061979,0.536189000567414,7.57575757575758,9.7029702970297
"Gpr183","Gpr183","neonate",0.341239311553249,-0.0834811203065943,212295,0.48996053451499,0.214086199473399,0.559295520747999,8.39160839160839,10.2970297029703
"Csf1r","Csf1r","neonate",0.141624575599891,-0.0843384485818776,212011,0.489305084354589,0.0632308663404371,0.311627788488612,3.61305361305361,5.74257425742574
"Etv4","Etv4","neonate",0.227221200780599,-0.0850177708088657,212204.5,0.48975166747444,0.137483035267753,0.470239630917948,5.71095571095571,7.72277227722772
"Casp8","Casp8","neonate",0.418913052063808,-0.0861305033481105,212270.5,0.48990399039904,0.25268309951947,0.599821548145028,10.3729603729604,12.2772277227723
"Cd27","Cd27","neonate",0.26277125312632,-0.0867173716457298,212374,0.49014286043989,0.165960746097544,0.506019275546512,6.17715617715618,8.11881188118812
"Cidea","Cidea","neonate",0.29769501476716,-0.0918712730191929,212521,0.49048212513559,0.217297541393172,0.564181377002584,7.57575757575758,9.30693069306931
"Lgals1","Lgals1","neonate",0.513467219971432,-0.0933705417938986,212739,0.490985252371391,0.340717082543686,0.672060396895851,12.4708624708625,13.8613861386139
"Glud1","Glud1","neonate",0.678804677483567,-0.0938980389513946,211913,0.489078907890789,0.303970526173758,0.638018135989972,16.3170163170163,18.4158415841584
"Arhgdib","Arhgdib","neonate",0.949152104305913,-0.0960523050993531,211507,0.488141891112188,0.32386218159478,0.660307965337415,22.6107226107226,24.7524752475248
"C1qb","C1qb","neonate",0.202355306673202,-0.0974282752471235,211068.5,0.487129866832837,0.0511256353684982,0.28797886136945,4.89510489510489,7.52475247524752
"C1qc","C1qc","neonate",0.169509024611983,-0.097762863870501,211328,0.487728772877288,0.0446371416463964,0.258401691460591,4.07925407925408,6.53465346534654
"Sqstm1","Sqstm1","neonate",1.43951673205811,-0.0992471600907046,210992.5,0.486954464677237,0.340857437620002,0.672060396895851,33.4498834498835,35.4455445544554
"Npr1","Npr1","neonate",0.87540959020979,-0.101051523231305,211319,0.487708001569388,0.290878607496757,0.634586371278484,20.5128205128205,23.1683168316832
"Ndrg1","Ndrg1","neonate",0.230208037024047,-0.101120673105195,211540,0.488218052574488,0.0877269333820748,0.388062918203046,5.59440559440559,7.92079207920792
"Pld3","Pld3","neonate",0.894294069025569,-0.101269489829372,211218.5,0.487476055297837,0.288059281355773,0.630895432113235,21.6783216783217,23.1683168316832
"Csf2rb","Csf2rb","neonate",0.253514814584961,-0.101899572718819,210688,0.486251702093286,0.0604384933895074,0.306893532663695,6.29370629370629,9.10891089108911
"Itgam","Itgam","neonate",0.478951900521404,-0.10684289612566,211063,0.487117173255787,0.16693534338311,0.507422369978538,11.6550116550117,14.0594059405941
"H2-Ob","H2-Ob","neonate",1.52605978014312,-0.107474311389015,210681,0.486235546631586,0.321141720699721,0.658114133881593,34.7319347319347,37.2277227722772
"Cenpf","Cenpf","neonate",0.536712542862058,-0.111225137946878,211832.5,0.488893120081239,0.254837453306582,0.600484352602297,13.4032634032634,14.8514851485149
"Ptprc","Ptprc","neonate",4.53683016343898,-0.112071474394632,192015,0.443155854046943,0.000448837742102211,0.0127854636821687,100,100
"Cxcr5","Cxcr5","neonate",0.734867285487534,-0.114613977351405,210978.5,0.486922153753837,0.232344252315297,0.59093678458763,17.5990675990676,19.8019801980198
"Fyb","Fyb","neonate",0.18535948283006,-0.116184183764815,210915.5,0.486776754598537,0.0388476088991037,0.245133329572192,4.54545454545455,7.12871287128713
"Cd2","Cd2","neonate",0.955749616638216,-0.117006049491857,210774.5,0.486451337441436,0.255686426926179,0.600484352602297,22.027972027972,24.3564356435644
"H2-D1","H2-D1","neonate",1.8493273779388,-0.117964606841958,208342,0.480837314500681,0.190742472666426,0.543033106876233,42.5407925407925,44.5544554455446
"Bmpr1a","Bmpr1a","neonate",0.0949895565019741,-0.119858017910236,210121,0.484943109695585,0.00327520008422964,0.0535307292455238,2.33100233100233,5.34653465346535
"Cd22","Cd22","neonate",1.44240168943701,-0.120200253754624,210032.5,0.484738858501235,0.262259827407339,0.603863852021056,32.6340326340326,35.049504950495
"Crip1","Crip1","neonate",1.4171020320794,-0.124950896104192,208893,0.482108980128782,0.181827848842201,0.537929867346216,32.0512820512821,31.6831683168317
"Rack1","Rack1","neonate",1.74069099701093,-0.125516192477436,207752,0.479475639871679,0.151114109888392,0.486451499640662,39.044289044289,40.3960396039604
"Fyn","Fyn","neonate",0.433714998144114,-0.128451312434739,210481,0.485773962011586,0.114123404175999,0.445258042055775,10.6060606060606,13.2673267326733
"Tpt1","Tpt1","neonate",2.84229843865821,-0.132479304033006,198294.5,0.457648457153408,0.00695346051408562,0.0835253028017273,60.6060606060606,60.3960396039604
"Uba52","Uba52","neonate",2.87208152452805,-0.133562877476516,204820.5,0.472709963304023,0.0822268835089583,0.373537315989331,60.3729603729604,61.5841584158416
"Ccl4","Ccl4","neonate",0.368261410679987,-0.13640847651774,209335.5,0.483130236100533,0.0473522336950873,0.270974967167801,8.97435897435897,12.2772277227723
"Krt6a","Krt6a","neonate",0.294864033336662,-0.148654033369547,208955.5,0.482253225322532,0.0235778873247781,0.179443921090105,7.22610722610723,10.6930693069307
"Cd83","Cd83","neonate",0.199769301006843,-0.150318009703213,208265.5,0.480660758383531,0.00506503122916789,0.0682294452937495,5.01165501165501,8.91089108910891
"Tgfbr2","Tgfbr2","neonate",1.03152243649989,-0.150571219159341,208574,0.481372752659881,0.131749103739778,0.464147902574413,24.009324009324,27.3267326732673
"Il10ra","Il10ra","neonate",0.782807638586662,-0.15221048689084,208756.5,0.481793948625632,0.105271428754284,0.435500474971042,18.2983682983683,21.980198019802
"H2-DMa","H2-DMa","neonate",1.09955869819453,-0.152767801116774,208196.5,0.480501511689631,0.124979388311557,0.461209971248737,26.3403263403263,28.9108910891089
"Fau","Fau","neonate",2.33771399968416,-0.156990595094753,205997.5,0.475426388792725,0.108402924390401,0.43787187920646,51.6317016317016,54.0594059405941
"C1qa","C1qa","neonate",0.398145663040185,-0.160412977189959,208715.5,0.481699323778532,0.0364334490214207,0.237412736433702,9.55710955710956,13.0693069306931
"Ccl2","Ccl2","neonate",0.177804348985951,-0.161671523690457,207955.5,0.47994530222253,0.00266218567173648,0.045779050992289,4.54545454545455,8.51485148514852
"Ccl5","Ccl5","neonate",0.364561103874293,-0.162967284564762,211156,0.487331810104087,0.112904067811868,0.445258042055775,8.04195804195804,10.2970297029703
"Cotl1","Cotl1","neonate",1.01179611185973,-0.170178535669113,208323,0.480793463961781,0.116991153326981,0.445258042055775,23.3100233100233,26.9306930693069
"Mtor","Mtor","neonate",0.784346999111459,-0.173901960713795,207299,0.478430150707378,0.0578248730766656,0.306893532663695,18.997668997669,22.3762376237624
"Il3ra","Il3ra","neonate",0.377916793102791,-0.175001087900921,208378,0.480920399732281,0.0282120029442167,0.205309247703533,9.44055944055944,12.8712871287129
"Birc3","Birc3","neonate",1.16255995398731,-0.175049215596937,207641.5,0.479220614369129,0.106823557847462,0.43787187920646,27.039627039627,30.6930693069307
"Ezr","Ezr","neonate",1.23129733227758,-0.176594505279369,206990,0.477717002469478,0.089151466849898,0.391559526208583,28.6713286713287,31.8811881188119
"Igkc","Igkc","neonate",4.71775488938626,-0.179639280518692,193127.5,0.445723418495696,0.000780443097571303,0.0197138969197201,82.5174825174825,83.1683168316832
"H2-DMb1","H2-DMb1","neonate",1.60973072215991,-0.19490280405832,205334,0.473895081815874,0.0634507934435188,0.311627788488612,36.1305361305361,39.4059405940594
"Cd44","Cd44","neonate",0.71846861319144,-0.197932553181491,206273,0.476062221606776,0.0316327226433039,0.216733952332277,17.4825174825175,22.1782178217822
"Tyrobp","Tyrobp","neonate",0.379886585686768,-0.199044568051891,206044.5,0.475534861178426,0.0048967483665424,0.0678063627978163,8.85780885780886,13.8613861386139
"Tlr2","Tlr2","neonate",0.624101755704742,-0.21263461857149,206086.5,0.475631793948626,0.0206491583859807,0.168371788749769,15.1515151515152,19.4059405940594
"Dcn","Dcn","neonate",0.367962991302896,-0.233889292191448,204526.5,0.472031433912622,0.0014811702022171,0.0292987196951782,8.97435897435897,14.4554455445545
"Ins1","Ins1","neonate",0.243439457633295,-0.240315774700642,206519,0.476629970689377,0.00164145344298964,0.0308779072200128,5.94405594405594,10.2970297029703
"Icosl","Icosl","neonate",0.928369168495798,-0.241228604366552,203817,0.47039396247317,0.0146610660948227,0.134101677949892,22.1445221445221,27.1287128712871
"Srgn","Srgn","neonate",1.69636999756536,-0.247820754399247,203186.5,0.468938816958619,0.0306440130486032,0.214370210034509,38.4615384615385,43.3663366336634
"Clu","Clu","neonate",0.151746869601215,-0.259351580395102,202661.5,0.467727157331118,1.99479053046774e-06,0.000180800559897848,3.84615384615385,10.2970297029703
"Emp3","Emp3","neonate",0.35171218457779,-0.279181252657473,202046.5,0.466307784624616,0.000134776627647678,0.00516816529864366,8.62470862470862,15.2475247524752
"Hsp90aa1","Hsp90aa1","neonate",0.629886332864428,-0.284685918530942,201903.5,0.465977751621316,0.00149873089714553,0.0292987196951782,14.9184149184149,21.7821782178218
"Sell","Sell","neonate",1.44729028620732,-0.307604693078619,201070.5,0.464055251679014,0.00912352996697459,0.0994006442100889,32.6340326340326,38.8118811881188
"B2m","B2m","neonate",2.9425171961991,-0.351317841680754,186438.5,0.43028572087978,1.02848550333879e-05,0.000603176498134572,62.3543123543124,65.9405940594059
"H2-DMb2","H2-DMb2","neonate",2.49629352460703,-0.35819856347835,195109.5,0.4502977220799,0.00128873957523614,0.0274794969450113,53.030303030303,58.4158415841584
"H2-K1","H2-K1","neonate",2.24883893148117,-0.376893246646439,193395,0.446340787924946,0.000428692238717668,0.0127854636821687,49.1841491841492,55.0495049504951
"S100a6","S100a6","neonate",0.998228129027353,-0.382006520706203,197663,0.456191003715756,0.000421126407275775,0.0127854636821687,23.0769230769231,29.9009900990099
"Cxcl13","Cxcl13","neonate",0.244807264269656,-0.3833075067391,199215.5,0.45977405432851,3.92807480848308e-07,4.89536323007203e-05,5.82750582750583,13.6633663366337
"Ciita","Ciita","neonate",1.09071237492314,-0.387934624839905,196386,0.453243785917053,0.000281245394403043,0.00934672194066114,25.5244755244755,33.0693069306931
"H2-Eb1","H2-Eb1","neonate",2.35509679646362,-0.408169862407506,192414.5,0.444077869325394,0.000260702696262292,0.00896277890253467,50.3496503496504,56.6336633663366
"Cr2","Cr2","neonate",0.91295542188306,-0.478176529840911,192395,0.444032864824944,5.79827870800869e-06,0.00038613318124393,21.4452214452214,31.4851485148515
"H2-Aa","H2-Aa","neonate",1.49229167703068,-0.487829085002507,190044,0.438606937616839,1.18540767537473e-05,0.000656584140193672,33.7995337995338,42.1782178217822
"Cd74","Cd74","neonate",4.53893521296373,-0.568487106030813,161939.5,0.373743912852824,5.71773617853364e-15,1.14011659399961e-12,82.8671328671329,86.9306930693069
"H2-Ab1","H2-Ab1","neonate",2.28049248409143,-0.577081507031731,185105,0.427208105425927,1.9389890475655e-06,0.000180800559897848,48.7179487179487,58.4158415841584
"Ighd","Ighd","neonate",2.09001373405664,-0.57743413464386,185902,0.429047520136629,2.63611241841604e-06,0.000219017006763399,45.4545454545455,55.8415841584158
"Cd55","Cd55","neonate",1.77464822380425,-0.601186227687472,184910.5,0.426759214382977,5.96495477286091e-07,6.60784434282481e-05,39.3939393939394,50.6930693069307
