"","feature","group","avgExpr","logFC","statistic","auc","pval","padj","pct_in","pct_out"
"Sell","Sell","neonate",1.74965000475604,1.15041477566948,77820,0.623317954632834,1.65803869149986e-14,4.1326614385634e-12,36.7647058823529,13.5076252723312
"Klf2","Klf2","neonate",1.81682059474959,1.08145755392031,77686.5,0.622248654363706,6.69997852730968e-13,1.33597571834555e-10,41.5441176470588,16.557734204793
"Pecam1","Pecam1","neonate",1.12494515280137,0.662009519700662,72500,0.580706138664616,3.20371293128077e-08,2.15151345686861e-06,27.2058823529412,11.5468409586057
"Ccr7","Ccr7","neonate",1.02026953508599,0.659589570840478,71796.5,0.575071286684608,1.50360297098971e-08,1.3628110564334e-06,23.1617647058824,8.27886710239651
"Ighm","Ighm","neonate",0.90985267033289,0.622441637192404,71423,0.572079648853005,6.69528937631352e-09,7.41689278687175e-07,20.9558823529412,6.5359477124183
"Tnfrsf14","Tnfrsf14","neonate",1.6562216626381,0.592835188768599,70847,0.567466038703063,0.000143170443837359,0.00432548280320749,37.1323529411765,24.400871459695
"Acp5","Acp5","neonate",1.13774025905994,0.585877406355125,71071,0.56926022042804,3.20027981021939e-06,0.000151937093847082,26.8382352941176,13.0718954248366
"Bcl2","Bcl2","neonate",1.17595575185189,0.571347180698722,70592,0.565423555042932,1.37757088001366e-05,0.000597147029292878,26.8382352941176,13.9433551198257
"Cd53","Cd53","neonate",1.74168422749312,0.569264173773439,70566,0.565215301806997,0.000353444443212249,0.00850196120405939,40.0735294117647,26.797385620915
"Fyb","Fyb","neonate",1.69351453142844,0.566796434317834,70676.5,0.566100378059721,0.000270797356725397,0.00720127356238238,38.9705882352941,26.5795206971678
"Ezr","Ezr","neonate",1.34826551549788,0.562800747671047,70859,0.567562155581187,4.09968986458782e-05,0.00151384844259039,31.9852941176471,18.7363834422658
"Hsp90ab1","Hsp90ab1","neonate",1.58339279195271,0.561587099897919,70888.5,0.567798442906574,0.000139392634997721,0.00432548280320749,37.8676470588235,24.400871459695
"Hmgb2","Hmgb2","neonate",1.5682913609405,0.5488401227429,70132.5,0.561743079584775,0.000366684384929342,0.00850196120405939,33.8235294117647,23.3115468409586
"Ets1","Ets1","neonate",2.06935397623345,0.545123224533917,71293,0.571038382673331,0.000271378194243608,0.00720127356238238,45.9558823529412,35.7298474945534
"Ppia","Ppia","neonate",4.06832395269899,0.506436711255213,71655.5,0.573941913366654,0.000761001356276271,0.0128596330882617,81.9852941176471,73.4204793028322
"Tcf7","Tcf7","neonate",0.760538911572242,0.485272873676572,69473,0.556460656157888,1.42351696323207e-06,8.34850830789633e-05,17.6470588235294,6.10021786492375
"Arhgdib","Arhgdib","neonate",1.55863130153001,0.478253704391602,69792,0.559015763168012,0.000948436985119265,0.0152514786155469,36.3970588235294,25.7080610021786
"Cdh5","Cdh5","neonate",1.14419592338345,0.471645044490954,69319,0.555227156221966,0.000385517617016557,0.00854135698145573,26.8382352941176,16.557734204793
"Cd27","Cd27","neonate",1.33454494288192,0.466823714863873,69236.5,0.554566352684865,0.00107092756726792,0.0166830435088455,31.25,20.479302832244
"Xcl1","Xcl1","neonate",0.544576135236646,0.466787672910818,69271.5,0.554846693579393,1.75598689937907e-09,2.18839867335117e-07,12.8676470588235,1.96078431372549
"Hsp90aa1","Hsp90aa1","neonate",0.90182396347143,0.463974250392194,69549.5,0.557073401255927,2.67563679166913e-05,0.00102600380049774,22.0588235294118,10.239651416122
"Chil1","Chil1","neonate",0.719956787185869,0.457151779782162,69262.5,0.5547746059208,2.90129444326035e-06,0.000146510396217948,17.2794117647059,6.31808278867102
"Stmn1","Stmn1","neonate",1.34079591656596,0.442684564082965,68995,0.552632000512623,0.00171235505588587,0.0237113609821974,30.8823529411765,21.3507625272331
"Cd93","Cd93","neonate",0.789559332995485,0.435576902846566,68846.5,0.551442554145841,4.55607443246817e-05,0.0016222879318467,18.75,8.49673202614379
"Adgrg5","Adgrg5","neonate",0.802263135569564,0.424900957245549,68621.5,0.54964036268102,9.7391289322383e-05,0.00323663718181386,18.75,8.93246187363835
"Cxcr4","Cxcr4","neonate",0.627939019884983,0.421536558221678,68871,0.551638792772011,2.61591980429718e-06,0.000144892891382461,15.4411764705882,5.22875816993464
"Eno1/b","Eno1/b","neonate",1.08226334548456,0.409980768757313,68659.5,0.549944732795079,0.00121229365027818,0.0182631527716438,26.4705882352941,16.1220043572985
"Gata3","Gata3","neonate",0.679368766891363,0.402066069255654,68692.5,0.550209054209919,2.0183843248219e-05,0.000838470488269766,16.9117647058824,6.75381263616558
"Btf3","Btf3","neonate",1.00540579071154,0.401693239081806,68657.5,0.549928713315392,0.000815894236197368,0.0135574425581463,24.6323529411765,14.5969498910675
"Cd69","Cd69","neonate",0.922023749704271,0.401678435659893,68481.5,0.548518999102909,0.000558657780915981,0.0103669989008142,22.0588235294118,12.2004357298475
"Eif5a","Eif5a","neonate",1.74196038719691,0.39992690812943,68396,0.547834166346277,0.0108865732985804,0.0833581716478406,40.0735294117647,31.5904139433551
"Txk","Txk","neonate",0.810843845845229,0.388179568900866,68012,0.544758426246316,0.000561502447987931,0.0103669989008142,18.75,9.80392156862745
"Sod1","Sod1","neonate",1.97832112074216,0.379991217872239,67762.5,0.542759996155325,0.0293119960032167,0.152731927288212,45.9558823529412,37.037037037037
"Mif","Mif","neonate",1.57110387491699,0.379720778617519,68510.5,0.548751281558375,0.00740243628946588,0.0677085227577751,36.0294117647059,28.7581699346405
"Cd3d","Cd3d","neonate",2.42511047742889,0.367537340928583,67323.5,0.539243720363963,0.0566028315876413,0.227552512471284,54.0441176470588,45.9694989106754
"Myl12a","Myl12a","neonate",1.29491540768917,0.363726552998295,68058,0.545126874279123,0.00763843519414462,0.068608287284344,30.5147058823529,22.4400871459695
"Btg1","Btg1","neonate",1.1033350850726,0.363037231072721,68157,0.545919838523645,0.0037395914827048,0.0433531710262405,26.4705882352941,18.3006535947712
"Ccr9","Ccr9","neonate",0.569516454890405,0.360602142461631,67676,0.542067153658849,4.89898574325741e-05,0.00168423751242332,13.2352941176471,4.79302832244009
"Xbp1","Xbp1","neonate",0.902587214725927,0.359030678815125,67901,0.54386934512367,0.00209372646340281,0.0274663853159553,22.0588235294118,13.0718954248366
"Top2a","Top2a","neonate",0.621614399065784,0.358934326163707,67827.5,0.543280629245162,0.000138696953138663,0.00432548280320749,15.0735294117647,6.5359477124183
"Pcna","Pcna","neonate",1.0445525020755,0.358524190803905,67656.5,0.541910963731898,0.0061859056040695,0.0597261958474416,24.6323529411765,16.557734204793
"H2-Ob","H2-Ob","neonate",0.64847010847331,0.347053463457923,67835.5,0.543344707163911,0.000274471810802939,0.00720127356238238,16.1764705882353,7.62527233115468
"Rgcc","Rgcc","neonate",0.697081824304389,0.346415164236617,67900.5,0.543865340253749,0.000364147407416446,0.00850196120405939,17.2794117647059,8.27886710239651
"Jchain","Jchain","neonate",0.72929776949406,0.335525164392878,67405,0.53989651416122,0.00148522578631086,0.0217760310139989,17.2794117647059,9.15032679738562
"Junb","Junb","neonate",0.950165194951534,0.328986580288649,67456,0.540305010893246,0.00623021501317345,0.0597261958474416,23.1617647058824,14.5969498910675
"Tubb5","Tubb5","neonate",1.40522044810655,0.327615468619115,67327,0.539271754453415,0.0246685926533434,0.137558968960509,31.9852941176471,25.4901960784314
"Ramp2","Ramp2","neonate",0.70749933874027,0.326215391235458,67317.5,0.539195661924901,0.00161646304316995,0.0230133895467554,16.9117647058824,8.93246187363835
"Itga6","Itga6","neonate",0.674180308846484,0.325059871597539,67138.5,0.537761918492887,0.00182253164901613,0.0242720045681029,15.8088235294118,8.49673202614379
"Ifitm2","Ifitm2","neonate",0.999813852895304,0.32209674129617,67145.5,0.537817986671793,0.0124761608661337,0.0888480884538239,23.8970588235294,16.1220043572985
"Lcn2","Lcn2","neonate",0.585837619255622,0.314038771511683,66889.5,0.535767493271818,0.00122731317522581,0.0182631527716438,13.6029411764706,6.5359477124183
"Cd47","Cd47","neonate",1.56078645686309,0.314036617695282,67098.5,0.537441528899141,0.0405449237291773,0.184581228118675,36.7647058823529,28.9760348583878
"Myl4","Myl4","neonate",0.583745756214382,0.312257597869331,67212.5,0.538354639241317,0.000677850790049732,0.0116520213393031,14.3382352941176,6.75381263616558
"Gstp1/2","Gstp1/2","neonate",1.20738088411327,0.310087328894561,67082.5,0.537313373061643,0.0246971468845849,0.137558968960509,28.6764705882353,21.5686274509804
"Tsc22d1","Tsc22d1","neonate",0.5474052202192,0.309174509947214,67082.5,0.537313373061643,0.000524733524508261,0.010328497092695,13.2352941176471,5.88235294117647
"Plcg1","Plcg1","neonate",1.43231427243037,0.307427951622677,66975,0.536452326028451,0.0402467599324187,0.184581228118675,33.8235294117647,26.5795206971678
"Jak1","Jak1","neonate",1.04125600161057,0.30694368172642,66992.5,0.536592496475714,0.0183657773179805,0.109644790335488,25,17.4291938997821
"Cd9","Cd9","neonate",0.723119784389111,0.306145540324486,67081.5,0.537305363321799,0.00403905312215397,0.0447437329198613,17.6470588235294,10.4575163398693
"Csk","Csk","neonate",1.61439043979866,0.305381295301546,66964.5,0.536368223760092,0.0496665907597112,0.208088321578786,37.5,30.718954248366
"Dpp4","Dpp4","neonate",0.794020477233143,0.303132082507217,66814,0.535162757913623,0.0091089357714179,0.074521857317767,18.75,11.7647058823529
"Nusap1","Nusap1","neonate",0.64329590347457,0.301431201820124,66903.5,0.53587962962963,0.00289741015139541,0.0348038303727858,15.4411764705882,8.49673202614379
"Il11ra1/2","Il11ra1/2","neonate",0.641566150608868,0.301413792982229,66904.5,0.535887639369473,0.00273978029699951,0.0334360853092714,15.4411764705882,8.27886710239651
"Pttg1","Pttg1","neonate",0.655757782814001,0.301103101175938,67076.5,0.537265314622581,0.00221116197870181,0.0286302401657883,16.1764705882353,8.49673202614379
"Stat6","Stat6","neonate",1.17072893826312,0.300150143498342,66970.5,0.536416282199154,0.0270518501657096,0.145787538460608,27.9411764705882,21.1328976034858
"Atg12","Atg12","neonate",0.50375432018052,0.298840089691913,66871.5,0.535623317954633,0.00052833836682793,0.010328497092695,12.1323529411765,5.22875816993464
"Nfkbia","Nfkbia","neonate",1.40766949289046,0.298127364493283,66662.5,0.53394928232731,0.0553060145084393,0.224146733597211,33.8235294117647,26.1437908496732
"Il17ra","Il17ra","neonate",0.961238732744889,0.297866634708448,66905.5,0.535895649109317,0.0157898276873094,0.104025600882477,22.7941176470588,15.4684095860566
"Adgrf5","Adgrf5","neonate",0.859317355004015,0.290603375571294,66889.5,0.535767493271818,0.0124271674443,0.0888480884538239,20.9558823529412,13.9433551198257
"Fabp5","Fabp5","neonate",0.564863997035891,0.290248976463557,66861,0.535539215686274,0.00163886725959843,0.0230133895467554,13.9705882352941,6.97167755991285
"Dnmt1","Dnmt1","neonate",0.826945300654599,0.28757988760897,66818,0.535194796872998,0.0119976091663768,0.0873110681669906,20.2205882352941,13.0718954248366
"Oas3","Oas3","neonate",0.47414602303459,0.285940497488558,66658,0.533913238498014,0.000644347887041549,0.0114716936317933,11.3970588235294,4.79302832244009
"Il4ra","Il4ra","neonate",0.815503740850717,0.282218461320111,66736.5,0.53454200307574,0.0130002903249276,0.0900089545413391,19.8529411764706,12.8540305010893
"Cd81","Cd81","neonate",0.969423697459488,0.280097118251917,66530.5,0.532891996667948,0.0288488215675382,0.151380395278082,22.7941176470588,16.3398692810458
"Lamp3","Lamp3","neonate",0.495856016148031,0.272936345495697,66424,0.5320389593746,0.00182587797653733,0.0242720045681029,11.7647058823529,5.44662309368192
"Il20ra","Il20ra","neonate",0.412957401149791,0.270317047507027,66593,0.533392605408176,0.000287916142130633,0.00736031778728823,10.2941176470588,3.7037037037037
"Dst","Dst","neonate",0.727665521721721,0.268714973819721,66520.5,0.532811899269512,0.0129642786588668,0.0900089545413391,18.0147058823529,11.1111111111111
"Igf1","Igf1","neonate",0.477398116543465,0.26756797063991,66699.5,0.534245642701525,0.000862531557281053,0.0140974420099871,12.1323529411765,5.22875816993464
"Mki67","Mki67","neonate",0.640638128103426,0.263359067049483,66204.5,0.530280821478918,0.0128949542842797,0.0900089545413391,15.0735294117647,9.15032679738562
"Relt","Relt","neonate",0.665713451206463,0.262893602492322,66596.5,0.533420639497629,0.00777394157758702,0.0692019620790558,16.5441176470588,9.58605664488017
"Hsp90b1","Hsp90b1","neonate",1.25447369927713,0.25974304969778,66491.5,0.532579616814046,0.0559874444362398,0.225989806084741,29.0441176470588,24.1830065359477
"Eng","Eng","neonate",0.755385390830179,0.258812860509779,66358,0.531510316544919,0.019438450972581,0.114704239413822,18.3823529411765,11.9825708061002
"Ephb4","Ephb4","neonate",0.388491290922875,0.254786407293925,66338,0.531350121748046,0.000375995144366454,0.00851970815757624,9.55882352941176,3.26797385620915
"Clec14a","Clec14a","neonate",0.494597203693061,0.25320079334673,66253.5,0.530673298731257,0.00381692679514064,0.043741103617876,12.1323529411765,6.10021786492375
"Plac9","Plac9","neonate",0.504655295148593,0.250306968292851,66069,0.529195501730104,0.00666230936769501,0.0626634192414332,12.1323529411765,6.5359477124183
"Ptprcap","Ptprcap","neonate",1.98843604961293,0.249047033732219,66168,0.529988465974625,0.130853747387915,0.359397207013089,45.5882352941176,40.0871459694989
"Chek1","Chek1","neonate",0.466847336300481,0.246711867328689,66182,0.530100602332436,0.00315180773582328,0.0374089561025691,11.3970588235294,5.44662309368192
"Ffar2","Ffar2","neonate",0.489856711388069,0.246441361542025,65881,0.527689670639498,0.00801021377934236,0.0697054907019827,11.3970588235294,6.10021786492375
"Hspb1","Hspb1","neonate",0.503660617769297,0.245358139776314,66053,0.529067345892605,0.00690572099522102,0.0643458302078071,12.1323529411765,6.5359477124183
"Tubb4b","Tubb4b","neonate",1.0351491759516,0.244639310939627,66129.5,0.529680090990645,0.060307125122098,0.231254629795122,24.6323529411765,19.1721132897603
"Arf1","Arf1","neonate",1.06387966679187,0.24457464974964,66083,0.529307638087915,0.0675364922481788,0.252186826859304,26.1029411764706,19.6078431372549
"Fau","Fau","neonate",3.10742758845566,0.244047706702597,66607.5,0.533508746635909,0.120986247041437,0.344637966572322,67.2794117647059,62.962962962963
"Il16","Il16","neonate",0.919154046569848,0.241811076138265,66139,0.529756183519159,0.0467165918492874,0.200760526179912,22.4264705882353,16.1220043572985
"Fas","Fas","neonate",0.333833917925133,0.23974507638633,66013,0.528746956298859,0.000300672891442738,0.00749427181921026,8.08823529411765,2.39651416122004
"Acvrl1","Acvrl1","neonate",0.471834649758026,0.235365238137265,66061,0.529131423811355,0.00563453779233697,0.0556201403857422,11.7647058823529,6.10021786492375
"Ifna","Ifna","neonate",0.507773698087839,0.235073846608135,66035.5,0.528927175445342,0.00804025218728988,0.0697054907019827,12.5,6.75381263616558
"Atp5b","Atp5b","neonate",1.24465819082191,0.235057634327559,65834.5,0.527317217736768,0.110399468426374,0.330697103716084,29.7794117647059,24.1830065359477
"Sox4","Sox4","neonate",1.09297351113652,0.234869264218786,65944.5,0.528198289119569,0.0800108105546466,0.278918804625813,25.3676470588235,20.479302832244
"Hilpda","Hilpda","neonate",0.54619811971869,0.232003826929098,66024,0.52883506343714,0.0121733229776339,0.0879478478891379,13.6029411764706,7.84313725490196
"Ms4a4b","Ms4a4b","neonate",1.58562997340055,0.23160898203787,66026.5,0.528855087786749,0.120834541390454,0.344637966572322,36.7647058823529,31.8082788671024
"Birc3","Birc3","neonate",0.758418432380827,0.231155998554289,65914,0.527953992054338,0.0420696482093266,0.186374452165616,18.3823529411765,13.0718954248366
"Fgf18","Fgf18","neonate",0.597222370664981,0.228296553373325,65824,0.52723311546841,0.0230230970240135,0.131919699614606,14.3382352941176,8.93246187363835
"Atr","Atr","neonate",0.664719718194053,0.228053434174539,65957.5,0.528302415737537,0.0263011015765888,0.144874023601431,16.1764705882353,10.4575163398693
"Col4a2","Col4a2","neonate",0.603792440713152,0.226427892407166,65717.5,0.526380078175061,0.0294127683443698,0.152731927288212,14.3382352941176,9.3681917211329
"Glul","Glul","neonate",0.652939775302067,0.221099356001579,65640.5,0.5257633282071,0.0411686620493348,0.185724688068719,15.4411764705882,10.4575163398693
"Clec1a","Clec1a","neonate",0.323196101728379,0.220371207662483,65937.5,0.528142220940664,0.000402150753800177,0.00871618046823427,8.08823529411765,2.39651416122004
"Stat4","Stat4","neonate",0.729219088716133,0.212300867359817,65743,0.526584326541074,0.0513871526813631,0.214363980013887,18.0147058823529,12.8540305010893
"Col4a1","Col4a1","neonate",1.23152763563818,0.211288682717085,65475,0.524437716262976,0.149383878305682,0.384110716691739,27.9411764705882,24.1830065359477
"Ddc","Ddc","neonate",0.367384632044676,0.210315095632587,65518.5,0.524786139946175,0.00543710182013862,0.054207905146782,8.82352941176471,3.92156862745098
"Birc5","Birc5","neonate",0.444482856738777,0.210171446234175,65739.5,0.526556292451621,0.00919206163998473,0.074521857317767,11.0294117647059,5.66448801742919
"Ace","Ace","neonate",0.526087189550269,0.209767963863411,65614.5,0.525555074971165,0.024464416983188,0.137558968960509,12.8676470588235,7.84313725490196
"Apod","Apod","neonate",0.309053417097316,0.208804083540576,65635.5,0.525723279507882,0.00121872331528478,0.0182631527716438,7.72058823529412,2.61437908496732
"Ifngr1","Ifngr1","neonate",0.734593146520411,0.208072322454867,65447.5,0.524217448417275,0.0736393859751266,0.264087835329919,17.2794117647059,12.8540305010893
"Ly6d","Ly6d","neonate",0.557392903608235,0.202541922588186,65310.5,0.523120114058695,0.0496740426637422,0.208088321578786,13.2352941176471,8.93246187363835
"Il1b","Il1b","neonate",0.391337356159616,0.199309898398462,65426,0.524045239010637,0.0113017113166342,0.0847203472382276,9.55882352941176,4.79302832244009
"Hhex","Hhex","neonate",0.401372687071242,0.198614166267911,65504.5,0.524674003588363,0.0107560411207733,0.0833581716478406,9.92647058823529,5.01089324618736
"Col9a2","Col9a2","neonate",0.574194475230235,0.198343935857778,65460.5,0.524321575035243,0.0423566324856494,0.186374452165616,13.9705882352941,9.15032679738562
"Pten","Pten","neonate",0.365910472301856,0.197665631898506,65321.5,0.523208221196976,0.0108768887056798,0.0833581716478406,8.82352941176471,4.35729847494553
"Ighd","Ighd","neonate",0.496668322520843,0.197623104656399,65428,0.524061258490324,0.0296754033764793,0.152943973419275,12.1323529411765,7.40740740740741
"Naca","Naca","neonate",1.78436903607059,0.197447813951413,65279,0.52286780725362,0.237009243095772,0.501799997980222,41.1764705882353,36.6013071895425
"Dusp1","Dusp1","neonate",0.489467002509417,0.19692040476284,65330,0.523276303985647,0.0329610692730884,0.162955892975834,11.7647058823529,7.18954248366013
"Adgre5","Adgre5","neonate",1.15638044563364,0.195818584518417,65453,0.524261501986416,0.14750495589468,0.38360470863754,27.2058823529412,23.3115468409586
"Fn1","Fn1","neonate",0.545691565732325,0.195508247287614,65203,0.522259067025503,0.0544190889783203,0.222359966030268,12.8676470588235,8.49673202614379
"Igfbp5","Igfbp5","neonate",0.336987719404971,0.192190293948116,65496.5,0.524609925669614,0.00425817540213534,0.0451638391056269,8.45588235294118,3.48583877995643
"Sla","Sla","neonate",0.756088090482542,0.190836594506882,65257.5,0.522695597846982,0.101435897463858,0.317926659460475,18.0147058823529,13.7254901960784
"Il2rg","Il2rg","neonate",1.12853598118492,0.188588217544581,65322.5,0.523216230936819,0.163158894008185,0.406220705097347,26.8382352941176,22.8758169934641
"Nfkb1","Nfkb1","neonate",0.517503331149672,0.187805539261442,65283.5,0.522903851082917,0.0424343035522516,0.186374452165616,12.5,7.84313725490196
"Myl12b","Myl12b","neonate",0.818643419107012,0.186966071001742,65206,0.522283096245034,0.124400242863672,0.34944125887512,19.8529411764706,15.4684095860566
"Myc","Myc","neonate",0.889363106917469,0.186469123757421,65129.5,0.521670351146995,0.146311935742541,0.382868766234419,20.9558823529412,16.7755991285403
"Tnfrsf1b","Tnfrsf1b","neonate",1.03957660880722,0.186417688930447,65202.5,0.522255062155581,0.168082075841661,0.414669775817606,25,20.9150326797386
"Hdac1","Hdac1","neonate",0.723465023952599,0.186386468347862,65322,0.523212226066897,0.0901768661730929,0.301699112666355,17.6470588235294,13.2897603485839
"Il6ra","Il6ra","neonate",0.330540517404467,0.186318794209302,65285.5,0.522919870562604,0.0070394719585431,0.0649847550246988,8.08823529411765,3.48583877995643
"Scgb3a1","Scgb3a1","neonate",0.298486996025379,0.185204007754723,65359.5,0.523512591311034,0.00269801535422742,0.0334360853092714,7.35294117647059,2.61437908496732
"Rgs5","Rgs5","neonate",0.332967966954865,0.184882273188921,65184,0.522106881968474,0.0102403634890578,0.0810289079253227,8.08823529411765,3.7037037037037
"Nanog","Nanog","neonate",0.402240894895956,0.184864156845926,65319.5,0.523192201717288,0.0175313273002057,0.109021868439414,9.92647058823529,5.22875816993464
"Cpa3","Cpa3","neonate",0.256538585967606,0.183074254170957,65129,0.521666346277073,0.00225586858941736,0.0288346279955014,6.25,1.96078431372549
"Osm","Osm","neonate",0.440110702262396,0.182310822891074,65328.5,0.523264289375881,0.0258944241446702,0.14342633817909,11.0294117647059,6.31808278867102
"Gpx1","Gpx1","neonate",1.47290829799595,0.182020990994622,64978,0.520456875560682,0.26316257200914,0.524746168586225,34.9264705882353,30.0653594771242
"Isg15","Isg15","neonate",0.455620712776502,0.181824077855049,65275.5,0.522839773164168,0.0325114289887888,0.162069473509112,11.3970588235294,6.75381263616558
"Il7r","Il7r","neonate",1.12400449295803,0.181629577828559,64909.5,0.519908208381392,0.223829157854668,0.484073037703044,25.3676470588235,22.0043572984749
"Serpina1a","Serpina1a","neonate",0.30133411184998,0.181151447988407,65331,0.52328431372549,0.00441598771343786,0.0458618723989327,7.72058823529412,3.05010893246187
"Icos","Icos","neonate",0.469891260970417,0.178548477763922,65161.5,0.521926662821992,0.0415849260785091,0.186374452165616,11.3970588235294,6.97167755991285
"Pgk1","Pgk1","neonate",0.534588870789788,0.178525174086889,65208,0.522299115724721,0.05689518272275,0.22780922560073,13.2352941176471,8.71459694989107
"Icosl","Icosl","neonate",0.581897370472914,0.177912604831643,65053,0.521057606048956,0.085424228024099,0.290742730236109,13.9705882352941,10.0217864923747
"Calm3","Calm3","neonate",0.913751644111793,0.177237613059091,65184,0.522106881968474,0.149868674817539,0.384110716691739,22.4264705882353,18.082788671024
"Fzd5","Fzd5","neonate",0.52060377550353,0.176552353183054,65176.5,0.522046808919646,0.0552646461426832,0.224146733597211,12.8676470588235,8.27886710239651
"Tie1","Tie1","neonate",0.489233423178843,0.175482817829237,65177.5,0.52205481865949,0.0477336952370497,0.204251047859822,12.1323529411765,7.62527233115468
"Stat1","Stat1","neonate",1.48038210310287,0.174846135384075,65073,0.521217800845829,0.245154407401958,0.512408688007866,34.1911764705882,30.2832244008715
"Ldb2","Ldb2","neonate",0.268142657133757,0.174279494028214,65083,0.521297898244265,0.00438941134218875,0.0458618723989327,6.61764705882353,2.39651416122004
"Cd24a","Cd24a","neonate",0.335602722437222,0.174085779658078,65131,0.52168236575676,0.0150255490189651,0.101219407918299,8.45588235294118,4.13943355119826
"Cd5","Cd5","neonate",1.03191081127756,0.173782764522966,64903,0.519856145072408,0.213351891906649,0.473598926219759,24.2647058823529,20.2614379084967
"Clcf1","Clcf1","neonate",0.628612876517255,0.1735485511139,65030.5,0.520877386902473,0.0996410286347102,0.315371763647004,15.0735294117647,10.8932461873638
"Igf2r","Igf2r","neonate",0.680157180866745,0.172431848835649,64871,0.519599833397411,0.13945939591215,0.372475084192216,16.1764705882353,12.4183006535948
"Stat5b","Stat5b","neonate",0.925725389511142,0.171993894634265,65117,0.521570229398949,0.160011621309891,0.401885629297937,22.4264705882353,18.082788671024
"Tnfsf14","Tnfsf14","neonate",0.225073112537554,0.171492970160498,65051,0.521041586569268,0.0010050608462151,0.0159054867250231,5.51470588235294,1.30718954248366
"Tlr1","Tlr1","neonate",0.576466977903987,0.171208799196213,65147.5,0.52181452646418,0.0747680329795622,0.265280173952397,14.3382352941176,9.80392156862745
"Cd36","Cd36","neonate",0.43473041605531,0.171076886931673,64850,0.519431628860695,0.0607422888860796,0.2320308889633,10.2941176470588,6.5359477124183
"Pdcd1lg2","Pdcd1lg2","neonate",0.269540550656744,0.171071643757946,65057.5,0.521093649878252,0.00478137180439201,0.04815179483817,6.61764705882353,2.39651416122004
"Fes","Fes","neonate",0.413704210381394,0.171023576036495,65212,0.522331154684096,0.0298135481494611,0.152943973419275,10.6617647058824,6.10021786492375
"Rgs2","Rgs2","neonate",0.338668858647221,0.170599488478256,65003.5,0.520661123926695,0.0219229615237363,0.126342153983613,8.45588235294118,4.35729847494553
"Cxcl17","Cxcl17","neonate",0.340221062189416,0.170173718847652,65282.5,0.522895841343073,0.0110973182267608,0.083818380849095,8.82352941176471,4.13943355119826
"Cidea","Cidea","neonate",0.349354295933157,0.169717465352119,65181.5,0.522086857618865,0.0153691533429085,0.102153639219199,8.82352941176471,4.35729847494553
"Azgp1","Azgp1","neonate",0.32638054309445,0.168978254738936,65203.5,0.522263071895425,0.011556365728377,0.0859828106805363,8.45588235294118,3.92156862745098
"Ryr2","Ryr2","neonate",0.297492199430798,0.168644679429747,64997.5,0.520613065487633,0.0117302142443264,0.0866298044562473,7.35294117647059,3.26797385620915
"Ifit1","Ifit1","neonate",0.368550030372674,0.168560833145856,64856.5,0.519483692169678,0.0381862505805948,0.177905102003986,8.82352941176471,5.01089324618736
"Dll1","Dll1","neonate",0.345209106630506,0.167452782211312,65168.5,0.521982731000897,0.0158594697433666,0.104025600882477,8.82352941176471,4.35729847494553
"Cr2","Cr2","neonate",0.461726310657662,0.166327416177344,64944,0.520184544405998,0.0644226360818384,0.245150260204553,11.3970588235294,7.40740740740741
"Flt3l","Flt3l","neonate",0.678363195007505,0.165662471848413,64889,0.519744008714597,0.138227294722966,0.371462568298646,16.1764705882353,12.636165577342
"Aatk","Aatk","neonate",0.54502878668425,0.164631578977698,64998.5,0.520621075227477,0.0852351051962709,0.290742730236109,13.6029411764706,9.3681917211329
"Abl1","Abl1","neonate",0.483437997913866,0.163856839475955,64879.5,0.519667916186082,0.0774907389206081,0.272997408847513,11.7647058823529,7.84313725490196
"Il6st","Il6st","neonate",0.450649446120532,0.163052861132371,64792.5,0.518971068819685,0.0736010406931342,0.264087835329919,10.6617647058824,6.97167755991285
"Adgrl2","Adgrl2","neonate",0.361750854639205,0.16283239911397,65088.5,0.521341951813405,0.0231718308883676,0.132013230832586,9.19117647058824,4.79302832244009
"Nrg1","Nrg1","neonate",0.269400679224309,0.161875705489522,64825,0.519231385364603,0.0127254516515865,0.0899806758626362,6.61764705882353,2.8322440087146
"Rigi","Rigi","neonate",0.487688607115856,0.161605723848577,64951.5,0.520244617454825,0.0728783434203149,0.264087835329919,12.1323529411765,8.06100217864924
"Gsn","Gsn","neonate",1.47638075408552,0.161266938298689,64825,0.519231385364603,0.288729235852449,0.553582784894023,32.7205882352941,30.0653594771242
"Dpt","Dpt","neonate",0.544138802673092,0.161013233118471,64792,0.518967063949763,0.107369602136052,0.32636430893184,12.8676470588235,9.15032679738562
"Cd38","Cd38","neonate",0.377008451638751,0.160647093611007,64988,0.520536972959118,0.0354332139419934,0.169028298086925,9.55882352941176,5.44662309368192
"Il20","Il20","neonate",0.500306115568891,0.160424651133299,64847,0.519407599641164,0.0875483359679617,0.294884091081276,12.1323529411765,8.27886710239651
"Ccrl2","Ccrl2","neonate",0.425939468632695,0.159773588505764,64784.5,0.518906990900936,0.0680428790914283,0.252188663398342,10.2941176470588,6.5359477124183
"Vsir","Vsir","neonate",1.04902467583789,0.159754601736691,64936,0.520120466487249,0.213760799196481,0.473598926219759,25,21.1328976034858
"Cfd","Cfd","neonate",0.369579181375557,0.158577232676873,64980.5,0.520476899910291,0.0309875723318972,0.156825429517267,9.19117647058824,5.01089324618736
"Il27ra","Il27ra","neonate",1.11146632834623,0.15845767517409,64801.5,0.519043156478278,0.249719374577814,0.518429010498519,25.7352941176471,22.8758169934641
"Fos","Fos","neonate",0.274856180932095,0.158050522311804,64993.5,0.520581026528258,0.00863769406375703,0.0729811947590319,6.98529411764706,2.8322440087146
"Ltbr","Ltbr","neonate",0.59312989537633,0.15746843651502,64896.5,0.519804081763424,0.114764740362713,0.336530723945956,14.7058823529412,10.6753812636166
"Msr1","Msr1","neonate",0.259909548040884,0.157068290973891,64922,0.520008330129437,0.00846212302052355,0.0724461213696917,6.61764705882353,2.61437908496732
"Nr1h2","Nr1h2","neonate",1.11720176496217,0.156279735352443,64745.5,0.518594611047033,0.263056619594491,0.524746168586225,26.8382352941176,22.6579520697168
"Ptges","Ptges","neonate",0.352189253149205,0.155116953359778,64795,0.518991093169294,0.0433385672836228,0.189511191148123,8.82352941176471,5.01089324618736
"Parp1","Parp1","neonate",0.874997222399007,0.153585327223571,64661.5,0.517921792900167,0.232393777023515,0.496138320540566,20.5882352941176,17.4291938997821
"Cd28","Cd28","neonate",0.702738189785388,0.15344637543798,64796.5,0.519003107779059,0.160431775787943,0.401885629297937,16.9117647058824,13.0718954248366
"Tek","Tek","neonate",0.320059026720974,0.153131134037629,64758,0.518694732795079,0.0299138162655553,0.152943973419275,7.72058823529412,3.92156862745098
"Tnfrsf4","Tnfrsf4","neonate",0.299111850738266,0.152929400961106,64736,0.518518518518518,0.0274504456385,0.147140291944003,7.35294117647059,3.7037037037037
"Vwa1","Vwa1","neonate",0.25429665947276,0.152671930851733,64728.5,0.518458445469691,0.0135542866649737,0.0931974055515781,6.25,2.61437908496732
"Insr","Insr","neonate",0.342657618586707,0.149009486424986,64973,0.520416826861464,0.0266372615396263,0.145122129808784,8.82352941176471,4.57516339869281
"Nr3c1","Nr3c1","neonate",0.343324507529945,0.14848359905852,64622,0.517605408176342,0.0585033419089082,0.231254629795122,8.45588235294118,5.01089324618736
"Rxrb","Rxrb","neonate",0.37936989583982,0.147951038051167,64454.5,0.516263776752531,0.0927573548008944,0.305976560650459,8.82352941176471,5.66448801742919
"Rgs1","Rgs1","neonate",0.620537622841554,0.147655001874708,64551.5,0.517040721517365,0.187135943982403,0.436942707612308,15.0735294117647,11.7647058823529
"Rnf43","Rnf43","neonate",0.42539316589404,0.145873699994382,64658.5,0.517897763680636,0.0938645621447575,0.306658988608092,10.6617647058824,7.18954248366013
"Ptgis","Ptgis","neonate",0.196677305126194,0.144868728328987,64601.5,0.517441208509548,0.00420779354728319,0.0451638391056269,4.77941176470588,1.30718954248366
"Ramp3","Ramp3","neonate",0.259792464885188,0.144620282177584,64564.5,0.517144848135333,0.0240612421000525,0.136301468032684,6.25,2.8322440087146
"Il7","Il7","neonate",0.351019933707116,0.144235756965794,64507,0.516684288094323,0.0759040030850729,0.268355642112829,8.45588235294118,5.22875816993464
"Ptges2","Ptges2","neonate",0.344561409344224,0.144167781194161,64610,0.517509291298219,0.0598935853372439,0.231254629795122,8.45588235294118,5.01089324618736
"Ms4a1","Ms4a1","neonate",0.315157251201064,0.143533360261155,64653,0.517853710111496,0.0404744233753578,0.184581228118675,7.72058823529412,4.13943355119826
"Cd14","Cd14","neonate",0.577736808352893,0.143474570984519,64654.5,0.517865724721261,0.154812036214815,0.3947508954122,14.3382352941176,10.8932461873638
"Gpr183","Gpr183","neonate",0.560003968638423,0.143171299302843,64553.5,0.517056740997052,0.165763444353668,0.410089712209944,13.6029411764706,10.4575163398693
"Calm2","Calm2","neonate",1.08212686309627,0.142298878455262,64563.5,0.517136838395489,0.30030332739773,0.562970606186616,26.1029411764706,22.6579520697168
"Trp53","Trp53","neonate",0.533416165914699,0.142286942013562,64450.5,0.516231737793156,0.175522717768278,0.42066382118984,12.8676470588235,9.80392156862745
"Il17d","Il17d","neonate",0.232512068846445,0.141865625278208,64716.5,0.518362328591567,0.00964095940364168,0.076896292203446,5.88235294117647,2.17864923747277
"Cd2","Cd2","neonate",1.49988448373569,0.141843737601909,64544.5,0.51698465333846,0.356190443039602,0.619955253103996,34.5588235294118,31.3725490196078
"Cd1d1","Cd1d1","neonate",0.958834849814467,0.140452137757294,64563.5,0.517136838395489,0.273254784318764,0.541620318023475,22.7941176470588,19.3899782135076
"Kdr","Kdr","neonate",0.453373494022318,0.140351433126265,64636.5,0.517721549404075,0.102042659004365,0.317926659460475,11.0294117647059,7.40740740740741
"Esam","Esam","neonate",0.569568117665152,0.140250574098995,64413.5,0.515935377418941,0.197685804281591,0.452047584561344,13.6029411764706,10.6753812636166
"Fasn","Fasn","neonate",0.299072861592884,0.14022181256389,64566.5,0.51716086761502,0.0436229749511997,0.189921860377057,7.35294117647059,3.92156862745098
"Ctnnb1","Ctnnb1","neonate",1.38839405598083,0.139999974442977,64574.5,0.517224945533769,0.338444493429143,0.602552071337242,32.3529411764706,29.1938997821351
"Tnfrsf22","Tnfrsf22","neonate",0.284276133010096,0.139934883802088,64803,0.519055171088043,0.0215239612265132,0.125619610857652,7.35294117647059,3.48583877995643
"Apoc1","Apoc1","neonate",0.401369360221107,0.139898900279311,64490.5,0.516552127386902,0.101642169589569,0.317926659460475,9.55882352941176,6.31808278867102
"Bmp3","Bmp3","neonate",0.365419262259893,0.139523638445569,64443.5,0.516175669614251,0.0945401900988881,0.307024656444923,8.82352941176471,5.66448801742919
"Tnfrsf10b","Tnfrsf10b","neonate",0.287902679858679,0.139184350420108,64676,0.5180379341279,0.0317284204379647,0.159763814023489,7.35294117647059,3.7037037037037
"Stat5a","Stat5a","neonate",0.598366985841713,0.139049927349047,64465.5,0.516351883890811,0.197188850631349,0.452047584561344,14.3382352941176,11.3289760348584
"Xkr4","Xkr4","neonate",0.360946877262342,0.138667879301079,64693.5,0.518178104575163,0.060252320192831,0.231254629795122,9.19117647058824,5.44662309368192
"Spry2","Spry2","neonate",0.295754284231717,0.13810577411165,64649.5,0.517825676022043,0.0337927701715997,0.163550445927597,7.35294117647059,3.7037037037037
"Fcrla","Fcrla","neonate",0.290980841123465,0.137689046146909,64581,0.517277008842753,0.042219084844458,0.186374452165616,7.35294117647059,3.92156862745098
"Rarg","Rarg","neonate",0.603962645278931,0.136240203553346,64580,0.517268999102909,0.173213904392647,0.419160831746284,14.7058823529412,11.1111111111111
"Eomes","Eomes","neonate",0.215084761248455,0.134850479412156,64426,0.516035499166987,0.0164717811588934,0.10733572428377,5.14705882352941,1.96078431372549
"Flt3","Flt3","neonate",0.540194703664223,0.134424581057967,64414,0.515939382288863,0.183431008056184,0.431322441113244,12.8676470588235,9.80392156862745
"Aif1","Aif1","neonate",0.356073148487254,0.133264972751888,64603,0.517453223119313,0.0738603894304178,0.264087835329919,9.19117647058824,5.66448801742919
"Hpgds","Hpgds","neonate",0.200710261109703,0.1330351725533,64552,0.517044726387287,0.00919376975936344,0.074521857317767,5.14705882352941,1.74291938997821
"Ankrd42","Ankrd42","neonate",0.228912476986203,0.13236658265456,64388,0.515731129052928,0.0265917692291147,0.145122129808784,5.51470588235294,2.39651416122004
"Erbb2","Erbb2","neonate",0.183396848494302,0.131993919039918,64374,0.515618992695117,0.00850170130416643,0.0724461213696917,4.41176470588235,1.30718954248366
"Ceacam1","Ceacam1","neonate",0.284291960911362,0.131818250992401,64470.5,0.516391932590029,0.0480048281186319,0.20453339159947,6.98529411764706,3.7037037037037
"Efnb2","Efnb2","neonate",0.228342373566915,0.131742180901851,64577,0.517244969883378,0.0169812120440167,0.108804582521963,5.88235294117647,2.39651416122004
"Rag1","Rag1","neonate",0.372883993796425,0.131406125269806,64273,0.514810008970909,0.129340118951696,0.359062277110105,8.82352941176471,5.88235294117647
"Lefty1","Lefty1","neonate",0.504035676143574,0.130866410298176,64389.5,0.515743143662694,0.181421562946086,0.427605906045504,12.5,9.3681917211329
"Krt23","Krt23","neonate",0.375697414664721,0.130444051902055,64455.5,0.516271786492375,0.0986351774219003,0.313182394552976,9.19117647058824,5.88235294117647
"Fgf2","Fgf2","neonate",0.307057647132866,0.129139557667652,64504.5,0.516664263744714,0.0587319272133766,0.231254629795122,7.72058823529412,4.35729847494553
"Brca1","Brca1","neonate",0.287481784638584,0.129089857036408,64445,0.516187684224016,0.0601087282994443,0.231254629795122,7.35294117647059,4.13943355119826
"Maml2","Maml2","neonate",0.615669293697783,0.128644066196335,64374.5,0.515622997565039,0.228638634816965,0.490046147523033,15.0735294117647,11.9825708061002
"Erbb3","Erbb3","neonate",0.588127446285044,0.128495266561065,64447,0.516203703703704,0.196928009475922,0.452047584561344,14.3382352941176,10.8932461873638
"Ltf","Ltf","neonate",0.170050483311515,0.128159963154921,64499,0.516620210175573,0.00398444639563615,0.0446347534432499,4.41176470588235,1.08932461873638
"Pds5a","Pds5a","neonate",0.60963369124807,0.125787268775918,64476,0.51643598615917,0.201209197077921,0.457281741000008,15.0735294117647,11.5468409586057
"Ifi44l","Ifi44l","neonate",0.186098091154307,0.125639029323379,64462,0.516323849801358,0.00898248275045964,0.074521857317767,4.77941176470588,1.52505446623094
"Ndufa4l2","Ndufa4l2","neonate",0.657745728980427,0.124158755474874,64219,0.514377483019351,0.282406700046813,0.547781089390414,15.8088235294118,13.0718954248366
"Rora","Rora","neonate",0.365061493678028,0.124122709896533,64212,0.514321414840446,0.14608377287403,0.382868766234419,8.82352941176471,6.10021786492375
"Hspa1b","Hspa1b","neonate",0.204477856913063,0.123437728771627,64398,0.515811226451365,0.0180427365020094,0.109021868439414,5.14705882352941,1.96078431372549
"Il18","Il18","neonate",0.238070422529695,0.123103893293909,64324,0.515218505702935,0.04180867103443,0.186374452165616,5.88235294117647,2.8322440087146
"Bcl6","Bcl6","neonate",0.408210272575648,0.123084693294523,64519,0.516780404972446,0.108101141894406,0.327589174676968,10.2941176470588,6.75381263616558
"Mzb1","Mzb1","neonate",0.217963521242577,0.122885016187904,64370.5,0.515590958605665,0.0279708138404317,0.147974844382774,5.51470588235294,2.39651416122004
"Krt6a","Krt6a","neonate",0.280670836203314,0.122882544032463,64623,0.517613417916186,0.0359709355740441,0.170776298892009,7.35294117647059,3.7037037037037
"Col6a2","Col6a2","neonate",0.42304746284681,0.122837742413462,64166,0.513952966807638,0.184927362381456,0.433173762081427,9.92647058823529,7.18954248366013
"Jun","Jun","neonate",0.388540764813324,0.122032880027642,64127.5,0.513644591823658,0.177231030708492,0.423739418744284,9.19117647058824,6.5359477124183
"Tgfbr1","Tgfbr1","neonate",0.383606079114201,0.121221604839208,64162,0.513920927848263,0.168615827476487,0.414669775817606,9.19117647058824,6.5359477124183
"Adgra2","Adgra2","neonate",0.310246016421893,0.12121843912635,64356,0.515474817377932,0.0826639675020093,0.285176386157451,7.72058823529412,4.57516339869281
"Twist1","Twist1","neonate",0.130378726980179,0.11997316446624,64349,0.515418749199026,0.000528125934803003,0.010328497092695,3.30882352941176,0.217864923747277
"Hspa1a","Hspa1a","neonate",0.179848075853408,0.119954285967821,64228,0.514449570677944,0.0177352188104654,0.109021868439414,4.41176470588235,1.52505446623094
"Ube2c","Ube2c","neonate",0.38478015965024,0.119914167033273,64534.5,0.516904555940023,0.0973225987266578,0.31147003522545,9.92647058823529,6.31808278867102
"Ackr4","Ackr4","neonate",0.214771264225156,0.119457544180004,64369.5,0.515582948865821,0.0280513997877074,0.147974844382774,5.51470588235294,2.39651416122004
"Itgae","Itgae","neonate",0.671605980485873,0.119340245783168,64180.5,0.514069108035371,0.290852247905388,0.55445447640855,15.8088235294118,12.8540305010893
"Bst1","Bst1","neonate",0.282266707128498,0.118499840275667,64228.5,0.514453575547866,0.0892607177353447,0.299639513744575,6.98529411764706,4.13943355119826
"Iapp","Iapp","neonate",0.179369618839435,0.117529754761864,64227,0.514441560938101,0.0177983936934971,0.109021868439414,4.41176470588235,1.52505446623094
"Etv5","Etv5","neonate",0.419121943385448,0.116866329008579,64167,0.513960976547482,0.194541157510747,0.450017480367088,10.2941176470588,7.62527233115468
"Mthfd1l","Mthfd1l","neonate",0.220970246978132,0.116613610326331,64445,0.516187684224016,0.0276741684904121,0.147546235213587,5.88235294117647,2.61437908496732
"Chek2","Chek2","neonate",0.240135501724273,0.11646928088014,64393,0.515771177752147,0.0410514395109447,0.185724688068719,6.25,3.05010893246187
"Pou5f1","Pou5f1","neonate",0.218082731199729,0.116086508661891,64240,0.514545687556068,0.0440743683004488,0.191052805198032,5.51470588235294,2.61437908496732
"Adgrl1","Adgrl1","neonate",0.30914562326429,0.115935835465575,64239.5,0.514541682686146,0.10678592134822,0.32636430893184,7.72058823529412,4.79302832244009
"Ctla4","Ctla4","neonate",0.516339348966785,0.115874823619644,64310,0.515106369345124,0.2074076144586,0.467840252523132,12.8676470588235,9.80392156862745
"Anxa4","Anxa4","neonate",0.726208249087485,0.115844638804697,64113.5,0.513532455465846,0.337627251020237,0.602552071337242,17.6470588235294,15.0326797385621
"Bmpr2","Bmpr2","neonate",0.683131160521051,0.115740624616783,64165,0.513944957067794,0.306867628760631,0.571863599765139,16.5441176470588,13.7254901960784
"Spock2","Spock2","neonate",0.593756615217199,0.115573777170128,63984,0.512495194156094,0.319755883435468,0.588185637980004,13.6029411764706,11.3289760348584
"Il23a","Il23a","neonate",0.296872261993377,0.114668517120401,64179,0.514057093425606,0.110847021690924,0.330881678520514,7.35294117647059,4.57516339869281
"Best1","Best1","neonate",0.17585543778847,0.114330685310737,64226,0.514433551198257,0.017861788812648,0.109021868439414,4.41176470588235,1.52505446623094
"Muc1","Muc1","neonate",0.277814027037109,0.114256089326694,64217,0.514361463539664,0.0913195738086836,0.303485383624192,6.98529411764706,4.13943355119826
"Hey1","Hey1","neonate",0.212408910807617,0.113522626508414,64455,0.516267781622453,0.0194433465004372,0.114704239413822,5.51470588235294,2.17864923747277
"Cd83","Cd83","neonate",0.182882123428802,0.113385703754123,64314.5,0.51514241317442,0.0179424415561994,0.109021868439414,4.77941176470588,1.74291938997821
"Casp8","Casp8","neonate",0.533849895101471,0.113176077418086,64072,0.513200051262335,0.278452853818544,0.543934404024714,12.8676470588235,10.4575163398693
"Ctsg","Ctsg","neonate",0.170370875024609,0.112969938892881,64228,0.514449570677944,0.0177352188104654,0.109021868439414,4.41176470588235,1.52505446623094
"Il11","Il11","neonate",0.243884555839011,0.112895416760904,64267,0.514761950531847,0.0596419538713694,0.231254629795122,6.25,3.26797385620915
"Col6a1","Col6a1","neonate",0.250596902936727,0.112390745181583,63950,0.51222286300141,0.118904395484346,0.343616470428675,5.88235294117647,3.48583877995643
"Csf2","Csf2","neonate",0.163413784980838,0.111883083841093,64135.5,0.513708669742407,0.0175558350688184,0.109021868439414,4.04411764705882,1.30718954248366
"Col8a1","Col8a1","neonate",0.261523828496003,0.110570652493492,64216,0.514353453799821,0.079309316609036,0.27744346897968,6.61764705882353,3.7037037037037
"Spn","Spn","neonate",1.34413784879999,0.110232605506622,63981.5,0.512475169806485,0.485515920676912,0.731207511956014,31.25,28.9760348583878
"Ifnl2/3","Ifnl2/3","neonate",0.270373708747112,0.10977616836431,64202.5,0.514245322311931,0.0939697084526365,0.306658988608092,6.98529411764706,4.13943355119826
"Epha2","Epha2","neonate",0.155472437870568,0.109588541342865,64040,0.512943739587338,0.0171337206178015,0.108804582521963,3.67647058823529,1.08932461873638
"Pf4","Pf4","neonate",0.18690024639536,0.108870247156634,64177,0.514041073945918,0.0319017518684463,0.159829379964025,4.77941176470588,1.96078431372549
"Cxcl12","Cxcl12","neonate",0.348764488964757,0.1087757817833,64050.5,0.513027841855696,0.178148043589301,0.423898805390294,8.45588235294118,5.88235294117647
"St6gal1","St6gal1","neonate",0.355950586152576,0.108665373082953,64207,0.514281366141228,0.143589000237084,0.380739982011629,8.82352941176471,5.88235294117647
"Krt15","Krt15","neonate",0.229669412487322,0.108464493382248,64071,0.513192041522491,0.0874839659080289,0.294884091081276,5.88235294117647,3.26797385620915
"Ezh2","Ezh2","neonate",0.41011329234293,0.108338938251514,63858.5,0.511489971805716,0.27498797942755,0.543934404024714,9.55882352941176,7.40740740740741
"Nt5c3","Nt5c3","neonate",0.391409291231569,0.108168775302679,63948.5,0.512210848391644,0.242351229732977,0.510833353158092,9.55882352941176,7.18954248366013
"Ldha","Ldha","neonate",1.51156508634867,0.108159069489933,63943,0.512166794822504,0.514195137004604,0.752793761517754,36.0294117647059,32.6797385620915
"Gh","Gh","neonate",0.202539883501982,0.107926178281328,64135.5,0.513708669742407,0.0489295949900047,0.206706805953537,5.14705882352941,2.39651416122004
"Il15ra","Il15ra","neonate",1.33642937742537,0.107911911625883,64080.5,0.513268134051006,0.459583002565598,0.714827228639471,31.6176470588235,29.1938997821351
"Pfn1","Pfn1","neonate",4.15333976380656,0.107810976455144,63616.5,0.509551614763552,0.664858051695241,0.836944368241421,83.4558823529412,81.0457516339869
"Ddr1","Ddr1","neonate",0.389348355963924,0.107757493990884,63906.5,0.511874439318211,0.248065463127436,0.516596858011476,9.19117647058824,6.97167755991285
"Lif","Lif","neonate",0.19571284076674,0.107731627508509,63846,0.51138985005767,0.0817912276572864,0.283145326299703,4.41176470588235,2.17864923747277
"Tnfrsf13c","Tnfrsf13c","neonate",0.251983488934719,0.107730465250213,63942,0.512158785082661,0.120851094812226,0.344637966572322,5.88235294117647,3.48583877995643
"Ciita","Ciita","neonate",0.344465981092773,0.107514627623809,63951,0.512230872741253,0.210385724673725,0.470301720851353,8.45588235294118,6.10021786492375
"Cdkn3","Cdkn3","neonate",0.178885298042455,0.107434864407623,64084,0.513296168140459,0.0333367156291077,0.162955892975834,4.41176470588235,1.74291938997821
"Abl2","Abl2","neonate",0.305127457067121,0.106191183135251,64104.5,0.513460367807254,0.139724856056057,0.372475084192216,7.72058823529412,5.01089324618736
"Fgfr1","Fgfr1","neonate",0.395462155325866,0.105086750041674,64181,0.514073112905293,0.177822019957759,0.423898805390294,9.92647058823529,6.97167755991285
"Hdac5","Hdac5","neonate",0.514133356403533,0.10483663265349,63984.5,0.512499199026016,0.299568505247409,0.562970606186616,12.5,10.239651416122
"Srebf1","Srebf1","neonate",0.253830283579553,0.104553530678863,64028,0.512847622709214,0.111296867515995,0.331232766905812,6.25,3.7037037037037
"Tnfrsf21","Tnfrsf21","neonate",0.314900728387481,0.104509498180769,64179.5,0.514061098295527,0.130802946241606,0.359397207013089,8.08823529411765,5.22875816993464
"Tyk2","Tyk2","neonate",0.593999249915545,0.104352121046382,64044,0.512975778546713,0.308475100279272,0.572718202939357,14.3382352941176,11.5468409586057
"Tyms","Tyms","neonate",0.217059520076646,0.104313447050957,64203.5,0.514253332051775,0.0485064779385446,0.205791312786081,5.51470588235294,2.61437908496732
"Fzd7","Fzd7","neonate",0.301095374848371,0.104246754317153,64107.5,0.513484397026785,0.139019092314028,0.372475084192216,7.72058823529412,5.01089324618736
"Epha4","Epha4","neonate",0.15622777467469,0.103908444616211,64124.5,0.513620562604127,0.0182952758188747,0.109644790335488,4.04411764705882,1.30718954248366
"Fgfr3","Fgfr3","neonate",0.351950661745815,0.103170522548391,63814.5,0.511137543252595,0.258359290416162,0.523513523215414,8.45588235294118,6.31808278867102
"Cflar","Cflar","neonate",0.663939569178753,0.102356856175762,64082.5,0.513284153530693,0.330363027277366,0.601043682838565,16.5441176470588,13.7254901960784
"Mmp7","Mmp7","neonate",0.172041545895179,0.102151516976017,64082.5,0.513284153530693,0.0334965017260559,0.162955892975834,4.41176470588235,1.74291938997821
"Marcksl1","Marcksl1","neonate",0.368506537843536,0.101979421486397,63966,0.512351018838908,0.225794085763823,0.487265592005479,9.19117647058824,6.75381263616558
"Ccdc80","Ccdc80","neonate",0.161646500997336,0.10196441429253,63999.5,0.51261934512367,0.0335064774925236,0.162955892975834,4.04411764705882,1.52505446623094
"Adgrv1","Adgrv1","neonate",0.155118716704054,0.100624695782066,63912,0.511918492887351,0.0334437755095767,0.162955892975834,3.67647058823529,1.30718954248366
"Havcr2","Havcr2","neonate",0.374461450388858,0.100137464340891,64089.5,0.513340221709599,0.194393931257728,0.450017480367088,9.55882352941176,6.75381263616558
"Kras","Kras","neonate",0.501412482832636,0.10004293144096,63995,0.512583301294374,0.285478833559286,0.549464086985731,12.1323529411765,9.58605664488017
"Sod2","Sod2","neonate",0.446683655599746,0.0995564450368146,63776.5,0.510833173138536,0.334115513000671,0.602552071337242,10.6617647058824,8.71459694989107
"Plekhg2","Plekhg2","neonate",0.540642820142773,0.0986422690881345,63916,0.511950531846726,0.334060275758743,0.602552071337242,13.2352941176471,10.8932461873638
"Calm1","Calm1","neonate",0.440148416666534,0.0983372856097776,63849.5,0.511417884147123,0.305484457925666,0.57035206844923,10.6617647058824,8.49673202614379
"Mxra8","Mxra8","neonate",0.267806967494279,0.097734160854645,63960.5,0.512306965269768,0.142848630698521,0.379786892817135,6.61764705882353,4.13943355119826
"Jak2","Jak2","neonate",0.489282524875242,0.0975717362440779,63829.5,0.51125768935025,0.336491051885917,0.602552071337242,11.7647058823529,9.58605664488017
"Mertk","Mertk","neonate",0.234708104991606,0.0975693902068538,63915,0.511942522106882,0.127605854174822,0.355371610648875,5.88235294117647,3.48583877995643
"Gpnmb","Gpnmb","neonate",0.226115069879176,0.0975161181864126,63954.5,0.512258906830706,0.101113293990827,0.317926659460475,5.51470588235294,3.05010893246187
"Thbs2","Thbs2","neonate",0.227757643441914,0.0974088605658367,64037.5,0.512923715237729,0.0941200105457134,0.306658988608092,5.88235294117647,3.26797385620915
"Notch1","Notch1","neonate",0.515676705894531,0.0969964742132393,63765,0.510741061130334,0.375308346301126,0.646256340694684,12.5,10.4575163398693
"Gcg","Gcg","neonate",0.208623937949091,0.0966676672933497,64073.5,0.5132120658721,0.0723314596481627,0.264087835329919,5.51470588235294,2.8322440087146
"Fzd8","Fzd8","neonate",0.446621351608733,0.0966301131272806,63903,0.511846405228758,0.293995682521065,0.558819413521933,11.0294117647059,8.71459694989107
"Ccl19","Ccl19","neonate",0.248974057448214,0.0964290259130167,64180.5,0.514069108035371,0.0854439518146239,0.290742730236109,6.61764705882353,3.7037037037037
"Icam2","Icam2","neonate",0.533161673074668,0.0962251184144921,63860.5,0.511505991285403,0.347374661667177,0.615041580373968,12.8676470588235,10.6753812636166
"Lgals3bp","Lgals3bp","neonate",0.609995050448565,0.0955671185869449,63974,0.512415096757657,0.349286208882437,0.61516690322044,15.4411764705882,12.8540305010893
"Phlda2","Phlda2","neonate",0.214406441085789,0.0953743678674094,64064.5,0.513139978213508,0.0739022126951328,0.264087835329919,5.51470588235294,2.8322440087146
"Ptgds","Ptgds","neonate",0.20783664027272,0.0946129114675449,64071.5,0.513196046392413,0.0726781524748042,0.264087835329919,5.51470588235294,2.8322440087146
"Mmp2","Mmp2","neonate",0.321350238558392,0.094508898861689,63674,0.510012174804562,0.277095281943116,0.543934404024714,7.35294117647059,5.44662309368192
"Mcpt8","Mcpt8","neonate",0.157492444953787,0.0944938651158855,63985,0.512503203895938,0.035170594483969,0.168582128367871,4.04411764705882,1.52505446623094
"Cd34","Cd34","neonate",0.323750207615321,0.0944422407808058,63680,0.510060233243624,0.289314594794883,0.553640405010553,7.72058823529412,5.88235294117647
"Cd19","Cd19","neonate",0.201172131216269,0.0937013166818931,63983.5,0.512491189286172,0.0782992182899855,0.274874368433505,5.14705882352941,2.61437908496732
"Ido1","Ido1","neonate",0.228702234636346,0.0932396331794916,63837.5,0.511321767268999,0.136305439316945,0.369097937336708,5.51470588235294,3.26797385620915
"Aicda","Aicda","neonate",0.217021022876908,0.0929902576358446,63941.5,0.512154780212739,0.104045496968289,0.321408323491938,5.51470588235294,3.05010893246187
"Epor","Epor","neonate",0.14883783395649,0.0923787198887748,63779,0.510853197488146,0.0601031884073862,0.231254629795122,3.67647058823529,1.52505446623094
"Tacstd2","Tacstd2","neonate",0.205387392462171,0.0921754053271455,63668,0.5099641163655,0.160219327101955,0.401885629297937,4.77941176470588,2.8322440087146
"Olfm4","Olfm4","neonate",0.249060942008632,0.0917664056905775,63867,0.511558054594387,0.157692453635258,0.399422837407902,6.25,3.92156862745098
"Il17re","Il17re","neonate",0.180167374554472,0.0912713528752212,63715,0.510340574138152,0.122023102809616,0.346601235046117,4.41176470588235,2.39651416122004
"Cd84","Cd84","neonate",0.491063526437578,0.0909660469324113,63721.5,0.510392637447136,0.377730507102953,0.648188150742933,11.7647058823529,9.80392156862745
"Hck","Hck","neonate",0.212920521974114,0.0908530957700714,63855,0.511461937716263,0.112644285758048,0.332278234146726,5.14705882352941,2.8322440087146
"Col15a1","Col15a1","neonate",0.200741579412751,0.0902028767371733,63866,0.511550044854543,0.10990545863218,0.330697103716084,5.14705882352941,2.8322440087146
"Col12a1","Col12a1","neonate",0.27439975980183,0.0901664141744984,63902.5,0.511842400358836,0.174188528185022,0.419547559163326,6.98529411764706,4.57516339869281
"Nppc","Nppc","neonate",0.219162138164268,0.0896469767976978,63832,0.511277713699859,0.137837433734267,0.371416003873146,5.51470588235294,3.26797385620915
"Fgr","Fgr","neonate",0.330005073129869,0.0895109978544177,63718,0.510364603357683,0.284107298804383,0.54874020231584,8.08823529411765,6.10021786492375
"Ifi27","Ifi27","neonate",0.985483066503358,0.089472742164001,63753,0.510644944252211,0.507803882938021,0.746457279632563,23.1617647058824,21.5686274509804
"Krt14","Krt14","neonate",0.260860301391725,0.0890853071485045,63935,0.512102716903755,0.149601849499428,0.384110716691739,6.61764705882353,4.13943355119826
"Myl7","Myl7","neonate",0.1380168624135,0.0890232621847178,63902.5,0.511842400358836,0.0345894021054478,0.166597265213195,3.67647058823529,1.30718954248366
"Ica1","Ica1","neonate",0.243045615761427,0.0889381761709509,63671.5,0.509992150454953,0.215582262049169,0.475238136643762,5.88235294117647,3.92156862745098
"Wnt7a","Wnt7a","neonate",0.174118581996509,0.0888348963735106,63615.5,0.509543605023709,0.13584021991877,0.369026428498674,4.04411764705882,2.17864923747277
"Maf","Maf","neonate",0.234355400667428,0.0886565865433084,64082.5,0.513284153530693,0.0948967572264867,0.307156987595707,6.25,3.48583877995643
"Cd37","Cd37","neonate",1.45769157944507,0.0885387963899265,64059,0.513095924644368,0.478043066618637,0.726114355938079,33.8235294117647,32.244008714597
"Adgrg6","Adgrg6","neonate",0.260258446275673,0.0884519409817499,63851.5,0.51143390362681,0.178887464737297,0.424644767483536,6.61764705882353,4.35729847494553
"Cx3cl1","Cx3cl1","neonate",0.209596397891776,0.0883154857532149,63943.5,0.512170799692426,0.103590075384035,0.321408323491938,5.51470588235294,3.05010893246187
"Dusp4","Dusp4","neonate",0.366298721899487,0.0882716905006105,63816.5,0.511153562732282,0.277959090211102,0.543934404024714,9.19117647058824,6.97167755991285
"Mecom","Mecom","neonate",0.238159871111222,0.088185192754358,63781.5,0.510873221837755,0.17165192525185,0.418296162457532,5.88235294117647,3.7037037037037
"Mpo","Mpo","neonate",0.143225672401586,0.0878933847529228,63671.5,0.509992150454953,0.0657581608746924,0.248336690879047,3.30882352941176,1.30718954248366
"Il12rb1","Il12rb1","neonate",0.525320806931836,0.0871063338565082,63644,0.509771882609253,0.422412374807214,0.682569104834348,12.5,10.6753812636166
"Pnoc","Pnoc","neonate",0.229831395576792,0.0867481569828645,63806,0.511069460463924,0.145259516979234,0.382120681868856,5.51470588235294,3.26797385620915
"Cd22","Cd22","neonate",0.203443170432608,0.0861048610140231,63755,0.510660963731898,0.147076580923678,0.38360470863754,5.14705882352941,3.05010893246187
"Ccr1","Ccr1","neonate",0.245509164442347,0.0860632107250374,63942,0.512158785082661,0.131813962004324,0.361039890434919,6.25,3.7037037037037
"Celsr1","Celsr1","neonate",0.346611097257614,0.0860181691655142,63935.5,0.512106721773677,0.22327152359175,0.483916758741249,8.82352941176471,6.31808278867102
"Fkbp11","Fkbp11","neonate",0.166399396767114,0.0857866929344058,63721,0.510388632577214,0.0964078548179231,0.310060100817643,4.04411764705882,1.96078431372549
"Wnt11","Wnt11","neonate",0.338241429827202,0.0857273374409414,64009.5,0.512699442522107,0.197453101686925,0.452047584561344,8.82352941176471,6.10021786492375
"Ldlr","Ldlr","neonate",0.277888762284287,0.085567583751326,63602.5,0.509439478405741,0.278786840979568,0.543934404024714,6.61764705882353,4.79302832244009
"Bmp1","Bmp1","neonate",0.159955747568478,0.085556282383703,63737,0.510516788414712,0.0923672067291152,0.305947193052917,4.04411764705882,1.96078431372549
"Hdac3","Hdac3","neonate",0.481407541956944,0.0844495698662484,63676,0.51002819428425,0.394690836459348,0.665832087901811,11.7647058823529,9.80392156862745
"Tnfrsf9","Tnfrsf9","neonate",0.604295274594708,0.0838531301388322,63800,0.511021402024862,0.404045959714381,0.669159172483784,15.0735294117647,12.8540305010893
"Nlrp1a","Nlrp1a","neonate",0.108909906464246,0.0834050983694432,63625,0.509619697552223,0.0306082475609596,0.155696034787126,2.57352941176471,0.65359477124183
"Acacb","Acacb","neonate",0.181796905261424,0.0832812511569349,63588,0.509323337178008,0.172017479044722,0.418296162457532,4.41176470588235,2.61437908496732
"Lamp2","Lamp2","neonate",0.596255801322415,0.0832401426095586,63743.5,0.510568851723696,0.421628572882572,0.682408583058319,14.7058823529412,12.8540305010893
"Ms4a4a","Ms4a4a","neonate",0.26057050709948,0.082961394843428,63796,0.510989363065488,0.19638863967101,0.452047584561344,6.61764705882353,4.35729847494553
"Ndrg1","Ndrg1","neonate",0.328924463380056,0.0827845905212306,63649,0.509811931308471,0.31058279978081,0.57480037015321,8.08823529411765,6.10021786492375
"Il21r","Il21r","neonate",0.651314503807348,0.0827700596467239,63622,0.509595668332693,0.478563196945189,0.726114355938079,15.4411764705882,13.9433551198257
"Clec2d","Clec2d","neonate",1.85873811146408,0.0824148163189564,63412,0.507913622965526,0.688972768893745,0.854445974513748,43.0147058823529,40.5228758169935
"Pgr","Pgr","neonate",0.194809940277075,0.0823310023067484,63759.5,0.510697007561194,0.124424921665665,0.34944125887512,4.77941176470588,2.61437908496732
"Mmp1a","Mmp1a","neonate",0.19824227058458,0.0812765555579889,63641.5,0.509751858259644,0.169315495228069,0.414760562020601,4.77941176470588,2.8322440087146
"Ifitm3","Ifitm3","neonate",0.660963911279918,0.0810585562997584,63610,0.509499551454569,0.491454960593171,0.734603591771201,16.1764705882353,14.5969498910675
"Sorbs1","Sorbs1","neonate",0.565260639061779,0.0809081552352667,63658.5,0.509888023836986,0.433355674462001,0.692396806792652,13.6029411764706,11.5468409586057
"Dcn","Dcn","neonate",0.305890601320254,0.0805107382793277,63702,0.510236447520185,0.276223223316712,0.543934404024714,7.72058823529412,5.66448801742919
"Tnfsf13","Tnfsf13","neonate",0.221638482925134,0.0800878657324297,63683.5,0.510088267333077,0.191330023326154,0.444913699974889,5.51470588235294,3.48583877995643
"Csf2ra","Csf2ra","neonate",0.764536944779692,0.0793428519356223,63680,0.510060233243624,0.489371825887092,0.73368979008937,18.75,16.3398692810458
"Tnxb","Tnxb","neonate",0.228742155300211,0.0792491888574612,63464.5,0.508334134307318,0.294823481958412,0.558819413521933,5.51470588235294,3.92156862745098
"Gadd45b","Gadd45b","neonate",0.44827007069162,0.0785951013655097,63677.5,0.510040208894015,0.376868105468651,0.647823277848698,11.0294117647059,8.93246187363835
"Mx1","Mx1","neonate",0.403203582068106,0.0785020986871723,63683.5,0.510088267333077,0.348602113371723,0.615143906250633,9.92647058823529,7.84313725490196
"Gper1","Gper1","neonate",0.15193143195111,0.078228941532635,63623.5,0.509607682942458,0.105569904512916,0.32485553950425,3.67647058823529,1.74291938997821
"Itga9","Itga9","neonate",0.157180861066514,0.0779893244314413,63713,0.510324554658465,0.0984805469845393,0.313182394552976,4.04411764705882,1.96078431372549
"Kir3dl1/2","Kir3dl1/2","neonate",0.257176074424586,0.0779266374452791,63598.5,0.509407439446367,0.262741197359845,0.524746168586225,6.25,4.35729847494553
"Npr1","Npr1","neonate",0.809003736536847,0.0773235964561856,63684,0.510092272202999,0.498788716197845,0.740018378049482,19.8529411764706,17.4291938997821
"Igf1r","Igf1r","neonate",0.215223803561233,0.0772070107727815,63495,0.508578431372549,0.259065874824734,0.523513523215414,5.14705882352941,3.48583877995643
"Vcam1","Vcam1","neonate",0.305748439051918,0.0772058936260278,63674.5,0.510016179674484,0.286693216274584,0.550738220858883,7.72058823529412,5.66448801742919
"Ccl11","Ccl11","neonate",0.208496686487619,0.0766982652639922,63795,0.510981353325644,0.148490321964214,0.38360470863754,5.51470588235294,3.26797385620915
"Apoa1","Apoa1","neonate",0.138574595284827,0.0763808137624016,63747,0.510596885813149,0.066413829195351,0.249866368708547,3.67647058823529,1.52505446623094
"Krt16","Krt16","neonate",0.181362431282639,0.0760468316292529,63553.5,0.509047001153403,0.185087284500188,0.433173762081427,4.41176470588235,2.61437908496732
"Slpi","Slpi","neonate",0.205455983764846,0.0747518833446141,63829,0.511253684480328,0.11933162540992,0.343854423507775,5.14705882352941,2.8322440087146
"Tnfsf8","Tnfsf8","neonate",0.329725306302185,0.0740912326558078,63463,0.508322119697552,0.385340672816691,0.654488331853904,7.72058823529412,6.10021786492375
"Smo","Smo","neonate",0.224079356118261,0.0739631696339361,63651,0.509827950788158,0.223222825788132,0.483916758741249,5.88235294117647,3.92156862745098
"Etv4","Etv4","neonate",0.190502182792103,0.0738563181236693,63527.5,0.508838747917468,0.22124552892553,0.482305031195586,4.77941176470588,3.05010893246187
"Cdkn1a","Cdkn1a","neonate",0.489061181531899,0.0736355429206183,63562.5,0.509119088811995,0.441585995609966,0.697719869450295,11.7647058823529,10.0217864923747
"S100a8","S100a8","neonate",0.393755050995078,0.0734453934645762,63738.5,0.510528803024478,0.324420301497079,0.594571765795199,9.92647058823529,7.62527233115468
"Ikzf3","Ikzf3","neonate",0.718014590427405,0.0721510437276218,63478.5,0.508446270665129,0.553770711658078,0.784095287149373,17.2794117647059,15.9041394335512
"Ifngr2","Ifngr2","neonate",0.352833695129026,0.0719871310351977,63512,0.508714596949891,0.384854784234189,0.654488331853904,8.45588235294118,6.75381263616558
"Dll4","Dll4","neonate",0.120384555442747,0.0717816353884566,63455,0.508258041778803,0.115744498972671,0.338408403154701,2.94117647058824,1.30718954248366
"Cd59a","Cd59a","neonate",0.827953942082378,0.0709790261659059,63604.5,0.509455497885429,0.531140135946046,0.765240918407814,20.2205882352941,18.082788671024
"Gdf15","Gdf15","neonate",0.345616430908737,0.0704427092921407,63470.5,0.50838219274638,0.403253527516513,0.669159172483784,8.45588235294118,6.75381263616558
"Ccl28","Ccl28","neonate",0.117744651928049,0.0696711819327341,63450.5,0.508221997949507,0.117343746824162,0.341083718902884,2.94117647058824,1.30718954248366
"Tpsab1","Tpsab1","neonate",0.102850121687718,0.0696575859210243,63491,0.508546392413174,0.0668527904241524,0.250572300950677,2.57352941176471,0.871459694989107
"Hcar2","Hcar2","neonate",0.220436932132496,0.0695106318934679,63546,0.508986928104575,0.251623910268544,0.518429010498519,5.51470588235294,3.7037037037037
"Rspo3","Rspo3","neonate",0.140743227546419,0.0691894561795564,63618.5,0.50956763424324,0.107031335306449,0.32636430893184,3.67647058823529,1.74291938997821
"Msmb","Msmb","neonate",0.145308135202901,0.0691620162138128,63607,0.509475522235038,0.110453496025532,0.330697103716084,3.67647058823529,1.74291938997821
"Bax","Bax","neonate",0.833652037723918,0.0690663540963501,63576.5,0.509231225169806,0.544390539538845,0.775367668457469,20.5882352941176,18.5185185185185
"Ncr1","Ncr1","neonate",0.538014248584933,0.0690190966656798,63513,0.508722606689735,0.485239671124935,0.731207511956014,13.2352941176471,11.3289760348584
"Calb1","Calb1","neonate",0.11538021882096,0.0688781828442002,63355,0.507457067794438,0.12553681365647,0.351573604537924,2.57352941176471,1.08932461873638
"Ifit3/b","Ifit3/b","neonate",0.297806354662055,0.0687894460004931,63509,0.50869056773036,0.350466199628094,0.61516690322044,7.35294117647059,5.66448801742919
"Mmp19","Mmp19","neonate",0.176113333951157,0.0685881526956859,63729.5,0.510456715365885,0.133113732556505,0.363601072215988,4.77941176470588,2.61437908496732
"Prss34","Prss34","neonate",0.144634483421895,0.0684153113532701,63501,0.508626489811611,0.156981222192717,0.399260914607497,3.67647058823529,1.96078431372549
"Tnfsf15","Tnfsf15","neonate",0.112035930528583,0.0679009596480593,63572,0.50919518134051,0.069318802091076,0.25502157079263,2.94117647058824,1.08932461873638
"Acvr1","Acvr1","neonate",0.212969560396781,0.0670912037833553,63348,0.507400999615533,0.337833139337999,0.602552071337242,5.14705882352941,3.7037037037037
"Vpreb3","Vpreb3","neonate",0.134164636099683,0.0666096131477946,63406.5,0.507869569396386,0.172879780877207,0.419160831746284,3.30882352941176,1.74291938997821
"Tnfsf9","Tnfsf9","neonate",0.356237025598116,0.0664137162645739,63270.5,0.50678024477765,0.506203104130132,0.745471927352647,8.45588235294118,7.18954248366013
"Actg2","Actg2","neonate",0.337632604561453,0.0662692618791169,63312.5,0.507116653851083,0.474156078360027,0.726114355938079,8.08823529411765,6.75381263616558
"Col17a1","Col17a1","neonate",0.15864709695536,0.0659528691377098,63452.5,0.508238017429194,0.208170417535914,0.468500917118072,4.04411764705882,2.39651416122004
"Gzmf","Gzmf","neonate",0.241206351792526,0.0658415160197342,63582.5,0.509279283608868,0.269301547803675,0.535915455409709,6.25,4.35729847494553
"Rb1","Rb1","neonate",0.62154553021577,0.0657911422264154,63486.5,0.508510348583878,0.521197409122947,0.759760450330529,15.0735294117647,13.0718954248366
"Aqp3","Aqp3","neonate",0.211228858717739,0.065568299787709,63344,0.507368960656158,0.339929784721977,0.604117638801803,5.14705882352941,3.7037037037037
"Cenpf","Cenpf","neonate",0.467862840823071,0.0654021335073145,63485,0.508498333974112,0.465535271774305,0.720712214222021,11.3970588235294,9.58605664488017
"Atm","Atm","neonate",0.363327559541892,0.0649751444851286,63413.5,0.507925637575292,0.4408136103833,0.697605031035159,8.82352941176471,7.18954248366013
"Tpi1","Tpi1","neonate",0.914367777857521,0.0648914775402206,63508,0.508682557990516,0.583689959044623,0.800466147410576,22.0588235294118,20.9150326797386
"Itgb5","Itgb5","neonate",0.188053991222582,0.064881155264668,63383,0.50768134051006,0.296234737305628,0.560367494052084,4.77941176470588,3.26797385620915
"Yes1","Yes1","neonate",0.183822992505043,0.0646735333608917,63408.5,0.507885588876073,0.25742680726318,0.523513523215414,4.41176470588235,2.8322440087146
"Havcr1","Havcr1","neonate",0.16119912653508,0.0646003136169811,63340.5,0.507340926566705,0.272381811997231,0.540965471237529,4.04411764705882,2.61437908496732
"Fgf12","Fgf12","neonate",0.079863276184044,0.0641587194101191,63302.5,0.507036556452646,0.0592782247500231,0.231254629795122,1.83823529411765,0.435729847494553
"Ephb6","Ephb6","neonate",0.20455857792787,0.0637983516187525,63440.5,0.50814190055107,0.284104773204066,0.54874020231584,5.14705882352941,3.48583877995643
"Ceacam3","Ceacam3","neonate",0.206354575689971,0.0637220427336032,63348.5,0.507405004485454,0.337571647809585,0.602552071337242,5.14705882352941,3.7037037037037
"Igkc","Igkc","neonate",0.744710780082767,0.0621666161795723,63526,0.508826733307702,0.505820031932954,0.745471927352647,15.0735294117647,13.0718954248366
"Mst1r","Mst1r","neonate",0.124940096500552,0.0610856585501358,63402.5,0.507837530437011,0.174636145489248,0.419547559163326,3.30882352941176,1.74291938997821
"Il17rb","Il17rb","neonate",0.117694549182819,0.0610275102995943,63434,0.508089837242086,0.123356693399096,0.34939381624687,2.94117647058824,1.30718954248366
"Gsk3b","Gsk3b","neonate",1.18736911766117,0.0608158306070337,63426,0.508025759323337,0.644573505341433,0.829888237509282,28.3088235294118,27.0152505446623
"Tm4sf1","Tm4sf1","neonate",0.214704717461439,0.0599819087390666,63412.5,0.507917627835448,0.319629707431762,0.588185637980004,5.51470588235294,3.92156862745098
"Serpinb5","Serpinb5","neonate",0.205742334054238,0.0597077049880663,63244.5,0.506571991541715,0.379577290287541,0.65023807288089,4.77941176470588,3.48583877995643
"Cxcl1","Cxcl1","neonate",0.175583744318607,0.0595256821703911,63398,0.507801486607715,0.262539317142373,0.524746168586225,4.41176470588235,2.8322440087146
"Irf4","Irf4","neonate",0.220815426613065,0.0594788689992418,63292.5,0.50695645905421,0.388694867096363,0.657943603557002,5.51470588235294,4.13943355119826
"H2-T23","H2-T23","neonate",1.61704223343092,0.0585152447692128,63553.5,0.509047001153403,0.636091209536562,0.824685222247012,37.1323529411765,36.6013071895425
"Efnb1","Efnb1","neonate",0.220823748311236,0.0583121266451341,63279,0.506848327566321,0.39611497205899,0.665980821488724,5.51470588235294,4.13943355119826
"Btk","Btk","neonate",0.155654280422666,0.0578939959034218,63434.5,0.508093842112008,0.216245246680226,0.475238136643762,4.04411764705882,2.39651416122004
"Col5a3","Col5a3","neonate",0.141576118973941,0.0578502246135595,63362.5,0.507517140843265,0.229048650697827,0.490046147523033,3.67647058823529,2.17864923747277
"Srgn","Srgn","neonate",2.10825067562834,0.0577554494990218,63181.5,0.506067377931565,0.765655783738965,0.898026550461543,47.4264705882353,45.9694989106754
"Arid5b","Arid5b","neonate",0.265530995925902,0.0577412049814038,63305,0.507056580802256,0.428873741643033,0.686961259855706,6.61764705882353,5.22875816993464
"Itgb4","Itgb4","neonate",0.104476238257464,0.0577386840234816,63345,0.507376970396001,0.129651373881282,0.359062277110105,2.57352941176471,1.08932461873638
"Inhbb","Inhbb","neonate",0.285315438241609,0.0576149399573359,63277,0.506832308086633,0.458365872076336,0.714048085093918,6.98529411764706,5.66448801742919
"Myh11","Myh11","neonate",0.159048325943529,0.0575328923761751,63110,0.505494681532744,0.401312948365791,0.669159172483784,3.67647058823529,2.61437908496732
"Syk","Syk","neonate",0.203362391367963,0.0572774091551925,63330,0.507256824298347,0.347333454773359,0.615041580373968,5.14705882352941,3.7037037037037
"Ttr","Ttr","neonate",0.15941386620326,0.0572740197644916,63437,0.508113866461617,0.215110462362886,0.475238136643762,4.04411764705882,2.39651416122004
"Ccl26","Ccl26","neonate",0.32401370608511,0.0570892150249012,63378,0.507641291810842,0.438140052347398,0.695464853415452,8.08823529411765,6.5359477124183
"Ryk","Ryk","neonate",0.421012292934496,0.057084927880223,63429.5,0.50805379341279,0.475647821691455,0.726114355938079,10.6617647058824,8.93246187363835
"Twist2","Twist2","neonate",0.182594217273453,0.0569563173087285,63493.5,0.508566416762784,0.235813097362754,0.501291381813786,4.77941176470588,3.05010893246187
"Hdac4","Hdac4","neonate",0.534576943475375,0.0562521103588854,63213,0.50631968473664,0.614920446411199,0.815168623951898,12.8676470588235,11.7647058823529
"Rarres1","Rarres1","neonate",0.324038820882617,0.0556077946945323,63366,0.507545174932718,0.443926128674395,0.700307516279069,8.08823529411765,6.5359477124183
"Angpt2","Angpt2","neonate",0.186003911342805,0.0547615048179588,63163,0.505919197744457,0.412790020830868,0.674633044651094,4.41176470588235,3.26797385620915
"Bmpr1a","Bmpr1a","neonate",0.180135362162047,0.0542403259013423,63167,0.505951236703832,0.410263599809003,0.672751330607856,4.41176470588235,3.26797385620915
"Vhl","Vhl","neonate",0.331611756733602,0.0539438013335297,63254.5,0.506652088940151,0.503505108399433,0.743695693443311,8.08823529411765,6.75381263616558
"Cntfr","Cntfr","neonate",0.0686614481921936,0.0535128851713252,63302.5,0.507036556452646,0.0592782247500231,0.231254629795122,1.83823529411765,0.435729847494553
"Epcam","Epcam","neonate",0.0997773308449455,0.0534382771555871,63344,0.507368960656158,0.130068462033104,0.359219547498627,2.57352941176471,1.08932461873638
"Il10","Il10","neonate",0.262887378843526,0.0532769917659728,63289.5,0.506932429834679,0.437044376940713,0.694949352168884,6.61764705882353,5.22875816993464
"Ttn","Ttn","neonate",0.236181665299245,0.0531750355734992,63255,0.506656093810073,0.428212444747531,0.686961259855706,5.88235294117647,4.57516339869281
"Tnfrsf18","Tnfrsf18","neonate",0.646058654813498,0.0530790595546148,63335,0.507296872997565,0.591512525983649,0.805940136916388,15.8088235294118,13.9433551198257
"Cxcl3","Cxcl3","neonate",0.131792694037778,0.0526105732553458,63262,0.506712161988979,0.258277645854715,0.523513523215414,3.30882352941176,1.96078431372549
"Il12b","Il12b","neonate",0.233498737344037,0.0526098752244582,63243.5,0.506563981801871,0.434635549653286,0.693116788811649,5.88235294117647,4.57516339869281
"Qrfpr","Qrfpr","neonate",0.233281936349213,0.0521561552598491,63242.5,0.506555972062027,0.43519669989578,0.693116788811649,5.88235294117647,4.57516339869281
"Prtn3","Prtn3","neonate",0.130332393997738,0.0519196767701196,63257,0.50667211328976,0.261130797797485,0.524746168586225,3.30882352941176,1.96078431372549
"Ptgdr2","Ptgdr2","neonate",0.129403550639648,0.0509693090455661,63262,0.506712161988979,0.258277645854715,0.523513523215414,3.30882352941176,1.96078431372549
"Itga8","Itga8","neonate",0.495730279934535,0.05069168121034,63211.5,0.506307670126874,0.598734123819205,0.809064643738979,11.7647058823529,10.4575163398693
"Cd5l","Cd5l","neonate",0.12613150120752,0.0503687686831754,63264,0.506728181468666,0.25714243885728,0.523513523215414,3.30882352941176,1.96078431372549
"Igfbp3","Igfbp3","neonate",0.229535256318944,0.0500161405064718,63144.5,0.50577101755735,0.480677507441456,0.726114355938079,5.51470588235294,4.35729847494553
"Sigirr","Sigirr","neonate",0.320858528325441,0.0498437403915017,63174.5,0.506011309752659,0.538303075046385,0.769997368466637,7.72058823529412,6.5359477124183
"Ppara","Ppara","neonate",0.102101988302453,0.0498039580066054,63213.5,0.506323689606562,0.211709117363933,0.472201319937005,2.57352941176471,1.30718954248366
"Lyn","Lyn","neonate",0.141974332801626,0.0493139814642614,63333,0.507280853517878,0.244025205055796,0.512078941885402,3.67647058823529,2.17864923747277
"Ptprc","Ptprc","neonate",4.58586365702905,0.0488226179377378,65402,0.523853005254389,0.280612261670482,0.545361452018461,100,100
"Mtor","Mtor","neonate",0.675881482913418,0.0485470045911195,63253,0.506640074330386,0.634452297110702,0.824685222247012,16.5441176470588,15.0326797385621
"Mb","Mb","neonate",0.275021758303994,0.0485453083815919,63221,0.506383762655389,0.488416706117379,0.73368979008937,6.98529411764706,5.66448801742919
"Trmt5","Trmt5","neonate",0.163195193313561,0.0482799287027816,63189,0.506127450980392,0.369509688332703,0.639585345950876,4.04411764705882,2.8322440087146
"H2-Aa","H2-Aa","neonate",0.496466084543964,0.0481663544002356,63126.5,0.505626842240164,0.645963659347786,0.829888237509282,12.1323529411765,11.1111111111111
"Ngfr","Ngfr","neonate",0.277266470540134,0.0479358069400137,63242,0.506551967192106,0.477024820377643,0.726114355938079,6.98529411764706,5.66448801742919
"Fabp4","Fabp4","neonate",0.176763575821421,0.0475799075111516,63143.5,0.505763007817506,0.425237092076207,0.684913377705942,4.41176470588235,3.26797385620915
"Ptk2","Ptk2","neonate",0.157620725869224,0.0471575914104824,63294,0.506968473663975,0.297469349098469,0.560636939605243,4.04411764705882,2.61437908496732
"Cxcl2","Cxcl2","neonate",0.325496134103263,0.0470467003529176,63218.5,0.50636373830578,0.522192970570944,0.759760450330529,8.08823529411765,6.75381263616558
"Selenop","Selenop","neonate",0.503429411773962,0.0469905849323617,63217.5,0.506355728565936,0.605693319746444,0.811661612617211,12.5,11.1111111111111
"Gzmg","Gzmg","neonate",0.117709916277006,0.046958924382026,63173,0.505999295142894,0.284552341622156,0.54874020231584,2.94117647058824,1.74291938997821
"Notch3","Notch3","neonate",0.131477153644645,0.0468437353299366,63135.5,0.505698929898757,0.349908386837163,0.61516690322044,3.30882352941176,2.17864923747277
"Bst2","Bst2","neonate",1.09372057650641,0.0467193031278115,63080.5,0.505258394207356,0.756987666136696,0.895274855442807,26.4705882352941,25.2723311546841
"Cuzd1","Cuzd1","neonate",0.138117426217968,0.0466980918692301,63337.5,0.507316897347174,0.241697193974688,0.510534115238907,3.67647058823529,2.17864923747277
"Efna5","Efna5","neonate",0.211632596153206,0.0461099193119868,63159,0.505887158785083,0.452762856461003,0.709755609892484,5.14705882352941,3.92156862745098
"Hif1a","Hif1a","neonate",0.150441476400661,0.0460733069857156,63092.5,0.50535451108548,0.413441113622686,0.674633044651094,3.67647058823529,2.61437908496732
"Tpsb2","Tpsb2","neonate",0.153002114356742,0.046020159915663,63180.5,0.506059368191721,0.374855596277216,0.646256340694684,4.04411764705882,2.8322440087146
"Vegfa","Vegfa","neonate",0.671846352059762,0.0459586615633721,63169,0.505967256183519,0.665693965913187,0.836944368241421,16.1764705882353,14.5969498910675
"Dhrs2","Dhrs2","neonate",0.321001510089956,0.0455680033634282,63119,0.505566769191337,0.578927104327931,0.800038706678165,8.08823529411765,6.97167755991285
"Fgf1","Fgf1","neonate",0.136984014167315,0.0455356231940399,63132,0.505670895809304,0.352285363212731,0.616190363373847,3.30882352941176,2.17864923747277
"Krt10","Krt10","neonate",0.108804663688543,0.0450189516074272,63288.5,0.506924420094835,0.20233924444048,0.457442690945937,2.94117647058824,1.52505446623094
"Cav1","Cav1","neonate",0.287152072842913,0.0449866471354042,63034,0.504885941304626,0.603418353497438,0.811183972199312,6.98529411764706,6.10021786492375
"Efna1","Efna1","neonate",0.16623321794323,0.044592845225241,63056.5,0.505066160451109,0.466996794106321,0.721853959262018,4.04411764705882,3.05010893246187
"Ccl17","Ccl17","neonate",0.235761104816474,0.0445860436418647,63091,0.505342496475714,0.530120783776033,0.764877599746317,5.88235294117647,4.79302832244009
"Clec4a1","Clec4a1","neonate",0.175606808125615,0.044385173912065,63141,0.505742983467897,0.426848684610201,0.686400223478017,4.41176470588235,3.26797385620915
"C5ar2","C5ar2","neonate",0.16562747576446,0.0441945809304983,63048.5,0.505002082532359,0.472654403778461,0.726114355938079,4.04411764705882,3.05010893246187
"Krt86","Krt86","neonate",0.0795403206707425,0.0441627044449816,63251,0.506624054850699,0.136606959756515,0.369097937336708,2.20588235294118,0.871459694989107
"Il12rb2","Il12rb2","neonate",0.171237778223112,0.0440316374610033,63051.5,0.50502611175189,0.470528354799563,0.725064559096081,4.04411764705882,3.05010893246187
"Entpd1","Entpd1","neonate",0.476595075535459,0.0439975214434963,63004.5,0.504649653979239,0.701276561942161,0.864113492964899,11.7647058823529,10.8932461873638
"Tnfsf4","Tnfsf4","neonate",0.0833884155435648,0.0437613141320069,63126,0.505622837370242,0.228029616564206,0.489968809729554,2.20588235294118,1.08932461873638
"Tnfrsf13b","Tnfrsf13b","neonate",0.321443571925499,0.0427042995681098,63068.5,0.505162277329232,0.600509364460225,0.809064643738979,7.72058823529412,6.75381263616558
"Il36g","Il36g","neonate",0.152522758444448,0.0427019552432815,63168,0.505959246443676,0.382803809106543,0.654488331853904,4.04411764705882,2.8322440087146
"Ahr","Ahr","neonate",0.277805680087092,0.0426466086682976,62943.5,0.504161059848776,0.651666688336757,0.830833360961312,6.61764705882353,5.88235294117647
"Ppard","Ppard","neonate",0.343107277221315,0.0426350865851588,63000,0.504613610149942,0.656341797722906,0.834659148379767,8.45588235294118,7.62527233115468
"Foxp3","Foxp3","neonate",0.169000086973268,0.0420537804031128,63037.5,0.504913975394079,0.480494854641442,0.726114355938079,4.04411764705882,3.05010893246187
"Cmklr1","Cmklr1","neonate",0.331140252836284,0.0419706335854179,63089,0.505326476996027,0.604523261127472,0.811183972199312,8.45588235294118,7.40740740740741
"Cyp1b1","Cyp1b1","neonate",0.226876081405949,0.0418366410326022,63105,0.505454632833526,0.521516706715679,0.759760450330529,5.88235294117647,4.79302832244009
"Oas2","Oas2","neonate",0.287459344228762,0.0417770284200125,63263.5,0.506724176598744,0.474547758012954,0.726114355938079,7.35294117647059,5.88235294117647
"Fgfr2","Fgfr2","neonate",0.184222317368624,0.0416195051908357,62895,0.503772587466359,0.614144137348334,0.815168623951898,4.41176470588235,3.7037037037037
"Adgrg3","Adgrg3","neonate",0.271585872639305,0.0415182046224161,63112.5,0.505514705882353,0.553633470531102,0.784095287149373,6.98529411764706,5.88235294117647
"Atf3","Atf3","neonate",0.143184308795772,0.0410391555953258,63087,0.50531045751634,0.417297215359599,0.679812620446928,3.67647058823529,2.61437908496732
"Il2","Il2","neonate",0.143677402870126,0.0409276828038561,63086,0.505302447776496,0.418000677171839,0.679847757162029,3.67647058823529,2.61437908496732
"Fyn","Fyn","neonate",1.39641204569708,0.0406192603085034,62842,0.503348071254646,0.854837900583847,0.931446324461306,32.7205882352941,31.3725490196078
"Krt6b","Krt6b","neonate",0.142651017724396,0.0399709000097021,63083.5,0.505282423426887,0.419762098092142,0.680492376907099,3.67647058823529,2.61437908496732
"S100a2","S100a2","neonate",0.454934586553933,0.0395985333434428,63060.5,0.505098199410483,0.663511630199108,0.836817224843179,11.0294117647059,10.0217864923747
"H2-Q2","H2-Q2","neonate",0.259101904856219,0.0392891722233097,63037,0.504909970524157,0.577795398150254,0.800038706678165,6.25,5.22875816993464
"Itk","Itk","neonate",1.86551533223914,0.039236497215223,63303.5,0.50704456619249,0.7230151011755,0.880153914373594,42.2794117647059,42.2657952069717
"Dmbt1","Dmbt1","neonate",0.131172289051102,0.0390990520787167,63004,0.504645649109317,0.457419636033531,0.713689166080486,3.30882352941176,2.39651416122004
"Col5a2","Col5a2","neonate",0.286359710599709,0.0389318540824091,63018,0.504757785467128,0.612959309300335,0.815168623951898,6.98529411764706,6.10021786492375
"Nlrp2","Nlrp2","neonate",0.213040823346381,0.0382761443654757,63039.5,0.504929994873767,0.535591233007285,0.768322963033473,5.14705882352941,4.13943355119826
"Map1lc3b","Map1lc3b","neonate",0.53584564692478,0.0382454289754701,63084.5,0.505290433166731,0.676663880465436,0.846341417552756,13.2352941176471,11.9825708061002
"Itgb1","Itgb1","neonate",0.526953875599661,0.0380309250276675,63107.5,0.505474657183135,0.663015624458934,0.836817224843179,12.8676470588235,11.7647058823529
"Jag1","Jag1","neonate",0.372743968182141,0.0377625731121117,63167.5,0.505955241573754,0.5828690955463,0.800466147410576,9.55882352941176,8.27886710239651
"Cdh19","Cdh19","neonate",0.0545520053615321,0.0373742059609055,63068,0.505158272459311,0.135671272030226,0.369026428498674,1.47058823529412,0.435729847494553
"Prdm1","Prdm1","neonate",0.337474597208081,0.0373201317384812,62888.5,0.503720524157375,0.715412076231265,0.87624796069112,8.08823529411765,7.40740740740741
"P2rx5","P2rx5","neonate",0.137155449765674,0.0371156372460072,63189,0.506127450980392,0.338382615207978,0.602552071337242,3.67647058823529,2.39651416122004
"Il13ra1","Il13ra1","neonate",0.267046275417882,0.0363223547215778,63021.5,0.504785819556581,0.599724119590072,0.809064643738979,6.61764705882353,5.66448801742919
"Epha3","Epha3","neonate",0.220995657657881,0.035972270232857,63003.5,0.504641644239395,0.575775656173967,0.799510207807026,5.51470588235294,4.57516339869281
"Becn1","Becn1","neonate",0.508216833317265,0.0353734364359182,63045.5,0.504978053312828,0.689041688574777,0.854445974513748,12.5,11.5468409586057
"Igfbp7","Igfbp7","neonate",2.37407914044869,0.0348451072076448,61613,0.4935041009868,0.755083855838868,0.894083853053862,53.3088235294118,50.5446623093682
"Agr2","Agr2","neonate",0.152074463508958,0.0346336321646624,63041.5,0.504946014353454,0.477635609720611,0.726114355938079,4.04411764705882,3.05010893246187
"Celsr2","Celsr2","neonate",0.148728698131595,0.0344944821493848,62953,0.504237152377291,0.526555122805014,0.760833996284926,3.67647058823529,2.8322440087146
"Col14a1","Col14a1","neonate",0.0940131479273918,0.0342425619697576,63071,0.505182301678841,0.323752397850706,0.594440406366767,2.57352941176471,1.52505446623094
"Flt1","Flt1","neonate",0.205188436603936,0.0341988019072926,62932,0.504068947840574,0.614272551712929,0.815168623951898,5.14705882352941,4.35729847494553
"Tfeb","Tfeb","neonate",0.24037918916735,0.0341136724398608,63056,0.505062155581187,0.566053023093803,0.793174910022985,6.25,5.22875816993464
"Mapk13","Mapk13","neonate",0.0900614460812835,0.034089052216185,62979,0.504445405613226,0.36129047891311,0.626446273871949,2.20588235294118,1.30718954248366
"Fpr1","Fpr1","neonate",0.243748243119264,0.0340702613033511,62864,0.503524285531206,0.686157911690746,0.854056726536422,5.88235294117647,5.22875816993464
"Cd70","Cd70","neonate",0.197044228634629,0.0339340236998398,63159.5,0.505891163655005,0.452455304572864,0.709755609892484,5.14705882352941,3.92156862745098
"Kitl","Kitl","neonate",0.212666424734963,0.0336057852409764,62930,0.504052928360887,0.615668980778114,0.815168623951898,5.14705882352941,4.35729847494553
"Hsd17b2","Hsd17b2","neonate",0.114755507180487,0.033527238787224,63023,0.504797834166346,0.406135482612319,0.67060662047166,2.94117647058824,1.96078431372549
"Mt1","Mt1","neonate",0.406925578966203,0.0328858129359004,62837.5,0.503312027425349,0.769418612175716,0.898829140363835,9.92647058823529,9.3681917211329
"Ankrd1","Ankrd1","neonate",0.145624979285915,0.0322328557761684,62946,0.504181084198385,0.532046098299981,0.765440057727389,3.67647058823529,2.8322440087146
"Myl9","Myl9","neonate",0.170165476093849,0.0321262762393317,62995,0.504573561450724,0.534131086757854,0.767332411379799,4.41176470588235,3.48583877995643
"H2-M3","H2-M3","neonate",1.05507806971449,0.0321124242985695,62950,0.50421312315776,0.80076981384133,0.904261831823928,24.6323529411765,24.400871459695
"Hdac11","Hdac11","neonate",0.698574179322667,0.0320794379511896,62889.5,0.503728533897219,0.793217150738236,0.904261831823928,16.5441176470588,16.1220043572985
"Pax5","Pax5","neonate",0.0873836293454134,0.0320738305976621,62979,0.504445405613226,0.36129047891311,0.626446273871949,2.20588235294118,1.30718954248366
"Foxf1","Foxf1","neonate",0.318180369158014,0.0319720308914367,62820,0.503171856978085,0.751978783632642,0.892528060470495,7.72058823529412,7.18954248366013
"Cd200r3","Cd200r3","neonate",0.108396320606136,0.0314777653862267,62826,0.503219915417147,0.565944578583419,0.793174910022985,2.57352941176471,1.96078431372549
"Adgrf3","Adgrf3","neonate",0.103815912472237,0.0311734720449457,62940,0.504133025759323,0.446854249000453,0.703813090447792,2.57352941176471,1.74291938997821
"Smad2","Smad2","neonate",0.174031257058847,0.0311377296554847,62971,0.504381327694477,0.551470726897455,0.784095287149373,4.41176470588235,3.48583877995643
"Csf2rb","Csf2rb","neonate",0.226153862868523,0.0309879005499372,62882.5,0.503672465718313,0.662177763999591,0.836817224843179,5.51470588235294,4.79302832244009
"Met","Met","neonate",0.0753048324758368,0.0309588676351766,62892,0.503748558246828,0.39979997052437,0.669159172483784,1.83823529411765,1.08932461873638
"Atp5e","Atp5e","neonate",1.40531369553174,0.0306169204523468,63048,0.504998077662438,0.786398291722549,0.902219104089926,32.7205882352941,32.6797385620915
"Nrxn1","Nrxn1","neonate",0.192335765324651,0.0304035366918259,62842,0.503348071254646,0.669543396988553,0.840723887654392,4.77941176470588,4.13943355119826
"Meg3","Meg3","neonate",0.289981333549887,0.0298142956912789,63119.5,0.505570774061258,0.557491583655335,0.787279191082676,7.35294117647059,6.10021786492375
"Igha","Igha","neonate",0.277598913094132,0.0294962477977782,63069,0.505166282199154,0.566845928609197,0.793174910022985,6.61764705882353,5.44662309368192
"Ccl22","Ccl22","neonate",0.19213729981349,0.0292546435817713,62936.5,0.504104991669871,0.595155652857372,0.807306375372517,4.77941176470588,3.92156862745098
"Osmr","Osmr","neonate",0.137453218250108,0.0291746802149746,62939,0.50412501601948,0.537565895258299,0.769997368466637,3.67647058823529,2.8322440087146
"Mmp9","Mmp9","neonate",0.644584660367993,0.0290594411378614,62802,0.5030276816609,0.827862082190825,0.917087217715836,15.8088235294118,15.2505446623094
"Npr3","Npr3","neonate",0.103531930399507,0.028517522919908,62812,0.503107779059336,0.579566405663838,0.800038706678165,2.57352941176471,1.96078431372549
"Il33","Il33","neonate",0.313013390855529,0.0285087791563468,63161.5,0.505907183134692,0.552494501823737,0.784095287149373,8.08823529411765,6.75381263616558
"Serpina3a","Serpina3a","neonate",0.114540801081517,0.0283042559717101,62896,0.503780597206203,0.524490639668791,0.759760450330529,2.94117647058824,2.17864923747277
"Ccl20","Ccl20","neonate",0.23506963581637,0.028266656317349,62844.5,0.503368095604255,0.699388270699651,0.864052175821007,5.88235294117647,5.22875816993464
"Nlrc4","Nlrc4","neonate",0.104692124207547,0.0280887160757852,62812,0.503107779059336,0.579566405663838,0.800038706678165,2.57352941176471,1.96078431372549
"Ephb2","Ephb2","neonate",0.166408651234356,0.0279637428001533,62780.5,0.502855472254261,0.692988546882708,0.857207917173771,4.04411764705882,3.48583877995643
"Gpbar1","Gpbar1","neonate",0.134029989584768,0.0275194425707661,62859.5,0.50348824170191,0.585931966102001,0.802437046983097,3.30882352941176,2.61437908496732
"Sfn","Sfn","neonate",0.388089048204593,0.0274299061939341,63051.5,0.50502611175189,0.649886980077384,0.830688870688656,9.92647058823529,8.71459694989107
"Cx3cr1","Cx3cr1","neonate",0.262368126526275,0.027275444152056,62706,0.502258746635909,0.804556380668171,0.906375945227307,6.25,5.88235294117647
"Adgrg1","Adgrg1","neonate",0.396237305062328,0.0269721691109023,62739.5,0.502527072920672,0.820795329640613,0.916751187153637,9.55882352941176,9.15032679738562
"Camp","Camp","neonate",0.0949887982332477,0.0269117620342499,62726,0.502418941432782,0.645379660618703,0.829888237509282,2.20588235294118,1.74291938997821
"Cd40lg","Cd40lg","neonate",0.395109537293166,0.0268474346056978,62956.5,0.504265186466744,0.702038043431864,0.864113492964899,9.92647058823529,8.93246187363835
"Apc","Apc","neonate",0.156234415021367,0.0267920150361502,62901.5,0.503824650775343,0.590097254828037,0.805940136916388,4.04411764705882,3.26797385620915
"Ccl8","Ccl8","neonate",0.235384512131815,0.0267737441828578,62951,0.504221132897604,0.624213563496049,0.816590116135457,5.88235294117647,5.01089324618736
"Ffar4","Ffar4","neonate",0.12156358500128,0.026588410752206,62777,0.502827438164808,0.643049487029812,0.829888237509282,2.94117647058824,2.39651416122004
"Il17b","Il17b","neonate",0.0887662808158911,0.026557093211244,62848,0.503396129693708,0.502639258762761,0.743695693443311,2.20588235294118,1.52505446623094
"Klrb1","Klrb1","neonate",0.565713033610291,0.0260665652585224,62778.5,0.502839452774574,0.827760235317883,0.917087217715836,13.6029411764706,13.0718954248366
"Mmp14","Mmp14","neonate",0.542353215479203,0.025612302449453,62817.5,0.503151832628476,0.809132538092923,0.90947591936713,13.6029411764706,13.0718954248366
"Ccr10","Ccr10","neonate",0.190729981578169,0.0255858394814989,62940,0.504133025759323,0.592641356267253,0.805940136916388,4.77941176470588,3.92156862745098
"Tagln","Tagln","neonate",0.177706156425347,0.0252566979686085,62851,0.503420158913239,0.647657839345697,0.829888237509282,4.41176470588235,3.7037037037037
"Vwf","Vwf","neonate",0.116655461628895,0.0241863453160603,62771.5,0.502783384595668,0.648240114141626,0.829888237509282,2.94117647058824,2.39651416122004
"Notch2","Notch2","neonate",0.4746583390054,0.0235321465589288,62955,0.504253171856978,0.72426191079253,0.880596493975796,11.7647058823529,10.6753812636166
"Tlr7","Tlr7","neonate",0.20642281101636,0.0231424800055663,62774.5,0.502807413815199,0.731739912016779,0.885369772185351,5.14705882352941,4.57516339869281
"Csf3","Csf3","neonate",0.0576377031288251,0.0221603968069631,62797,0.502987632961681,0.453834003681475,0.710317899011664,1.47058823529412,0.871459694989107
"Pdgfc","Pdgfc","neonate",0.0689699277356559,0.0220553102218413,62758.5,0.502679257977701,0.566007052449198,0.793174910022985,1.83823529411765,1.30718954248366
"Adgrl4","Adgrl4","neonate",0.191936360512615,0.0216737621863305,62694.5,0.502166634627707,0.785642931797273,0.902219104089926,4.77941176470588,4.35729847494553
"Pdgfd","Pdgfd","neonate",0.11825723969158,0.0216053158676872,62768,0.502755350506216,0.651552238377649,0.830833360961312,2.94117647058824,2.39651416122004
"Zfp36","Zfp36","neonate",0.582359839891349,0.0210917934987866,62851.5,0.50342416378316,0.796461591444024,0.904261831823928,14.3382352941176,13.5076252723312
"Wnt5b","Wnt5b","neonate",0.171973255698684,0.0209991563437531,62850,0.503412149173395,0.648428221684785,0.829888237509282,4.41176470588235,3.7037037037037
"Cxcl10","Cxcl10","neonate",0.474321284113977,0.0208231589738232,62774,0.502803408945277,0.816220869001142,0.91435079370128,11.3970588235294,10.8932461873638
"Egfr","Egfr","neonate",0.181394030766594,0.02076735698202,62734,0.502483019351532,0.744198722212641,0.892528060470495,4.41176470588235,3.92156862745098
"Coro1b","Coro1b","neonate",0.743262764073863,0.0207646134191093,62736,0.502499038831219,0.865935143619218,0.937391246675744,18.3823529411765,17.6470588235294
"Cd79a","Cd79a","neonate",0.253476985734578,0.0203094435706591,62679,0.502042483660131,0.822975108592995,0.917087217715836,6.25,5.88235294117647
"Tlr8","Tlr8","neonate",0.0715506964442966,0.0199764238243139,62753.5,0.502639209278483,0.571835691496018,0.795146700727377,1.83823529411765,1.30718954248366
"H2-Pa","H2-Pa","neonate",0.119977332884368,0.0198920197995843,62643.5,0.501758137895681,0.778842811558408,0.901388216385463,2.94117647058824,2.61437908496732
"Il21","Il21","neonate",0.0760940306822337,0.0198252273244515,62619,0.501561899269512,0.74880322707441,0.892528060470495,1.83823529411765,1.52505446623094
"Col11a1","Col11a1","neonate",0.10073867928817,0.0197989775147907,62799,0.503003652441369,0.592351332478801,0.805940136916388,2.57352941176471,1.96078431372549
"Gzmk","Gzmk","neonate",0.191464146450929,0.0192292404261088,62799,0.503003652441369,0.701853577845718,0.864113492964899,4.77941176470588,4.13943355119826
"Lgr5","Lgr5","neonate",0.0640911381813406,0.0192063211107407,62882,0.503668460848392,0.409957572789828,0.672751330607856,1.83823529411765,1.08932461873638
"Clec10a","Clec10a","neonate",0.0985406750456829,0.0190309334533848,62798,0.502995642701525,0.593340080738845,0.805940136916388,2.57352941176471,1.96078431372549
"Ccr6","Ccr6","neonate",0.284309460083908,0.0189292371272686,62769,0.502763360246059,0.777433619815129,0.901388216385463,7.35294117647059,6.75381263616558
"Tert","Tert","neonate",0.135515036364636,0.0183965100205806,62721,0.502378892733564,0.716594370354905,0.876619125452564,3.30882352941176,2.8322440087146
"Tshz2","Tshz2","neonate",0.0776445176001531,0.017935334458997,62624.5,0.501605952838652,0.741949456675978,0.892528060470495,1.83823529411765,1.52505446623094
"Il1r2","Il1r2","neonate",0.117382672079646,0.0172989094592972,62643,0.501754133025759,0.77933464646366,0.901388216385463,2.94117647058824,2.61437908496732
"Fcgbp","Fcgbp","neonate",0.144944195099404,0.0169669226206295,62679,0.502042483660131,0.76959383327909,0.898829140363835,3.67647058823529,3.26797385620915
"Fhit","Fhit","neonate",0.156188957916196,0.016791349621127,62759.5,0.502687267717545,0.710254919287588,0.872074081933159,4.04411764705882,3.48583877995643
"Adgrf1","Adgrf1","neonate",0.111007764500001,0.0164725521475458,62755,0.502651223888248,0.663914167353014,0.836817224843179,2.94117647058824,2.39651416122004
"Krt1","Krt1","neonate",0.0843681209037691,0.0164568639308978,62711,0.502298795335128,0.661897258992333,0.836817224843179,2.20588235294118,1.74291938997821
"Nosip","Nosip","neonate",0.414429409368449,0.0163051681044124,62713.5,0.502318819684737,0.84047110911213,0.922852087868715,10.2941176470588,9.80392156862745
"Ramp1","Ramp1","neonate",0.63511178502036,0.0160584779216369,62647,0.501786171985134,0.897641754971527,0.95207322309214,15.4411764705882,15.2505446623094
"Il3ra","Il3ra","neonate",0.481423853303574,0.0160146397108003,62644.5,0.501766147635525,0.886119175331549,0.949957868608123,11.7647058823529,11.5468409586057
"Col4a5","Col4a5","neonate",0.253075487149466,0.015741195494665,62825,0.503211905677304,0.727561019282452,0.881383154586396,6.61764705882353,5.88235294117647
"Npr2","Npr2","neonate",0.131960820409779,0.0155248167611862,62598.5,0.501397699602717,0.834842540151633,0.919463770494203,3.30882352941176,3.05010893246187
"Sst","Sst","neonate",0.155424295863771,0.0151758628084078,62879,0.503644431628861,0.607752033679296,0.813184430246927,4.04411764705882,3.26797385620915
"Slc40a1","Slc40a1","neonate",0.142542332893479,0.0150087228903614,62685.5,0.502094546969114,0.763881881793977,0.898026550461543,3.67647058823529,3.26797385620915
"Cd209e","Cd209e","neonate",0.0704387725294652,0.0150057570093109,62746,0.502579136229655,0.580631706839272,0.800038706678165,1.83823529411765,1.30718954248366
"Tgfb2","Tgfb2","neonate",0.16099859466541,0.0149221308795496,62645,0.501770152505447,0.81010259416087,0.909540863038724,4.04411764705882,3.7037037037037
"Adipoq","Adipoq","neonate",0.0676034195691168,0.0147054110244155,62531.5,0.500861047033192,0.84718643491142,0.925989404641165,1.47058823529412,1.30718954248366
"Fzd3","Fzd3","neonate",0.260887927431606,0.0145251942210951,62716.5,0.502342848904268,0.801509974369746,0.904261831823928,6.61764705882353,6.10021786492375
"Bid","Bid","neonate",0.0588970463062302,0.013864759182205,62661,0.501898308342945,0.653666807568714,0.832319038500649,1.47058823529412,1.08932461873638
"Rac1","Rac1","neonate",1.56379967390919,0.0136458257534009,62758,0.502675253107779,0.888596157101142,0.950569065053475,36.7647058823529,36.3834422657952
"Cxcl9","Cxcl9","neonate",0.215559883659015,0.0132876310459847,62698.5,0.502198673587082,0.796330301229437,0.904261831823928,5.51470588235294,5.01089324618736
"Cacna1c","Cacna1c","neonate",0.183107844023707,0.0131354659625808,62613,0.50151384083045,0.844895920995416,0.925989404641165,4.41176470588235,4.13943355119826
"Itm2a","Itm2a","neonate",0.113050436052176,0.0122094038532527,62622.5,0.501589933358965,0.799573806767004,0.904261831823928,2.94117647058824,2.61437908496732
"Dusp6","Dusp6","neonate",0.725143402278821,0.0118673952639053,62632,0.501666025887479,0.90932810387719,0.957614493210343,17.6470588235294,17.2113289760349
"Ptk6","Ptk6","neonate",0.0890813787094612,0.0118453924423639,62579,0.501241509675766,0.819662095263345,0.916751187153637,2.20588235294118,1.96078431372549
"Vegfc","Vegfc","neonate",0.197323078720299,0.0117145405211499,62754,0.502643214148404,0.746897449141591,0.892528060470495,5.14705882352941,4.57516339869281
"Cxcl5","Cxcl5","neonate",0.140443481967651,0.0109726390539528,62661,0.501898308342945,0.785476032095105,0.902219104089926,3.67647058823529,3.26797385620915
"Cxcr1","Cxcr1","neonate",0.0978776179857227,0.0108074365638793,62660.5,0.501894303473023,0.743239654066606,0.892528060470495,2.57352941176471,2.17864923747277
"Il1rl1","Il1rl1","neonate",0.121965988581196,0.0107235961313693,62621,0.501577918749199,0.801060201364715,0.904261831823928,2.94117647058824,2.61437908496732
"Fap","Fap","neonate",0.0864139971512024,0.0102348465455546,62574,0.501201460976547,0.825402635628376,0.917087217715836,2.20588235294118,1.96078431372549
"Lyz3","Lyz3","neonate",0.159249202545049,0.0100666707821618,62626,0.501617967448417,0.826191970289197,0.917087217715836,4.04411764705882,3.7037037037037
"Il1r1","Il1r1","neonate",0.0849835033412867,0.00994576656288197,62695.5,0.502174644367551,0.679139876349538,0.846378070900611,2.20588235294118,1.74291938997821
"Col9a3","Col9a3","neonate",0.207419357143247,0.00993389600491884,62527,0.500825003203896,0.92210720461028,0.965694204828203,5.14705882352941,5.01089324618736
"Mzt2","Mzt2","neonate",0.189112508194948,0.0091924468764048,62556.5,0.501061290529284,0.895707626516474,0.951901165242677,4.77941176470588,4.57516339869281
"Tnnc1","Tnnc1","neonate",0.342226182285417,0.00909231555573747,62729,0.502442970652313,0.815298740076874,0.914345156194199,8.45588235294118,7.84313725490196
"Ackr1","Ackr1","neonate",0.104448417028265,0.00843702448061097,62536.5,0.500901095732411,0.879834141492729,0.946272534054208,2.57352941176471,2.39651416122004
"Areg","Areg","neonate",0.413073064977413,0.00833017272367564,62499.5,0.500604735358196,0.958338979288427,0.977213335976062,9.92647058823529,10.0217864923747
"Cryab","Cryab","neonate",0.681717013268594,0.00816454859113969,62569,0.501161412277329,0.934619476221143,0.968631619934313,16.1764705882353,15.9041394335512
"Il1rn","Il1rn","neonate",0.245194875049318,0.00783958620593903,62624.5,0.501605952838652,0.860442052281395,0.935507880179444,6.25,5.88235294117647
"Csf1r","Csf1r","neonate",0.156531089579356,0.00749960367034114,62428.5,0.500036043829296,0.996460607639495,0.9977086554771,3.67647058823529,3.7037037037037
"Esr1","Esr1","neonate",0.218269019099397,0.00675545166539349,62757.5,0.502671248237857,0.759483681886627,0.897162595783136,5.88235294117647,5.22875816993464
"Rela","Rela","neonate",0.663645299425978,0.00665402940810356,62488.5,0.500516628219915,0.971318956227434,0.985901369219891,16.1764705882353,16.557734204793
"Itgb2","Itgb2","neonate",1.0141503537404,0.00654140035940731,62473,0.500392477252339,0.981302521898538,0.990290741939199,23.5294117647059,24.400871459695
"Krt20","Krt20","neonate",0.0838809332549423,0.00627305718773617,62696,0.502178649237473,0.678581053074063,0.846378070900611,2.20588235294118,1.74291938997821
"Thsd4","Thsd4","neonate",0.115737547493672,0.00605277520382085,62503,0.500632769447648,0.92169109587682,0.965694204828203,2.94117647058824,2.8322440087146
"Tnfrsf17","Tnfrsf17","neonate",0.091735863288012,0.00589245577903336,62449,0.500200243496091,0.972057217595941,0.985901369219891,2.20588235294118,2.17864923747277
"Bag3","Bag3","neonate",0.195686483522387,0.00574928418843315,62545,0.500969178521082,0.904748371242438,0.956442943156254,4.77941176470588,4.57516339869281
"Vegfd","Vegfd","neonate",0.17634377837813,0.00574348605325162,62472,0.500384467512495,0.961273766289749,0.977948923460081,4.41176470588235,4.35729847494553
"Cd4","Cd4","neonate",0.418971781219616,0.00535476969971832,62533,0.500873061642958,0.940125743561209,0.970129611697482,10.2941176470588,10.0217864923747
"Csf3r","Csf3r","neonate",0.105711875974796,0.00525890641389996,62531,0.500857042163271,0.88569356990939,0.949957868608123,2.57352941176471,2.39651416122004
"Tnfrsf11b","Tnfrsf11b","neonate",0.102725849473328,0.00472425543165025,62540.5,0.500933134691785,0.875576858070644,0.945433310011337,2.57352941176471,2.39651416122004
"Vtn","Vtn","neonate",0.117411277590063,0.00459110666993283,62495,0.500568691528899,0.929649732509175,0.968631619934313,2.94117647058824,2.8322440087146
"Cldn4","Cldn4","neonate",0.159273540150069,0.00455846984238936,62615,0.501529860310137,0.835540798463138,0.919463770494203,4.04411764705882,3.7037037037037
"Cd40","Cd40","neonate",0.0891909187406657,0.00435005507385557,62447,0.500184224016404,0.974337439366051,0.987209783585317,2.20588235294118,2.17864923747277
"Tnfrsf19","Tnfrsf19","neonate",0.0982450904757233,0.00400020666224293,62652.5,0.501830225554274,0.751651639015255,0.892528060470495,2.57352941176471,2.17864923747277
"Vegfb","Vegfb","neonate",0.394732664913307,0.00385772304256732,62526.5,0.500820998333974,0.941911197716311,0.970129611697482,9.55882352941176,9.3681917211329
"Il15","Il15","neonate",0.0747405515733285,0.00370749005947831,62480.5,0.500452550301166,0.929367718521921,0.968631619934313,1.83823529411765,1.74291938997821
"Bcl2l1","Bcl2l1","neonate",0.722930084446646,0.00354215584163431,62560,0.501089324618736,0.941092299828868,0.970129611697482,18.0147058823529,17.4291938997821
"Tnxa","Tnxa","neonate",0.119363226868972,0.00318734644548338,62490,0.500528642829681,0.934627500879448,0.968631619934313,2.94117647058824,2.8322440087146
"Olr1","Olr1","neonate",0.0642928300075191,0.00304616616324307,62394,0.49975970780469,0.959570567623435,0.977213335976062,1.47058823529412,1.52505446623094
"Cxcl13","Cxcl13","neonate",0.153382466471707,0.00280109714511872,62416.5,0.499939926951173,0.993806105266396,0.9977086554771,3.67647058823529,3.7037037037037
"Ifih1","Ifih1","neonate",0.270994758532659,0.00271584423007648,62478.5,0.500436530821479,0.96364873002369,0.979365732755983,6.61764705882353,6.5359477124183
"Tcap","Tcap","neonate",0.246247884154694,0.0022567029430115,62514,0.500720876585928,0.93794668253117,0.970129611697482,6.25,6.10021786492375
"Il1a","Il1a","neonate",0.0258739018484764,0.00192803228547052,62474,0.500400486992183,0.900012016616892,0.953572774247653,0.735294117647059,0.65359477124183
"Oasl1","Oasl1","neonate",0.0888996214910204,0.00186064575163136,62441,0.500136165577342,0.981179288693619,0.990290741939199,2.20588235294118,2.17864923747277
"Nrxn3","Nrxn3","neonate",0.104848150613523,0.00181622772909015,62402.5,0.499827790593362,0.977973882159801,0.989888284785098,2.57352941176471,2.61437908496732
"Il10ra","Il10ra","neonate",0.787733144438197,0.00169824683148978,62587,0.501305587594515,0.931469595698328,0.968631619934313,19.4852941176471,18.7363834422658
"Upk3a","Upk3a","neonate",0.15461342345433,0.00138787698770776,62410,0.499887863642189,0.988054956984245,0.99504120415484,3.67647058823529,3.7037037037037
"Rbm47","Rbm47","neonate",0.180947435146783,0.000964138712704177,62542.5,0.500949154171473,0.906715426845004,0.956608762502084,4.77941176470588,4.57516339869281
"Krt18","Krt18","neonate",0.282729305731219,5.70555948097851e-05,62431.5,0.500060073048827,0.995417330211987,0.9977086554771,6.98529411764706,6.97167755991285
"Ptgs2","Ptgs2","neonate",0.053774093416776,-6.30558484730828e-05,62521,0.500776944764834,0.862023605528936,0.936206464828267,1.47058823529412,1.30718954248366
"Arg1","Arg1","neonate",0.18971685932434,-0.000174495756696175,62417.5,0.499947936691016,0.995311037763629,0.9977086554771,4.77941176470588,4.79302832244009
"Cxcr5","Cxcr5","neonate",0.251110142548288,-0.000687936295594271,62590.5,0.501333621683968,0.883981738176542,0.949708828622859,6.25,5.88235294117647
"Cd55","Cd55","neonate",0.460788345427237,-0.000743472528430933,62549.5,0.501005222350378,0.933018212182275,0.968631619934313,11.0294117647059,10.6753812636166
"Cd68","Cd68","neonate",0.932464521213618,-0.000895492438446666,62471.5,0.500380462642573,0.981351306956799,0.990290741939199,22.4264705882353,22.2222222222222
"Crp","Crp","neonate",0.0667617091157545,-0.00139212695990694,62477.5,0.500428521081635,0.933142471202169,0.968631619934313,1.83823529411765,1.74291938997821
"Itga2","Itga2","neonate",0.124746154130395,-0.0014375802279608,62361.5,0.499499391259772,0.939491887950331,0.970129611697482,2.94117647058824,3.05010893246187
"Il6","Il6","neonate",0.0789518088382192,-0.00158523658077746,62561,0.50109733435858,0.840371057490027,0.922852087868715,2.20588235294118,1.96078431372549
"Il24","Il24","neonate",0.158939783236216,-0.00207304861094654,62582.5,0.501269543765218,0.86329348428361,0.936565401339238,4.04411764705882,3.7037037037037
"Inhba","Inhba","neonate",0.0670131352932465,-0.00291763856073214,62472.5,0.500388472382417,0.939437026206872,0.970129611697482,1.83823529411765,1.74291938997821
"Cd33","Cd33","neonate",0.1113749205372,-0.00293234623469707,62472,0.500384467512495,0.95256727461016,0.974061100293671,2.94117647058824,2.8322440087146
"Kit","Kit","neonate",0.151777791572961,-0.0033029369185073,62281,0.498854607202358,0.876591270057765,0.945433310011337,3.67647058823529,3.92156862745098
"Cd274","Cd274","neonate",0.59676663602521,-0.0035048557174614,62328.5,0.499235069844931,0.95480605283835,0.975350035532617,13.9705882352941,14.3790849673203
"Krt4","Krt4","neonate",0.126789029813646,-0.00360977875978485,62553.5,0.501037261309753,0.87715728361132,0.945433310011337,3.30882352941176,3.05010893246187
"Cd244a","Cd244a","neonate",0.199732590361459,-0.00369359609994305,62306,0.499054850698449,0.909589694152653,0.957614493210343,4.77941176470588,5.01089324618736
"Tgfbi","Tgfbi","neonate",0.275776620933916,-0.00386080626432084,62420,0.499967961040625,0.9977086554771,0.9977086554771,6.98529411764706,6.97167755991285
"Braf","Braf","neonate",0.11575672535722,-0.00486810566645243,62472,0.500384467512495,0.95256727461016,0.974061100293671,2.94117647058824,2.8322440087146
"Ighg1","Ighg1","neonate",0.142519840617592,-0.00535611039326558,62530.5,0.500853037293349,0.904712860744003,0.956442943156254,3.67647058823529,3.48583877995643
"Mfap5","Mfap5","neonate",0.220476385563155,-0.00591830018848072,62332,0.499263103934384,0.933731951760617,0.968631619934313,5.51470588235294,5.66448801742919
"Dnmt3a","Dnmt3a","neonate",0.20858115479083,-0.00623096473366219,62354.5,0.499443323080866,0.948177347366627,0.971565072275979,5.14705882352941,5.22875816993464
"Sostdc1","Sostdc1","neonate",0.19834268283494,-0.00628497794222257,62352.5,0.499427303601179,0.946677450976325,0.971565072275979,5.14705882352941,5.22875816993464
"Marco","Marco","neonate",0.150460029217385,-0.00652268996517799,62472.5,0.500388472382417,0.958979162182786,0.977213335976062,4.04411764705882,3.92156862745098
"Fzd6","Fzd6","neonate",0.103940831851436,-0.00666182412169505,62274,0.498798539023453,0.847972243166884,0.925989404641165,2.57352941176471,2.8322440087146
"Ahi1","Ahi1","neonate",0.105120721808077,-0.00667792839731597,62273,0.498790529283609,0.846967855461969,0.925989404641165,2.57352941176471,2.8322440087146
"Sec61g","Sec61g","neonate",1.10701109142359,-0.00728284809100965,62283,0.498870626682045,0.947749850220339,0.971565072275979,26.8382352941176,26.3616557734205
"Cd276","Cd276","neonate",0.129595322855465,-0.00735253717771733,62309.5,0.499082884787902,0.895614277843983,0.951901165242677,3.30882352941176,3.48583877995643
"Gas6","Gas6","neonate",0.344458546153772,-0.00781299234452615,62285,0.498886646161733,0.917874955808844,0.963285611517281,8.45588235294118,8.71459694989107
"Angptl1","Angptl1","neonate",0.133706147406052,-0.00833549941843784,62310.5,0.499090894527746,0.896524768468278,0.951901165242677,3.30882352941176,3.48583877995643
"Rara","Rara","neonate",0.177074643195891,-0.00850439545450377,62317.5,0.499146962706651,0.914967871781425,0.962260514943123,4.41176470588235,4.57516339869281
"Ackr3","Ackr3","neonate",0.0573567846004017,-0.00854377233527479,62257,0.49866237344611,0.783992702913475,0.902219104089926,1.47058823529412,1.74291938997821
"Wnt3","Wnt3","neonate",0.0775240869956683,-0.00865650436380357,62217.5,0.498345988722286,0.761148607781007,0.898026550461543,1.83823529411765,2.17864923747277
"Sox2","Sox2","neonate",0.0383060495221353,-0.00868501246876458,62426,0.500016019479687,0.997593374451434,0.9977086554771,1.10294117647059,1.08932461873638
"Carmn","Carmn","neonate",0.133623800495439,-0.00963410260076344,62304.5,0.499042836088684,0.891063893788154,0.951901165242677,3.30882352941176,3.48583877995643
"Mapk14","Mapk14","neonate",0.325728120259097,-0.00965158220005791,62248.5,0.498594290657439,0.892368464100413,0.951901165242677,7.72058823529412,8.06100217864924
"Il17a","Il17a","neonate",0.0590444911803195,-0.00983306686694605,62259,0.498678392925798,0.786524182162121,0.902219104089926,1.47058823529412,1.74291938997821
"Cd163","Cd163","neonate",0.0653157138889877,-0.0101595917402069,62336,0.499295142893759,0.89375495437773,0.951901165242677,1.83823529411765,1.96078431372549
"Ccl9","Ccl9","neonate",0.166205105094625,-0.011077058834425,62345,0.499367230552352,0.934041887427552,0.968631619934313,4.04411764705882,4.13943355119826
"Klra17","Klra17","neonate",0.137249878040391,-0.011266606807038,62183.5,0.498073657567602,0.78635906783935,0.902219104089926,3.30882352941176,3.7037037037037
"Epha7","Epha7","neonate",0.0987935913883094,-0.0122680755380239,62256.5,0.498658368576189,0.830432505564706,0.91717941288834,2.57352941176471,2.8322440087146
"Fzd4","Fzd4","neonate",0.149296957245384,-0.0128527663464438,62267.5,0.498746475714469,0.865007242447862,0.937391246675744,3.67647058823529,3.92156862745098
"Acvr1b","Acvr1b","neonate",0.200120060220517,-0.0131039092294165,62088,0.497308727412534,0.751979509323186,0.892528060470495,4.77941176470588,5.44662309368192
"H2-DMa","H2-DMa","neonate",0.641553112698118,-0.0133699700105351,62238,0.498510188389081,0.916129497969239,0.962466922524058,15.8088235294118,16.1220043572985
"Col27a1","Col27a1","neonate",0.168361289988963,-0.0134919280240823,62414,0.499919902601563,0.992251831069774,0.9977086554771,4.41176470588235,4.35729847494553
"Vcan","Vcan","neonate",0.203053475014785,-0.0135217236098468,62234,0.498478149429707,0.86004077292796,0.935507880179444,5.14705882352941,5.44662309368192
"Elane","Elane","neonate",0.215822309868279,-0.0143971590106878,62293,0.498950724080482,0.905598935144939,0.956442943156254,5.51470588235294,5.66448801742919
"Col3a1","Col3a1","neonate",0.296843556548467,-0.0147009484712794,62231.5,0.498458125080097,0.879087210307742,0.946272534054208,7.35294117647059,7.62527233115468
"Tnfaip6","Tnfaip6","neonate",0.110329304966534,-0.0150393785742279,62138,0.497709214404716,0.720698671431559,0.878861565334528,2.57352941176471,3.05010893246187
"Mlh1","Mlh1","neonate",0.22597274398014,-0.0153921965123935,62347.5,0.499387254901961,0.946156898028792,0.971565072275979,5.88235294117647,5.88235294117647
"Ddr2","Ddr2","neonate",0.100580079561436,-0.0155218857720752,62135,0.497685185185185,0.717888656137113,0.877126213442036,2.57352941176471,3.05010893246187
"Il22ra1","Il22ra1","neonate",0.042398164441625,-0.0161005427154877,62160.5,0.497889433551198,0.635735751910554,0.824685222247012,1.10294117647059,1.52505446623094
"H2az1","H2az1","neonate",1.07306050553456,-0.0161659384484329,62462,0.500304370114059,0.985967081700554,0.993942548488829,25.3676470588235,26.5795206971678
"Bmp2","Bmp2","neonate",0.0697084184963302,-0.0162999188801204,62204.5,0.498241862104319,0.746577405257318,0.892528060470495,1.83823529411765,2.17864923747277
"Krt13","Krt13","neonate",0.124442448466741,-0.0163563880414561,62287.5,0.498906670511342,0.875620359169383,0.945433310011337,3.30882352941176,3.48583877995643
"Col5a1","Col5a1","neonate",0.158581969134859,-0.016468256573518,62217.5,0.498345988722286,0.830705125213813,0.91717941288834,4.04411764705882,4.35729847494553
"Itga5","Itga5","neonate",0.214775141279143,-0.0166223215206729,62277.5,0.498826573112905,0.894448707616157,0.951901165242677,5.51470588235294,5.66448801742919
"Efna4","Efna4","neonate",0.166918351324627,-0.0170856769472254,62116.5,0.497537004998078,0.753657769352384,0.8934563567709,4.04411764705882,4.57516339869281
"Tnf","Tnf","neonate",0.685946259719462,-0.0178565058061456,62274,0.498798539023453,0.933743616220284,0.968631619934313,16.9117647058824,16.7755991285403
"Col16a1","Col16a1","neonate",0.0949453716365953,-0.0179885502194467,62047.5,0.496984332948866,0.621069367918188,0.816590116135457,2.20588235294118,2.8322440087146
"Fkbp5","Fkbp5","neonate",0.225956745086869,-0.0185169323480023,62348,0.499391259771883,0.946510603460659,0.971565072275979,5.88235294117647,5.88235294117647
"Fgf13","Fgf13","neonate",0.118458422086684,-0.0187275446487308,62211.5,0.498297930283224,0.799473673125089,0.904261831823928,2.94117647058824,3.26797385620915
"Il12a","Il12a","neonate",0.0954078427275232,-0.0191599303889202,62048.5,0.496992342688709,0.621998016019329,0.816590116135457,2.20588235294118,2.8322440087146
"Pgf","Pgf","neonate",0.0772824555258565,-0.0193967141363946,62081,0.497252659233628,0.624359944193067,0.816590116135457,1.83823529411765,2.39651416122004
"Clec7a","Clec7a","neonate",0.169204397771815,-0.019606384910163,61984.5,0.496479719338716,0.658338926740132,0.836132369375683,4.04411764705882,4.79302832244009
"Ffar3","Ffar3","neonate",0.0866207803518193,-0.0198095729601718,62164,0.497917467640651,0.726130520767673,0.880720351831351,2.20588235294118,2.61437908496732
"Sox9","Sox9","neonate",0.0428297787456445,-0.0203101873907479,62156,0.497853389721902,0.629966634713323,0.819943518027654,1.10294117647059,1.52505446623094
"Snai2","Snai2","neonate",0.0354602474438567,-0.0205045661648366,61937,0.496099256696143,0.356028304294287,0.619955253103996,0.735294117647059,1.52505446623094
"Mrc1","Mrc1","neonate",0.0904914329537687,-0.0205653625844552,62035,0.49688421120082,0.609512599280853,0.813499412962531,2.20588235294118,2.8322440087146
"Cdh11","Cdh11","neonate",0.253516121228046,-0.0211008501639171,62105.5,0.497448897859798,0.788400619179805,0.902219104089926,6.25,6.75381263616558
"Fgg","Fgg","neonate",0.0782677916207886,-0.0211157392088058,62077,0.497220620274254,0.620318161789453,0.816590116135457,1.83823529411765,2.39651416122004
"Gc","Gc","neonate",0.0886038964654458,-0.0213460250088974,62159,0.497877418941433,0.721071976372762,0.878861565334528,2.20588235294118,2.61437908496732
"Smarcb1","Smarcb1","neonate",0.48014209819433,-0.0217167028725692,62206,0.498253876714084,0.888540466438529,0.950569065053475,11.7647058823529,11.9825708061002
"Ptger4","Ptger4","neonate",0.577785258086968,-0.0222357494025228,62015.5,0.496728021273869,0.80846602854964,0.90947591936713,13.9705882352941,14.5969498910675
"Igf2","Igf2","neonate",0.0776880534534009,-0.0225160531975058,62077,0.497220620274254,0.620318161789453,0.816590116135457,1.83823529411765,2.39651416122004
"Pigr","Pigr","neonate",0.0640993943988623,-0.0227352045361914,61992,0.496539792387543,0.510143719995143,0.747960718875231,1.47058823529412,2.17864923747277
"Acvr2a","Acvr2a","neonate",0.104271498303986,-0.0227589590368426,62131.5,0.497657151095732,0.714615095935318,0.87624796069112,2.57352941176471,3.05010893246187
"Casr","Casr","neonate",0.189563302760504,-0.0232164344964968,62122.5,0.49758506343714,0.774006235675078,0.89939885427512,4.77941176470588,5.22875816993464
"Krt19","Krt19","neonate",0.232117685295345,-0.0233252181699392,62116,0.497533000128156,0.789102365864007,0.902219104089926,5.88235294117647,6.31808278867102
"Tnfrsf11a","Tnfrsf11a","neonate",0.153716021351639,-0.0236942187522365,61895,0.495762847622709,0.583345636760183,0.800466147410576,3.67647058823529,4.57516339869281
"Clock","Clock","neonate",0.143545472762887,-0.0237312920102983,62126.5,0.497617102396514,0.750293796376297,0.892528060470495,3.67647058823529,4.13943355119826
"Tgfb1","Tgfb1","neonate",0.906833147190106,-0.0237568529945481,62004.5,0.496639914135589,0.834161871860264,0.919463770494203,22.0588235294118,22.0043572984749
"Wnt7b","Wnt7b","neonate",0.134321533503842,-0.0244356076507606,62040.5,0.49692826476996,0.671022184739405,0.841520903377594,3.30882352941176,3.92156862745098
"Krt80","Krt80","neonate",0.172500700486925,-0.0246339014324766,62154,0.497837370242215,0.78898188906579,0.902219104089926,4.41176470588235,4.79302832244009
"H2-DMb2","H2-DMb2","neonate",0.296650101540182,-0.0252245448402643,62104,0.497436883250032,0.801772777665348,0.904261831823928,7.35294117647059,7.84313725490196
"Lifr","Lifr","neonate",0.181858134853576,-0.0259189460697682,62121.5,0.497577053697296,0.773275957890163,0.89939885427512,4.77941176470588,5.22875816993464
"Itga3","Itga3","neonate",0.15470040277318,-0.0263304153484933,62080,0.497244649493784,0.725490204624432,0.880720351831351,4.04411764705882,4.57516339869281
"Sec23a","Sec23a","neonate",0.202133915336352,-0.026490235577323,62076,0.49721261053441,0.74935484734787,0.892528060470495,5.14705882352941,5.66448801742919
"Psd3","Psd3","neonate",0.0754827260218928,-0.0268156947540514,61947,0.496179354094579,0.508369601675537,0.746457279632563,1.83823529411765,2.61437908496732
"Cystm1","Cystm1","neonate",0.409901045594486,-0.0271351790175298,61980,0.496443675509419,0.764256854562879,0.898026550461543,10.2941176470588,10.8932461873638
"Ms4a6b","Ms4a6b","neonate",2.95963339231044,-0.0273688550249589,63665.5,0.509944092015891,0.644362880262422,0.829888237509282,61.7647058823529,63.6165577342048
"Blk","Blk","neonate",0.456598238084616,-0.0277318014481343,62135.5,0.497689190055107,0.850514282505958,0.927749168116455,11.3970588235294,11.5468409586057
"Map2k1","Map2k1","neonate",0.55344206720792,-0.0286136551768728,62007,0.496659938485198,0.800530469965807,0.904261831823928,13.2352941176471,13.9433551198257
"Smad3","Smad3","neonate",0.292383581588627,-0.0286357853519847,62151,0.497813341022684,0.829058965303959,0.91717941288834,7.35294117647059,7.62527233115468
"Tlr4","Tlr4","neonate",0.198595385526199,-0.0286571011293655,62180.5,0.498049628348071,0.821122176658172,0.916751187153637,5.14705882352941,5.44662309368192
"Clec4e","Clec4e","neonate",0.151262854267493,-0.0291957435276956,62058.5,0.497072440087146,0.709067734278847,0.871689927344033,4.04411764705882,4.57516339869281
"Nlrp3","Nlrp3","neonate",0.0827359354655332,-0.0292655252949913,62025,0.496804113802384,0.600336598237679,0.809064643738979,2.20588235294118,2.8322440087146
"Inha","Inha","neonate",0.165665883202882,-0.0293708416372048,62141,0.497733243624247,0.779061050562945,0.901388216385463,4.41176470588235,4.79302832244009
"Lair1","Lair1","neonate",0.133138992504289,-0.0295697536791261,61917,0.49593906189927,0.580970936444325,0.800038706678165,3.30882352941176,4.13943355119826
"Spink1","Spink1","neonate",0.267571178861909,-0.0306338536318901,62098.5,0.497392829680892,0.793358548863434,0.904261831823928,6.98529411764706,7.40740740740741
"C1qa","C1qa","neonate",0.617307199168248,-0.0309809735725596,61981,0.496451685249263,0.798077108775619,0.904261831823928,15.0735294117647,15.4684095860566
"Bmp7","Bmp7","neonate",0.0648572804650316,-0.0310456739798563,62061,0.497092464436755,0.604266364820201,0.811183972199312,1.83823529411765,2.39651416122004
"H2-D1","H2-D1","neonate",3.09358185973524,-0.0324337494194951,62945,0.504173074458542,0.847676701217163,0.925989404641165,66.1764705882353,67.5381263616558
"Cd300a","Cd300a","neonate",0.0873082480438868,-0.0327038173264647,61901,0.495810906061771,0.502851137431203,0.743695693443311,2.20588235294118,3.05010893246187
"Gm13889","Gm13889","neonate",0.23974174387313,-0.0329675569731774,62045.5,0.496968313469179,0.74970579691273,0.892528060470495,6.25,6.75381263616558
"Ddit3","Ddit3","neonate",0.59569113405145,-0.0330137831965858,62045,0.496964308599257,0.824821662146522,0.917087217715836,14.7058823529412,15.0326797385621
"Atg5","Atg5","neonate",0.440322269532058,-0.0343101797492942,61961.5,0.496295495322312,0.76240445146527,0.898026550461543,11.0294117647059,11.7647058823529
"Fzd1","Fzd1","neonate",0.0869351786422544,-0.0345197045757268,61891,0.495730808663335,0.494711952418973,0.737261310256675,2.20588235294118,3.05010893246187
"Wif1","Wif1","neonate",0.0956161597523436,-0.0347317960452962,61779,0.494833717800846,0.419613123747599,0.680492376907099,2.20588235294118,3.26797385620915
"Klrb1c","Klrb1c","neonate",0.0696910563916172,-0.0348762276604692,61926.5,0.496015154427784,0.490299613804647,0.733977049494344,1.83823529411765,2.61437908496732
"Krt17","Krt17","neonate",0.0700340737660357,-0.035017198956483,61934.5,0.496079232346533,0.497310002397973,0.73945324728385,1.83823529411765,2.61437908496732
"Smad4","Smad4","neonate",0.420335506683707,-0.0352493014818203,62016,0.496732026143791,0.78525919949486,0.902219104089926,10.6617647058824,11.1111111111111
"Tlr3","Tlr3","neonate",0.11439401633167,-0.0354895641051837,61930,0.496043188517237,0.570053086613899,0.794406443588658,2.94117647058824,3.7037037037037
"Adgra3","Adgra3","neonate",0.129381378927658,-0.0357210432578372,61898.5,0.495790881712162,0.567235417097681,0.793174910022985,3.30882352941176,4.13943355119826
"G6pd2","G6pd2","neonate",0.258681223395456,-0.0359541455882048,62014,0.496716006664104,0.736872326975548,0.890499042417723,6.61764705882353,7.18954248366013
"Mrc2","Mrc2","neonate",0.619026966433396,-0.0373428607568599,61918.5,0.495951076509035,0.77195740964471,0.89939885427512,15.0735294117647,15.9041394335512
"Pld3","Pld3","neonate",1.30167518246403,-0.0384509794698791,61679.5,0.494036748686403,0.743364485550004,0.892528060470495,31.6176470588235,31.3725490196078
"Hcst","Hcst","neonate",0.457441154977779,-0.0386730184840247,61659.5,0.49387655388953,0.618940822739727,0.816590116135457,10.6617647058824,12.2004357298475
"Slc2a1","Slc2a1","neonate",0.607683262894367,-0.0389821930662323,61919.5,0.495959086248879,0.769909815316665,0.898829140363835,14.7058823529412,15.4684095860566
"Src","Src","neonate",0.195816002824427,-0.0401813592698778,61758.5,0.494669518134051,0.540935870403549,0.771549446054848,4.77941176470588,5.88235294117647
"Spry4","Spry4","neonate",0.179414820683799,-0.0401821497198083,62081.5,0.49725666410355,0.744234916750978,0.892528060470495,4.77941176470588,5.22875816993464
"Myh6","Myh6","neonate",0.0726502842043217,-0.0402019980109259,61805,0.495041971036781,0.403795660020468,0.669159172483784,1.83823529411765,2.8322440087146
"Fgf7","Fgf7","neonate",0.0876636375916373,-0.040804380457724,61764.5,0.494717576573113,0.409229266696415,0.672751330607856,2.20588235294118,3.26797385620915
"Angpt1","Angpt1","neonate",0.0433070763323102,-0.0408770200479745,61755.5,0.49464548891452,0.290350484385861,0.55445447640855,1.10294117647059,2.17864923747277
"Il34","Il34","neonate",0.0686264575012465,-0.040898084887382,61804,0.495033961296937,0.403035999210124,0.669159172483784,1.83823529411765,2.8322440087146
"Scg5","Scg5","neonate",0.132980281583296,-0.0409616868166782,61892,0.495738818403178,0.562446663628516,0.79315321589481,3.30882352941176,4.13943355119826
"Tap2","Tap2","neonate",0.895417102578743,-0.0410767299420757,61826,0.495210175573497,0.76634560539536,0.898026550461543,21.3235294117647,22.8758169934641
"Nlrc5","Nlrc5","neonate",1.13733340250677,-0.0416109421129147,61780,0.49484172754069,0.766520154907496,0.898026550461543,26.8382352941176,27.6688453159041
"Tnfsf13b","Tnfsf13b","neonate",0.31373435555326,-0.0419850065473255,61779.5,0.494837722670768,0.626571152300526,0.816590116135457,7.72058823529412,8.71459694989107
"Prss2","Prss2","neonate",0.102244622160655,-0.0424721990432016,61846,0.49537037037037,0.488945150932248,0.73368979008937,2.57352941176471,3.48583877995643
"Stat3","Stat3","neonate",1.38532500595842,-0.0425766223933057,61909.5,0.495878988850442,0.824807994607895,0.917087217715836,33.0882352941176,33.9869281045752
"Adm2","Adm2","neonate",0.670073759965543,-0.0431177602759651,61904.5,0.495838940151224,0.77361223446768,0.89939885427512,16.5441176470588,17.2113289760349
"Egf","Egf","neonate",0.0183202579827881,-0.0431265505205611,61705,0.494240997052416,0.148516968439409,0.38360470863754,0.367647058823529,1.52505446623094
"Tlr5","Tlr5","neonate",0.0728594626827082,-0.0434029797748948,61803,0.495025951557093,0.402277195369373,0.669159172483784,1.83823529411765,2.8322440087146
"Ephb3","Ephb3","neonate",0.117510150080495,-0.0435277108754581,61799,0.494993912597719,0.480640562750262,0.726114355938079,2.94117647058824,3.92156862745098
"Cald1","Cald1","neonate",0.242044463712658,-0.0448049679128636,61790,0.494921824939126,0.599863452786664,0.809064643738979,6.25,7.18954248366013
"Ccr2","Ccr2","neonate",0.379790990645203,-0.0459923808878051,61564.5,0.493115628604383,0.55445052902739,0.784095287149373,9.19117647058824,10.8932461873638
"Ins1","Ins1","neonate",0.225256313030374,-0.046046971927179,61892,0.495738818403178,0.640343200116593,0.828044319735724,5.51470588235294,6.31808278867102
"Psap","Psap","neonate",2.0377396045758,-0.0462265121149654,61070,0.489154812251698,0.593045776832049,0.805940136916388,46.3235294117647,45.7516339869281
"Cpb1","Cpb1","neonate",0.0995402723251129,-0.0462606186191797,61716,0.494329104190696,0.406265194347927,0.67060662047166,2.57352941176471,3.7037037037037
"Lep","Lep","neonate",0.191570840643496,-0.0464961205773903,61731.5,0.494453255158272,0.524631703747956,0.759760450330529,4.77941176470588,5.88235294117647
"Fgf9","Fgf9","neonate",0.0557164200388131,-0.0472658405346536,61701.5,0.494212962962963,0.301949824207707,0.56481045916526,1.47058823529412,2.61437908496732
"Nod2","Nod2","neonate",0.247631835879816,-0.047769569953281,61589.5,0.493315872100474,0.497666127309391,0.73945324728385,6.25,7.62527233115468
"Ntrk2","Ntrk2","neonate",0.193654191753828,-0.0481546251332345,61730.5,0.494445245418429,0.524032714431381,0.759760450330529,4.77941176470588,5.88235294117647
"Oas1a/g","Oas1a/g","neonate",0.669962042417527,-0.0485381384201519,61668,0.493944636678201,0.677412689274924,0.846341417552756,16.5441176470588,17.6470588235294
"S100b","S100b","neonate",0.0140152712366458,-0.0486465883454947,61699,0.494192938613354,0.145156482423672,0.382120681868856,0.367647058823529,1.52505446623094
"Mmp12","Mmp12","neonate",0.0879622262824025,-0.048747621944724,61749,0.494593425605536,0.398300133739915,0.668527328853022,2.20588235294118,3.26797385620915
"Htt","Htt","neonate",0.490992429233082,-0.0495983147203294,61631.5,0.493652281173907,0.623303526768369,0.816590116135457,12.1323529411765,13.5076252723312
"Nhej1","Nhej1","neonate",0.201710561222041,-0.0502146185585141,61699,0.494192938613354,0.519711059374114,0.759753557472128,5.14705882352941,6.31808278867102
"Pdgfb","Pdgfb","neonate",0.223302115494987,-0.0504381639281657,61563,0.493103613994617,0.463299803271447,0.718366880033643,5.51470588235294,6.97167755991285
"Wnt5a","Wnt5a","neonate",0.101824495569239,-0.0513696797792585,61712,0.494297065231321,0.403616757828976,0.669159172483784,2.57352941176471,3.7037037037037
"Ncam1","Ncam1","neonate",0.0465284914677815,-0.0516765786929285,61621,0.493568178905549,0.22061873132074,0.482305031195586,1.10294117647059,2.39651416122004
"Itgb8","Itgb8","neonate",0.0477119604515411,-0.0521349041126049,61617,0.493536139946175,0.21832665312441,0.478399281681399,1.10294117647059,2.39651416122004
"Msh2","Msh2","neonate",0.458703479844626,-0.0524371894288361,61918.5,0.495951076509035,0.746101135832548,0.892528060470495,11.7647058823529,12.2004357298475
"Clec4d","Clec4d","neonate",0.284151803161945,-0.0525879629934237,61700,0.494200948353198,0.569692471830626,0.794406443588658,6.98529411764706,8.06100217864924
"Cd209a","Cd209a","neonate",0.114983024936267,-0.0527046108945298,61791.5,0.494933839548891,0.47538625095582,0.726114355938079,2.94117647058824,3.92156862745098
"Ifnar1","Ifnar1","neonate",0.555736172228452,-0.0537494988703038,61571.5,0.493171696783288,0.612716563453415,0.815168623951898,13.6029411764706,14.8148148148148
"Itgam","Itgam","neonate",0.430765515607571,-0.0537644860948765,61720.5,0.494365148019992,0.638315164302091,0.826493790661279,10.2941176470588,11.3289760348584
"Tcl1","Tcl1","neonate",0.0700047382148519,-0.0538487488510176,61652.5,0.493820485710624,0.310749648457954,0.57480037015321,1.83823529411765,3.05010893246187
"Lpar5","Lpar5","neonate",0.712378096979663,-0.0538595729750136,61680,0.494040753556324,0.688792549643139,0.854445974513748,17.6470588235294,18.5185185185185
"Wnt10b","Wnt10b","neonate",0.226445236400915,-0.053862489379088,61541,0.492927399718057,0.451945717273162,0.709755609892484,5.51470588235294,6.97167755991285
"Sh3bgrl3","Sh3bgrl3","neonate",1.49912529128033,-0.0563483343493405,61482,0.492454825067282,0.690173474922436,0.854786278879091,34.9264705882353,35.9477124183007
"H2-Q10","H2-Q10","neonate",0.618866856156852,-0.0569498300987187,61683,0.494064782775855,0.674200529316192,0.844444632824426,15.4411764705882,16.3398692810458
"Ccl21a/b/d","Ccl21a/b/d","neonate",0.0782301869860522,-0.0582774543353874,61535,0.492879341278995,0.254562071037371,0.521146580747964,1.83823529411765,3.26797385620915
"Rarb","Rarb","neonate",0.0539940814392725,-0.0584211697482285,61566,0.493127643214148,0.233966329085038,0.498428269439706,1.47058823529412,2.8322440087146
"Dusp5","Dusp5","neonate",0.584348701858297,-0.0597296144872147,61586,0.493287838011021,0.625626990710432,0.816590116135457,14.3382352941176,15.4684095860566
"H2-DMb1","H2-DMb1","neonate",0.370493294639688,-0.0605932344864248,61609,0.493472062027425,0.570506533209107,0.794406443588658,9.19117647058824,10.4575163398693
"Ptgs1","Ptgs1","neonate",0.118066627599967,-0.0608992439451215,61410,0.491878123798539,0.277469530392404,0.543934404024714,2.94117647058824,4.57516339869281
"Cd86","Cd86","neonate",0.356763882721069,-0.0610280401912835,61449,0.492190503652441,0.494631155289768,0.737261310256675,8.82352941176471,10.4575163398693
"Tnfrsf1a","Tnfrsf1a","neonate",0.340699134640022,-0.0612256440095563,61167,0.489931757016532,0.372485309055958,0.643618462961508,8.08823529411765,10.4575163398693
"Sparcl1","Sparcl1","neonate",0.124031529347127,-0.0619326548642686,61302,0.491013071895425,0.237058975976614,0.501799997980222,2.94117647058824,4.79302832244009
"Reg1","Reg1","neonate",0.159172286676304,-0.0637680537074223,61529.5,0.492835287709855,0.387591874267078,0.657192344633124,4.04411764705882,5.44662309368192
"Clu","Clu","neonate",0.0873676755692995,-0.0651442180117779,61363,0.491501666025887,0.213188541009678,0.473598926219759,2.20588235294118,3.92156862745098
"Cd44","Cd44","neonate",1.0099350029998,-0.0653201706187043,61506,0.492647058823529,0.661446579834963,0.836817224843179,23.8970588235294,25.4901960784314
"Il1rap","Il1rap","neonate",0.155182898972258,-0.0653569659736334,61353,0.491421568627451,0.294401372875391,0.558819413521933,3.67647058823529,5.44662309368192
"Fcer1g","Fcer1g","neonate",0.192218995056567,-0.0668164544200425,61346,0.491365500448545,0.33833170253456,0.602552071337242,4.77941176470588,6.5359477124183
"Psca","Psca","neonate",0.0535533403962957,-0.0671052000981841,61429,0.492030308855568,0.179468733537894,0.425012654007792,1.47058823529412,3.05010893246187
"Il2ra","Il2ra","neonate",0.0555683417521125,-0.068056585164665,61552,0.493015506856337,0.226418794678615,0.487558398044448,1.47058823529412,2.8322440087146
"Tnfsf12","Tnfsf12","neonate",0.211995435498576,-0.0683841300346793,61208.5,0.490264161220044,0.300401567192858,0.562970606186616,5.14705882352941,7.18954248366013
"Clec5a","Clec5a","neonate",0.0149578508315007,-0.0685896627308431,61294.5,0.490952998846597,0.052372225795907,0.216660203811283,0.367647058823529,2.17864923747277
"Ifnar2","Ifnar2","neonate",0.475295709615323,-0.0687321541680163,61444.5,0.492154459823145,0.540032018141612,0.771363785225196,11.7647058823529,13.2897603485839
"Cd6","Cd6","neonate",1.03921617932946,-0.0693065289302293,61374,0.491589773164168,0.6185226816653,0.816590116135457,24.6323529411765,25.7080610021786
"Sqstm1","Sqstm1","neonate",1.32337910683198,-0.0715107530257917,61307.5,0.491057125464565,0.626248019359975,0.816590116135457,31.25,32.8976034858388
"Hgf","Hgf","neonate",0.226630593662274,-0.0720202854173127,61529,0.492831282839933,0.454625347679598,0.71044117811373,5.88235294117647,7.18954248366013
"Prox1","Prox1","neonate",0.0804138651998291,-0.0724616420440628,61467.5,0.492338683839549,0.251992171872795,0.518429010498519,2.20588235294118,3.7037037037037
"Gpx3","Gpx3","neonate",0.523231357437386,-0.0726045807327901,61478.5,0.492426790977829,0.564790913288989,0.793174910022985,12.8676470588235,13.9433551198257
"Cxcl16","Cxcl16","neonate",0.223300000076425,-0.0742572424550445,61163.5,0.489903722927079,0.296764329849047,0.560367494052084,5.51470588235294,7.62527233115468
"Lum","Lum","neonate",0.0854498820116501,-0.0755400752405733,61335,0.491277393310265,0.201350736508529,0.457281741000008,2.20588235294118,3.92156862745098
"Rxra","Rxra","neonate",0.284521585882701,-0.0764916824626407,61317,0.49113321799308,0.395966597145633,0.665980821488724,6.98529411764706,8.71459694989107
"Ar","Ar","neonate",0.182391874002844,-0.0777618529552657,61235.5,0.490480424195822,0.280323851548646,0.545361452018461,4.41176470588235,6.31808278867102
"Timp1","Timp1","neonate",0.213551675932923,-0.0781201135918358,61288.5,0.490904940407536,0.328488683779771,0.598726175006273,5.14705882352941,6.97167755991285
"Selplg","Selplg","neonate",2.27230286814697,-0.0789905191891767,60510,0.484669357939254,0.461449133839335,0.716611816881334,51.1029411764706,51.8518518518518
"Cd80","Cd80","neonate",0.113344908699035,-0.082662276956674,61251,0.490604575163399,0.216407336044401,0.475238136643762,2.94117647058824,4.79302832244009
"Cxcl14","Cxcl14","neonate",0.163805884296685,-0.0848221345744564,61031.5,0.488846437267718,0.20061558607663,0.457281741000008,4.04411764705882,6.31808278867102
"Itgax","Itgax","neonate",0.418547380295658,-0.0856548629813436,61107.5,0.489455177495835,0.391613239010782,0.661759998802966,10.2941176470588,12.4183006535948
"Irf3","Irf3","neonate",0.527620200845258,-0.0866642178216697,61040,0.488914520056389,0.411088181862566,0.672996580159241,12.8676470588235,15.2505446623094
"Pparg","Pparg","neonate",0.0669838892222031,-0.0873423125419894,61102.5,0.489415128796617,0.113447922103917,0.333650673562257,1.83823529411765,3.92156862745098
"Apoe","Apoe","neonate",0.789043110774683,-0.0882282443863361,61455.5,0.492242566961425,0.608460967867811,0.813184430246927,18.3823529411765,19.3899782135076
"Pdgfrb","Pdgfrb","neonate",0.266610968853304,-0.0889973798496308,61106,0.489443162886069,0.308357341159855,0.572718202939357,6.61764705882353,8.71459694989107
"Sdc1","Sdc1","neonate",0.154972850025892,-0.0897899791696765,60942.5,0.488133570421633,0.162999346041554,0.406220705097347,3.67647058823529,6.10021786492375
"Itgb6","Itgb6","neonate",0.0789834074013852,-0.0905414388303457,61002,0.48861014994233,0.0951971004684789,0.307156987595707,1.83823529411765,4.13943355119826
"Ptges3","Ptges3","neonate",0.512281763187263,-0.0943066076447058,61237,0.490492438805588,0.473556385926491,0.726114355938079,12.8676470588235,14.3790849673203
"Cdh1","Cdh1","neonate",0.505841182237193,-0.094698197842897,61044.5,0.488950563885685,0.408782152904007,0.672751330607856,12.8676470588235,14.8148148148148
"Bmp4","Bmp4","neonate",0.346158197248315,-0.0949249235392328,61025.5,0.488798378828656,0.327202528350498,0.598570496817333,8.45588235294118,10.6753812636166
"Cyp2u1","Cyp2u1","neonate",0.0967560862066858,-0.0975347637868631,60839.5,0.487308567217737,0.0843129750829674,0.289862193647305,2.20588235294118,4.79302832244009
"Wnt9a","Wnt9a","neonate",0.0730050276030759,-0.0978741370817891,60856.5,0.487444732795079,0.0713138788347404,0.261396827934692,1.83823529411765,4.35729847494553
"Casp3","Casp3","neonate",0.133962966139486,-0.0988159177643723,60832,0.487248494168909,0.124028798752434,0.34944125887512,3.30882352941176,5.88235294117647
"Saa1/2","Saa1/2","neonate",0.34029968385039,-0.0988450562410721,60985,0.488473984364988,0.313383480991169,0.578598760274437,8.45588235294118,10.6753812636166
"Frmd8","Frmd8","neonate",0.849644983376955,-0.099471703029922,60983,0.488457964885301,0.469529951304664,0.724646070357199,20.2205882352941,22.6579520697168
"Tgfb3","Tgfb3","neonate",0.0922281999168022,-0.10126369567966,60820,0.487152377290786,0.080560775021083,0.27985746583979,2.20588235294118,4.79302832244009
"Sat1","Sat1","neonate",0.592302889928322,-0.101566128276523,60898.5,0.487781141868512,0.384925108571657,0.654488331853904,14.3382352941176,16.7755991285403
"Ccnd1","Ccnd1","neonate",0.421842385763768,-0.10163478182979,60936,0.488081507112649,0.335358302269107,0.602552071337242,10.2941176470588,12.636165577342
"Il10rb","Il10rb","neonate",0.408150976331885,-0.102103320120356,60933,0.488057477893118,0.331900896440705,0.602552071337242,10.2941176470588,12.4183006535948
"Itga1","Itga1","neonate",0.438958472922624,-0.102392359109561,60957,0.488249711649366,0.351814365562653,0.616190363373847,11.0294117647059,13.0718954248366
"Col18a1","Col18a1","neonate",0.21613721099585,-0.105168108638298,60817,0.487128348071255,0.191442304201833,0.444913699974889,5.51470588235294,8.06100217864924
"Rarres2","Rarres2","neonate",0.235789528479738,-0.107833543657955,60695.5,0.486155164680251,0.174523882995497,0.419547559163326,5.88235294117647,8.71459694989107
"Ybx3","Ybx3","neonate",0.123407777398841,-0.110412327506139,60782,0.486848007176727,0.112647987102902,0.332278234146726,3.30882352941176,5.88235294117647
"Alcam","Alcam","neonate",0.373765590662956,-0.110678405550339,60696.5,0.486163174420095,0.248194478422765,0.516596858011476,9.19117647058824,11.9825708061002
"Snai1","Snai1","neonate",0.596455432542634,-0.111172133675149,60891,0.487721068819685,0.384291001728142,0.654488331853904,14.7058823529412,16.7755991285403
"S100a9","S100a9","neonate",0.103709195988531,-0.112466354596579,60882,0.487648981161092,0.104127270298792,0.321408323491938,2.57352941176471,5.01089324618736
"Tgfbr2","Tgfbr2","neonate",1.06741365356146,-0.113226404896343,60716.5,0.486323369216968,0.429264658866705,0.686961259855706,25.3676470588235,28.1045751633987
"Pdgfra","Pdgfra","neonate",0.622304691085653,-0.113655153166474,60659.5,0.48586681404588,0.328228322737904,0.598726175006273,15.0735294117647,18.082788671024
"Col6a3","Col6a3","neonate",0.502992674765382,-0.115885965450973,60620.5,0.485554434191977,0.278132094091467,0.543934404024714,12.1323529411765,15.0326797385621
"Nr1h3","Nr1h3","neonate",0.278938445949077,-0.119751476929252,60529,0.484821542996283,0.164373775604256,0.407663319098117,6.98529411764706,10.0217864923747
"Uba52","Uba52","neonate",3.88824240808397,-0.120134401574719,59062,0.473071254645649,0.22156038544391,0.482305031195586,79.7794117647059,81.4814814814815
"Bbln","Bbln","neonate",0.306385808663151,-0.120302590931816,60472.5,0.484368992695117,0.163384656714179,0.406220705097347,7.35294117647059,10.6753812636166
"Tlr2","Tlr2","neonate",0.363379988165955,-0.121714011796148,60719,0.486343393566577,0.251762238093171,0.518429010498519,9.19117647058824,11.7647058823529
"Lgals9","Lgals9","neonate",0.467260763558625,-0.122100356470869,60560.5,0.485073849801358,0.252194654053943,0.518429010498519,11.3970588235294,14.3790849673203
"Bmp5","Bmp5","neonate",0.105046260937358,-0.123396977967926,60500.5,0.484593265410739,0.052739127458822,0.217276487919196,2.57352941176471,5.66448801742919
"Tigit","Tigit","neonate",0.693331865314506,-0.123642601616243,60614.5,0.485506375752916,0.334179960773512,0.602552071337242,16.9117647058824,19.6078431372549
"Cd3e","Cd3e","neonate",4.47707940458781,-0.126286642909899,54913,0.439838844034346,0.00649756927136093,0.0616959672718747,100,100
"Fasl","Fasl","neonate",0.54583754915228,-0.127739254581369,60433,0.484052607971293,0.253315948078905,0.519662551923187,13.6029411764706,16.7755991285403
"Clec12a","Clec12a","neonate",0.156893263028325,-0.128073144396449,60558.5,0.485057830321671,0.0974710641828891,0.31147003522545,4.04411764705882,6.97167755991285
"Ifng","Ifng","neonate",0.274694351227494,-0.129976267818955,60478,0.484413046264257,0.153308093677964,0.391918383069053,6.98529411764706,10.0217864923747
"Cd164","Cd164","neonate",0.969618962840225,-0.13164404739529,60487,0.48448513392285,0.356303269838104,0.619955253103996,23.5294117647059,25.9259259259259
"Akt1","Akt1","neonate",0.890458657493584,-0.1329643482471,60506,0.48463731897988,0.347927233030008,0.615041580373968,20.9558823529412,24.6187363834423
"Ccl2","Ccl2","neonate",0.100642406708499,-0.13921232956599,60345,0.483347750865052,0.0390081765122446,0.180889078989339,2.57352941176471,5.88235294117647
"Mt2","Mt2","neonate",0.262768877505162,-0.141672036630787,60478,0.484413046264257,0.144565412002412,0.382120681868856,6.61764705882353,9.58605664488017
"Cst7","Cst7","neonate",0.622622572357685,-0.141864441054622,60331.5,0.483239619377163,0.250889807948699,0.518429010498519,15.4411764705882,18.5185185185185
"Spp1","Spp1","neonate",0.0971828982797382,-0.145437273146343,60326.5,0.483199570677944,0.0372993465172057,0.175412492819123,2.57352941176471,5.88235294117647
"Acta2","Acta2","neonate",0.280036422544779,-0.145451980688013,60277,0.482803088555684,0.112599824505919,0.332278234146726,6.61764705882353,10.0217864923747
"Cd8a","Cd8a","neonate",4.67520463535149,-0.147028658312971,53713.5,0.430231161091888,0.00159833552755533,0.0230133895467554,100,100
"Cotl1","Cotl1","neonate",2.06173618438775,-0.147325337972794,60377.5,0.483608067409971,0.424485036619637,0.684808384320029,46.3235294117647,49.4553376906318
"Tnfrsf12a","Tnfrsf12a","neonate",0.703319503535528,-0.148651967022193,60296.5,0.482959278482635,0.26303940933757,0.524746168586225,17.6470588235294,20.2614379084967
"Axl","Axl","neonate",0.593688620235764,-0.151871883139484,60128.5,0.481613642188902,0.201873891995421,0.457427887089624,14.3382352941176,18.3006535947712
"Krt8","Krt8","neonate",0.328903189922532,-0.153830838191867,60207,0.482242406766628,0.127198827656193,0.355230339420798,8.08823529411765,11.5468409586057
"App","App","neonate",0.583283400747337,-0.154647083211883,60195.5,0.482150294758426,0.209117949706535,0.469573414093278,13.9705882352941,17.6470588235294
"Cd48","Cd48","neonate",0.82392730559233,-0.155479466392207,60100,0.481385364603358,0.243380313024523,0.5119201942731,19.4852941176471,23.0936819172113
"C1qc","C1qc","neonate",0.272046144730024,-0.159644854926604,60119.5,0.481541554530309,0.0908229484373033,0.302844413351142,6.61764705882353,10.239651416122
"Tpm1","Tpm1","neonate",0.904897671615731,-0.160087120753843,60089.5,0.481301262334999,0.259393862054578,0.523513523215414,21.6911764705882,25.4901960784314
"Dusp2","Dusp2","neonate",1.44814204864212,-0.161610685124664,60605.5,0.485434288094323,0.438763683849869,0.695464853415452,32.3529411764706,36.3834422657952
"Itgav","Itgav","neonate",0.207751758909688,-0.16181194619686,60023.5,0.480772619505318,0.0572260182215555,0.228217360667563,5.14705882352941,8.93246187363835
"Ror1","Ror1","neonate",0.551300034825062,-0.162131539160693,59953.5,0.480211937716263,0.157846136347757,0.399422837407902,13.2352941176471,17.2113289760349
"Ccl3","Ccl3","neonate",0.455124149008548,-0.162671359959413,60207,0.482242406766628,0.171186140621781,0.418296162457532,11.0294117647059,14.3790849673203
"H2-Eb1","H2-Eb1","neonate",0.798837716749527,-0.170250647576532,59950.5,0.480187908496732,0.20988483234525,0.470236354715089,19.1176470588235,22.4400871459695
"Fcgr4","Fcgr4","neonate",0.430504295511681,-0.170834913655951,59838.5,0.479290817634243,0.107290512608762,0.32636430893184,10.2941176470588,14.3790849673203
"Tox","Tox","neonate",0.651673285339869,-0.180009398099496,59730,0.478421760861207,0.148035173984892,0.38360470863754,15.8088235294118,19.8257080610022
"Tnfsf10","Tnfsf10","neonate",0.403041923076445,-0.189079023365364,59432.5,0.476038863257721,0.0648115305841025,0.24569238019905,9.92647058823529,15.0326797385621
"H2-Q1","H2-Q1","neonate",0.828897290862178,-0.189814289806209,59631.5,0.477632801486608,0.168862516531543,0.414669775817606,20.2205882352941,24.400871459695
"Tyrobp","Tyrobp","neonate",0.479165649272913,-0.190097221376173,59659.5,0.47785707420223,0.101926366598861,0.317926659460475,11.7647058823529,16.1220043572985
"Ier3","Ier3","neonate",0.679735391673115,-0.19538473304853,59466.5,0.476311194412405,0.120751869083469,0.344637966572322,16.1764705882353,21.3507625272331
"Pdgfa","Pdgfa","neonate",0.0735387375602927,-0.197277235329719,59483.5,0.476447359989748,0.00398153731964612,0.0446347534432499,1.83823529411765,6.5359477124183
"Lmna","Lmna","neonate",0.535778277642037,-0.199933213206259,59413.5,0.475886678200692,0.0874861057103517,0.294884091081276,12.8676470588235,17.8649237472767
"Ly75","Ly75","neonate",0.618304917341248,-0.202819654192877,59541,0.476907920030757,0.118233650618035,0.342671365308665,15.4411764705882,19.3899782135076
"B2m","B2m","neonate",4.48586218887613,-0.203426226090336,60671,0.485958926054082,0.525050100579473,0.759760450330529,85.6617647058823,89.5424836601307
"Rac2","Rac2","neonate",1.67563248627635,-0.208731189519621,59547,0.476955978469819,0.244483025413692,0.512078941885402,38.6029411764706,43.5729847494553
"Emp3","Emp3","neonate",0.545523182613298,-0.212766552247132,59175.5,0.473980360117903,0.0689990339572801,0.254785321686697,13.2352941176471,18.5185185185185
"H2-Ab1","H2-Ab1","neonate",0.878421421841806,-0.215369438531889,59103,0.473399653979239,0.109341572404679,0.330344083901409,20.9558823529412,26.1437908496732
"Gzma","Gzma","neonate",0.412073461104285,-0.220875450402865,59803.5,0.479010476739715,0.0929898674795276,0.305976560650459,9.55882352941176,13.5076252723312
"Tpm2","Tpm2","neonate",0.159375678596047,-0.221616452085789,59081,0.473223439702678,0.0075651801645644,0.0685680420370064,4.04411764705882,9.3681917211329
"Crip1","Crip1","neonate",1.85483813396842,-0.223430569228781,59043.5,0.472923074458542,0.180752575365303,0.427038667391485,42.6470588235294,47.0588235294118
"S100a10","S100a10","neonate",1.85348073986521,-0.231770735907114,58884,0.471645520953479,0.160419359346436,0.401885629297937,41.9117647058824,47.0588235294118
"Thbs1","Thbs1","neonate",0.163054414939256,-0.234900509825192,58816.5,0.471104863514033,0.00459301362081791,0.0472086039170666,4.04411764705882,9.80392156862745
"Krt7","Krt7","neonate",0.168923565062878,-0.236566269975926,58736.5,0.470464084326541,0.00467716315606323,0.0475829761897453,4.41176470588235,10.239651416122
"Icam1","Icam1","neonate",1.08697571701075,-0.242923005679074,58947.5,0.472154139433551,0.116564337552547,0.33980890216342,25.7352941176471,31.1546840958606
"Cd63","Cd63","neonate",0.320593165950737,-0.254630135173576,58357.5,0.467428392925798,0.00879239555501205,0.0736640199020758,7.72058823529412,14.3790849673203
"Plac8","Plac8","neonate",0.424064293967392,-0.255168056381218,58713.5,0.470279860310137,0.0268830653598317,0.145665305237784,10.6617647058824,16.3398692810458
"Csf1","Csf1","neonate",0.233807033585622,-0.270199192321713,58189,0.466078751762143,0.00337396481503178,0.0395746225951375,5.88235294117647,12.636165577342
"Rack1","Rack1","neonate",2.54690721212114,-0.270933316370345,57235,0.458437459951301,0.0516752004552183,0.214667395224386,56.6176470588235,61.2200435729847
"Cd74","Cd74","neonate",1.94828650952002,-0.284044719031513,57815.5,0.46308711393054,0.0678424786286552,0.252188663398342,41.9117647058824,47.276688453159
"Anxa2","Anxa2","neonate",0.579873071053926,-0.303381749753559,57867,0.463499615532488,0.015294095753136,0.102153639219199,13.9705882352941,21.5686274509804
"Lgals1","Lgals1","neonate",1.36499838525131,-0.308173665331268,58222,0.466343073176983,0.0745809198888216,0.265280173952397,30.5147058823529,38.1263616557734
"Prf1","Prf1","neonate",0.504752303205059,-0.313082939968144,58016.5,0.464697071639113,0.0139345732123325,0.0951559554294214,12.5,19.1721132897603
"Bgn","Bgn","neonate",1.02475547877624,-0.315627436043442,57947,0.464140394719979,0.0398931362625943,0.184136374323178,23.5294117647059,30.2832244008715
"Ltb","Ltb","neonate",1.299880107456,-0.316452440698015,57524.5,0.460756279636037,0.0369356548733848,0.174525345539169,30.8823529411765,37.2549019607843
"Serpinh1","Serpinh1","neonate",0.380411685071554,-0.317394957905047,57595.5,0.461324971164937,0.00412470136726676,0.0451638391056269,9.55882352941176,17.2113289760349
"Tbx21","Tbx21","neonate",0.448145136647884,-0.320365523826856,57611.5,0.461453127002435,0.00593204612595098,0.0579828430154228,11.0294117647059,18.5185185185185
"Col1a1","Col1a1","neonate",0.590953308076654,-0.322259602329455,57862,0.463459566833269,0.0142979370405936,0.0969730831936861,13.9705882352941,20.9150326797386
"Glud1","Glud1","neonate",0.939420745201228,-0.323191622574397,57421.5,0.459931276432141,0.0216715878310092,0.125619610857652,23.1617647058824,30.5010893246187
"Cd52","Cd52","neonate",2.46133550972558,-0.328586721804242,57091,0.457284057413815,0.0447973670930415,0.193346212085551,54.4117647058823,60.5664488017429
"Tpt1","Tpt1","neonate",3.67324248604391,-0.330206147493399,57134,0.457628476227092,0.0540213618973844,0.221643200871162,74.6323529411765,80.3921568627451
"Cd3g","Cd3g","neonate",2.58860750095239,-0.33287297739103,56288.5,0.450856241189286,0.0216342872533751,0.125619610857652,56.6176470588235,62.3093681917211
"Lgals3","Lgals3","neonate",0.382264449825454,-0.334455927617433,57330,0.459198385236448,0.00247643262421811,0.0312532066626007,9.19117647058824,17.4291938997821
"Ctsw","Ctsw","neonate",1.58886667523144,-0.341302688529229,57325.5,0.459162341407151,0.0377596128041777,0.176743351951949,36.0294117647059,43.3551198257081
"Gzmb","Gzmb","neonate",0.86311584113427,-0.353552281757938,57458.5,0.460227636806357,0.0171140754238775,0.108804582521963,19.4852941176471,27.4509803921569
"Ifitm1","Ifitm1","neonate",0.688736619944672,-0.36140443711513,57173.5,0.457944860950916,0.00792385529268983,0.0697054907019827,16.9117647058824,23.9651416122004
"Col1a2","Col1a2","neonate",0.938325226744194,-0.366459188351284,57288.5,0.458865981032936,0.0166161605184032,0.107573454784727,22.0588235294118,29.1938997821351
"Tap1","Tap1","neonate",1.69541788432568,-0.384004972759844,56130,0.449586697424068,0.0119045955098531,0.087271189142085,38.9705882352941,46.6230936819172
"Mgp","Mgp","neonate",0.884581290604462,-0.387759588442684,57016.5,0.456687331795463,0.0109077441960779,0.0833581716478406,20.5882352941176,28.9760348583878
"C1qb","C1qb","neonate",0.497312495697039,-0.390621800320656,56742,0.454488658208381,0.00181908504543055,0.0242720045681029,11.7647058823529,20.6971677559913
"Itgal","Itgal","neonate",1.1502709580932,-0.430824950085748,55776,0.446751249519416,0.00424639945079453,0.0451638391056269,27.9411764705882,37.2549019607843
"Cd8b1","Cd8b1","neonate",2.71685841327495,-0.443735514050132,53220,0.426278354479046,0.000638871666473215,0.0114716936317933,59.9264705882353,66.6666666666667
"Runx3","Runx3","neonate",1.55805261391419,-0.44719976413641,55989.5,0.448461328976035,0.00935623763792565,0.0752271687500958,35.6617647058824,45.7516339869281
"Vim","Vim","neonate",2.05029040868767,-0.449021749252786,55809.5,0.447019575804178,0.0109527788223341,0.0833581716478406,45.9558823529412,55.119825708061
"Cxcr3","Cxcr3","neonate",0.546673127788195,-0.456614622849046,55641,0.445669934640523,0.000431344552866299,0.00915001104697233,13.6029411764706,23.7472766884532
"Rbpj","Rbpj","neonate",1.30471009020488,-0.458144413548315,55271,0.442706330898372,0.00275000902242754,0.0334360853092714,31.25,40.3050108932462
"S100a4","S100a4","neonate",0.734220619966539,-0.466469995243723,55357.5,0.443399173394848,0.000673417932127533,0.0116520213393031,17.6470588235294,28.322440087146
"Itm2b","Itm2b","neonate",3.14867319654597,-0.471641939168531,52371,0.419478085351788,0.000233771567232237,0.00665915007230115,68.3823529411765,75.599128540305
"Lag3","Lag3","neonate",0.647088745847737,-0.522767522233352,54862,0.43943034730232,0.000194368329010065,0.0056995654124422,15.4411764705882,27.2331154684096
"Ccl4","Ccl4","neonate",0.830295521728856,-0.537968764979174,55108.5,0.441404748173779,0.000559496803999002,0.0103669989008142,18.75,29.8474945533769
"Anxa1","Anxa1","neonate",0.452785519333069,-0.552071046300433,54392.5,0.435669774445726,2.13718515164861e-05,0.000852309438477464,11.3970588235294,23.5294117647059
"Ccr5","Ccr5","neonate",0.345415825633105,-0.553020638456622,54082,0.433182750224273,3.50707403364628e-06,0.000158934218706606,8.45588235294118,21.7864923747277
"Il2rb","Il2rb","neonate",1.65280780441037,-0.592624549813129,53602.5,0.429342079969243,0.000491315863911233,0.0102050399233229,37.8676470588235,50.5446623093682
"H2-K1","H2-K1","neonate",3.44426741991764,-0.629442245307668,48738.5,0.39038270536973,6.14262857648114e-07,3.82762543171981e-05,72.0588235294118,81.0457516339869
"Pdcd1","Pdcd1","neonate",0.653643562355015,-0.668174774145674,52589.5,0.421228213507625,2.93902499935702e-06,0.000146510396217948,15.8088235294118,30.718954248366
"Klrk1","Klrk1","neonate",0.482145180684845,-0.751773757904801,51205.5,0.410142733564014,3.23698112868899e-08,2.15151345686861e-06,12.5,28.9760348583878
"Il18r1","Il18r1","neonate",0.8156258683079,-0.892350452254596,49693.5,0.398032006920415,1.84341106019133e-08,1.53156735584229e-06,18.75,38.3442265795207
"Ctsd","Ctsd","neonate",2.33100734872666,-0.910518442518812,47527.5,0.38068291041907,2.70199614659005e-08,2.07222319857714e-06,51.4705882352941,67.3202614379085
"Cxcr6","Cxcr6","neonate",1.31822815438594,-0.945209985361516,48131,0.385516788414712,9.00034309636546e-09,8.97334206707637e-07,30.5147058823529,49.8910675381264
"S100a6","S100a6","neonate",1.86611674898251,-1.00578998756913,45952,0.368063565295399,3.28935828765807e-10,5.44378361538407e-08,42.6470588235294,60.5664488017429
"Nkg7","Nkg7","neonate",2.08105240812219,-1.12546760619956,45759,0.366517685505575,3.82211487539503e-10,5.44378361538407e-08,44.8529411764706,67.1023965141612
"Ccl5","Ccl5","neonate",2.45110882147146,-2.68986723460981,28430,0.227716903754966,3.65547529802397e-36,3.64450887212989e-33,44.8529411764706,79.3028322440087
