"ID","Description","setSize","enrichmentScore","NES","pvalue","p.adjust","qvalue","rank","leading_edge","core_enrichment","comparison","database","direction"
"REACTOME_SARS_COV_INFECTIONS","REACTOME_SARS_COV_INFECTIONS",189,-0.639385305605174,-3.90322285419505,9.88108792289772e-43,9.76251486782295e-40,3.4531802004232e-40,3078,"tags=60%, list=15%, signal=51%","Sos1/Jak1/Jak2/Nup205/Pdcd1/Fut8/Runx1/Ano1/Akt3/Irak1/Arid4b/Arid4a/Rock1/St6gal1/Stat1/Nrp1/Tjp1/Ywhaq/Chuk/Nup153/Zbp1/Parp9/Ptpn6/Cd79b/Sp1/Hdac2/Agrn/Rae1/Serpine1/Parp14/Itga4/Akt2/Ifngr2/Ywhab/Ywhag/Irf7/Crebbp/Sdc3/Ifnar1/Sar1b/Nfkb1/Fkbp1a/Bcl2l1/Gsk3b/Nfe2l2/Snrpd3/Snrpg/Isg15/Ywhah/Ube2i/Nup98/Tufm/Sdc4/Cav1/Sdc1/Rps27l/Ap2s1/St3gal4/Atp1b3/Psmc6/Rpn1/Ap2m1/Akt1/Comt/Ap2b1/Fkbp4/Ifngr1/G3bp1/Gpc3/Nfkbia/Rps9/Vegfa/H2-T23/Grb2/Iscu/Rbbp7/Tubb5/Rbx1/Atp1b1/Galnt1/Ctsl/Ifnar2/Ostc/Hnrnpa1/G3bp2/Cul3/Mgat1/Npm1/Ptges3/Kpnb1/Furin/Atp1a1/Rps6/Snrpb/Rps12/Ppia/Ppib/B2m/Ywhaz/Rps3a1/Ywhae/H2-Q1/Rps10/Cnbp/Rps5/Hsp90aa1/Canx/Rps14/Itgb1/Rps19/Rps3/Hsp90ab1/H2-D1","INRR_vs_ARR = Neonate_Reinfected_IFN - Adult_Reinfected","Reactome","INRR_vs_ARR = Neonate_Reinfected_IFN - Adult_Reinfected | Positive NES/logFC = higher in Neonate_Reinfected_IFN ; Negative NES/logFC = higher in Adult_Reinfected"
"REACTOME_DENGUE_VIRUS_INFECTION","REACTOME_DENGUE_VIRUS_INFECTION",150,-0.628707820070175,-3.8113680456792,3.03578276796964e-33,1.499676687377e-30,5.30463094192589e-31,2733,"tags=55%, list=14%, signal=48%","Srsf3/Grpel1/Nek2/Rbm5/Tjp1/Snrpa1/Eif4a3/Pros1/Retreg1/Ipo7/Mapre3/Nmt1/Agrn/P4ha1/Sf3b3/Txnl4a/Uba7/Hdlbp/Eif4g3/Sf3a3/Fasn/U2af1/Polr2a/Sdc3/Lyn/Polr2e/Snrpd3/Snrpg/Ube2i/Eif4e3/Sdc4/Axl/Hnrnpd/Eif4g2/Sdc1/Spcs3/Ap2s1/Hnrnpa3/C1s1/Hnrnpc/Rpn1/Ap2m1/Srsf7/Ap2b1/Sec11a/Gpc3/Nfkbia/Polr2f/Srsf2/Dhx15/Rtn3/Pcbp1/Srsf6/Dnajc3/Ostc/Eif4e/Hnrnpa1/Eif4g1/Kpnb1/Eif4a2/Furin/Spcs1/Snrpb/Srsf1/Hspa5/Ctnnb1/Ncl/Hspa8/Fus/Rpl18/Ly6e/Eif4a1/Pabpc1/Hsp90aa1/Hnrnpu/Canx/Calr/Hnrnpa2b1/Clu/Hsp90ab1/C1qa/Vim","INRR_vs_ARR = Neonate_Reinfected_IFN - Adult_Reinfected","Reactome","INRR_vs_ARR = Neonate_Reinfected_IFN - Adult_Reinfected | Positive NES/logFC = higher in Neonate_Reinfected_IFN ; Negative NES/logFC = higher in Adult_Reinfected"
"REACTOME_RHO_GTPASE_CYCLE","REACTOME_RHO_GTPASE_CYCLE",170,-0.564263072992665,-3.41871805616832,1.33641768865816e-27,4.40126892131421e-25,1.55680937766495e-25,3280,"tags=48%, list=16%, signal=41%","Daam1/Rhoh/Wasl/Def6/Add3/Picalm/Sos1/Ect2/Farp1/Vamp3/Flot2/Csk/Ralbp1/Racgap1/Rock1/Src/Lbr/Arhgef2/Stip1/Trip10/Arhgef3/Net1/Stx5a/Ndufa5/Cdc42ep1/Map3k11/Arhgef12/Wipf1/Arfgap3/Jag1/Cct6a/Cltc/Ndufs3/Dock2/Stom/Dock4/C1qbp/Hmox2/Tmpo/Dock10/Cyfip2/Abr/Aldh3a2/Akap13/Cct7/Tpm4/Bcap31/Lman1/Rac2/Esyt1/Abcd3/Cav1/Hspe1/Hnrnpc/Slc1a5/Lmnb1/Wasf2/Fermt2/Cavin1/Rac1/Cdc42se2/Tpm3/Jup/Grb2/Atp6ap1/Cct2/Abi1/Cul3/Cdc42/Actb/Ckap4/Actg1/Capzb/Rhoa/Sptan1/Hsp90aa1/Arhgdia/Itgb1/Actn1/Sptbn1/Hsp90ab1/Vim","INRR_vs_ARR = Neonate_Reinfected_IFN - Adult_Reinfected","Reactome","INRR_vs_ARR = Neonate_Reinfected_IFN - Adult_Reinfected | Positive NES/logFC = higher in Neonate_Reinfected_IFN ; Negative NES/logFC = higher in Adult_Reinfected"
"REACTOME_EXTRACELLULAR_MATRIX_ORGANIZATION","REACTOME_EXTRACELLULAR_MATRIX_ORGANIZATION",198,-0.518051690439044,-3.23500828762707,8.70289411196272e-27,2.14961484565479e-24,7.60358117150427e-25,2367,"tags=42%, list=12%, signal=37%","Itgam/Itgal/Lama4/Itgav/Pdgfb/Plod1/Bmp1/Agrn/Sgce/Mfap5/Fbn1/Htra1/Serpinh1/P4ha1/Serpine1/Itga4/Tgfb3/Actg2/Itgb5/Fbln1/Adam17/Col5a1/Itga3/Sdc3/Fbln5/Cast/Col6a1/Itgb2/Efemp1/Timp1/Vwf/Icam2/Colgalt1/Adam15/Efemp2/Lamc2/Sdc4/Adam10/Cd47/Dcn/Sdc1/Cd151/Lamc1/Ltbp2/Lox/Pecam1/Tnc/Pcolce/Col6a3/Icam1/Mmp2/Adam9/Timp2/Ctsl/Capn2/Col5a2/Cd44/Furin/Col4a2/Actb/Cdh1/Ctsd/Col4a1/App/Ppib/Plec/Actg1/Ctsb/Acta2/Bsg/Mmp14/Spp1/Eln/Itgb1/Thbs1/Sparc/Actn1/Ctss/Col1a2/Fn1/Bgn/Col3a1/Col1a1","INRR_vs_ARR = Neonate_Reinfected_IFN - Adult_Reinfected","Reactome","INRR_vs_ARR = Neonate_Reinfected_IFN - Adult_Reinfected | Positive NES/logFC = higher in Neonate_Reinfected_IFN ; Negative NES/logFC = higher in Adult_Reinfected"
"REACTOME_PLATELET_ACTIVATION_SIGNALING_AND_AGGREGATION","REACTOME_PLATELET_ACTIVATION_SIGNALING_AND_AGGREGATION",157,-0.569108888501378,-3.45299200195907,2.48579265617584e-26,4.91192628860346e-24,1.73743823547448e-24,2238,"tags=43%, list=11%, signal=38%","Ptpn6/Mapk14/Pdgfb/Mgll/Mapk1/Serpine1/Plek/Tgfb3/Fyn/Arrb1/Arrb2/Vcl/Raf1/Gng12/Lyn/Ecm1/Gng11/Timp1/Vwf/Rac2/Pdpn/Gnai3/Akt1/Rac1/F2r/Pecam1/Vegfa/Wdr1/Grb2/Trf/Igf1/Timp3/Selenop/Srgn/Cd9/Actn4/Flna/Cd36/Cdc42/Gnai2/Lgals3bp/Cap1/Hspa5/Qsox1/Ppia/App/Serpina3n/Calu/Serping1/Aplp2/Ywhaz/Rhoa/Gnb2/Aldoa/Cd63/Sod1/Anxa5/Thbs1/Sparc/Actn1/Pfn1/Cfl1/Col1a2/Clu/Calm1/Fn1/Col1a1","INRR_vs_ARR = Neonate_Reinfected_IFN - Adult_Reinfected","Reactome","INRR_vs_ARR = Neonate_Reinfected_IFN - Adult_Reinfected | Positive NES/logFC = higher in Neonate_Reinfected_IFN ; Negative NES/logFC = higher in Adult_Reinfected"
"REACTOME_TRANSLATION","REACTOME_TRANSLATION",113,-0.633981270660121,-3.71290356121745,9.63432177453609e-26,1.35981570189166e-23,4.80991703630975e-24,2468,"tags=58%, list=12%, signal=51%","Rpl14/Rchy1/Psmc4/Psmc2/Srprb/Psma4/Psmb5/Psmd13/Eif3d/Adrm1/Psma7/Psmd1/Psmb2/Psmd3/Eif2s1/Srpr/Psmd7/Srp9/Rpl36/Abce1/Psma1/Tufm/Rpl9/Psmd8/Spcs3/Rps27l/Mrpl23/Psmc6/Eprs/Psma2/Rpn1/Ssr3/Sec11a/Srp14/Psmd14/Rps9/Sec61a1/Rpl34/Rbx1/Eif3b/Ssr1/Rpl6/Rpl22/Eif4e/Eif4g1/Eif3a/Eif4a2/Spcs1/Rps6/Eif2s3x/Rps12/Eif4h/Psma6/Rpl18/Rps3a1/Rps10/Eif4a1/Rps5/Eef1b2/Pabpc1/Rps14/Rplp0/Eef2/Rps19/Rps3","INRR_vs_ARR = Neonate_Reinfected_IFN - Adult_Reinfected","Reactome","INRR_vs_ARR = Neonate_Reinfected_IFN - Adult_Reinfected | Positive NES/logFC = higher in Neonate_Reinfected_IFN ; Negative NES/logFC = higher in Adult_Reinfected"
"REACTOME_AEROBIC_RESPIRATION_AND_RESPIRATORY_ELECTRON_TRANSPORT","REACTOME_AEROBIC_RESPIRATION_AND_RESPIRATORY_ELECTRON_TRANSPORT",140,-0.585821607323912,-3.4174512129992,8.87312897265016e-26,1.35981570189166e-23,4.80991703630975e-24,3746,"tags=65%, list=19%, signal=53%","Cox7c/Uqcrq/Atp5l/Sucla2/Pcx/Ndufb6/Ndufa8/Etfdh/Atp5o/Idh3a/Hspa9/Gstz1/Ndufc2/Sdhc/Cycs/Pdk3/Nnt/Sdhb/Suclg1/Fh1/Slc25a4/Atp5c1/Ndufb3/Ndufab1/Mdh1/Dld/Ndufs7/Ndufa3/Ndufa5/Ndufv2/Ndufb2/Cox6a1/Uqcrc2/Mpc2/Ndufs4/Aco2/Dlat/Ndufs3/Uqcrb/Ndufb4/Ndufs1/Ndufb1/Acat1/Idh3b/Dlst/Cox5b/Cyc1/Sdha/Ndufa2/Cs/Cox7a2/Ndufv3/Ldha/Ndufa9/Atp5g2/Atp5j/Ndufc1/Uqcr11/Etfa/Ndufb5/Ndufb8/Atp5h/Cox6c/Uqcrfs1/Ndufa6/Ndufs2/Ogdh/Idh2/Ndufs6/Atp5pb/Cox5a/Ndufa7/Iscu/Uqcrc1/Atp5k/Ndufa1/Ndufa4/Cox8a/Atp5d/Atp5j2/Mdh2/Etfb/Atp5e/Uqcrh/Ldhb/Cox4i1/Ucp2/Pkm/Atp5g3/Atp5a1/Atp5b","INRR_vs_ARR = Neonate_Reinfected_IFN - Adult_Reinfected","Reactome","INRR_vs_ARR = Neonate_Reinfected_IFN - Adult_Reinfected | Positive NES/logFC = higher in Neonate_Reinfected_IFN ; Negative NES/logFC = higher in Adult_Reinfected"
"REACTOME_SARS_COV_2_INFECTION","REACTOME_SARS_COV_2_INFECTION",127,-0.610501543572922,-3.60826702447113,1.3864065929846e-25,1.71221214233598e-23,6.05640774830115e-24,2655,"tags=53%, list=13%, signal=46%","Akt3/Irak1/St6gal1/Stat1/Nrp1/Tjp1/Ywhaq/Chuk/Nup153/Parp9/Ptpn6/Agrn/Rae1/Parp14/Akt2/Ywhab/Ywhag/Irf7/Crebbp/Sdc3/Ifnar1/Sar1b/Gsk3b/Snrpd3/Snrpg/Isg15/Ywhah/Ube2i/Nup98/Tufm/Sdc4/Cav1/Sdc1/Rps27l/St3gal4/Rpn1/Akt1/G3bp1/Gpc3/Rps9/H2-T23/Iscu/Galnt1/Ctsl/Ifnar2/Ostc/G3bp2/Mgat1/Furin/Rps6/Snrpb/Rps12/B2m/Ywhaz/Rps3a1/Ywhae/H2-Q1/Rps10/Cnbp/Rps5/Hsp90aa1/Canx/Rps14/Rps19/Rps3/Hsp90ab1/H2-D1","INRR_vs_ARR = Neonate_Reinfected_IFN - Adult_Reinfected","Reactome","INRR_vs_ARR = Neonate_Reinfected_IFN - Adult_Reinfected | Positive NES/logFC = higher in Neonate_Reinfected_IFN ; Negative NES/logFC = higher in Adult_Reinfected"
"REACTOME_CELLULAR_RESPONSE_TO_CHEMICAL_STRESS","REACTOME_CELLULAR_RESPONSE_TO_CHEMICAL_STRESS",126,-0.596063778042779,-3.52559408256203,8.26128275954869e-24,9.06905262937123e-22,3.20788991364932e-22,2757,"tags=53%, list=14%, signal=46%","Notch1/Prdx2/Eif2ak3/Akt3/Gclc/Psmc4/Psmc2/Sp1/Ncor2/Cox6a1/Psma4/Helz2/Psmb5/Prdx1/Akt2/Psmd13/Adrm1/Tkt/Ero1a/Gclm/Psma7/Psmd1/Txnrd1/Crebbp/Hmox2/Cox5b/Psmb2/Sod3/Psmd3/Hmox1/Cul1/Nfkb1/Psmd7/Bcl2l1/Gsk3b/Nfe2l2/Cox7a2/Taldo1/Psma1/Atf4/Prdx6/Psmd8/Idh1/Psmc6/Psma2/Akt1/Cat/Cox6c/Psmd14/Gsta3/Txn1/Cox5a/Rbx1/Ndufa4/Cox8a/Cul3/Stat3/Skp1/Atox1/Psma6/Txnip/Gpx1/Cox4i1/Gpx3/Prdx5/Sqstm1/Sod1","INRR_vs_ARR = Neonate_Reinfected_IFN - Adult_Reinfected","Reactome","INRR_vs_ARR = Neonate_Reinfected_IFN - Adult_Reinfected | Positive NES/logFC = higher in Neonate_Reinfected_IFN ; Negative NES/logFC = higher in Adult_Reinfected"
"REACTOME_CELL_CELL_COMMUNICATION","REACTOME_CELL_CELL_COMMUNICATION",163,-0.532408125714579,-3.24053897847296,1.26378905551163e-23,1.24862358684549e-21,4.41661017294591e-22,2334,"tags=43%, list=12%, signal=38%","Psmc4/Psmc2/Ptpn6/Cd2ap/Sp1/Ago2/Hdac2/Cadm1/Psma4/Mapk1/Psmb5/Sirpa/Parva/Psmd13/Kmt5a/Adrm1/Fyn/Actg2/Psma7/H2az2/Psmd1/Vcl/Psmb2/Mdm2/Psmd3/Nectin2/Psmd7/Ctbp1/Psma1/Lamc2/Psmd8/Cd47/Cd151/Spcs3/Pxn/Psmc6/Psma2/Rpn1/Sec11a/Fermt2/Psmd14/Jup/Grb2/Rbbp7/Vasp/Cldn5/Ctsl/Ostc/Actn4/Flna/Furin/Spcs1/Actb/Cdh1/Ctnna1/Psma6/Ctnnb1/Plec/Pkm/Actg1/Ctsb/Cldn18/Acta2/Sptan1/Canx/Itgb1/Actn1/Sptbn1/Ctss/Rack1","INRR_vs_ARR = Neonate_Reinfected_IFN - Adult_Reinfected","Reactome","INRR_vs_ARR = Neonate_Reinfected_IFN - Adult_Reinfected | Positive NES/logFC = higher in Neonate_Reinfected_IFN ; Negative NES/logFC = higher in Adult_Reinfected"
"REACTOME_PROGRAMMED_CELL_DEATH","REACTOME_PROGRAMMED_CELL_DEATH",118,-0.575489798631977,-3.4426175363017,4.20051412401948e-21,3.77282541321022e-19,1.33451740590858e-19,2996,"tags=55%, list=15%, signal=47%","Cycs/Psma3/Ppp3r1/Flot2/Casp7/Akt3/Dnm1l/Trp53/Rock1/H1f0/Tjp1/Ywhaq/Dapk2/Tfdp2/Diablo/Psmc4/Psmc2/Septin4/Traf2/Nmt1/Psma4/Mapk1/Psmb5/Akt2/Psmd13/Adrm1/Bak1/Ywhab/Psma7/Ywhag/Psmd1/C1qbp/Peli1/Psmb2/Psmd3/Psmd7/Bcl2l1/Ywhah/Bcap31/Psma1/Psmd8/Bax/Psmc6/Dynll2/Psma2/Akt1/Lmnb1/Psmd14/Add1/Irf1/Hmgb2/Sdcbp/Stat3/Kpnb1/Cdh1/Gsn/Psma6/Ctnnb1/Plec/Ywhaz/Ywhae/Lmna/Sptan1/Hsp90aa1/Vim","INRR_vs_ARR = Neonate_Reinfected_IFN - Adult_Reinfected","Reactome","INRR_vs_ARR = Neonate_Reinfected_IFN - Adult_Reinfected | Positive NES/logFC = higher in Neonate_Reinfected_IFN ; Negative NES/logFC = higher in Adult_Reinfected"
"REACTOME_CELL_JUNCTION_ORGANIZATION","REACTOME_CELL_JUNCTION_ORGANIZATION",141,-0.532825360509142,-3.14416561571325,7.74420168307459e-21,6.37605938573141e-19,2.2553289112112e-19,2334,"tags=44%, list=12%, signal=39%","Psmc4/Psmc2/Sp1/Ago2/Hdac2/Cadm1/Psma4/Mapk1/Psmb5/Parva/Psmd13/Kmt5a/Adrm1/Fyn/Actg2/Psma7/H2az2/Psmd1/Vcl/Psmb2/Mdm2/Psmd3/Nectin2/Psmd7/Ctbp1/Psma1/Lamc2/Psmd8/Cd151/Spcs3/Pxn/Psmc6/Psma2/Rpn1/Sec11a/Fermt2/Psmd14/Jup/Rbbp7/Vasp/Cldn5/Ctsl/Ostc/Flna/Furin/Spcs1/Actb/Cdh1/Ctnna1/Psma6/Ctnnb1/Plec/Pkm/Actg1/Ctsb/Cldn18/Acta2/Canx/Itgb1/Actn1/Ctss/Rack1","INRR_vs_ARR = Neonate_Reinfected_IFN - Adult_Reinfected","Reactome","INRR_vs_ARR = Neonate_Reinfected_IFN - Adult_Reinfected | Positive NES/logFC = higher in Neonate_Reinfected_IFN ; Negative NES/logFC = higher in Adult_Reinfected"
"REACTOME_HIV_INFECTION","REACTOME_HIV_INFECTION",118,-0.569752447858553,-3.4082963295115,1.36617764365718e-20,1.03829500917945e-18,3.67263949549946e-19,3666,"tags=58%, list=18%, signal=47%","Cd8b1/Xpo1/Eloa/Nupl1/Ncbp2/Cxcr4/Taf10/Nedd4l/Atp6v1h/Polr2g/Nup205/Gtf2b/Psma3/Ercc3/Ssrp1/Slc25a4/Nelfb/Nup153/Psmc4/Gtf2h5/Psmc2/Ccr5/Nmt1/Cdk9/Rae1/Psma4/Vps4b/Psmb5/Psmd13/Dock2/Ap1g1/Adrm1/Fyn/Cdk7/Mvb12a/Polr2a/Psma7/Psmd1/Psmb2/Supt5/Polr2e/Psmd3/Ran/Psmd7/Ranbp1/Psma1/Nup98/Psmd8/Banf1/Ap2s1/Vps28/Psmc6/Psma2/Ap2m1/Ap2b1/Slc25a5/Psmd14/Rac1/Polr2f/Rbx1/Npm1/Kpnb1/Furin/Skp1/Ppia/Psma6/Arf1/B2m","INRR_vs_ARR = Neonate_Reinfected_IFN - Adult_Reinfected","Reactome","INRR_vs_ARR = Neonate_Reinfected_IFN - Adult_Reinfected | Positive NES/logFC = higher in Neonate_Reinfected_IFN ; Negative NES/logFC = higher in Adult_Reinfected"
"REACTOME_REGULATION_OF_HOMOTYPIC_CELL_CELL_ADHESION","REACTOME_REGULATION_OF_HOMOTYPIC_CELL_CELL_ADHESION",91,-0.630183735332703,-3.41713738237787,4.41475754507188e-20,3.11555746752216e-18,1.10202970298035e-18,3368,"tags=63%, list=17%, signal=52%","Klf4/Klf9/Ctnnd1/H4c14/Ezh2/Psma3/Eed/Ilf3/Src/Psmc4/Psmc2/Sp1/Ago2/Hdac2/Psma4/Mapk1/Psmb5/Psmd13/Kmt5a/Adrm1/Fyn/Actg2/Psma7/H2az2/Psmd1/Vcl/Psmb2/Mdm2/Psmd3/Psmd7/Ctbp1/Psma1/Psmd8/Spcs3/Psmc6/Psma2/Rpn1/Sec11a/Psmd14/Jup/Rbbp7/Ctsl/Ostc/Furin/Spcs1/Actb/Cdh1/Ctnna1/Psma6/Ctnnb1/Pkm/Actg1/Ctsb/Acta2/Canx/Ctss/Rack1","INRR_vs_ARR = Neonate_Reinfected_IFN - Adult_Reinfected","Reactome","INRR_vs_ARR = Neonate_Reinfected_IFN - Adult_Reinfected | Positive NES/logFC = higher in Neonate_Reinfected_IFN ; Negative NES/logFC = higher in Adult_Reinfected"
"REACTOME_SIGNALING_BY_ROBO_RECEPTORS","REACTOME_SIGNALING_BY_ROBO_RECEPTORS",87,-0.639375071635387,-3.39538351471597,8.11915277111705e-20,5.34781529190909e-18,1.89162015439359e-18,2607,"tags=61%, list=13%, signal=53%","Prkaca/Src/Nrp1/Rpl14/Prkar2a/Clasp1/Eif4a3/Psmc4/Psmc2/Abl1/Psma4/Psmb5/Psmd13/Adrm1/Psma7/Psmd1/Psmb2/Ldb1/Psmd3/Slit3/Psmd7/Rpl36/Psma1/Rpl9/Psmd8/Rps27l/Psmc6/Psma2/Psmd14/Rac1/Rps9/Rpl34/Rbx1/Rpl6/Vasp/Rpl22/Eif4g1/Cdc42/Rps6/Rps12/Cap1/Psma6/Rpl18/Rps3a1/Rps10/Rhoa/Rps5/Pabpc1/Rps14/Rplp0/Pfn1/Rps19/Rps3","INRR_vs_ARR = Neonate_Reinfected_IFN - Adult_Reinfected","Reactome","INRR_vs_ARR = Neonate_Reinfected_IFN - Adult_Reinfected | Positive NES/logFC = higher in Neonate_Reinfected_IFN ; Negative NES/logFC = higher in Adult_Reinfected"
"REACTOME_APOPTOSIS","REACTOME_APOPTOSIS",103,-0.595126924892871,-3.38927890902038,1.48651178504285e-19,9.17921027263958e-18,3.24685468838306e-18,2996,"tags=58%, list=15%, signal=50%","Cycs/Psma3/Ppp3r1/Casp7/Akt3/Dnm1l/Trp53/Rock1/H1f0/Tjp1/Ywhaq/Dapk2/Tfdp2/Diablo/Psmc4/Psmc2/Septin4/Traf2/Nmt1/Psma4/Mapk1/Psmb5/Akt2/Psmd13/Adrm1/Bak1/Ywhab/Psma7/Ywhag/Psmd1/C1qbp/Psmb2/Psmd3/Psmd7/Bcl2l1/Ywhah/Bcap31/Psma1/Psmd8/Bax/Psmc6/Dynll2/Psma2/Akt1/Lmnb1/Psmd14/Add1/Hmgb2/Stat3/Kpnb1/Cdh1/Gsn/Psma6/Ctnnb1/Plec/Ywhaz/Ywhae/Lmna/Sptan1/Vim","INRR_vs_ARR = Neonate_Reinfected_IFN - Adult_Reinfected","Reactome","INRR_vs_ARR = Neonate_Reinfected_IFN - Adult_Reinfected | Positive NES/logFC = higher in Neonate_Reinfected_IFN ; Negative NES/logFC = higher in Adult_Reinfected"
"REACTOME_CLASS_I_MHC_MEDIATED_ANTIGEN_PROCESSING_PRESENTATION","REACTOME_CLASS_I_MHC_MEDIATED_ANTIGEN_PROCESSING_PRESENTATION",133,-0.537804032996946,-3.2127256288731,1.62142654156136e-19,9.42334954742721e-18,3.33321121856577e-18,2459,"tags=44%, list=12%, signal=39%","Rchy1/Chuk/Psmc4/Psmc2/Itgav/Fbxo6/Cdc34/Psma4/Uba7/Psmb5/Psmd13/Adrm1/Itgb5/Psme2/Psma7/Psmd1/Myd88/Sec31a/Psmb2/Ube2s/Psmd3/Sar1b/Wwp1/Cul1/Psmd7/Psmb10/Smurf2/Ube2c/Bcap31/Psma1/Tap1/Psmd8/Psmc6/Socs3/Psma2/Psmd14/Tap2/Sec61a1/H2-T23/Psmb9/Rbx1/Huwe1/Ctsl/Cul3/Nedd4/Cd36/Tapbp/Psme1/Skp1/Hspa5/Psma6/B2m/H2-Q1/Psmb8/Vamp8/Canx/Calr/Ctss/H2-D1","INRR_vs_ARR = Neonate_Reinfected_IFN - Adult_Reinfected","Reactome","INRR_vs_ARR = Neonate_Reinfected_IFN - Adult_Reinfected | Positive NES/logFC = higher in Neonate_Reinfected_IFN ; Negative NES/logFC = higher in Adult_Reinfected"
"REACTOME_SRP_DEPENDENT_COTRANSLATIONAL_PROTEIN_TARGETING_TO_MEMBRANE","REACTOME_SRP_DEPENDENT_COTRANSLATIONAL_PROTEIN_TARGETING_TO_MEMBRANE",33,-0.862418805910549,-3.63864165816972,2.61626027150386e-19,1.4360361934699e-17,5.07952286631158e-18,1270,"tags=82%, list=6%, signal=77%","Srpr/Srp9/Rpl36/Rpl9/Spcs3/Rps27l/Rpn1/Ssr3/Sec11a/Srp14/Rps9/Sec61a1/Rpl34/Ssr1/Rpl6/Rpl22/Spcs1/Rps6/Rps12/Rpl18/Rps3a1/Rps10/Rps5/Rps14/Rplp0/Rps19/Rps3","INRR_vs_ARR = Neonate_Reinfected_IFN - Adult_Reinfected","Reactome","INRR_vs_ARR = Neonate_Reinfected_IFN - Adult_Reinfected | Positive NES/logFC = higher in Neonate_Reinfected_IFN ; Negative NES/logFC = higher in Adult_Reinfected"
"REACTOME_INTERFERON_SIGNALING","REACTOME_INTERFERON_SIGNALING",163,-0.488965343236214,-2.97612147025871,4.06117271546822e-19,2.11180981204347e-17,7.46985784784182e-18,3076,"tags=47%, list=15%, signal=40%","Jak1/Jak2/Flnb/Cdk1/Ppm1b/Vcam1/Nup205/Eif2ak3/Eif2ak2/Trp53/Ilf3/Adar/Stat1/Chuk/Gbp3/Eif4a3/Nup153/Ifi27/Ptpn6/Ciita/Ilf2/Pias1/Rae1/Irf4/Mapk1/Uba7/Ifngr2/Eif4g3/Ppp2cb/Atf6/H2-Eb1/Irf7/Raf1/Ifnar1/Eif2s1/Abce1/Isg15/Ifitm1/Ube2i/Eif4e3/Nup98/Gbp2/Eif4g2/Isg20/Socs3/Irf9/Samhd1/Ifngr1/Ifi30/Smad7/H2-T23/Irf1/Irf8/Icam1/Dnajc3/Ifnar2/Eif4e/Eif4g1/Nedd4/Flna/Stat3/Npm1/Kpnb1/Eif4a2/Cd44/Furin/Eif2s3x/Actb/Hspa5/Hspa8/B2m/Actg1/H2-Q1/Psmb8/Eif4a1/H2-Ea/H2-D1","INRR_vs_ARR = Neonate_Reinfected_IFN - Adult_Reinfected","Reactome","INRR_vs_ARR = Neonate_Reinfected_IFN - Adult_Reinfected | Positive NES/logFC = higher in Neonate_Reinfected_IFN ; Negative NES/logFC = higher in Adult_Reinfected"
"REACTOME_RESPONSE_TO_ELEVATED_PLATELET_CYTOSOLIC_CA2","REACTOME_RESPONSE_TO_ELEVATED_PLATELET_CYTOSOLIC_CA2",87,-0.624942081639315,-3.31873752322403,9.95650656874912e-19,4.91851424496207e-17,1.73976851622353e-17,1913,"tags=47%, list=10%, signal=43%","Serpine1/Plek/Tgfb3/Vcl/Ecm1/Timp1/Vwf/Pecam1/Vegfa/Wdr1/Trf/Igf1/Timp3/Selenop/Srgn/Cd9/Actn4/Flna/Cd36/Lgals3bp/Cap1/Hspa5/Qsox1/Ppia/App/Serpina3n/Calu/Serping1/Aplp2/Aldoa/Cd63/Sod1/Anxa5/Thbs1/Sparc/Actn1/Pfn1/Cfl1/Clu/Calm1/Fn1","INRR_vs_ARR = Neonate_Reinfected_IFN - Adult_Reinfected","Reactome","INRR_vs_ARR = Neonate_Reinfected_IFN - Adult_Reinfected | Positive NES/logFC = higher in Neonate_Reinfected_IFN ; Negative NES/logFC = higher in Adult_Reinfected"
"REACTOME_REGULATION_OF_T_CELL_ACTIVATION_BY_CD28_FAMILY","REACTOME_REGULATION_OF_T_CELL_ACTIVATION_BY_CD28_FAMILY",125,-0.53529047511744,-3.17356362984901,1.05585442893169e-18,4.96754369421196e-17,1.75711112985124e-17,3076,"tags=52%, list=15%, signal=44%","Jak1/Ezh2/Psma3/Pdcd1/Eed/Csk/Nek2/Akt3/Pik3cd/Src/Stat1/Psmc4/Psmc2/Ptpn6/Ago2/Psma4/Cd3g/Psmb5/Akt2/Psmd13/Adrm1/Fyn/Ppp2cb/Cd274/H2-Eb1/Psma7/Ywhag/H2az2/Psmd1/Crebbp/Psmb2/Lyn/Psmd3/Cul1/Nfkb1/Psmd7/Gsk3b/Nfe2l2/Spop/Cdk4/Psma1/Cd3e/Psmd8/Psmc6/Psma2/Rpn1/Akt1/Jun/Psmd14/Rac1/Irf1/Grb2/Cops5/Rbbp7/Rbx1/Hif1a/Ostc/Cul3/Stat3/Cdc42/Skp1/Psma6/Ctnnb1/Ccnd1/H2-Ea","INRR_vs_ARR = Neonate_Reinfected_IFN - Adult_Reinfected","Reactome","INRR_vs_ARR = Neonate_Reinfected_IFN - Adult_Reinfected | Positive NES/logFC = higher in Neonate_Reinfected_IFN ; Negative NES/logFC = higher in Adult_Reinfected"
"REACTOME_INFLUENZA_INFECTION","REACTOME_INFLUENZA_INFECTION",56,-0.728105685056781,-3.64566859721386,1.35410853564138e-18,6.08117833278945e-17,2.15102408532506e-17,2645,"tags=64%, list=13%, signal=56%","Polr2g/Nup205/Eif2ak2/Rpl14/Nup153/Rae1/Cltc/Polr2a/Polr2e/Ran/Rpl36/Isg15/Nup98/Rpl9/Rps27l/Polr2f/Rps9/Rpl34/Rpl6/Dnajc3/Rpl22/Kpnb1/Rps6/Rps12/Rpl18/Rps3a1/Rps10/Clta/Rps5/Hsp90aa1/Canx/Rps14/Calr/Rplp0/Rps19/Rps3","INRR_vs_ARR = Neonate_Reinfected_IFN - Adult_Reinfected","Reactome","INRR_vs_ARR = Neonate_Reinfected_IFN - Adult_Reinfected | Positive NES/logFC = higher in Neonate_Reinfected_IFN ; Negative NES/logFC = higher in Adult_Reinfected"
"REACTOME_POTENTIAL_THERAPEUTICS_FOR_SARS","REACTOME_POTENTIAL_THERAPEUTICS_FOR_SARS",54,-0.731217460844661,-3.58002997792768,2.5111625480545e-18,1.07870808585993e-16,3.81558794487e-17,3240,"tags=69%, list=16%, signal=58%","Tbk1/Sos1/Jak1/Jak2/Pdcd1/Arid4b/Arid4a/Rock1/Zbp1/Cd79b/Hdac2/Itga4/Ifngr2/Ifnar1/Fkbp1a/Nfe2l2/Ap2s1/Atp1b3/Ap2m1/Comt/Ap2b1/Fkbp4/Ifngr1/Vegfa/Grb2/Rbbp7/Tubb5/Rbx1/Atp1b1/Ifnar2/Cul3/Ptges3/Furin/Atp1a1/Hsp90aa1/Itgb1/Hsp90ab1","INRR_vs_ARR = Neonate_Reinfected_IFN - Adult_Reinfected","Reactome","INRR_vs_ARR = Neonate_Reinfected_IFN - Adult_Reinfected | Positive NES/logFC = higher in Neonate_Reinfected_IFN ; Negative NES/logFC = higher in Adult_Reinfected"
"REACTOME_DENGUE_VIRUS_HOST_INTERACTIONS","REACTOME_DENGUE_VIRUS_HOST_INTERACTIONS",100,-0.587816086912853,-3.2724986576375,3.00997596352424e-18,1.23910677165081e-16,4.38294745565811e-17,3016,"tags=51%, list=15%, signal=44%","Hnrnpr/Polr2g/Dhx16/Srsf3/Grpel1/Nek2/Rbm5/Tjp1/Snrpa1/Eif4a3/Retreg1/Agrn/Sf3b3/Txnl4a/Sf3a3/Fasn/U2af1/Polr2a/Sdc3/Polr2e/Snrpd3/Snrpg/Ube2i/Sdc4/Hnrnpd/Sdc1/Hnrnpa3/C1s1/Hnrnpc/Srsf7/Gpc3/Nfkbia/Polr2f/Srsf2/Dhx15/Pcbp1/Srsf6/Hnrnpa1/Snrpb/Srsf1/Ctnnb1/Hspa8/Fus/Rpl18/Hsp90aa1/Hnrnpu/Hnrnpa2b1/Clu/Hsp90ab1/C1qa/Vim","INRR_vs_ARR = Neonate_Reinfected_IFN - Adult_Reinfected","Reactome","INRR_vs_ARR = Neonate_Reinfected_IFN - Adult_Reinfected | Positive NES/logFC = higher in Neonate_Reinfected_IFN ; Negative NES/logFC = higher in Adult_Reinfected"
"REACTOME_SARS_COV_1_INFECTION","REACTOME_SARS_COV_1_INFECTION",64,-0.6894048202354,-3.53908916239737,1.03841272706525e-17,4.10380709736185e-16,1.45159168583436e-16,2568,"tags=61%, list=13%, signal=53%","St6gal1/Ywhaq/Parp9/Sp1/Serpine1/Parp14/Ywhab/Ywhag/Nfkb1/Fkbp1a/Bcl2l1/Gsk3b/Ywhah/Ube2i/Cav1/Rps27l/St3gal4/Psmc6/Nfkbia/Rps9/Galnt1/Ctsl/Hnrnpa1/Mgat1/Npm1/Kpnb1/Rps6/Rps12/Ppia/Ppib/Ywhaz/Rps3a1/Ywhae/Rps10/Rps5/Canx/Rps14/Rps19/Rps3","INRR_vs_ARR = Neonate_Reinfected_IFN - Adult_Reinfected","Reactome","INRR_vs_ARR = Neonate_Reinfected_IFN - Adult_Reinfected | Positive NES/logFC = higher in Neonate_Reinfected_IFN ; Negative NES/logFC = higher in Adult_Reinfected"
"REACTOME_REGULATION_OF_EXPRESSION_OF_SLITS_AND_ROBOS","REACTOME_REGULATION_OF_EXPRESSION_OF_SLITS_AND_ROBOS",59,-0.706046292765506,-3.56092870112932,2.05388947119778e-17,7.80477999055156e-16,2.76069354023345e-16,2468,"tags=68%, list=12%, signal=60%","Rpl14/Eif4a3/Psmc4/Psmc2/Psma4/Psmb5/Psmd13/Adrm1/Psma7/Psmd1/Psmb2/Ldb1/Psmd3/Psmd7/Rpl36/Psma1/Rpl9/Psmd8/Rps27l/Psmc6/Psma2/Psmd14/Rps9/Rpl34/Rbx1/Rpl6/Rpl22/Eif4g1/Rps6/Rps12/Psma6/Rpl18/Rps3a1/Rps10/Rps5/Pabpc1/Rps14/Rplp0/Rps19/Rps3","INRR_vs_ARR = Neonate_Reinfected_IFN - Adult_Reinfected","Reactome","INRR_vs_ARR = Neonate_Reinfected_IFN - Adult_Reinfected | Positive NES/logFC = higher in Neonate_Reinfected_IFN ; Negative NES/logFC = higher in Adult_Reinfected"
"REACTOME_SARS_COV_2_HOST_INTERACTIONS","REACTOME_SARS_COV_2_HOST_INTERACTIONS",96,-0.579302126364383,-3.14206502980321,2.57386657877779e-17,9.41844511049057e-16,3.33147642945117e-16,2655,"tags=49%, list=13%, signal=43%","Akt3/Irak1/Stat1/Tjp1/Ywhaq/Chuk/Nup153/Ptpn6/Rae1/Akt2/Ywhab/Ywhag/Irf7/Crebbp/Ifnar1/Sar1b/Snrpd3/Snrpg/Isg15/Ywhah/Nup98/Tufm/Cav1/Rps27l/Akt1/G3bp1/Rps9/H2-T23/Ifnar2/G3bp2/Rps6/Snrpb/Rps12/B2m/Ywhaz/Rps3a1/Ywhae/H2-Q1/Rps10/Cnbp/Rps5/Hsp90aa1/Rps14/Rps19/Rps3/Hsp90ab1/H2-D1","INRR_vs_ARR = Neonate_Reinfected_IFN - Adult_Reinfected","Reactome","INRR_vs_ARR = Neonate_Reinfected_IFN - Adult_Reinfected | Positive NES/logFC = higher in Neonate_Reinfected_IFN ; Negative NES/logFC = higher in Adult_Reinfected"
"REACTOME_RIBOSOME_ASSOCIATED_QUALITY_CONTROL","REACTOME_RIBOSOME_ASSOCIATED_QUALITY_CONTROL",49,-0.74820289927015,-3.55555727048292,3.85111160534341e-17,1.35889223788546e-15,4.80665057509027e-16,2468,"tags=78%, list=12%, signal=68%","Rpl14/Rchy1/Psmc4/Psmc2/Psma4/Psmb5/Psmd13/Adrm1/Psma7/Psmd1/Psmb2/Psmd3/Psmd7/Rpl36/Abce1/Psma1/Rpl9/Psmd8/Rps27l/Psmc6/Psma2/Psmd14/Rps9/Rpl34/Rbx1/Rpl6/Rpl22/Rps6/Rps12/Psma6/Rpl18/Rps3a1/Rps10/Rps5/Rps14/Rplp0/Rps19/Rps3","INRR_vs_ARR = Neonate_Reinfected_IFN - Adult_Reinfected","Reactome","INRR_vs_ARR = Neonate_Reinfected_IFN - Adult_Reinfected | Positive NES/logFC = higher in Neonate_Reinfected_IFN ; Negative NES/logFC = higher in Adult_Reinfected"
"REACTOME_ADHERENS_JUNCTIONS_INTERACTIONS","REACTOME_ADHERENS_JUNCTIONS_INTERACTIONS",105,-0.5647047526303,-3.29095291291963,4.69084868075917e-17,1.57069809461556e-15,5.55584665898536e-16,2334,"tags=50%, list=12%, signal=44%","Ilf3/Src/Psmc4/Psmc2/Sp1/Ago2/Hdac2/Cadm1/Psma4/Mapk1/Psmb5/Psmd13/Kmt5a/Adrm1/Fyn/Actg2/Psma7/H2az2/Psmd1/Vcl/Psmb2/Mdm2/Psmd3/Nectin2/Psmd7/Ctbp1/Psma1/Psmd8/Spcs3/Psmc6/Psma2/Rpn1/Sec11a/Psmd14/Jup/Rbbp7/Ctsl/Ostc/Furin/Spcs1/Actb/Cdh1/Ctnna1/Psma6/Ctnnb1/Pkm/Actg1/Ctsb/Acta2/Canx/Ctss/Rack1","INRR_vs_ARR = Neonate_Reinfected_IFN - Adult_Reinfected","Reactome","INRR_vs_ARR = Neonate_Reinfected_IFN - Adult_Reinfected | Positive NES/logFC = higher in Neonate_Reinfected_IFN ; Negative NES/logFC = higher in Adult_Reinfected"
"REACTOME_RHO_GTPASE_EFFECTORS","REACTOME_RHO_GTPASE_EFFECTORS",131,-0.510542848692428,-3.06407490217533,4.76932619822538e-17,1.57069809461556e-15,5.55584665898536e-16,2582,"tags=42%, list=13%, signal=37%","Rock1/Src/Zwint/Ywhaq/Clasp1/Mapk14/Abl1/Wipf1/Mapk1/Dync1h1/Myh11/Ppp2cb/Ywhab/Ywhag/H2az2/Klc1/Cyfip2/Cttn/Ywhah/Myh10/Rac2/Tax1bp3/Bub3/Cdkn1b/Nup98/Mylk/Mapre1/Dynll2/Pafah1b1/Myl12b/Wasf2/Actr3/Rac1/Grb2/Kif5b/Myh9/Myl9/Abi1/Flna/Actr2/Cdc42/Arpc3/Actb/Cdh1/Ctnna1/Ctnnb1/Ywhaz/Actg1/Ywhae/Rhoa/Arpc2/Itgb1/Pfn1/Cfl1/Calm1","INRR_vs_ARR = Neonate_Reinfected_IFN - Adult_Reinfected","Reactome","INRR_vs_ARR = Neonate_Reinfected_IFN - Adult_Reinfected | Positive NES/logFC = higher in Neonate_Reinfected_IFN ; Negative NES/logFC = higher in Adult_Reinfected"
"REACTOME_KEAP1_NFE2L2_PATHWAY","REACTOME_KEAP1_NFE2L2_PATHWAY",80,-0.621608943469661,-3.3367472989047,5.02443043013413e-17,1.60133460160404e-15,5.66421359186598e-16,4180,"tags=71%, list=21%, signal=57%","Pgd/Gsr/Cdkn1a/Bach1/G6pdx/Rela/Csnk2a2/Csnk2b/Pdgfa/Bcl2/Abcc1/Psma3/Notch1/Eif2ak3/Akt3/Gclc/Psmc4/Psmc2/Sp1/Psma4/Psmb5/Prdx1/Akt2/Psmd13/Adrm1/Tkt/Gclm/Psma7/Psmd1/Txnrd1/Crebbp/Psmb2/Sod3/Psmd3/Hmox1/Cul1/Nfkb1/Psmd7/Bcl2l1/Gsk3b/Nfe2l2/Taldo1/Psma1/Atf4/Psmd8/Idh1/Psmc6/Psma2/Akt1/Psmd14/Gsta3/Txn1/Rbx1/Cul3/Skp1/Psma6/Sqstm1","INRR_vs_ARR = Neonate_Reinfected_IFN - Adult_Reinfected","Reactome","INRR_vs_ARR = Neonate_Reinfected_IFN - Adult_Reinfected | Positive NES/logFC = higher in Neonate_Reinfected_IFN ; Negative NES/logFC = higher in Adult_Reinfected"
"REACTOME_MRNA_SPLICING","REACTOME_MRNA_SPLICING",61,-0.679641152951034,-3.46297787068856,9.5635763170368e-17,2.95275418788511e-15,1.04444320304481e-15,3016,"tags=57%, list=15%, signal=49%","Hnrnpr/Polr2g/Dhx16/Srsf3/Lsm2/Rbm5/Mtrex/Snrpa1/Eif4a3/Sf3b3/Txnl4a/Sf3a3/U2af1/Polr2a/Luc7l3/Polr2e/Snrpd3/Snrpg/Hnrnpd/Lsm4/Hnrnpa3/Hnrnpc/Srsf7/Polr2f/Srsf2/Dhx15/Pcbp1/Srsf6/Hnrnpa1/Snrpb/Srsf1/Hspa8/Fus/Hnrnpu/Hnrnpa2b1","INRR_vs_ARR = Neonate_Reinfected_IFN - Adult_Reinfected","Reactome","INRR_vs_ARR = Neonate_Reinfected_IFN - Adult_Reinfected | Positive NES/logFC = higher in Neonate_Reinfected_IFN ; Negative NES/logFC = higher in Adult_Reinfected"
"REACTOME_REGULATION_OF_CDH1_FUNCTION","REACTOME_REGULATION_OF_CDH1_FUNCTION",41,-0.77952302978511,-3.54224466466696,1.78810754141955e-16,5.35348560885612e-15,1.89362584928642e-15,2581,"tags=80%, list=13%, signal=70%","Src/Psmc4/Psmc2/Psma4/Psmb5/Psmd13/Adrm1/Fyn/Actg2/Psma7/Psmd1/Vcl/Psmb2/Mdm2/Psmd3/Psmd7/Psma1/Psmd8/Psmc6/Psma2/Psmd14/Jup/Ctsl/Actb/Cdh1/Ctnna1/Psma6/Ctnnb1/Actg1/Ctsb/Acta2/Ctss/Rack1","INRR_vs_ARR = Neonate_Reinfected_IFN - Adult_Reinfected","Reactome","INRR_vs_ARR = Neonate_Reinfected_IFN - Adult_Reinfected | Positive NES/logFC = higher in Neonate_Reinfected_IFN ; Negative NES/logFC = higher in Adult_Reinfected"
"REACTOME_SIGNALING_BY_THE_B_CELL_RECEPTOR_BCR","REACTOME_SIGNALING_BY_THE_B_CELL_RECEPTOR_BCR",56,-0.696052743917142,-3.485177608942,2.42577395905517e-16,7.04901373984266e-15,2.49336518392048e-15,3078,"tags=64%, list=15%, signal=55%","Sos1/Psma3/Ppp3r1/Pik3cd/Chuk/Psmc4/Psmc2/Ptpn6/Cd79b/Psma4/Psmb5/Psmd13/Adrm1/Fyn/Hras/Psma7/Psmd1/Psmb2/Lyn/Psmd3/Cul1/Nfkb1/Psmd7/Fkbp1a/Psma1/Psmd8/Psmc6/Bcl10/Psma2/Nfkbia/Psmd14/Grb2/Skp1/Ppia/Psma6/Calm1","INRR_vs_ARR = Neonate_Reinfected_IFN - Adult_Reinfected","Reactome","INRR_vs_ARR = Neonate_Reinfected_IFN - Adult_Reinfected | Positive NES/logFC = higher in Neonate_Reinfected_IFN ; Negative NES/logFC = higher in Adult_Reinfected"
"REACTOME_PROCESSING_OF_CAPPED_INTRON_CONTAINING_PRE_MRNA","REACTOME_PROCESSING_OF_CAPPED_INTRON_CONTAINING_PRE_MRNA",85,-0.596765665707113,-3.22239960769416,5.14953198335699e-16,1.45363931415906e-14,5.14178832623916e-15,3016,"tags=51%, list=15%, signal=43%","Hnrnpr/Polr2g/Nup205/Dhx16/Srsf3/Lsm2/Rbm5/Mtrex/Slbp/Snrpa1/Eif4a3/Nup153/Ddx39a/Rae1/Sf3b3/Txnl4a/Sf3a3/U2af1/Polr2a/Luc7l3/Polr2e/Snrpd3/Snrpg/Nup98/Hnrnpd/Lsm4/Hnrnpa3/Hnrnpc/Srsf7/Polr2f/Srsf2/Dhx15/Pcbp1/Srsf6/Eif4e/Hnrnpa1/Snrpb/Srsf1/Hspa8/Fus/Ppp1ca/Hnrnpu/Hnrnpa2b1","INRR_vs_ARR = Neonate_Reinfected_IFN - Adult_Reinfected","Reactome","INRR_vs_ARR = Neonate_Reinfected_IFN - Adult_Reinfected | Positive NES/logFC = higher in Neonate_Reinfected_IFN ; Negative NES/logFC = higher in Adult_Reinfected"
"REACTOME_EUKARYOTIC_TRANSLATION_INITIATION","REACTOME_EUKARYOTIC_TRANSLATION_INITIATION",36,-0.808008399254963,-3.44531588623348,5.6817224515413e-16,1.55931716170078e-14,5.51559021611612e-15,1287,"tags=75%, list=6%, signal=70%","Eif2s1/Rpl36/Rpl9/Rps27l/Rps9/Rpl34/Eif3b/Rpl6/Rpl22/Eif4e/Eif4g1/Eif3a/Eif4a2/Rps6/Eif2s3x/Rps12/Eif4h/Rpl18/Rps3a1/Rps10/Eif4a1/Rps5/Pabpc1/Rps14/Rplp0/Rps19/Rps3","INRR_vs_ARR = Neonate_Reinfected_IFN - Adult_Reinfected","Reactome","INRR_vs_ARR = Neonate_Reinfected_IFN - Adult_Reinfected | Positive NES/logFC = higher in Neonate_Reinfected_IFN ; Negative NES/logFC = higher in Adult_Reinfected"
"REACTOME_CO_INHIBITION_BY_PD_1","REACTOME_CO_INHIBITION_BY_PD_1",93,-0.568699228600325,-3.14581067093087,7.28111868074731e-16,1.9442554747509e-14,6.87718748793202e-15,3076,"tags=58%, list=15%, signal=49%","Jak1/Ezh2/Psma3/Pdcd1/Eed/Csk/Nek2/Stat1/Psmc4/Psmc2/Ptpn6/Ago2/Psma4/Cd3g/Psmb5/Psmd13/Adrm1/Cd274/H2-Eb1/Psma7/Ywhag/H2az2/Psmd1/Crebbp/Psmb2/Psmd3/Cul1/Nfkb1/Psmd7/Gsk3b/Nfe2l2/Spop/Cdk4/Psma1/Cd3e/Psmd8/Psmc6/Psma2/Rpn1/Jun/Psmd14/Irf1/Cops5/Rbbp7/Rbx1/Hif1a/Ostc/Cul3/Stat3/Skp1/Psma6/Ctnnb1/Ccnd1/H2-Ea","INRR_vs_ARR = Neonate_Reinfected_IFN - Adult_Reinfected","Reactome","INRR_vs_ARR = Neonate_Reinfected_IFN - Adult_Reinfected | Positive NES/logFC = higher in Neonate_Reinfected_IFN ; Negative NES/logFC = higher in Adult_Reinfected"
"REACTOME_SIGNALING_BY_NOTCH","REACTOME_SIGNALING_BY_NOTCH",113,-0.516665777163764,-3.0258468077347,1.3298642870889e-15,3.45764714643114e-14,1.22303308397096e-14,2894,"tags=50%, list=14%, signal=43%","Psma3/Numb/Runx1/Notch1/Trp53/Stat1/Elf3/Tfdp2/Psmc4/Tle3/Psmc2/Ago2/Hdac2/Ncor2/Jag1/Psma4/Notch3/Psmb5/Psmd13/Adrm1/Adam17/Rbpj/Psma7/Lfng/H2az2/Psmd1/Crebbp/Arrb1/Arrb2/Psmb2/Psmd3/Cul1/Psmd7/Psma1/Psmd8/Adam10/Aph1a/St3gal4/Psmc6/Psma2/Akt1/Hes1/Jun/Wwc1/Psmd14/Psenen/Rbx1/B4galt1/Hif1a/Furin/Skp1/Psma6/Atp2a2/Ccnd1/Ywhaz/Acta2/Tmed2","INRR_vs_ARR = Neonate_Reinfected_IFN - Adult_Reinfected","Reactome","INRR_vs_ARR = Neonate_Reinfected_IFN - Adult_Reinfected | Positive NES/logFC = higher in Neonate_Reinfected_IFN ; Negative NES/logFC = higher in Adult_Reinfected"
"REACTOME_LEISHMANIA_INFECTION","REACTOME_LEISHMANIA_INFECTION",90,-0.57065470853015,-3.05550448557534,1.37918773491398e-15,3.49394226178208e-14,1.23587133061118e-14,2607,"tags=48%, list=13%, signal=42%","Prkaca/Src/Prkar2a/Mapk14/Abl1/Wipf1/Cd3g/Mapk1/Fyn/Adam17/Gng12/Lyn/Hmox1/Cyfip2/Nfkb1/Gng11/C3ar1/Gnai3/Jun/P2rx4/Wasf2/Actr3/Rac1/Txn1/Grb2/Myh9/Abi1/Actr2/Furin/Cdc42/Arpc3/Gnai2/Actb/App/Txnip/Myo1c/Actg1/Gnb2/Arpc2/Gnas/Calm1/Hsp90ab1/C3","INRR_vs_ARR = Neonate_Reinfected_IFN - Adult_Reinfected","Reactome","INRR_vs_ARR = Neonate_Reinfected_IFN - Adult_Reinfected | Positive NES/logFC = higher in Neonate_Reinfected_IFN ; Negative NES/logFC = higher in Adult_Reinfected"
"REACTOME_SIGNALING_BY_WNT","REACTOME_SIGNALING_BY_WNT",120,-0.506960869448905,-3.00892902360007,1.48263050305644e-15,3.66209734254941e-14,1.2953508605651e-14,2334,"tags=43%, list=12%, signal=38%","Psmc4/Tle3/Psmc2/Ago2/Cltc/Psma4/Psmb5/Akt2/Psmd13/Adrm1/Ppp2cb/Psma7/H2az2/Psmd1/Crebbp/Arrb2/Psmb2/Gng12/Psmd3/Cul1/Gng11/Psmd7/Gsk3b/Smurf2/Ctbp1/Rac2/Psma1/Psmd8/Cav1/Ap2s1/Psmc6/Psma2/Wls/Usp8/Ap2m1/Akt1/Ap2b1/Sfrp1/Psmd14/Rac1/Rbx1/Cul3/Cltb/Skp1/Psma6/Ctnnb1/Ywhaz/Clta/Rhoa/Gnb2/Pfn1/Calm1","INRR_vs_ARR = Neonate_Reinfected_IFN - Adult_Reinfected","Reactome","INRR_vs_ARR = Neonate_Reinfected_IFN - Adult_Reinfected | Positive NES/logFC = higher in Neonate_Reinfected_IFN ; Negative NES/logFC = higher in Adult_Reinfected"
"REACTOME_EUKARYOTIC_TRANSLATION_ELONGATION","REACTOME_EUKARYOTIC_TRANSLATION_ELONGATION",23,-0.8809947747818,-3.37812186720006,1.71360872264051e-15,4.12937906821664e-14,1.4606369599914e-14,1214,"tags=83%, list=6%, signal=78%","Rpl36/Rpl9/Rps27l/Rps9/Rpl34/Rpl6/Rpl22/Rps6/Rps12/Rpl18/Rps3a1/Rps10/Rps5/Eef1b2/Rps14/Rplp0/Eef2/Rps19/Rps3","INRR_vs_ARR = Neonate_Reinfected_IFN - Adult_Reinfected","Reactome","INRR_vs_ARR = Neonate_Reinfected_IFN - Adult_Reinfected | Positive NES/logFC = higher in Neonate_Reinfected_IFN ; Negative NES/logFC = higher in Adult_Reinfected"
"REACTOME_RESPIRATORY_ELECTRON_TRANSPORT","REACTOME_RESPIRATORY_ELECTRON_TRANSPORT",79,-0.595657923580543,-3.19499892856567,1.85571626899287e-15,4.36535160420227e-14,1.54410476517702e-14,3024,"tags=68%, list=15%, signal=58%","Cox7c/Uqcrq/Ndufb6/Ndufa8/Etfdh/Hspa9/Ndufc2/Sdhc/Cycs/Sdhb/Ndufb3/Ndufab1/Mdh1/Ndufs7/Ndufa3/Ndufa5/Ndufv2/Ndufb2/Cox6a1/Uqcrc2/Ndufs4/Ndufs3/Uqcrb/Ndufb4/Ndufs1/Ndufb1/Cox5b/Cyc1/Sdha/Ndufa2/Cox7a2/Ndufv3/Ndufa9/Ndufc1/Uqcr11/Etfa/Ndufb5/Ndufb8/Cox6c/Uqcrfs1/Ndufa6/Ndufs2/Ndufs6/Cox5a/Ndufa7/Iscu/Uqcrc1/Ndufa1/Ndufa4/Cox8a/Mdh2/Etfb/Uqcrh/Cox4i1","INRR_vs_ARR = Neonate_Reinfected_IFN - Adult_Reinfected","Reactome","INRR_vs_ARR = Neonate_Reinfected_IFN - Adult_Reinfected | Positive NES/logFC = higher in Neonate_Reinfected_IFN ; Negative NES/logFC = higher in Adult_Reinfected"
"REACTOME_NUCLEAR_EVENTS_MEDIATED_BY_NFE2L2","REACTOME_NUCLEAR_EVENTS_MEDIATED_BY_NFE2L2",67,-0.646355122178336,-3.30010098379436,2.142934500954e-15,4.92376578358732e-14,1.74162608155869e-14,2894,"tags=61%, list=14%, signal=52%","Psma3/Notch1/Gclc/Psmc4/Psmc2/Sp1/Psma4/Psmb5/Prdx1/Psmd13/Adrm1/Tkt/Gclm/Psma7/Psmd1/Txnrd1/Crebbp/Psmb2/Sod3/Psmd3/Hmox1/Cul1/Nfkb1/Psmd7/Bcl2l1/Gsk3b/Nfe2l2/Taldo1/Psma1/Atf4/Psmd8/Idh1/Psmc6/Psma2/Psmd14/Gsta3/Txn1/Rbx1/Skp1/Psma6/Sqstm1","INRR_vs_ARR = Neonate_Reinfected_IFN - Adult_Reinfected","Reactome","INRR_vs_ARR = Neonate_Reinfected_IFN - Adult_Reinfected | Positive NES/logFC = higher in Neonate_Reinfected_IFN ; Negative NES/logFC = higher in Adult_Reinfected"
"REACTOME_INFLUENZA_VIRAL_RNA_TRANSCRIPTION_AND_REPLICATION","REACTOME_INFLUENZA_VIRAL_RNA_TRANSCRIPTION_AND_REPLICATION",44,-0.732575019135182,-3.42852478479865,5.07303261750587e-15,1.13912641502177e-13,4.02929863399988e-14,1588,"tags=59%, list=8%, signal=55%","Rpl14/Nup153/Rae1/Polr2a/Polr2e/Rpl36/Nup98/Rpl9/Rps27l/Polr2f/Rps9/Rpl34/Rpl6/Dnajc3/Rpl22/Rps6/Rps12/Rpl18/Rps3a1/Rps10/Rps5/Hsp90aa1/Rps14/Rplp0/Rps19/Rps3","INRR_vs_ARR = Neonate_Reinfected_IFN - Adult_Reinfected","Reactome","INRR_vs_ARR = Neonate_Reinfected_IFN - Adult_Reinfected | Positive NES/logFC = higher in Neonate_Reinfected_IFN ; Negative NES/logFC = higher in Adult_Reinfected"
"REACTOME_ANTIGEN_PROCESSING_CROSS_PRESENTATION","REACTOME_ANTIGEN_PROCESSING_CROSS_PRESENTATION",67,-0.63964427531497,-3.26583735444266,5.23313659257193e-15,1.14896421188024e-13,4.06409672218451e-14,2363,"tags=64%, list=12%, signal=57%","Vamp3/S100a9/Psma3/Stx4a/Chuk/Psmc4/Psmc2/Itgav/Psma4/Psmb5/Psmd13/Adrm1/Itgb5/Psme2/Psma7/Psmd1/Myd88/Psmb2/Psmd3/Psmd7/Psmb10/Psma1/Tap1/Psmd8/Psmc6/Psma2/Psmd14/Tap2/Sec61a1/H2-T23/Psmb9/Ctsl/Cd36/Tapbp/Psme1/Psma6/B2m/H2-Q1/Psmb8/Vamp8/Calr/Ctss/H2-D1","INRR_vs_ARR = Neonate_Reinfected_IFN - Adult_Reinfected","Reactome","INRR_vs_ARR = Neonate_Reinfected_IFN - Adult_Reinfected | Positive NES/logFC = higher in Neonate_Reinfected_IFN ; Negative NES/logFC = higher in Adult_Reinfected"
"REACTOME_ORGANELLE_BIOGENESIS_AND_MAINTENANCE","REACTOME_ORGANELLE_BIOGENESIS_AND_MAINTENANCE",103,-0.529191964749444,-3.01377586851949,6.32033128014528e-15,1.35749724017033e-13,4.80171621283349e-14,3278,"tags=49%, list=16%, signal=41%","Cetn2/Hspa9/Pcm1/Cycs/Cdk1/Ckap5/Atp5c1/Mark4/Nek2/Prkaca/Cntrl/Clasp1/Mef2d/Mapk14/Odf2/Immt/Helz2/Dync1h1/Csnk1d/Pkd2/Ywhag/Crebbp/Arf4/Cct4/Atp5g2/Alas1/Atp5j/Mapre1/Cct5/Exoc4/Atp5h/Dynll2/Pafah1b1/Tcp1/Cct3/Idh2/Atp5pb/Tubb5/Cct2/Atp5k/Atp5d/Atp5j2/Glud1/Atp5e/Ywhae/Hsp90aa1/Atp5g3/Atp5a1/Atp5b/Calm1","INRR_vs_ARR = Neonate_Reinfected_IFN - Adult_Reinfected","Reactome","INRR_vs_ARR = Neonate_Reinfected_IFN - Adult_Reinfected | Positive NES/logFC = higher in Neonate_Reinfected_IFN ; Negative NES/logFC = higher in Adult_Reinfected"
"REACTOME_TRANSCRIPTIONAL_REGULATION_BY_TP53","REACTOME_TRANSCRIPTIONAL_REGULATION_BY_TP53",193,-0.403139539475572,-2.52913185739428,9.19201578119487e-15,1.93227906208947e-13,6.83482472420313e-14,4012,"tags=42%, list=20%, signal=34%","Prdm1/Cdkn1a/Tcea1/Taf13/G6pdx/Csnk2a2/Csnk2b/Cox7c/Rfc5/Fos/Eloa/Mtor/Ddit4/Rpa3/Taf10/Rfc2/Trp53inp1/Rad50/Tsc2/E2f4/Polr2g/Cycs/Cdk1/Ndrg1/Ercc3/Ssrp1/Plk2/Cnot9/Bnip3l/Prdx2/Akt3/Trp53/Msh2/Nelfb/Ywhaq/Tfdp2/Gtf2h5/Cnot2/Mapk14/Ago2/Hdac2/Cox6a1/Cdk9/Prdx1/Akt2/Kmt5a/Cnot6/Cdk7/Ppp2cb/Polr2a/Ywhab/Ywhag/Txnrd1/Crebbp/Cox5b/Ccng1/Supt5/Polr2e/Mdm2/Ywhah/Cox7a2/Pten/Gpi1/Cdkn1b/Bax/Akt1/Jun/Cox6c/Polr2f/Txn1/Cox5a/Rbbp7/Pcna/Btg2/Ndufa4/Cox8a/Gls/Npm1/Cox4i1/Ywhaz/Ywhae/Prdx5","INRR_vs_ARR = Neonate_Reinfected_IFN - Adult_Reinfected","Reactome","INRR_vs_ARR = Neonate_Reinfected_IFN - Adult_Reinfected | Positive NES/logFC = higher in Neonate_Reinfected_IFN ; Negative NES/logFC = higher in Adult_Reinfected"
"REACTOME_NON_INTEGRIN_MEMBRANE_ECM_INTERACTIONS","REACTOME_NON_INTEGRIN_MEMBRANE_ECM_INTERACTIONS",56,-0.669509011229636,-3.35227155601901,9.67622244021989e-15,1.99168911894526e-13,7.04496896963378e-14,2298,"tags=48%, list=12%, signal=43%","Lama4/Itgav/Pdgfb/Agrn/Sgce/Actg2/Itgb5/Col5a1/Sdc3/Lamc2/Sdc4/Sdc1/Lamc1/Tnc/Col5a2/Col4a2/Actb/Col4a1/Actg1/Acta2/Itgb1/Thbs1/Actn1/Col1a2/Fn1/Col3a1/Col1a1","INRR_vs_ARR = Neonate_Reinfected_IFN - Adult_Reinfected","Reactome","INRR_vs_ARR = Neonate_Reinfected_IFN - Adult_Reinfected | Positive NES/logFC = higher in Neonate_Reinfected_IFN ; Negative NES/logFC = higher in Adult_Reinfected"
"REACTOME_MHC_CLASS_II_ANTIGEN_PRESENTATION","REACTOME_MHC_CLASS_II_ANTIGEN_PRESENTATION",56,-0.669480417781772,-3.35212838691994,9.96292015940876e-15,2.00885002397875e-13,7.1056702318447e-14,2016,"tags=52%, list=10%, signal=47%","Cltc/Dync1h1/Ap1g1/Dctn4/H2-Eb1/Sec31a/Klc1/Sar1b/H2-DMa/Ap2s1/Dynll2/H2-DMb1/Ap2m1/Ap2b1/Ifi30/Kif5b/Ctsl/Ctsc/Ctsd/Arf1/Ctsb/Capzb/Clta/H2-Ea/Cd74/Canx/Ctss/Lgmn/Ctsh","INRR_vs_ARR = Neonate_Reinfected_IFN - Adult_Reinfected","Reactome","INRR_vs_ARR = Neonate_Reinfected_IFN - Adult_Reinfected | Positive NES/logFC = higher in Neonate_Reinfected_IFN ; Negative NES/logFC = higher in Adult_Reinfected"
"REACTOME_REGULATION_OF_PD_L1_CD274_EXPRESSION","REACTOME_REGULATION_OF_PD_L1_CD274_EXPRESSION",81,-0.579842154569476,-3.14818022217717,1.09912834169563e-14,2.17187760319056e-13,7.68232861985155e-14,3076,"tags=59%, list=15%, signal=50%","Jak1/Ezh2/Psma3/Pdcd1/Eed/Nek2/Stat1/Psmc4/Psmc2/Ago2/Psma4/Psmb5/Psmd13/Adrm1/Cd274/Psma7/Ywhag/H2az2/Psmd1/Crebbp/Psmb2/Psmd3/Cul1/Nfkb1/Psmd7/Gsk3b/Nfe2l2/Spop/Cdk4/Psma1/Psmd8/Psmc6/Psma2/Rpn1/Jun/Psmd14/Irf1/Cops5/Rbbp7/Rbx1/Hif1a/Ostc/Cul3/Stat3/Skp1/Psma6/Ctnnb1/Ccnd1","INRR_vs_ARR = Neonate_Reinfected_IFN - Adult_Reinfected","Reactome","INRR_vs_ARR = Neonate_Reinfected_IFN - Adult_Reinfected | Positive NES/logFC = higher in Neonate_Reinfected_IFN ; Negative NES/logFC = higher in Adult_Reinfected"
"REACTOME_RRNA_PROCESSING","REACTOME_RRNA_PROCESSING",57,-0.654826449913987,-3.3051543095589,4.93820597196814e-14,9.56656372608729e-13,3.38386869492966e-13,1689,"tags=35%, list=8%, signal=32%","Csnk1d/Imp3/Rpl36/Rpl9/Rps27l/Rps9/Rpl34/Rpl6/Rpl22/Rps6/Rps12/Ncl/Rpl18/Rps3a1/Rps10/Rps5/Rps14/Rplp0/Rps19/Rps3","INRR_vs_ARR = Neonate_Reinfected_IFN - Adult_Reinfected","Reactome","INRR_vs_ARR = Neonate_Reinfected_IFN - Adult_Reinfected | Positive NES/logFC = higher in Neonate_Reinfected_IFN ; Negative NES/logFC = higher in Adult_Reinfected"
"REACTOME_REGULATION_OF_PD_L1_CD274_POST_TRANSLATIONAL_MODIFICATION","REACTOME_REGULATION_OF_PD_L1_CD274_POST_TRANSLATIONAL_MODIFICATION",47,-0.691621822489661,-3.26537237052691,5.18404044455514e-14,9.84967684465477e-13,3.48401098702896e-13,3076,"tags=72%, list=15%, signal=61%","Jak1/Psma3/Pdcd1/Nek2/Psmc4/Psmc2/Psma4/Psmb5/Psmd13/Adrm1/Cd274/Psma7/Ywhag/Psmd1/Psmb2/Psmd3/Cul1/Psmd7/Gsk3b/Spop/Cdk4/Psma1/Psmd8/Psmc6/Psma2/Rpn1/Psmd14/Cops5/Rbx1/Ostc/Cul3/Skp1/Psma6/Ccnd1","INRR_vs_ARR = Neonate_Reinfected_IFN - Adult_Reinfected","Reactome","INRR_vs_ARR = Neonate_Reinfected_IFN - Adult_Reinfected | Positive NES/logFC = higher in Neonate_Reinfected_IFN ; Negative NES/logFC = higher in Adult_Reinfected"
"REACTOME_HOST_INTERACTIONS_OF_HIV_FACTORS","REACTOME_HOST_INTERACTIONS_OF_HIV_FACTORS",65,-0.626119705675014,-3.20588361038276,5.37388253155637e-14,1.00177281909013e-12,3.54345382418414e-13,3046,"tags=66%, list=15%, signal=56%","Atp6v1h/Nup205/Psma3/Slc25a4/Nup153/Psmc4/Psmc2/Cdk9/Rae1/Psma4/Psmb5/Psmd13/Dock2/Ap1g1/Adrm1/Fyn/Psma7/Psmd1/Psmb2/Psmd3/Ran/Psmd7/Ranbp1/Psma1/Nup98/Psmd8/Banf1/Ap2s1/Psmc6/Psma2/Ap2m1/Ap2b1/Slc25a5/Psmd14/Rac1/Rbx1/Npm1/Kpnb1/Skp1/Ppia/Psma6/Arf1/B2m","INRR_vs_ARR = Neonate_Reinfected_IFN - Adult_Reinfected","Reactome","INRR_vs_ARR = Neonate_Reinfected_IFN - Adult_Reinfected | Positive NES/logFC = higher in Neonate_Reinfected_IFN ; Negative NES/logFC = higher in Adult_Reinfected"
"REACTOME_ASPARAGINE_N_LINKED_GLYCOSYLATION","REACTOME_ASPARAGINE_N_LINKED_GLYCOSYLATION",99,-0.527524129911933,-2.93494982392494,6.39620705351639e-14,1.17026899423596e-12,4.13945563697357e-13,2860,"tags=48%, list=14%, signal=42%","Fut8/Gne/Arfgap1/St6gal1/Nagk/Stx5a/Cd55/Napa/Arfgap3/Gmppb/Copz2/Uso1/St8sia4/Dync1h1/Dctn4/Csnk1d/Hk1/Edem1/Bet1/Arf4/Fuca1/Sec31a/Sar1b/Lman1/Rab1a/Gfpt1/Arcn1/St3gal4/Dynll2/Rpn1/Copb2/Copb1/Cope/B4galt1/Ostc/Tmed10/Mgat1/Amfr/Copa/Ctsz/Ctsc/Arf1/Capzb/Tmed2/Sptan1/Canx/Calr/Sptbn1","INRR_vs_ARR = Neonate_Reinfected_IFN - Adult_Reinfected","Reactome","INRR_vs_ARR = Neonate_Reinfected_IFN - Adult_Reinfected | Positive NES/logFC = higher in Neonate_Reinfected_IFN ; Negative NES/logFC = higher in Adult_Reinfected"
"REACTOME_NONSENSE_MEDIATED_DECAY_NMD","REACTOME_NONSENSE_MEDIATED_DECAY_NMD",32,-0.793008648467105,-3.33070022908067,8.5269450899359e-14,1.5195415759574e-12,5.37489668887551e-13,1214,"tags=59%, list=6%, signal=56%","Rpl36/Rpl9/Rps27l/Rps9/Rpl34/Rpl6/Rpl22/Eif4g1/Rps6/Rps12/Rpl18/Rps3a1/Rps10/Rps5/Pabpc1/Rps14/Rplp0/Rps19/Rps3","INRR_vs_ARR = Neonate_Reinfected_IFN - Adult_Reinfected","Reactome","INRR_vs_ARR = Neonate_Reinfected_IFN - Adult_Reinfected | Positive NES/logFC = higher in Neonate_Reinfected_IFN ; Negative NES/logFC = higher in Adult_Reinfected"
"REACTOME_SIGNALING_BY_VEGF","REACTOME_SIGNALING_BY_VEGF",69,-0.598336973308762,-3.11978370530048,8.61278626048727e-14,1.5195415759574e-12,5.37489668887551e-13,2655,"tags=42%, list=13%, signal=37%","Akt3/Prkaca/Rock1/Src/Nrp1/Itgav/Mapk14/Nrp2/Akt2/Fyn/Hras/Cyfip2/Axl/Cav1/Pxn/Akt1/Wasf2/Rac1/Vegfa/Jup/Abi1/Cdc42/Actb/Ctnna1/Ctnnb1/Actg1/Rhoa/Hsp90aa1/Calm1","INRR_vs_ARR = Neonate_Reinfected_IFN - Adult_Reinfected","Reactome","INRR_vs_ARR = Neonate_Reinfected_IFN - Adult_Reinfected | Positive NES/logFC = higher in Neonate_Reinfected_IFN ; Negative NES/logFC = higher in Adult_Reinfected"
"REACTOME_PROTEASOME_ASSEMBLY","REACTOME_PROTEASOME_ASSEMBLY",29,-0.82295086493661,-3.38083288297972,1.16077874133005e-13,1.97732654557601e-12,6.99416591872187e-13,2894,"tags=86%, list=14%, signal=74%","Psma3/Psmd9/Psme3/Psmc4/Psmc2/Psma4/Psmb5/Psmd13/Adrm1/Psme2/Psma7/Psmd1/Psmb2/Psmd3/Psmd7/Psmb10/Psma1/Psmd8/Psmc6/Psma2/Psmd14/Psmb9/Psme1/Psma6/Psmb8","INRR_vs_ARR = Neonate_Reinfected_IFN - Adult_Reinfected","Reactome","INRR_vs_ARR = Neonate_Reinfected_IFN - Adult_Reinfected | Positive NES/logFC = higher in Neonate_Reinfected_IFN ; Negative NES/logFC = higher in Adult_Reinfected"
"REACTOME_SARS_COV_1_HOST_INTERACTIONS","REACTOME_SARS_COV_1_HOST_INTERACTIONS",51,-0.675245395897567,-3.22936444648787,1.15524314060924e-13,1.97732654557601e-12,6.99416591872187e-13,1583,"tags=57%, list=8%, signal=52%","Sp1/Serpine1/Ywhab/Ywhag/Nfkb1/Fkbp1a/Bcl2l1/Ywhah/Ube2i/Cav1/Rps27l/Psmc6/Nfkbia/Rps9/Hnrnpa1/Npm1/Kpnb1/Rps6/Rps12/Ppia/Ppib/Ywhaz/Rps3a1/Ywhae/Rps10/Rps5/Rps14/Rps19/Rps3","INRR_vs_ARR = Neonate_Reinfected_IFN - Adult_Reinfected","Reactome","INRR_vs_ARR = Neonate_Reinfected_IFN - Adult_Reinfected | Positive NES/logFC = higher in Neonate_Reinfected_IFN ; Negative NES/logFC = higher in Adult_Reinfected"
"REACTOME_EPH_EPHRIN_SIGNALING","REACTOME_EPH_EPHRIN_SIGNALING",57,-0.635828046118552,-3.20926225115553,4.63358743374205e-13,7.75929556701212e-12,2.74460486708718e-12,2016,"tags=53%, list=10%, signal=47%","Cltc/Myh11/Fyn/Hras/Lyn/Myh10/Adam10/Aph1a/Ap2s1/Ap2m1/Myl12b/Ap2b1/Actr3/Rac1/Psenen/Mmp2/Myh9/Myl9/Sdcbp/Actr2/Cltb/Cdc42/Arpc3/Actb/Myl12a/Actg1/Clta/Rhoa/Arpc2/Cfl1","INRR_vs_ARR = Neonate_Reinfected_IFN - Adult_Reinfected","Reactome","INRR_vs_ARR = Neonate_Reinfected_IFN - Adult_Reinfected | Positive NES/logFC = higher in Neonate_Reinfected_IFN ; Negative NES/logFC = higher in Adult_Reinfected"
"REACTOME_INTEGRIN_CELL_SURFACE_INTERACTIONS","REACTOME_INTEGRIN_CELL_SURFACE_INTERACTIONS",58,-0.630654003885328,-3.19483739216458,4.98997487062339e-13,8.21682528695984e-12,2.90644150359117e-12,2367,"tags=53%, list=12%, signal=47%","Itgam/Itgal/Itgav/Agrn/Fbn1/Itga4/Itgb5/Col5a1/Itga3/Col6a1/Itgb2/Vwf/Icam2/Cd47/Pecam1/Tnc/Col6a3/Icam1/Col5a2/Cd44/Col4a2/Cdh1/Col4a1/Bsg/Spp1/Itgb1/Thbs1/Col1a2/Fn1/Col3a1/Col1a1","INRR_vs_ARR = Neonate_Reinfected_IFN - Adult_Reinfected","Reactome","INRR_vs_ARR = Neonate_Reinfected_IFN - Adult_Reinfected | Positive NES/logFC = higher in Neonate_Reinfected_IFN ; Negative NES/logFC = higher in Adult_Reinfected"
"REACTOME_DOWNSTREAM_SIGNALING_EVENTS_OF_B_CELL_RECEPTOR_BCR","REACTOME_DOWNSTREAM_SIGNALING_EVENTS_OF_B_CELL_RECEPTOR_BCR",44,-0.694141174527445,-3.24865052568416,5.23685817620641e-13,8.48199324277367e-12,3.00023626315881e-12,2894,"tags=66%, list=14%, signal=56%","Psma3/Ppp3r1/Chuk/Psmc4/Psmc2/Psma4/Psmb5/Psmd13/Adrm1/Hras/Psma7/Psmd1/Psmb2/Psmd3/Cul1/Nfkb1/Psmd7/Fkbp1a/Psma1/Psmd8/Psmc6/Bcl10/Psma2/Nfkbia/Psmd14/Skp1/Ppia/Psma6/Calm1","INRR_vs_ARR = Neonate_Reinfected_IFN - Adult_Reinfected","Reactome","INRR_vs_ARR = Neonate_Reinfected_IFN - Adult_Reinfected | Positive NES/logFC = higher in Neonate_Reinfected_IFN ; Negative NES/logFC = higher in Adult_Reinfected"
"REACTOME_M_PHASE","REACTOME_M_PHASE",153,-0.428069591097267,-2.56351449788051,6.17631890412028e-13,9.84226302785618e-12,3.48138858432586e-12,4105,"tags=54%, list=21%, signal=43%","Nipbl/Csnk1e/Rad21/Ncaph2/Rb1/Cenpa/Csnk2a2/Csnk2b/Pttg1/Xpo1/Nupl1/Ncapd2/Bub1b/H4c14/Lpin2/Cetn2/Pcm1/Cdk1/Clip1/Nup205/Kif20a/Psma3/Ckap5/Nek2/Prkaca/Lbr/Cntrl/Zwint/Clasp1/Nup153/Psmc4/Psmc2/Odf2/Rae1/Psma4/Mapk1/Stag1/Psmb5/Uso1/Dync1h1/Psmd13/Kmt5a/Adrm1/Numa1/Ppp2cb/Csnk1d/Smc1a/Psma7/Ywhag/H2az2/Psmd1/Tmpo/Psmb2/Ube2s/Psmd3/Ran/Psmd7/Nek7/Ube2i/Ube2c/Rab1a/Psma1/Bub3/Nup98/Psmd8/Mapre1/Banf1/Psmc6/Dynll2/Psma2/Lmnb1/Pafah1b1/Rab2a/Psmd14/Arpp19/Tubb5/Smc3/Kpnb1/Psma6/Ywhae/Lmna/Hsp90aa1","INRR_vs_ARR = Neonate_Reinfected_IFN - Adult_Reinfected","Reactome","INRR_vs_ARR = Neonate_Reinfected_IFN - Adult_Reinfected | Positive NES/logFC = higher in Neonate_Reinfected_IFN ; Negative NES/logFC = higher in Adult_Reinfected"
"REACTOME_MRNA_3_END_PROCESSING","REACTOME_MRNA_3_END_PROCESSING",57,-0.633439521535628,-3.19720647314019,6.3212497427991e-13,9.91332499346906e-12,3.50652450227118e-12,3721,"tags=60%, list=19%, signal=49%","Sf3a1/Phf5a/Ncbp2/Wdr33/Hnrnpr/Polr2g/Srsf3/Rbm5/Snrpa1/Eif4a3/Ddx39a/Sf3b3/Sf3a3/U2af1/Polr2a/Polr2e/Snrpd3/Snrpg/Hnrnpd/Hnrnpa3/Hnrnpc/Srsf7/Polr2f/Srsf2/Dhx15/Pcbp1/Srsf6/Hnrnpa1/Snrpb/Srsf1/Fus/Ppp1ca/Hnrnpu/Hnrnpa2b1","INRR_vs_ARR = Neonate_Reinfected_IFN - Adult_Reinfected","Reactome","INRR_vs_ARR = Neonate_Reinfected_IFN - Adult_Reinfected | Positive NES/logFC = higher in Neonate_Reinfected_IFN ; Negative NES/logFC = higher in Adult_Reinfected"
"REACTOME_FCGAMMA_RECEPTOR_FCGR_DEPENDENT_PHAGOCYTOSIS","REACTOME_FCGAMMA_RECEPTOR_FCGR_DEPENDENT_PHAGOCYTOSIS",47,-0.667687624451045,-3.15237120942317,9.77358081617788e-13,1.50879653849746e-11,5.33688952462345e-12,2129,"tags=49%, list=11%, signal=44%","Abl1/Wipf1/Cd3g/Mapk1/Fyn/Lyn/Cyfip2/Wasf2/Actr3/Rac1/Grb2/Myh9/Abi1/Actr2/Cdc42/Arpc3/Actb/Myo1c/Actg1/Arpc2/Hsp90aa1/Cfl1/Hsp90ab1","INRR_vs_ARR = Neonate_Reinfected_IFN - Adult_Reinfected","Reactome","INRR_vs_ARR = Neonate_Reinfected_IFN - Adult_Reinfected | Positive NES/logFC = higher in Neonate_Reinfected_IFN ; Negative NES/logFC = higher in Adult_Reinfected"
"REACTOME_DENGUE_VIRUS_GENOME_TRANSLATION_AND_REPLICATION","REACTOME_DENGUE_VIRUS_GENOME_TRANSLATION_AND_REPLICATION",41,-0.716124058326852,-3.25415225454882,1.10190796103152e-12,1.67490010076791e-11,5.92442822773223e-12,2357,"tags=71%, list=12%, signal=63%","Eif4a3/Ipo7/Nmt1/P4ha1/Hdlbp/Eif4g3/Fasn/Ube2i/Eif4e3/Hnrnpd/Eif4g2/Spcs3/Rpn1/Sec11a/Rtn3/Dnajc3/Ostc/Eif4e/Eif4g1/Kpnb1/Eif4a2/Spcs1/Hspa5/Hspa8/Eif4a1/Pabpc1/Canx/Calr/Vim","INRR_vs_ARR = Neonate_Reinfected_IFN - Adult_Reinfected","Reactome","INRR_vs_ARR = Neonate_Reinfected_IFN - Adult_Reinfected | Positive NES/logFC = higher in Neonate_Reinfected_IFN ; Negative NES/logFC = higher in Adult_Reinfected"
"REACTOME_MRNA_POLYADENYLATION","REACTOME_MRNA_POLYADENYLATION",52,-0.659332923325124,-3.19657055571941,1.20659683797125e-12,1.78719500771667e-11,6.32163586790896e-12,3721,"tags=63%, list=19%, signal=52%","Cstf2/Sf3a1/Phf5a/Ncbp2/Wdr33/Hnrnpr/Polr2g/Srsf3/Rbm5/Snrpa1/Sf3b3/Sf3a3/U2af1/Polr2a/Polr2e/Snrpd3/Snrpg/Hnrnpd/Hnrnpa3/Hnrnpc/Srsf7/Polr2f/Srsf2/Dhx15/Pcbp1/Srsf6/Hnrnpa1/Snrpb/Srsf1/Fus/Ppp1ca/Hnrnpu/Hnrnpa2b1","INRR_vs_ARR = Neonate_Reinfected_IFN - Adult_Reinfected","Reactome","INRR_vs_ARR = Neonate_Reinfected_IFN - Adult_Reinfected | Positive NES/logFC = higher in Neonate_Reinfected_IFN ; Negative NES/logFC = higher in Adult_Reinfected"
"REACTOME_MITOCHONDRIAL_PROTEIN_DEGRADATION","REACTOME_MITOCHONDRIAL_PROTEIN_DEGRADATION",63,-0.6041611788214,-3.09952549037054,1.21196422588074e-12,1.78719500771667e-11,6.32163586790896e-12,4283,"tags=75%, list=21%, signal=59%","Shmt2/Timm17a/Timm10/Ndufv1/Lonp1/Ssbp1/Fech/Afg3l2/Uqcrq/Atp5l/Ndufb6/Atp5o/Idh3a/Hspa9/Hadh/Hsd17b10/Fh1/Atp5c1/Prkaca/Htra2/Dld/Uqcrc2/Acadsb/Hspd1/Aco2/Ndufs3/Ndufs1/Acat1/Cox5b/Ndufa2/Cs/Ndufv3/Alas1/Atp5j/Atp5h/Ech1/Slc25a5/Ogdh/Idh2/Cox5a/Mdh2/Glud1/Aldh2/App/Cox4i1/Atp5a1/Atp5b","INRR_vs_ARR = Neonate_Reinfected_IFN - Adult_Reinfected","Reactome","INRR_vs_ARR = Neonate_Reinfected_IFN - Adult_Reinfected | Positive NES/logFC = higher in Neonate_Reinfected_IFN ; Negative NES/logFC = higher in Adult_Reinfected"
"REACTOME_REGULATION_OF_MRNA_STABILITY_BY_PROTEINS_THAT_BIND_AU_RICH_ELEMENTS","REACTOME_REGULATION_OF_MRNA_STABILITY_BY_PROTEINS_THAT_BIND_AU_RICH_ELEMENTS",51,-0.653981253960269,-3.12766858247372,1.32364461489355e-12,1.91675779574598e-11,6.77992316415581e-12,2334,"tags=61%, list=12%, signal=54%","Xpo1/Zfp36l1/Exosc8/Zfp36/Psma3/Psmc4/Psmc2/Mapk14/Psma4/Psmb5/Psmd13/Adrm1/Ywhab/Psma7/Psmd1/Psmb2/Psmd3/Psmd7/Psma1/Psmd8/Hnrnpd/Psmc6/Psma2/Akt1/Psmd14/Eif4g1/Khsrp/Psma6/Hspa8/Ywhaz/Pabpc1","INRR_vs_ARR = Neonate_Reinfected_IFN - Adult_Reinfected","Reactome","INRR_vs_ARR = Neonate_Reinfected_IFN - Adult_Reinfected | Positive NES/logFC = higher in Neonate_Reinfected_IFN ; Negative NES/logFC = higher in Adult_Reinfected"
"REACTOME_SARS_COV_2_MODULATES_HOST_TRANSLATION_MACHINERY","REACTOME_SARS_COV_2_MODULATES_HOST_TRANSLATION_MACHINERY",17,-0.905220748440589,-3.12285248440671,1.3386263958145e-12,1.91675779574598e-11,6.77992316415581e-12,1220,"tags=76%, list=6%, signal=72%","Snrpd3/Snrpg/Rps27l/Rps9/Rps6/Snrpb/Rps12/Rps3a1/Rps10/Rps5/Rps14/Rps19/Rps3","INRR_vs_ARR = Neonate_Reinfected_IFN - Adult_Reinfected","Reactome","INRR_vs_ARR = Neonate_Reinfected_IFN - Adult_Reinfected | Positive NES/logFC = higher in Neonate_Reinfected_IFN ; Negative NES/logFC = higher in Adult_Reinfected"
"REACTOME_CELLULAR_RESPONSE_TO_STARVATION","REACTOME_CELLULAR_RESPONSE_TO_STARVATION",50,-0.661493306909737,-3.17076280590332,1.3717327432812e-12,1.93610278623118e-11,6.84834993638132e-12,1287,"tags=50%, list=6%, signal=47%","Eif2s1/Atp6v1e1/Rpl36/Atp6v0d1/Atf4/Rpl9/Atp6v0e/Rps27l/Atp6v0b/Atp6v0c/Rps9/Rpl34/Rpl6/Rpl22/Rps6/Eif2s3x/Rps12/Rpl18/Rps3a1/Rps10/Rps5/Rps14/Rplp0/Rps19/Rps3","INRR_vs_ARR = Neonate_Reinfected_IFN - Adult_Reinfected","Reactome","INRR_vs_ARR = Neonate_Reinfected_IFN - Adult_Reinfected | Positive NES/logFC = higher in Neonate_Reinfected_IFN ; Negative NES/logFC = higher in Adult_Reinfected"
"REACTOME_BACTERIAL_INFECTION_PATHWAYS","REACTOME_BACTERIAL_INFECTION_PATHWAYS",55,-0.639739582744,-3.1910819168975,1.47472501063535e-12,2.05215255001088e-11,7.25883919245271e-12,3437,"tags=67%, list=17%, signal=56%","Hbegf/Ctnnd1/Casp4/Antxr2/Atp6v1h/Rab5a/Eno1/Src/Map2k3/Gbp3/Lama4/Mapk1/Col5a1/Pgk1/Txnrd1/Lamc2/Gbp2/Lamc1/Epcam/Calm3/Grb2/Cd9/Col5a2/Kpnb1/Furin/Col4a2/Cdh1/Sfpq/Col4a1/Coro1a/Ctnnb1/B2m/Hsp90aa1/Eef2/Calm1/Hsp90ab1/Fn1","INRR_vs_ARR = Neonate_Reinfected_IFN - Adult_Reinfected","Reactome","INRR_vs_ARR = Neonate_Reinfected_IFN - Adult_Reinfected | Positive NES/logFC = higher in Neonate_Reinfected_IFN ; Negative NES/logFC = higher in Adult_Reinfected"
"REACTOME_CROSS_PRESENTATION_OF_SOLUBLE_EXOGENOUS_ANTIGENS_ENDOSOMES","REACTOME_CROSS_PRESENTATION_OF_SOLUBLE_EXOGENOUS_ANTIGENS_ENDOSOMES",28,-0.802673216221745,-3.23894939194089,1.91668321463594e-12,2.63011530008377e-11,9.30319922893469e-12,2334,"tags=79%, list=12%, signal=69%","Psmc4/Psmc2/Psma4/Psmb5/Psmd13/Adrm1/Psme2/Psma7/Psmd1/Psmb2/Psmd3/Psmd7/Psmb10/Psma1/Psmd8/Psmc6/Psma2/Psmd14/Psmb9/Psme1/Psma6/Psmb8","INRR_vs_ARR = Neonate_Reinfected_IFN - Adult_Reinfected","Reactome","INRR_vs_ARR = Neonate_Reinfected_IFN - Adult_Reinfected | Positive NES/logFC = higher in Neonate_Reinfected_IFN ; Negative NES/logFC = higher in Adult_Reinfected"
"REACTOME_INTERLEUKIN_1_SIGNALING","REACTOME_INTERLEUKIN_1_SIGNALING",62,-0.602111419644892,-3.06551345807957,2.52501637851459e-12,3.41741942735947e-11,1.2088038034129e-11,4101,"tags=68%, list=21%, signal=54%","Nod1/Il1r1/Ikbkb/Ikbkg/Fbxw11/Rela/Casp8/Nfkb2/Tnip2/Psma3/Irak1/Trp53/Chuk/Psmc4/Psmc2/Traf2/Psma4/Psmb5/Usp14/Psmd13/Adrm1/Psma7/Psmd1/Myd88/Peli1/Psmb2/Psmd3/Cul1/Nfkb1/Psmd7/Psma1/Psmd8/Psmc6/Psma2/Nfkbia/Psmd14/Rbx1/Skp1/Psma6/App/Sqstm1/Ager","INRR_vs_ARR = Neonate_Reinfected_IFN - Adult_Reinfected","Reactome","INRR_vs_ARR = Neonate_Reinfected_IFN - Adult_Reinfected | Positive NES/logFC = higher in Neonate_Reinfected_IFN ; Negative NES/logFC = higher in Adult_Reinfected"
"REACTOME_BETA_CATENIN_INDEPENDENT_WNT_SIGNALING","REACTOME_BETA_CATENIN_INDEPENDENT_WNT_SIGNALING",77,-0.545185491356633,-2.85428313731659,4.13045277644311e-12,5.51471262584567e-11,1.95065479627185e-11,2334,"tags=45%, list=12%, signal=40%","Psmc4/Psmc2/Ago2/Cltc/Psma4/Psmb5/Psmd13/Adrm1/Psma7/Psmd1/Arrb2/Psmb2/Gng12/Psmd3/Gng11/Psmd7/Smurf2/Rac2/Psma1/Psmd8/Ap2s1/Psmc6/Psma2/Ap2m1/Ap2b1/Psmd14/Rac1/Cltb/Psma6/Ctnnb1/Clta/Rhoa/Gnb2/Pfn1/Calm1","INRR_vs_ARR = Neonate_Reinfected_IFN - Adult_Reinfected","Reactome","INRR_vs_ARR = Neonate_Reinfected_IFN - Adult_Reinfected | Positive NES/logFC = higher in Neonate_Reinfected_IFN ; Negative NES/logFC = higher in Adult_Reinfected"
"REACTOME_METABOLISM_OF_AMINO_ACIDS_AND_DERIVATIVES","REACTOME_METABOLISM_OF_AMINO_ACIDS_AND_DERIVATIVES",153,-0.415014976243105,-2.48533633447229,4.51063903666361e-12,5.94201515763152e-11,2.10179952304887e-11,2894,"tags=37%, list=14%, signal=32%","Psma3/Hsd17b10/Slc6a8/Trp53/Auh/Rpl14/Echs1/Psmc4/Psmc2/Dld/Srm/Acadsb/Oat/Psma4/Psmb5/Psmd13/Adrm1/Tst/Psma7/Psmd1/Txnrd1/Acat1/Dlst/Psmb2/Psmd3/Psmd7/Rpl36/Psma1/Rpl9/Psmd8/Cav1/Rps27l/Psmc6/Eprs/Psma2/Psmd14/Ogdh/Rps9/Rpl34/Inmt/Rpl6/Gls/Rpl22/Glud1/Glul/Rps6/Rps12/Psma6/Slc3a2/Rpl18/Rps3a1/Rps10/Rps5/Rps14/Rplp0/Rps19/Rps3","INRR_vs_ARR = Neonate_Reinfected_IFN - Adult_Reinfected","Reactome","INRR_vs_ARR = Neonate_Reinfected_IFN - Adult_Reinfected | Positive NES/logFC = higher in Neonate_Reinfected_IFN ; Negative NES/logFC = higher in Adult_Reinfected"
"REACTOME_CELL_SURFACE_INTERACTIONS_AT_THE_VASCULAR_WALL","REACTOME_CELL_SURFACE_INTERACTIONS_AT_THE_VASCULAR_WALL",73,-0.556184509363065,-2.95286088256167,4.92913760901317e-12,6.40787889171712e-11,2.26658405289802e-11,2367,"tags=47%, list=12%, signal=41%","Itgam/Itgal/Pros1/Itgav/Thbd/Ptpn6/Tspan7/Sirpa/Itga4/Fyn/Hras/Itga3/Sdc3/Lyn/Itgb2/Cd48/Sdc4/Cd47/Cav1/Sdc1/Atp1b3/Epcam/Pecam1/Grb2/Atp1b1/Cd44/Ppia/Slc3a2/Bsg/Cd74/Itgb1/Col1a2/Fn1/Col1a1","INRR_vs_ARR = Neonate_Reinfected_IFN - Adult_Reinfected","Reactome","INRR_vs_ARR = Neonate_Reinfected_IFN - Adult_Reinfected | Positive NES/logFC = higher in Neonate_Reinfected_IFN ; Negative NES/logFC = higher in Adult_Reinfected"
"REACTOME_ACTIVATION_OF_THE_MRNA_UPON_BINDING_OF_THE_CAP_BINDING_COMPLEX_AND_EIFS_AND_SUBSEQUENT_BINDING_TO_43S","REACTOME_ACTIVATION_OF_THE_MRNA_UPON_BINDING_OF_THE_CAP_BINDING_COMPLEX_AND_EIFS_AND_SUBSEQUENT_BINDING_TO_43S",25,-0.820995732804929,-3.20286409725769,6.09833081846194e-12,7.82487123200052e-11,2.76780018008115e-11,1287,"tags=80%, list=6%, signal=75%","Eif2s1/Rps27l/Rps9/Eif3b/Eif4e/Eif4g1/Eif3a/Eif4a2/Rps6/Eif2s3x/Rps12/Eif4h/Rps3a1/Rps10/Eif4a1/Rps5/Pabpc1/Rps14/Rps19/Rps3","INRR_vs_ARR = Neonate_Reinfected_IFN - Adult_Reinfected","Reactome","INRR_vs_ARR = Neonate_Reinfected_IFN - Adult_Reinfected | Positive NES/logFC = higher in Neonate_Reinfected_IFN ; Negative NES/logFC = higher in Adult_Reinfected"
"REACTOME_DEGRADATION_OF_THE_EXTRACELLULAR_MATRIX","REACTOME_DEGRADATION_OF_THE_EXTRACELLULAR_MATRIX",90,-0.511810843538811,-2.74043183175858,7.67274123446365e-12,9.71880556365396e-11,3.43771941948979e-11,1628,"tags=37%, list=8%, signal=34%","Adam17/Col5a1/Cast/Col6a1/Timp1/Adam15/Lamc2/Adam10/Dcn/Lamc1/Col6a3/Mmp2/Adam9/Timp2/Ctsl/Capn2/Col5a2/Cd44/Furin/Col4a2/Cdh1/Ctsd/Col4a1/Ctsb/Bsg/Mmp14/Spp1/Eln/Ctss/Col1a2/Fn1/Col3a1/Col1a1","INRR_vs_ARR = Neonate_Reinfected_IFN - Adult_Reinfected","Reactome","INRR_vs_ARR = Neonate_Reinfected_IFN - Adult_Reinfected | Positive NES/logFC = higher in Neonate_Reinfected_IFN ; Negative NES/logFC = higher in Adult_Reinfected"
"REACTOME_EPIGENETIC_REGULATION_OF_GENE_EXPRESSION","REACTOME_EPIGENETIC_REGULATION_OF_GENE_EXPRESSION",85,-0.529378884906096,-2.85852623411516,9.57503021413338e-12,1.19748479133719e-10,4.23572289286114e-11,3986,"tags=52%, list=20%, signal=42%","Ncoa3/Rb1/Med24/Ncoa6/Gpam/Paxip1/H4c14/Ezh2/Ercc3/Dr1/Eed/Arid4b/Polr1c/Kmt2d/Mtrex/Dnmt1/Gtf2h5/Polr1h/Baz2a/Mgll/Abl1/Hdac2/Ncor2/Cdk7/Trim28/Acsl1/H2az2/Crebbp/Polr2e/Mybbp1a/Gsk3b/Ube2i/Plin2/Cbx5/Phlda1/Cebpa/Scd1/Scd2/Polr2f/Rbbp7/Dek/Cd36/Actb/Myo1c","INRR_vs_ARR = Neonate_Reinfected_IFN - Adult_Reinfected","Reactome","INRR_vs_ARR = Neonate_Reinfected_IFN - Adult_Reinfected | Positive NES/logFC = higher in Neonate_Reinfected_IFN ; Negative NES/logFC = higher in Adult_Reinfected"
"REACTOME_ECM_PROTEOGLYCANS","REACTOME_ECM_PROTEOGLYCANS",46,-0.647048546846957,-3.02383009445014,1.10686950296897e-11,1.35339930955937e-10,4.78722108218315e-11,2298,"tags=50%, list=12%, signal=44%","Lama4/Itgav/Agrn/Serpine1/Tgfb3/Itgb5/Col5a1/Col6a1/Dcn/Lamc1/Tnc/Col6a3/Col5a2/Col4a2/Col4a1/App/Itgb1/Sparc/Col1a2/Fn1/Bgn/Col3a1/Col1a1","INRR_vs_ARR = Neonate_Reinfected_IFN - Adult_Reinfected","Reactome","INRR_vs_ARR = Neonate_Reinfected_IFN - Adult_Reinfected | Positive NES/logFC = higher in Neonate_Reinfected_IFN ; Negative NES/logFC = higher in Adult_Reinfected"
"REACTOME_MAPK_FAMILY_SIGNALING_CASCADES","REACTOME_MAPK_FAMILY_SIGNALING_CASCADES",160,-0.398677008178704,-2.40606921639604,1.10956825986143e-11,1.35339930955937e-10,4.78722108218315e-11,3078,"tags=39%, list=15%, signal=34%","Sos1/Jak1/Jak2/Shc1/Cdk1/Psma3/Csk/Prkaca/Src/Cdc14b/Psmc4/Psmc2/Pdgfb/Il2rg/Map3k11/Ago2/Dnajb1/Fgfr1/Psma4/Mapk1/Psmb5/Psmd13/Adrm1/Fyn/Hras/Ppp2cb/Ywhab/Psma7/Mark3/Psmd1/Arrb1/Arrb2/Vcl/Raf1/Psmb2/Pea15a/Psmd3/Dlg1/Psmd7/Bcl2l1/Vwf/Pebp1/Psma1/Psmd8/Dusp6/Psmc6/Psma2/Jun/Psmd14/Rac1/Grb2/Rbx1/Mmp2/Cul3/Cdc42/Actb/Il6st/Psma6/Actg1/Sptan1/Sptbn1/Calm1/Fn1","INRR_vs_ARR = Neonate_Reinfected_IFN - Adult_Reinfected","Reactome","INRR_vs_ARR = Neonate_Reinfected_IFN - Adult_Reinfected | Positive NES/logFC = higher in Neonate_Reinfected_IFN ; Negative NES/logFC = higher in Adult_Reinfected"
"REACTOME_ER_TO_GOLGI_ANTEROGRADE_TRANSPORT","REACTOME_ER_TO_GOLGI_ANTEROGRADE_TRANSPORT",55,-0.618378745448159,-3.08453202775014,1.41504070883178e-11,1.70495148820219e-10,6.03072548565019e-11,2200,"tags=53%, list=11%, signal=47%","Stx5a/Cd55/Napa/Arfgap3/Copz2/Uso1/Dync1h1/Dctn4/Csnk1d/Bet1/Arf4/Sec31a/Sar1b/Lman1/Rab1a/Arcn1/Dynll2/Copb2/Copb1/Cope/Tmed10/Copa/Ctsz/Ctsc/Arf1/Capzb/Tmed2/Sptan1/Sptbn1","INRR_vs_ARR = Neonate_Reinfected_IFN - Adult_Reinfected","Reactome","INRR_vs_ARR = Neonate_Reinfected_IFN - Adult_Reinfected | Positive NES/logFC = higher in Neonate_Reinfected_IFN ; Negative NES/logFC = higher in Adult_Reinfected"
"REACTOME_SIGNALING_BY_ALK_IN_CANCER","REACTOME_SIGNALING_BY_ALK_IN_CANCER",57,-0.607782021671457,-3.06770346320571,1.47247664039443e-11,1.7527794225418e-10,6.19990164376601e-11,2994,"tags=58%, list=15%, signal=49%","Shc1/Ppm1b/Notch1/Eif2ak3/Trp53/Stat1/Dnmt1/Ptpn6/Ago2/Cltc/Irf4/Mapk1/Vcl/Sec31a/Klc1/Mdm2/Cul1/Tpm4/Jun/Tpm3/Grb2/Rbx1/Kif5b/Myh9/Stat3/Npm1/Junb/Rps6/Skp1/Mcl1/Sqstm1/Msn/Fn1","INRR_vs_ARR = Neonate_Reinfected_IFN - Adult_Reinfected","Reactome","INRR_vs_ARR = Neonate_Reinfected_IFN - Adult_Reinfected | Positive NES/logFC = higher in Neonate_Reinfected_IFN ; Negative NES/logFC = higher in Adult_Reinfected"
"REACTOME_PTEN_REGULATION","REACTOME_PTEN_REGULATION",56,-0.607056234975192,-3.03956677995083,1.72012313334932e-11,2.0231924473204e-10,7.15640200842075e-11,3756,"tags=62%, list=19%, signal=51%","Csnk2a2/Csnk2b/Cbx8/Mtor/Ezh2/Psma3/Eed/Akt3/Trp53/Psmc4/Psmc2/Ago2/Hdac2/Psma4/Mapk1/Psmb5/Akt2/Psmd13/Adrm1/Psma7/Psmd1/Psmb2/Psmd3/Psmd7/Pten/Psma1/Psmd8/Psmc6/Psma2/Akt1/Jun/Psmd14/Rbbp7/Nedd4/Psma6","INRR_vs_ARR = Neonate_Reinfected_IFN - Adult_Reinfected","Reactome","INRR_vs_ARR = Neonate_Reinfected_IFN - Adult_Reinfected | Positive NES/logFC = higher in Neonate_Reinfected_IFN ; Negative NES/logFC = higher in Adult_Reinfected"
"REACTOME_CLATHRIN_MEDIATED_ENDOCYTOSIS","REACTOME_CLATHRIN_MEDIATED_ENDOCYTOSIS",71,-0.547069327698611,-2.91730722647078,3.44404085928104e-11,4.00319102231725e-10,1.41600193842886e-10,3508,"tags=54%, list=18%, signal=44%","Ldlr/Hbegf/Itsn1/Wasl/Picalm/Fzd4/Vamp3/Rab5a/Arfgap1/Gapvd1/Agfg1/Trip10/Ubqln1/Cltc/Cd3g/Grk2/Arrb1/Arrb2/Dab2/Cttn/M6pr/Ap2s1/Ap2m1/Ap2b1/Actr3/Grb2/Trf/Arf6/Cops5/Actr2/Cltb/Arpc3/Actb/Hspa8/Actg1/Clta/Arpc2/Vamp8","INRR_vs_ARR = Neonate_Reinfected_IFN - Adult_Reinfected","Reactome","INRR_vs_ARR = Neonate_Reinfected_IFN - Adult_Reinfected | Positive NES/logFC = higher in Neonate_Reinfected_IFN ; Negative NES/logFC = higher in Adult_Reinfected"
"REACTOME_SPOP_MEDIATED_PROTEASOMAL_DEGRADATION_OF_PD_L1_CD274","REACTOME_SPOP_MEDIATED_PROTEASOMAL_DEGRADATION_OF_PD_L1_CD274",31,-0.752511778847744,-3.154148153435,3.86566299932307e-11,4.44101749224558e-10,1.57086917475552e-10,2334,"tags=77%, list=12%, signal=68%","Psmc4/Psmc2/Psma4/Psmb5/Psmd13/Adrm1/Cd274/Psma7/Ywhag/Psmd1/Psmb2/Psmd3/Psmd7/Spop/Cdk4/Psma1/Psmd8/Psmc6/Psma2/Psmd14/Rbx1/Cul3/Psma6/Ccnd1","INRR_vs_ARR = Neonate_Reinfected_IFN - Adult_Reinfected","Reactome","INRR_vs_ARR = Neonate_Reinfected_IFN - Adult_Reinfected | Positive NES/logFC = higher in Neonate_Reinfected_IFN ; Negative NES/logFC = higher in Adult_Reinfected"
"REACTOME_COLLAGEN_FORMATION","REACTOME_COLLAGEN_FORMATION",50,-0.628140741471369,-3.01089259577606,4.83432658191419e-11,5.49001685394393e-10,1.94191944972233e-10,2949,"tags=54%, list=15%, signal=46%","Loxl1/Col15a1/Loxl2/Col6a2/Plod1/Bmp1/Serpinh1/P4ha1/Col5a1/Col6a1/Colgalt1/Lamc2/Cd151/Lox/Pcolce/Col6a3/Ctsl/Col5a2/Col4a2/Col4a1/Ppib/Plec/Ctsb/Ctss/Col1a2/Col3a1/Col1a1","INRR_vs_ARR = Neonate_Reinfected_IFN - Adult_Reinfected","Reactome","INRR_vs_ARR = Neonate_Reinfected_IFN - Adult_Reinfected | Positive NES/logFC = higher in Neonate_Reinfected_IFN ; Negative NES/logFC = higher in Adult_Reinfected"
"REACTOME_MAPK1_MAPK3_SIGNALING","REACTOME_MAPK1_MAPK3_SIGNALING",136,-0.409942741718551,-2.42829939157512,5.03890402547529e-11,5.65731497405635e-10,2.00109585700693e-10,3078,"tags=40%, list=15%, signal=34%","Sos1/Jak1/Jak2/Shc1/Cdk1/Psma3/Csk/Src/Psmc4/Psmc2/Pdgfb/Il2rg/Map3k11/Fgfr1/Psma4/Mapk1/Psmb5/Psmd13/Adrm1/Fyn/Hras/Ppp2cb/Ywhab/Psma7/Mark3/Psmd1/Arrb1/Arrb2/Vcl/Raf1/Psmb2/Pea15a/Psmd3/Dlg1/Psmd7/Bcl2l1/Vwf/Pebp1/Psma1/Psmd8/Dusp6/Psmc6/Psma2/Psmd14/Grb2/Rbx1/Cul3/Actb/Il6st/Psma6/Actg1/Sptan1/Sptbn1/Calm1/Fn1","INRR_vs_ARR = Neonate_Reinfected_IFN - Adult_Reinfected","Reactome","INRR_vs_ARR = Neonate_Reinfected_IFN - Adult_Reinfected | Positive NES/logFC = higher in Neonate_Reinfected_IFN ; Negative NES/logFC = higher in Adult_Reinfected"
"REACTOME_INTRA_GOLGI_AND_RETROGRADE_GOLGI_TO_ER_TRAFFIC","REACTOME_INTRA_GOLGI_AND_RETROGRADE_GOLGI_TO_ER_TRAFFIC",69,-0.539648446362745,-2.81377635789929,5.10797356493663e-11,5.67042458669369e-10,2.00573296695323e-10,3018,"tags=43%, list=15%, signal=37%","Vamp3/Kif20a/Arfgap1/Racgap1/Stx5a/Napa/Arfgap3/Copz2/Dync1h1/Dctn4/Arf4/Klc1/M6pr/Rab1a/Kif1b/Naa38/Arcn1/Dynll2/Pafah1b1/Copb2/Copb1/Galnt1/Cope/Kif5b/Agpat3/Tmed10/Copa/Arf1/Capzb/Tmed2","INRR_vs_ARR = Neonate_Reinfected_IFN - Adult_Reinfected","Reactome","INRR_vs_ARR = Neonate_Reinfected_IFN - Adult_Reinfected | Positive NES/logFC = higher in Neonate_Reinfected_IFN ; Negative NES/logFC = higher in Adult_Reinfected"
"REACTOME_FC_EPSILON_RECEPTOR_FCERI_SIGNALING","REACTOME_FC_EPSILON_RECEPTOR_FCERI_SIGNALING",67,-0.566346980015201,-2.8916027146474,5.51019872097357e-11,6.04897370702432e-10,2.13963271972307e-10,4455,"tags=73%, list=22%, signal=57%","Plcg1/Syk/Psmd12/Mapk9/Pik3cb/Ikbkb/Ikbkg/Fbxw11/Rela/Fos/Lat2/Map3k1/Lcp2/Sos1/Shc1/Psma3/Ppp3r1/Chuk/Psmc4/Psmc2/Cdc34/Psma4/Mapk1/Psmb5/Psmd13/Adrm1/Fyn/Hras/Psma7/Psmd1/Psmb2/Lyn/Psmd3/Cul1/Nfkb1/Psmd7/Psma1/Psmd8/Psmc6/Bcl10/Psma2/Jun/Nfkbia/Psmd14/Rac1/Grb2/Skp1/Psma6/Calm1","INRR_vs_ARR = Neonate_Reinfected_IFN - Adult_Reinfected","Reactome","INRR_vs_ARR = Neonate_Reinfected_IFN - Adult_Reinfected | Positive NES/logFC = higher in Neonate_Reinfected_IFN ; Negative NES/logFC = higher in Adult_Reinfected"
"REACTOME_SARS_COV_1_MODULATES_HOST_TRANSLATION_MACHINERY","REACTOME_SARS_COV_1_MODULATES_HOST_TRANSLATION_MACHINERY",12,-0.936033257391705,-2.92718042506218,5.65049586694004e-11,6.13482408410633e-10,2.16999956948999e-10,938,"tags=92%, list=5%, signal=87%","Rps27l/Rps9/Hnrnpa1/Rps6/Rps12/Rps3a1/Rps10/Rps5/Rps14/Rps19/Rps3","INRR_vs_ARR = Neonate_Reinfected_IFN - Adult_Reinfected","Reactome","INRR_vs_ARR = Neonate_Reinfected_IFN - Adult_Reinfected | Positive NES/logFC = higher in Neonate_Reinfected_IFN ; Negative NES/logFC = higher in Adult_Reinfected"
"REACTOME_GSK3B_MEDIATED_PROTEASOMAL_DEGRADATION_OF_PD_L1_CD274","REACTOME_GSK3B_MEDIATED_PROTEASOMAL_DEGRADATION_OF_PD_L1_CD274",30,-0.752673446388514,-3.14673802765279,5.88938563275071e-11,6.32468804908446e-10,2.23715792914558e-10,2894,"tags=83%, list=14%, signal=71%","Psma3/Nek2/Psmc4/Psmc2/Psma4/Psmb5/Psmd13/Adrm1/Cd274/Psma7/Psmd1/Psmb2/Psmd3/Cul1/Psmd7/Gsk3b/Psma1/Psmd8/Psmc6/Psma2/Psmd14/Cops5/Rbx1/Skp1/Psma6","INRR_vs_ARR = Neonate_Reinfected_IFN - Adult_Reinfected","Reactome","INRR_vs_ARR = Neonate_Reinfected_IFN - Adult_Reinfected | Positive NES/logFC = higher in Neonate_Reinfected_IFN ; Negative NES/logFC = higher in Adult_Reinfected"
"REACTOME_MITOTIC_G2_G2_M_PHASES","REACTOME_MITOTIC_G2_G2_M_PHASES",91,-0.481207246311327,-2.60932038998662,7.74967286855751e-11,8.23298580014496e-10,2.91215777290446e-10,2981,"tags=45%, list=15%, signal=39%","Cdk1/Psma3/Ckap5/Nek2/Trp53/Prkaca/Cntrl/Clasp1/Psmc4/Psmc2/Odf2/Psma4/Psmb5/Dync1h1/Psmd13/Adrm1/Cdk7/Ppp2cb/Csnk1d/Psma7/Ywhag/Psmd1/Psmb2/Psmd3/Cul1/Psmd7/Psma1/Psmd8/Mapre1/Psmc6/Psma2/Pafah1b1/Phlda1/Psmd14/Tubb5/Rbx1/Skp1/Psma6/Ywhae/Hsp90aa1/Hsp90ab1","INRR_vs_ARR = Neonate_Reinfected_IFN - Adult_Reinfected","Reactome","INRR_vs_ARR = Neonate_Reinfected_IFN - Adult_Reinfected | Positive NES/logFC = higher in Neonate_Reinfected_IFN ; Negative NES/logFC = higher in Adult_Reinfected"
"REACTOME_SYNDECAN_INTERACTIONS","REACTOME_SYNDECAN_INTERACTIONS",25,-0.794309243482194,-3.09875490993997,9.95149391447987e-11,1.04596553058576e-09,3.6997715337148e-10,1745,"tags=60%, list=9%, signal=55%","Itgav/Itgb5/Col5a1/Sdc3/Sdc4/Sdc1/Tnc/Col5a2/Itgb1/Thbs1/Actn1/Col1a2/Fn1/Col3a1/Col1a1","INRR_vs_ARR = Neonate_Reinfected_IFN - Adult_Reinfected","Reactome","INRR_vs_ARR = Neonate_Reinfected_IFN - Adult_Reinfected | Positive NES/logFC = higher in Neonate_Reinfected_IFN ; Negative NES/logFC = higher in Adult_Reinfected"
"REACTOME_ANTIMICROBIAL_MECHANISM_OF_IFN_STIMULATED_GENES","REACTOME_ANTIMICROBIAL_MECHANISM_OF_IFN_STIMULATED_GENES",86,-0.489891792681775,-2.6305627518968,1.06009568620007e-10,1.10249951364808e-09,3.89974257970554e-10,3076,"tags=49%, list=15%, signal=41%","Jak1/Flnb/Cdk1/Ppm1b/Nup205/Eif2ak2/Trp53/Ilf3/Adar/Stat1/Chuk/Gbp3/Eif4a3/Nup153/Ilf2/Rae1/Uba7/Eif4g3/Ppp2cb/Eif2s1/Abce1/Isg15/Ube2i/Eif4e3/Nup98/Gbp2/Eif4g2/Dnajc3/Eif4e/Eif4g1/Nedd4/Flna/Stat3/Npm1/Kpnb1/Eif4a2/Furin/Eif2s3x/Actb/Hspa8/Actg1/Eif4a1","INRR_vs_ARR = Neonate_Reinfected_IFN - Adult_Reinfected","Reactome","INRR_vs_ARR = Neonate_Reinfected_IFN - Adult_Reinfected | Positive NES/logFC = higher in Neonate_Reinfected_IFN ; Negative NES/logFC = higher in Adult_Reinfected"
"REACTOME_BINDING_AND_UPTAKE_OF_LIGANDS_BY_SCAVENGER_RECEPTORS","REACTOME_BINDING_AND_UPTAKE_OF_LIGANDS_BY_SCAVENGER_RECEPTORS",24,-0.799597285291305,-3.10668712637031,1.12781149202961e-10,1.16070599388048e-09,4.10562955431832e-10,2116,"tags=71%, list=11%, signal=63%","Hsph1/Prdx1/Stab1/Scarb1/Lrp1/Cd36/Col4a2/Col4a1/Hsp90aa1/Ftl1/Calr/Sparc/Col1a2/Hsp90b1/Apoe/Col3a1/Col1a1","INRR_vs_ARR = Neonate_Reinfected_IFN - Adult_Reinfected","Reactome","INRR_vs_ARR = Neonate_Reinfected_IFN - Adult_Reinfected | Positive NES/logFC = higher in Neonate_Reinfected_IFN ; Negative NES/logFC = higher in Adult_Reinfected"
"REACTOME_MITOCHONDRIAL_BIOGENESIS","REACTOME_MITOCHONDRIAL_BIOGENESIS",47,-0.622867877896605,-2.94076255669725,1.33843353505835e-10,1.36327044601819e-09,4.82213709863669e-10,2254,"tags=43%, list=11%, signal=38%","Mef2d/Mapk14/Immt/Helz2/Crebbp/Atp5g2/Alas1/Atp5j/Atp5h/Idh2/Atp5pb/Atp5k/Atp5d/Atp5j2/Glud1/Atp5e/Atp5g3/Atp5a1/Atp5b/Calm1","INRR_vs_ARR = Neonate_Reinfected_IFN - Adult_Reinfected","Reactome","INRR_vs_ARR = Neonate_Reinfected_IFN - Adult_Reinfected | Positive NES/logFC = higher in Neonate_Reinfected_IFN ; Negative NES/logFC = higher in Adult_Reinfected"
"REACTOME_TRANSCRIPTIONAL_REGULATION_BY_RUNX2","REACTOME_TRANSCRIPTIONAL_REGULATION_BY_RUNX2",65,-0.562204216620707,-2.87862092091367,1.48235815587074e-10,1.4944590387758e-09,5.28617516379253e-10,2981,"tags=60%, list=15%, signal=51%","Cdk1/Psma3/Runx1/Akt3/Src/Stat1/Psmc4/Psmc2/Abl1/Psma4/Mapk1/Psmb5/Akt2/Psmd13/Adrm1/Smad6/Psma7/Psmd1/Psmb2/Psmd3/Wwp1/Cul1/Psmd7/Gsk3b/Cdk4/Psma1/Psmd8/Bax/Psmc6/Psma2/Akt1/Hes1/Psmd14/Rbx1/Lgals3/Skp1/Psma6/Ccnd1/Col1a1","INRR_vs_ARR = Neonate_Reinfected_IFN - Adult_Reinfected","Reactome","INRR_vs_ARR = Neonate_Reinfected_IFN - Adult_Reinfected | Positive NES/logFC = higher in Neonate_Reinfected_IFN ; Negative NES/logFC = higher in Adult_Reinfected"
"REACTOME_ACTIVATION_OF_NF_KAPPAB_IN_B_CELLS","REACTOME_ACTIVATION_OF_NF_KAPPAB_IN_B_CELLS",38,-0.687859259728039,-3.06748958023367,1.5147626389882e-10,1.51170251244479e-09,5.34716848638047e-10,2363,"tags=61%, list=12%, signal=53%","Chuk/Psmc4/Psmc2/Psma4/Psmb5/Psmd13/Adrm1/Psma7/Psmd1/Psmb2/Psmd3/Cul1/Nfkb1/Psmd7/Psma1/Psmd8/Psmc6/Bcl10/Psma2/Nfkbia/Psmd14/Skp1/Psma6","INRR_vs_ARR = Neonate_Reinfected_IFN - Adult_Reinfected","Reactome","INRR_vs_ARR = Neonate_Reinfected_IFN - Adult_Reinfected | Positive NES/logFC = higher in Neonate_Reinfected_IFN ; Negative NES/logFC = higher in Adult_Reinfected"
"REACTOME_CELLULAR_RESPONSES_TO_MECHANICAL_STIMULI","REACTOME_CELLULAR_RESPONSES_TO_MECHANICAL_STIMULI",56,-0.584304591546967,-2.92564794415048,1.6230530663138e-10,1.60357642951803e-09,5.67214334753875e-10,2632,"tags=46%, list=13%, signal=40%","Pik3cd/Prkaca/Stat1/Prkar2a/Chuk/Itgav/Abl1/Fyn/Vcl/Gng12/Nfkb1/Gng11/Akt1/Nfkbia/Pecam1/Capn2/Calcrl/Ctnnb1/Anxa2/Gnb2/Mmp14/Gnas/Spp1/Itgb1/Calm1/Fn1","INRR_vs_ARR = Neonate_Reinfected_IFN - Adult_Reinfected","Reactome","INRR_vs_ARR = Neonate_Reinfected_IFN - Adult_Reinfected | Positive NES/logFC = higher in Neonate_Reinfected_IFN ; Negative NES/logFC = higher in Adult_Reinfected"
"REACTOME_TRANSCRIPTIONAL_REGULATION_BY_RUNX3","REACTOME_TRANSCRIPTIONAL_REGULATION_BY_RUNX3",56,-0.581392002281079,-2.91106443595771,1.9501740383012e-10,1.90769499984316e-09,6.74786639620636e-10,2894,"tags=59%, list=14%, signal=51%","Psma3/Runx1/Notch1/Trp53/Src/Itgal/Psmc4/Psmc2/Jag1/Psma4/Psmb5/Itga4/Psmd13/Adrm1/Rbpj/Psma7/Psmd1/Crebbp/Psmb2/Mdm2/Psmd3/Psmd7/Smurf2/Psma1/Psmd8/Psmc6/Psma2/Hes1/Psmd14/Psma6/Ctnnb1/Ccnd1/Spp1","INRR_vs_ARR = Neonate_Reinfected_IFN - Adult_Reinfected","Reactome","INRR_vs_ARR = Neonate_Reinfected_IFN - Adult_Reinfected | Positive NES/logFC = higher in Neonate_Reinfected_IFN ; Negative NES/logFC = higher in Adult_Reinfected"
"REACTOME_RESPONSE_OF_EIF2AK4_GCN2_TO_AMINO_ACID_DEFICIENCY","REACTOME_RESPONSE_OF_EIF2AK4_GCN2_TO_AMINO_ACID_DEFICIENCY",31,-0.733946906437852,-3.07633361328245,2.41029238651047e-10,2.31200861929354e-09,8.1779976731883e-10,1287,"tags=65%, list=6%, signal=60%","Eif2s1/Rpl36/Atf4/Rpl9/Rps27l/Rps9/Rpl34/Rpl6/Rpl22/Rps6/Eif2s3x/Rps12/Rpl18/Rps3a1/Rps10/Rps5/Rps14/Rplp0/Rps19/Rps3","INRR_vs_ARR = Neonate_Reinfected_IFN - Adult_Reinfected","Reactome","INRR_vs_ARR = Neonate_Reinfected_IFN - Adult_Reinfected | Positive NES/logFC = higher in Neonate_Reinfected_IFN ; Negative NES/logFC = higher in Adult_Reinfected"
"REACTOME_INTRACELLULAR_SIGNALING_BY_SECOND_MESSENGERS","REACTOME_INTRACELLULAR_SIGNALING_BY_SECOND_MESSENGERS",155,-0.383728909437431,-2.31505031004398,2.40863050078934e-10,2.31200861929354e-09,8.1779976731883e-10,3756,"tags=39%, list=19%, signal=32%","Csnk2a2/Csnk2b/Pdgfa/Flt3l/Cbx8/Hbegf/Hgf/Mtor/Tsc2/Ezh2/Psma3/Eed/Akt3/Irak1/Trp53/Pik3cd/Prkaca/Src/Prkar2a/Chuk/Psmc4/Psmc2/Pdgfb/Ago2/Hdac2/Fgfr1/Psma4/Mapk1/Psmb5/Akt2/Psmd13/Adrm1/Fyn/Ppp2cb/Psma7/Grk2/Psmd1/Myd88/Psmb2/Mdm2/Ier3/Psmd3/Psmd7/Gsk3b/Pten/Rac2/Psma1/Cdkn1b/Psmd8/Psmc6/Psma2/Akt1s1/Akt1/Jun/Psmd14/Rac1/Grb2/Rbbp7/Nedd4/Psma6/Calm1","INRR_vs_ARR = Neonate_Reinfected_IFN - Adult_Reinfected","Reactome","INRR_vs_ARR = Neonate_Reinfected_IFN - Adult_Reinfected | Positive NES/logFC = higher in Neonate_Reinfected_IFN ; Negative NES/logFC = higher in Adult_Reinfected"
"REACTOME_S_PHASE","REACTOME_S_PHASE",97,-0.460444768445937,-2.53997303053237,2.82749120856733e-10,2.68611664813896e-09,9.50128624741248e-10,4000,"tags=51%, list=20%, signal=41%","Rad21/Cdkn1a/Rb1/Rfc5/Mcm5/Gins2/Mcm7/Rpa3/Rfc2/E2f4/Mcm2/Psma3/Akt3/Tfdp2/Pole4/Psmc4/Psmc2/Mcm6/Psma4/Stag1/Psmb5/Akt2/Psmd13/Adrm1/Cdk7/Smc1a/Psma7/Psmd1/Psmb2/Ube2s/Psmd3/Cul1/Psmd7/Gsk3b/Ube2c/Cdk4/Psma1/Cdkn1b/Psmd8/Psmc6/Psma2/Akt1/Psmd14/Pcna/Rbx1/Smc3/Skp1/Psma6/Ccnd1","INRR_vs_ARR = Neonate_Reinfected_IFN - Adult_Reinfected","Reactome","INRR_vs_ARR = Neonate_Reinfected_IFN - Adult_Reinfected | Positive NES/logFC = higher in Neonate_Reinfected_IFN ; Negative NES/logFC = higher in Adult_Reinfected"
"REACTOME_CELL_CYCLE_CHECKPOINTS","REACTOME_CELL_CYCLE_CHECKPOINTS",134,-0.405511172487839,-2.39791679913379,3.54135234486799e-10,3.33224392069483e-09,1.17867566766534e-09,4065,"tags=46%, list=20%, signal=37%","Csnk1e/Nsd2/Cdkn1a/Cenpa/Fbxw11/Rfc5/Mcm5/Xpo1/Mcm7/Bub1b/Rpa3/Rfc2/H4c14/Rad50/Cdk1/Clip1/Mcm2/Psma3/Ckap5/Trp53/Zwint/Ywhaq/Clasp1/Psmc4/Psmc2/Mcm6/Mapk14/Psma4/Psmb5/Dync1h1/Psmd13/Adrm1/Ppp2cb/Ywhab/Psma7/Ywhag/Psmd1/Psmb2/Ube2s/Mdm2/Psmd3/Cul1/Psmd7/Gsk3b/Ywhah/Ube2c/Psma1/Bub3/Cdkn1b/Nup98/Psmd8/Mapre1/Psmc6/Dynll2/Psma2/Pafah1b1/Psmd14/Rbx1/Skp1/Psma6/Ywhaz/Ywhae","INRR_vs_ARR = Neonate_Reinfected_IFN - Adult_Reinfected","Reactome","INRR_vs_ARR = Neonate_Reinfected_IFN - Adult_Reinfected | Positive NES/logFC = higher in Neonate_Reinfected_IFN ; Negative NES/logFC = higher in Adult_Reinfected"
"REACTOME_TP53_REGULATES_METABOLIC_GENES","REACTOME_TP53_REGULATES_METABOLIC_GENES",55,-0.586449405515491,-2.92526544174247,3.83184307191788e-10,3.571566938731e-09,1.26332859967898e-09,3412,"tags=56%, list=17%, signal=47%","Mtor/Ddit4/Tsc2/Cycs/Prdx2/Akt3/Trp53/Ywhaq/Ago2/Cox6a1/Prdx1/Akt2/Ywhab/Ywhag/Txnrd1/Cox5b/Ywhah/Cox7a2/Pten/Gpi1/Akt1/Cox6c/Txn1/Cox5a/Ndufa4/Cox8a/Gls/Cox4i1/Ywhaz/Ywhae/Prdx5","INRR_vs_ARR = Neonate_Reinfected_IFN - Adult_Reinfected","Reactome","INRR_vs_ARR = Neonate_Reinfected_IFN - Adult_Reinfected | Positive NES/logFC = higher in Neonate_Reinfected_IFN ; Negative NES/logFC = higher in Adult_Reinfected"
"REACTOME_INTERLEUKIN_1_FAMILY_SIGNALING","REACTOME_INTERLEUKIN_1_FAMILY_SIGNALING",80,-0.500405308687614,-2.68613584096939,4.45113777498799e-10,4.11002254363377e-09,1.45379020294738e-09,4101,"tags=59%, list=21%, signal=47%","Nod1/Il1r1/Ikbkb/Ikbkg/Fbxw11/Rela/Casp8/Il18bp/Nfkb2/Ptpn14/Tnip2/Tbk1/Psma3/Irak1/Trp53/Chuk/Psmc4/Psmc2/Traf2/Ptpn6/Psma4/Psmb5/Usp14/Psmd13/Adrm1/Psma7/Psmd1/Myd88/Peli1/Psmb2/Psmd3/Cul1/Nfkb1/Psmd7/Psma1/Psmd8/Psmc6/Psma2/Nfkbia/Psmd14/Rbx1/Stat3/Skp1/Psma6/App/Sqstm1/Ager","INRR_vs_ARR = Neonate_Reinfected_IFN - Adult_Reinfected","Reactome","INRR_vs_ARR = Neonate_Reinfected_IFN - Adult_Reinfected | Positive NES/logFC = higher in Neonate_Reinfected_IFN ; Negative NES/logFC = higher in Adult_Reinfected"
"REACTOME_GOLGI_TO_ER_RETROGRADE_TRANSPORT","REACTOME_GOLGI_TO_ER_RETROGRADE_TRANSPORT",51,-0.596397328088952,-2.85227317211207,4.50510721558092e-10,4.12133882314255e-09,1.45779297814119e-09,2134,"tags=51%, list=11%, signal=46%","Kif20a/Arfgap1/Racgap1/Napa/Arfgap3/Copz2/Dync1h1/Dctn4/Arf4/Klc1/Rab1a/Kif1b/Arcn1/Dynll2/Pafah1b1/Copb2/Copb1/Galnt1/Cope/Kif5b/Agpat3/Tmed10/Copa/Arf1/Capzb/Tmed2","INRR_vs_ARR = Neonate_Reinfected_IFN - Adult_Reinfected","Reactome","INRR_vs_ARR = Neonate_Reinfected_IFN - Adult_Reinfected | Positive NES/logFC = higher in Neonate_Reinfected_IFN ; Negative NES/logFC = higher in Adult_Reinfected"
"REACTOME_RHOC_GTPASE_CYCLE","REACTOME_RHOC_GTPASE_CYCLE",32,-0.714374660644208,-3.00043114341367,4.73250370269035e-10,4.28964555803492e-09,1.517326150935e-09,3280,"tags=62%, list=16%, signal=52%","Daam1/Vamp3/Flot2/Racgap1/Rock1/Lbr/Stx5a/Arhgef12/Stom/C1qbp/Tmpo/Abr/Akap13/Lman1/Abcd3/Cav1/Cavin1/Jup/Rhoa/Arhgdia","INRR_vs_ARR = Neonate_Reinfected_IFN - Adult_Reinfected","Reactome","INRR_vs_ARR = Neonate_Reinfected_IFN - Adult_Reinfected | Positive NES/logFC = higher in Neonate_Reinfected_IFN ; Negative NES/logFC = higher in Adult_Reinfected"
"REACTOME_G1_S_DNA_DAMAGE_CHECKPOINTS","REACTOME_G1_S_DNA_DAMAGE_CHECKPOINTS",44,-0.622237527191336,-2.91213422282101,5.27846846136463e-10,4.74102439984386e-09,1.67698710925651e-09,2894,"tags=59%, list=14%, signal=51%","Psma3/Trp53/Psmc4/Psmc2/Mapk14/Psma4/Psmb5/Psmd13/Adrm1/Psma7/Psmd1/Psmb2/Mdm2/Psmd3/Cul1/Psmd7/Gsk3b/Psma1/Cdkn1b/Psmd8/Psmc6/Psma2/Psmd14/Rbx1/Skp1/Psma6","INRR_vs_ARR = Neonate_Reinfected_IFN - Adult_Reinfected","Reactome","INRR_vs_ARR = Neonate_Reinfected_IFN - Adult_Reinfected | Positive NES/logFC = higher in Neonate_Reinfected_IFN ; Negative NES/logFC = higher in Adult_Reinfected"
"REACTOME_CYCLIN_A_CDK2_ASSOCIATED_EVENTS_AT_S_PHASE_ENTRY","REACTOME_CYCLIN_A_CDK2_ASSOCIATED_EVENTS_AT_S_PHASE_ENTRY",49,-0.613381533686021,-2.91486864566378,5.58299548798182e-10,4.9693689568703e-09,1.75775675866284e-09,3103,"tags=59%, list=16%, signal=50%","E2f4/Psma3/Akt3/Tfdp2/Psmc4/Psmc2/Psma4/Psmb5/Akt2/Psmd13/Adrm1/Cdk7/Psma7/Psmd1/Psmb2/Psmd3/Cul1/Psmd7/Cdk4/Psma1/Cdkn1b/Psmd8/Psmc6/Psma2/Akt1/Psmd14/Skp1/Psma6/Ccnd1","INRR_vs_ARR = Neonate_Reinfected_IFN - Adult_Reinfected","Reactome","INRR_vs_ARR = Neonate_Reinfected_IFN - Adult_Reinfected | Positive NES/logFC = higher in Neonate_Reinfected_IFN ; Negative NES/logFC = higher in Adult_Reinfected"
"REACTOME_RIBOSOME_QUALITY_CONTROL_RQC_COMPLEX_EXTRACTS_AND_DEGRADES_NASCENT_PEPTIDE","REACTOME_RIBOSOME_QUALITY_CONTROL_RQC_COMPLEX_EXTRACTS_AND_DEGRADES_NASCENT_PEPTIDE",36,-0.687522045109949,-2.93156683313832,5.74758076584434e-10,5.07018731844126e-09,1.79341805851534e-09,2468,"tags=75%, list=12%, signal=66%","Rpl14/Rchy1/Psmc4/Psmc2/Psma4/Psmb5/Psmd13/Adrm1/Psma7/Psmd1/Psmb2/Psmd3/Psmd7/Rpl36/Psma1/Rpl9/Psmd8/Psmc6/Psma2/Psmd14/Rpl34/Rbx1/Rpl6/Rpl22/Psma6/Rpl18/Rplp0","INRR_vs_ARR = Neonate_Reinfected_IFN - Adult_Reinfected","Reactome","INRR_vs_ARR = Neonate_Reinfected_IFN - Adult_Reinfected | Positive NES/logFC = higher in Neonate_Reinfected_IFN ; Negative NES/logFC = higher in Adult_Reinfected"
"REACTOME_COPI_MEDIATED_ANTEROGRADE_TRANSPORT","REACTOME_COPI_MEDIATED_ANTEROGRADE_TRANSPORT",40,-0.654093446911677,-2.95182203659831,5.81266276079833e-10,5.08222195368916e-09,1.79767492928276e-09,2200,"tags=57%, list=11%, signal=51%","Stx5a/Cd55/Napa/Arfgap3/Copz2/Uso1/Dync1h1/Dctn4/Bet1/Arf4/Rab1a/Arcn1/Dynll2/Copb2/Copb1/Cope/Tmed10/Copa/Arf1/Capzb/Tmed2/Sptan1/Sptbn1","INRR_vs_ARR = Neonate_Reinfected_IFN - Adult_Reinfected","Reactome","INRR_vs_ARR = Neonate_Reinfected_IFN - Adult_Reinfected | Positive NES/logFC = higher in Neonate_Reinfected_IFN ; Negative NES/logFC = higher in Adult_Reinfected"
"REACTOME_PCP_CE_PATHWAY","REACTOME_PCP_CE_PATHWAY",49,-0.612279944592158,-2.90963375133821,6.61512351605654e-10,5.733107047249e-09,2.02790490058243e-09,2334,"tags=59%, list=12%, signal=52%","Psmc4/Psmc2/Cltc/Psma4/Psmb5/Psmd13/Adrm1/Psma7/Psmd1/Arrb2/Psmb2/Psmd3/Psmd7/Smurf2/Rac2/Psma1/Psmd8/Ap2s1/Psmc6/Psma2/Ap2m1/Ap2b1/Psmd14/Rac1/Cltb/Psma6/Clta/Rhoa/Pfn1","INRR_vs_ARR = Neonate_Reinfected_IFN - Adult_Reinfected","Reactome","INRR_vs_ARR = Neonate_Reinfected_IFN - Adult_Reinfected | Positive NES/logFC = higher in Neonate_Reinfected_IFN ; Negative NES/logFC = higher in Adult_Reinfected"
"REACTOME_DOWNSTREAM_TCR_SIGNALING","REACTOME_DOWNSTREAM_TCR_SIGNALING",51,-0.590582107930003,-2.82446185293255,6.89661351073573e-10,5.925090564006e-09,2.09581298449818e-09,2363,"tags=57%, list=12%, signal=50%","Chuk/Psmc4/Psmc2/Cdc34/Psma4/Cd3g/Psmb5/Psmd13/Adrm1/H2-Eb1/Psma7/Psmd1/Psmb2/Psmd3/Cul1/Nfkb1/Psmd7/Pten/Psma1/Cd3e/Psmd8/Psmc6/Bcl10/Psma2/Nfkbia/Psmd14/Skp1/Psma6/H2-Ea","INRR_vs_ARR = Neonate_Reinfected_IFN - Adult_Reinfected","Reactome","INRR_vs_ARR = Neonate_Reinfected_IFN - Adult_Reinfected | Positive NES/logFC = higher in Neonate_Reinfected_IFN ; Negative NES/logFC = higher in Adult_Reinfected"
"REACTOME_TRANSPORT_TO_THE_GOLGI_AND_SUBSEQUENT_MODIFICATION","REACTOME_TRANSPORT_TO_THE_GOLGI_AND_SUBSEQUENT_MODIFICATION",66,-0.540273541489161,-2.73771464813314,7.82018149688009e-10,6.66063734389442e-09,2.35598934388765e-09,2200,"tags=50%, list=11%, signal=45%","Stx5a/Cd55/Napa/Arfgap3/Copz2/Uso1/Dync1h1/Dctn4/Csnk1d/Bet1/Arf4/Fuca1/Sec31a/Sar1b/Lman1/Rab1a/Arcn1/St3gal4/Dynll2/Copb2/Copb1/Cope/B4galt1/Tmed10/Mgat1/Copa/Ctsz/Ctsc/Arf1/Capzb/Tmed2/Sptan1/Sptbn1","INRR_vs_ARR = Neonate_Reinfected_IFN - Adult_Reinfected","Reactome","INRR_vs_ARR = Neonate_Reinfected_IFN - Adult_Reinfected | Positive NES/logFC = higher in Neonate_Reinfected_IFN ; Negative NES/logFC = higher in Adult_Reinfected"
"REACTOME_MITOTIC_METAPHASE_AND_ANAPHASE","REACTOME_MITOTIC_METAPHASE_AND_ANAPHASE",89,-0.473388131984995,-2.51782186090749,7.91406371722036e-10,6.68298713898608e-09,2.36389487549902e-09,2981,"tags=49%, list=15%, signal=42%","Cdk1/Clip1/Nup205/Psma3/Ckap5/Lbr/Zwint/Clasp1/Psmc4/Psmc2/Psma4/Stag1/Psmb5/Dync1h1/Psmd13/Adrm1/Ppp2cb/Smc1a/Psma7/Psmd1/Tmpo/Psmb2/Ube2s/Psmd3/Ran/Psmd7/Ube2i/Ube2c/Psma1/Bub3/Nup98/Psmd8/Mapre1/Banf1/Psmc6/Dynll2/Psma2/Lmnb1/Pafah1b1/Psmd14/Smc3/Kpnb1/Psma6/Lmna","INRR_vs_ARR = Neonate_Reinfected_IFN - Adult_Reinfected","Reactome","INRR_vs_ARR = Neonate_Reinfected_IFN - Adult_Reinfected | Positive NES/logFC = higher in Neonate_Reinfected_IFN ; Negative NES/logFC = higher in Adult_Reinfected"
"REACTOME_C_TYPE_LECTIN_RECEPTORS_CLRS","REACTOME_C_TYPE_LECTIN_RECEPTORS_CLRS",63,-0.538335914375634,-2.76182242004409,8.32340568396154e-10,6.96908882691017e-09,2.4650942792821e-09,2894,"tags=57%, list=14%, signal=49%","Psma3/Ppp3r1/Prkaca/Src/Chuk/Psmc4/Psmc2/Cdc34/Psma4/Psmb5/Psmd13/Adrm1/Fyn/Hras/Psma7/Psmd1/Crebbp/Raf1/Psmb2/Lyn/Psmd3/Cul1/Nfkb1/Psmd7/Icam2/Psma1/Psmd8/Psmc6/Bcl10/Psma2/Muc1/Nfkbia/Psmd14/Skp1/Psma6/Calm1","INRR_vs_ARR = Neonate_Reinfected_IFN - Adult_Reinfected","Reactome","INRR_vs_ARR = Neonate_Reinfected_IFN - Adult_Reinfected | Positive NES/logFC = higher in Neonate_Reinfected_IFN ; Negative NES/logFC = higher in Adult_Reinfected"
"REACTOME_AUF1_HNRNP_D0_BINDS_AND_DESTABILIZES_MRNA","REACTOME_AUF1_HNRNP_D0_BINDS_AND_DESTABILIZES_MRNA",28,-0.740450591436818,-2.98786846804915,9.48407468754573e-10,7.8741729338615e-09,2.78523909444068e-09,2334,"tags=75%, list=12%, signal=66%","Psmc4/Psmc2/Psma4/Psmb5/Psmd13/Adrm1/Psma7/Psmd1/Psmb2/Psmd3/Psmd7/Psma1/Psmd8/Hnrnpd/Psmc6/Psma2/Psmd14/Eif4g1/Psma6/Hspa8/Pabpc1","INRR_vs_ARR = Neonate_Reinfected_IFN - Adult_Reinfected","Reactome","INRR_vs_ARR = Neonate_Reinfected_IFN - Adult_Reinfected | Positive NES/logFC = higher in Neonate_Reinfected_IFN ; Negative NES/logFC = higher in Adult_Reinfected"
"REACTOME_MITOTIC_G1_PHASE_AND_G1_S_TRANSITION","REACTOME_MITOTIC_G1_PHASE_AND_G1_S_TRANSITION",99,-0.446394837601676,-2.48357634415465,9.89257964652545e-10,8.14489057563929e-09,2.88099687951443e-09,3103,"tags=44%, list=16%, signal=38%","E2f4/Dyrk1a/Ccnd2/Jak2/Rrm2/Cdk1/Mcm2/Psma3/Cdkn2c/Akt3/Cdkn2d/Src/Tfdp2/Pole4/Psmc4/Psmc2/Mcm6/Abl1/Psma4/Psmb5/Akt2/Psmd13/Adrm1/Cdk7/Ppp2cb/Psma7/Psmd1/Psmb2/Lyn/Psmd3/Cul1/Psmd7/Cdk4/Psma1/Cdkn1b/Psmd8/Psmc6/Psma2/Akt1/Psmd14/Pcna/Skp1/Psma6/Ccnd1","INRR_vs_ARR = Neonate_Reinfected_IFN - Adult_Reinfected","Reactome","INRR_vs_ARR = Neonate_Reinfected_IFN - Adult_Reinfected | Positive NES/logFC = higher in Neonate_Reinfected_IFN ; Negative NES/logFC = higher in Adult_Reinfected"
"REACTOME_UNFOLDED_PROTEIN_RESPONSE_UPR","REACTOME_UNFOLDED_PROTEIN_RESPONSE_UPR",65,-0.54058691348136,-2.76793512519926,1.08644150055649e-09,8.87110911198191e-09,3.13787366841892e-09,3444,"tags=49%, list=17%, signal=41%","Wipi1/Klhdc3/Exosc8/Kdelr3/Acadvl/Shc1/Eif2ak3/Arfgap1/Srprb/Dnajb9/Herpud1/Atf6/Yif1a/Edem1/Sec31a/Eif2s1/Srpr/Atp6v0d1/Atf4/Gfpt1/Serp1/Add1/Ssr1/Dnajc3/Khsrp/Eif2s3x/Hspa5/Lmna/Xbp1/Calr/Pdia6/Hsp90b1","INRR_vs_ARR = Neonate_Reinfected_IFN - Adult_Reinfected","Reactome","INRR_vs_ARR = Neonate_Reinfected_IFN - Adult_Reinfected | Positive NES/logFC = higher in Neonate_Reinfected_IFN ; Negative NES/logFC = higher in Adult_Reinfected"
"REACTOME_REGULATION_OF_PTEN_STABILITY_AND_ACTIVITY","REACTOME_REGULATION_OF_PTEN_STABILITY_AND_ACTIVITY",32,-0.704217766171527,-2.95777136812333,1.09864088461047e-09,8.8971901147143e-09,3.1470989964683e-09,2894,"tags=72%, list=14%, signal=62%","Psma3/Akt3/Psmc4/Psmc2/Psma4/Psmb5/Akt2/Psmd13/Adrm1/Psma7/Psmd1/Psmb2/Psmd3/Psmd7/Pten/Psma1/Psmd8/Psmc6/Psma2/Akt1/Psmd14/Nedd4/Psma6","INRR_vs_ARR = Neonate_Reinfected_IFN - Adult_Reinfected","Reactome","INRR_vs_ARR = Neonate_Reinfected_IFN - Adult_Reinfected | Positive NES/logFC = higher in Neonate_Reinfected_IFN ; Negative NES/logFC = higher in Adult_Reinfected"
"REACTOME_CIRCADIAN_CLOCK","REACTOME_CIRCADIAN_CLOCK",56,-0.564234907321376,-2.8251578380589,1.15433203354511e-09,9.27219552148432e-09,3.27974527288813e-09,2334,"tags=52%, list=12%, signal=46%","Psmc4/Psmc2/Mef2d/Psma4/Nampt/Helz2/Serpine1/Psmb5/Psmd13/Adrm1/Cpt1a/Csnk1d/Psma7/Psmd1/Crebbp/Psmb2/Psmd3/Cul1/Psmd7/Psma1/Psmd8/Psmc6/Psma2/Bhlhe40/Psmd14/Rbx1/Skp1/Psma6/Ppp1ca","INRR_vs_ARR = Neonate_Reinfected_IFN - Adult_Reinfected","Reactome","INRR_vs_ARR = Neonate_Reinfected_IFN - Adult_Reinfected | Positive NES/logFC = higher in Neonate_Reinfected_IFN ; Negative NES/logFC = higher in Adult_Reinfected"
"REACTOME_SEMAPHORIN_INTERACTIONS","REACTOME_SEMAPHORIN_INTERACTIONS",32,-0.702791938492923,-2.95178277697122,1.23136071698637e-09,9.73267510706025e-09,3.44262533085873e-09,2582,"tags=62%, list=13%, signal=55%","Rock1/Nrp1/Rras/Fes/Arhgef12/Myh11/Fyn/Gsk3b/Myh10/Myl12b/Rac1/Ptprc/Myh9/Myl9/Dpysl2/Rhoa/Hsp90aa1/Itgb1/Cfl1/Hsp90ab1","INRR_vs_ARR = Neonate_Reinfected_IFN - Adult_Reinfected","Reactome","INRR_vs_ARR = Neonate_Reinfected_IFN - Adult_Reinfected | Positive NES/logFC = higher in Neonate_Reinfected_IFN ; Negative NES/logFC = higher in Adult_Reinfected"
"REACTOME_RHOA_GTPASE_CYCLE","REACTOME_RHOA_GTPASE_CYCLE",58,-0.557007550037772,-2.82175097218955,1.23128750244812e-09,9.73267510706025e-09,3.44262533085873e-09,3280,"tags=52%, list=16%, signal=43%","Daam1/Def6/Ect2/Farp1/Vamp3/Flot2/Racgap1/Rock1/Lbr/Arhgef2/Arhgef3/Net1/Stx5a/Arhgef12/Dock2/Stom/C1qbp/Hmox2/Tmpo/Abr/Akap13/Bcap31/Lman1/Abcd3/Cav1/Cavin1/Jup/Atp6ap1/Rhoa/Arhgdia","INRR_vs_ARR = Neonate_Reinfected_IFN - Adult_Reinfected","Reactome","INRR_vs_ARR = Neonate_Reinfected_IFN - Adult_Reinfected | Positive NES/logFC = higher in Neonate_Reinfected_IFN ; Negative NES/logFC = higher in Adult_Reinfected"
"REACTOME_SCF_SKP2_MEDIATED_DEGRADATION_OF_P27_P21","REACTOME_SCF_SKP2_MEDIATED_DEGRADATION_OF_P27_P21",34,-0.699898963243172,-2.99369494492408,1.28363463295532e-09,1.0065325534602e-08,3.56028987586605e-09,2334,"tags=65%, list=12%, signal=57%","Psmc4/Psmc2/Psma4/Psmb5/Psmd13/Adrm1/Psma7/Psmd1/Psmb2/Psmd3/Cul1/Psmd7/Cdk4/Psma1/Cdkn1b/Psmd8/Psmc6/Psma2/Psmd14/Skp1/Psma6/Ccnd1","INRR_vs_ARR = Neonate_Reinfected_IFN - Adult_Reinfected","Reactome","INRR_vs_ARR = Neonate_Reinfected_IFN - Adult_Reinfected | Positive NES/logFC = higher in Neonate_Reinfected_IFN ; Negative NES/logFC = higher in Adult_Reinfected"
"REACTOME_SIGNALING_BY_HEDGEHOG","REACTOME_SIGNALING_BY_HEDGEHOG",53,-0.579839590311782,-2.81650325811454,1.3424663163404e-09,1.04437537050734e-08,3.69414684645681e-09,2894,"tags=62%, list=14%, signal=53%","Psma3/Numb/Prkaca/Prkar2a/Psmc4/Psmc2/Psma4/Psmb5/Psmd13/Adrm1/Adam17/Psma7/Grk2/Psmd1/Arrb1/Arrb2/Psmb2/Psmd3/Cul1/Psmd7/Gsk3b/Smurf2/Spop/Psma1/Psmd8/Psmc6/Psma2/Psmd14/Rbx1/Cul3/Skp1/Psma6/Gnas","INRR_vs_ARR = Neonate_Reinfected_IFN - Adult_Reinfected","Reactome","INRR_vs_ARR = Neonate_Reinfected_IFN - Adult_Reinfected | Positive NES/logFC = higher in Neonate_Reinfected_IFN ; Negative NES/logFC = higher in Adult_Reinfected"
"REACTOME_UB_SPECIFIC_PROCESSING_PROTEASES","REACTOME_UB_SPECIFIC_PROCESSING_PROTEASES",80,-0.48931550724578,-2.62660667010533,1.36437862062756e-09,1.0531297477969e-08,3.72511268131868e-09,2334,"tags=40%, list=12%, signal=35%","Psmc4/Psmc2/Traf2/Psma4/Psmb5/Vdac2/Usp14/Psmd13/Cyld/Adrm1/Vdac3/Psma7/Psmd1/Arrb1/Arrb2/Ide/Psmb2/Mdm2/Psmd3/Psmd7/Smurf2/Pten/Psma1/Psmd8/Psmc6/Psma2/Usp8/Nfkbia/Psmd14/Smad7/Hif1a/Psma6","INRR_vs_ARR = Neonate_Reinfected_IFN - Adult_Reinfected","Reactome","INRR_vs_ARR = Neonate_Reinfected_IFN - Adult_Reinfected | Positive NES/logFC = higher in Neonate_Reinfected_IFN ; Negative NES/logFC = higher in Adult_Reinfected"
"REACTOME_RHO_GTPASES_ACTIVATE_WASPS_AND_WAVES","REACTOME_RHO_GTPASES_ACTIVATE_WASPS_AND_WAVES",22,-0.796367892103721,-3.03085289779877,1.37857819598971e-09,1.05584128499057e-08,3.73470388468856e-09,2129,"tags=68%, list=11%, signal=61%","Abl1/Wipf1/Mapk1/Cyfip2/Wasf2/Actr3/Rac1/Grb2/Abi1/Actr2/Cdc42/Arpc3/Actb/Actg1/Arpc2","INRR_vs_ARR = Neonate_Reinfected_IFN - Adult_Reinfected","Reactome","INRR_vs_ARR = Neonate_Reinfected_IFN - Adult_Reinfected | Positive NES/logFC = higher in Neonate_Reinfected_IFN ; Negative NES/logFC = higher in Adult_Reinfected"
"REACTOME_REGULATION_OF_CDH1_POSTTRANSLATIONAL_PROCESSING_AND_TRAFFICKING_TO_PLASMA_MEMBRANE","REACTOME_REGULATION_OF_CDH1_POSTTRANSLATIONAL_PROCESSING_AND_TRAFFICKING_TO_PLASMA_MEMBRANE",13,-0.902451971081281,-2.90128879406842,1.56824029845485e-09,1.19186262682568e-08,4.215836267911e-09,945,"tags=77%, list=5%, signal=73%","Spcs3/Rpn1/Sec11a/Jup/Ostc/Furin/Spcs1/Cdh1/Ctnnb1/Canx","INRR_vs_ARR = Neonate_Reinfected_IFN - Adult_Reinfected","Reactome","INRR_vs_ARR = Neonate_Reinfected_IFN - Adult_Reinfected | Positive NES/logFC = higher in Neonate_Reinfected_IFN ; Negative NES/logFC = higher in Adult_Reinfected"
"REACTOME_FBXL7_DOWN_REGULATES_AURKA_DURING_MITOTIC_ENTRY_AND_IN_EARLY_MITOSIS","REACTOME_FBXL7_DOWN_REGULATES_AURKA_DURING_MITOTIC_ENTRY_AND_IN_EARLY_MITOSIS",26,-0.7413496727916,-2.90266185596104,1.77903716208402e-09,1.3417471115565e-08,4.74600512504536e-09,2334,"tags=77%, list=12%, signal=68%","Psmc4/Psmc2/Psma4/Psmb5/Psmd13/Adrm1/Psma7/Psmd1/Psmb2/Psmd3/Cul1/Psmd7/Psma1/Psmd8/Psmc6/Psma2/Psmd14/Rbx1/Skp1/Psma6","INRR_vs_ARR = Neonate_Reinfected_IFN - Adult_Reinfected","Reactome","INRR_vs_ARR = Neonate_Reinfected_IFN - Adult_Reinfected | Positive NES/logFC = higher in Neonate_Reinfected_IFN ; Negative NES/logFC = higher in Adult_Reinfected"
"REACTOME_TRANSLOCATION_OF_SLC2A4_GLUT4_TO_THE_PLASMA_MEMBRANE","REACTOME_TRANSLOCATION_OF_SLC2A4_GLUT4_TO_THE_PLASMA_MEMBRANE",30,-0.714477334803805,-2.98704970942025,1.85275796411883e-09,1.38676126405258e-08,4.90522842175002e-09,1833,"tags=50%, list=9%, signal=45%","Akt2/Ywhab/Ywhag/Ywhah/Exoc4/Akt1/Rac1/Myh9/Actb/Rab14/Ywhaz/Myo1c/Actg1/Ywhae/Calm1","INRR_vs_ARR = Neonate_Reinfected_IFN - Adult_Reinfected","Reactome","INRR_vs_ARR = Neonate_Reinfected_IFN - Adult_Reinfected | Positive NES/logFC = higher in Neonate_Reinfected_IFN ; Negative NES/logFC = higher in Adult_Reinfected"
"REACTOME_SELENOAMINO_ACID_METABOLISM","REACTOME_SELENOAMINO_ACID_METABOLISM",37,-0.667750492617028,-2.90547402618361,2.26915758220686e-09,1.68565991821081e-08,5.96248767148934e-09,1534,"tags=54%, list=8%, signal=50%","Txnrd1/Rpl36/Rpl9/Rps27l/Eprs/Rps9/Rpl34/Inmt/Rpl6/Rpl22/Rps6/Rps12/Rpl18/Rps3a1/Rps10/Rps5/Rps14/Rplp0/Rps19/Rps3","INRR_vs_ARR = Neonate_Reinfected_IFN - Adult_Reinfected","Reactome","INRR_vs_ARR = Neonate_Reinfected_IFN - Adult_Reinfected | Positive NES/logFC = higher in Neonate_Reinfected_IFN ; Negative NES/logFC = higher in Adult_Reinfected"
"REACTOME_COMPLEX_I_BIOGENESIS","REACTOME_COMPLEX_I_BIOGENESIS",33,-0.690779670652299,-2.91447689802919,2.86838453987153e-09,2.11489845178588e-08,7.48078293195089e-09,3678,"tags=82%, list=18%, signal=67%","Ndufb6/Ndufa8/Hspa9/Ndufc2/Ndufb3/Ndufab1/Ndufs7/Ndufa3/Ndufa5/Ndufv2/Ndufb2/Ndufs4/Ndufs3/Ndufb4/Ndufs1/Ndufb1/Ndufa2/Ndufv3/Ndufa9/Ndufc1/Ndufb5/Ndufb8/Ndufa6/Ndufs2/Ndufs6/Ndufa7/Ndufa1","INRR_vs_ARR = Neonate_Reinfected_IFN - Adult_Reinfected","Reactome","INRR_vs_ARR = Neonate_Reinfected_IFN - Adult_Reinfected | Positive NES/logFC = higher in Neonate_Reinfected_IFN ; Negative NES/logFC = higher in Adult_Reinfected"
"REACTOME_TCR_SIGNALING","REACTOME_TCR_SIGNALING",65,-0.527871651657277,-2.70282992388699,3.17992037208292e-09,2.32723061305032e-08,8.23184065131798e-09,2363,"tags=48%, list=12%, signal=42%","Chuk/Psmc4/Psmc2/Cdc34/Psma4/Cd3g/Psmb5/Psmd13/Adrm1/H2-Eb1/Psma7/Psmd1/Psmb2/Psmd3/Cul1/Nfkb1/Psmd7/Pten/Psma1/Cd3e/Psmd8/Psmc6/Bcl10/Psma2/Nfkbia/Psmd14/Ptprc/Vasp/Skp1/Psma6/H2-Ea","INRR_vs_ARR = Neonate_Reinfected_IFN - Adult_Reinfected","Reactome","INRR_vs_ARR = Neonate_Reinfected_IFN - Adult_Reinfected | Positive NES/logFC = higher in Neonate_Reinfected_IFN ; Negative NES/logFC = higher in Adult_Reinfected"
"REACTOME_PARASITE_INFECTION","REACTOME_PARASITE_INFECTION",35,-0.66911629524044,-2.84850663059249,3.92904500258767e-09,2.83350106755957e-08,1.00226119159363e-08,2129,"tags=57%, list=11%, signal=51%","Abl1/Wipf1/Cd3g/Mapk1/Fyn/Lyn/Cyfip2/Wasf2/Actr3/Rac1/Grb2/Myh9/Abi1/Actr2/Cdc42/Arpc3/Actb/Myo1c/Actg1/Arpc2","INRR_vs_ARR = Neonate_Reinfected_IFN - Adult_Reinfected","Reactome","INRR_vs_ARR = Neonate_Reinfected_IFN - Adult_Reinfected | Positive NES/logFC = higher in Neonate_Reinfected_IFN ; Negative NES/logFC = higher in Adult_Reinfected"
"REACTOME_RESPIRATORY_SYNCYTIAL_VIRUS_INFECTION_PATHWAY","REACTOME_RESPIRATORY_SYNCYTIAL_VIRUS_INFECTION_PATHWAY",52,-0.578166461927626,-2.8030602190799,3.92269748584989e-09,2.83350106755957e-08,1.00226119159363e-08,1683,"tags=62%, list=8%, signal=56%","Cd14/Med24/Stat2/Csnk2a2/Trim25/Csnk2b/Xpo1/Jak1/Rab5a/Eif2ak2/Agrn/Med13l/Crebbp/Sdc3/Ifnar1/Isg15/Bcap31/Sdc4/Sdc1/Spcs3/Sec11a/Gpc3/Rbx1/Ifnar2/Kpnb1/Furin/Spcs1/Ncl/Hspa8/Ppp1ca/Hsp90aa1/Hsp90ab1","INRR_vs_ARR = Neonate_Reinfected_IFN - Adult_Reinfected","Reactome","INRR_vs_ARR = Neonate_Reinfected_IFN - Adult_Reinfected | Positive NES/logFC = higher in Neonate_Reinfected_IFN ; Negative NES/logFC = higher in Adult_Reinfected"
"REACTOME_REGULATION_OF_INSULIN_LIKE_GROWTH_FACTOR_IGF_TRANSPORT_AND_UPTAKE_BY_INSULIN_LIKE_GROWTH_FACTOR_BINDING_PROTEINS_IGFBPS","REACTOME_REGULATION_OF_INSULIN_LIKE_GROWTH_FACTOR_IGF_TRANSPORT_AND_UPTAKE_BY_INSULIN_LIKE_GROWTH_FACTOR_BINDING_PROTEINS_IGFBPS",70,-0.511906215443713,-2.6935891849928,4.3188469153378e-09,3.09204402344475e-08,1.09371256742346e-08,1379,"tags=40%, list=7%, signal=37%","Ccn1/Timp1/Igfbp5/Adam10/Lamc1/Gpc3/Tnc/Trf/Igf1/Mmp2/Cp/Dnajc3/Fstl1/Ckap4/Qsox1/App/Calu/Aplp2/Sparcl1/Igfbp4/Spp1/Pdia6/Lgals1/Igfbp7/Hsp90b1/C3/Apoe/Fn1","INRR_vs_ARR = Neonate_Reinfected_IFN - Adult_Reinfected","Reactome","INRR_vs_ARR = Neonate_Reinfected_IFN - Adult_Reinfected | Positive NES/logFC = higher in Neonate_Reinfected_IFN ; Negative NES/logFC = higher in Adult_Reinfected"
"REACTOME_NEDDYLATION","REACTOME_NEDDYLATION",64,-0.523588530428445,-2.6878641390441,4.37718653964526e-09,3.11126640371908e-08,1.10051187517018e-08,2894,"tags=64%, list=14%, signal=55%","Dcun1d1/Cul4a/Fbxo4/Fbxo9/Cdkn1a/Fbxw11/Cish/Spsb1/Nub1/Psma3/Socs2/Dcaf11/Psmc4/Psmc2/Fbxo6/Psma4/Psmb5/Psmd13/Adrm1/Psma7/Psmd1/Psmb2/Psmd3/Cul1/Psmd7/Nfe2l2/Psma1/Psmd8/Psmc6/Socs3/Psma2/Psmd14/Cops5/Rbbp7/Rbx1/Hif1a/Cul3/Skp1/Psma6/Ddb1/Sqstm1","INRR_vs_ARR = Neonate_Reinfected_IFN - Adult_Reinfected","Reactome","INRR_vs_ARR = Neonate_Reinfected_IFN - Adult_Reinfected | Positive NES/logFC = higher in Neonate_Reinfected_IFN ; Negative NES/logFC = higher in Adult_Reinfected"
"REACTOME_UBIQUITIN_DEPENDENT_DEGRADATION_OF_CYCLIN_D","REACTOME_UBIQUITIN_DEPENDENT_DEGRADATION_OF_CYCLIN_D",25,-0.752823255045161,-2.93690999699474,5.00791840966984e-09,3.53415956339557e-08,1.2500969263236e-08,2334,"tags=80%, list=12%, signal=71%","Psmc4/Psmc2/Psma4/Psmb5/Psmd13/Adrm1/Psma7/Psmd1/Psmb2/Psmd3/Psmd7/Gsk3b/Cdk4/Psma1/Psmd8/Psmc6/Psma2/Psmd14/Psma6/Ccnd1","INRR_vs_ARR = Neonate_Reinfected_IFN - Adult_Reinfected","Reactome","INRR_vs_ARR = Neonate_Reinfected_IFN - Adult_Reinfected | Positive NES/logFC = higher in Neonate_Reinfected_IFN ; Negative NES/logFC = higher in Adult_Reinfected"
"REACTOME_UBIQUITIN_MEDIATED_DEGRADATION_OF_PHOSPHORYLATED_CDC25A","REACTOME_UBIQUITIN_MEDIATED_DEGRADATION_OF_PHOSPHORYLATED_CDC25A",35,-0.662307819753358,-2.81952215105264,5.35776045078394e-09,3.7542321456557e-08,1.32794062684604e-08,2334,"tags=63%, list=12%, signal=56%","Psmc4/Psmc2/Mapk14/Psma4/Psmb5/Psmd13/Adrm1/Psma7/Psmd1/Psmb2/Psmd3/Cul1/Psmd7/Gsk3b/Psma1/Psmd8/Psmc6/Psma2/Psmd14/Rbx1/Skp1/Psma6","INRR_vs_ARR = Neonate_Reinfected_IFN - Adult_Reinfected","Reactome","INRR_vs_ARR = Neonate_Reinfected_IFN - Adult_Reinfected | Positive NES/logFC = higher in Neonate_Reinfected_IFN ; Negative NES/logFC = higher in Adult_Reinfected"
"REACTOME_ASSEMBLY_OF_COLLAGEN_FIBRILS_AND_OTHER_MULTIMERIC_STRUCTURES","REACTOME_ASSEMBLY_OF_COLLAGEN_FIBRILS_AND_OTHER_MULTIMERIC_STRUCTURES",39,-0.636648165392322,-2.83154974292153,5.74080900620964e-09,3.99430936488389e-08,1.41286033362609e-08,2949,"tags=56%, list=15%, signal=48%","Loxl1/Col15a1/Loxl2/Col6a2/Bmp1/Col5a1/Col6a1/Lamc2/Cd151/Lox/Pcolce/Col6a3/Ctsl/Col5a2/Col4a2/Col4a1/Plec/Ctsb/Ctss/Col1a2/Col3a1/Col1a1","INRR_vs_ARR = Neonate_Reinfected_IFN - Adult_Reinfected","Reactome","INRR_vs_ARR = Neonate_Reinfected_IFN - Adult_Reinfected | Positive NES/logFC = higher in Neonate_Reinfected_IFN ; Negative NES/logFC = higher in Adult_Reinfected"
"REACTOME_INTERLEUKIN_12_FAMILY_SIGNALING","REACTOME_INTERLEUKIN_12_FAMILY_SIGNALING",43,-0.609068948414779,-2.80371622747058,5.97761219386429e-09,4.12998660666988e-08,1.4608518574626e-08,1800,"tags=49%, list=9%, signal=45%","Cnn2/Psme2/Crlf1/Taldo1/Gsto1/Pdcd4/Lmnb1/Tcp1/Stat3/Cdc42/Il6st/Ppia/Anxa2/Arf1/Lcp1/Sod1/Canx/Rplp0/Cfl1/Hnrnpa2b1/Msn","INRR_vs_ARR = Neonate_Reinfected_IFN - Adult_Reinfected","Reactome","INRR_vs_ARR = Neonate_Reinfected_IFN - Adult_Reinfected | Positive NES/logFC = higher in Neonate_Reinfected_IFN ; Negative NES/logFC = higher in Adult_Reinfected"
"REACTOME_IRE1ALPHA_ACTIVATES_CHAPERONES","REACTOME_IRE1ALPHA_ACTIVATES_CHAPERONES",36,-0.659994307713704,-2.81418964863034,6.07652510997886e-09,4.16917139490216e-08,1.47471223429311e-08,3444,"tags=61%, list=17%, signal=51%","Wipi1/Klhdc3/Kdelr3/Acadvl/Shc1/Arfgap1/Srprb/Dnajb9/Yif1a/Edem1/Sec31a/Srpr/Atp6v0d1/Gfpt1/Serp1/Add1/Ssr1/Dnajc3/Hspa5/Lmna/Xbp1/Pdia6","INRR_vs_ARR = Neonate_Reinfected_IFN - Adult_Reinfected","Reactome","INRR_vs_ARR = Neonate_Reinfected_IFN - Adult_Reinfected | Positive NES/logFC = higher in Neonate_Reinfected_IFN ; Negative NES/logFC = higher in Adult_Reinfected"
"REACTOME_DEGRADATION_OF_BETA_CATENIN_BY_THE_DESTRUCTION_COMPLEX","REACTOME_DEGRADATION_OF_BETA_CATENIN_BY_THE_DESTRUCTION_COMPLEX",45,-0.606656216456965,-2.82435899538507,6.15832238847943e-09,4.19615346194323e-08,1.48425628528143e-08,2334,"tags=56%, list=12%, signal=49%","Psmc4/Tle3/Psmc2/Psma4/Psmb5/Psmd13/Adrm1/Ppp2cb/Psma7/Psmd1/Psmb2/Psmd3/Cul1/Psmd7/Gsk3b/Ctbp1/Psma1/Psmd8/Psmc6/Psma2/Psmd14/Rbx1/Skp1/Psma6/Ctnnb1","INRR_vs_ARR = Neonate_Reinfected_IFN - Adult_Reinfected","Reactome","INRR_vs_ARR = Neonate_Reinfected_IFN - Adult_Reinfected | Positive NES/logFC = higher in Neonate_Reinfected_IFN ; Negative NES/logFC = higher in Adult_Reinfected"
"REACTOME_ORC1_REMOVAL_FROM_CHROMATIN","REACTOME_ORC1_REMOVAL_FROM_CHROMATIN",39,-0.633702947904958,-2.81845062433057,7.08499751136019e-09,4.79450516522183e-08,1.69590423487497e-08,2942,"tags=59%, list=15%, signal=50%","Mcm2/Psma3/Psmc4/Psmc2/Mcm6/Psma4/Psmb5/Psmd13/Adrm1/Psma7/Psmd1/Psmb2/Psmd3/Cul1/Psmd7/Psma1/Psmd8/Psmc6/Psma2/Psmd14/Rbx1/Skp1/Psma6","INRR_vs_ARR = Neonate_Reinfected_IFN - Adult_Reinfected","Reactome","INRR_vs_ARR = Neonate_Reinfected_IFN - Adult_Reinfected | Positive NES/logFC = higher in Neonate_Reinfected_IFN ; Negative NES/logFC = higher in Adult_Reinfected"
"REACTOME_DETOXIFICATION_OF_REACTIVE_OXYGEN_SPECIES","REACTOME_DETOXIFICATION_OF_REACTIVE_OXYGEN_SPECIES",23,-0.744098212956799,-2.85320017381081,7.43451202472825e-09,4.99680127920511e-08,1.76746007318996e-08,1875,"tags=61%, list=9%, signal=55%","Cycs/Prdx2/Prdx1/Ero1a/Txnrd1/Sod3/Prdx6/Cat/Txn1/Atox1/Gpx1/Gpx3/Prdx5/Sod1","INRR_vs_ARR = Neonate_Reinfected_IFN - Adult_Reinfected","Reactome","INRR_vs_ARR = Neonate_Reinfected_IFN - Adult_Reinfected | Positive NES/logFC = higher in Neonate_Reinfected_IFN ; Negative NES/logFC = higher in Adult_Reinfected"
"REACTOME_SCAVENGING_BY_CLASS_A_RECEPTORS","REACTOME_SCAVENGING_BY_CLASS_A_RECEPTORS",12,-0.898306729852489,-2.80920133399219,8.03582367834945e-09,5.36445526635761e-08,1.89750601793173e-08,322,"tags=75%, list=2%, signal=74%","Col4a2/Col4a1/Ftl1/Calr/Col1a2/Hsp90b1/Apoe/Col3a1/Col1a1","INRR_vs_ARR = Neonate_Reinfected_IFN - Adult_Reinfected","Reactome","INRR_vs_ARR = Neonate_Reinfected_IFN - Adult_Reinfected | Positive NES/logFC = higher in Neonate_Reinfected_IFN ; Negative NES/logFC = higher in Adult_Reinfected"
"REACTOME_GENE_AND_PROTEIN_EXPRESSION_BY_JAK_STAT_SIGNALING_AFTER_INTERLEUKIN_12_STIMULATION","REACTOME_GENE_AND_PROTEIN_EXPRESSION_BY_JAK_STAT_SIGNALING_AFTER_INTERLEUKIN_12_STIMULATION",27,-0.721886609230897,-2.89121195238632,8.68127244801591e-09,5.75644105948975e-08,2.0361585678144e-08,1800,"tags=63%, list=9%, signal=57%","Cnn2/Psme2/Taldo1/Gsto1/Pdcd4/Lmnb1/Tcp1/Cdc42/Ppia/Anxa2/Arf1/Lcp1/Sod1/Rplp0/Cfl1/Hnrnpa2b1/Msn","INRR_vs_ARR = Neonate_Reinfected_IFN - Adult_Reinfected","Reactome","INRR_vs_ARR = Neonate_Reinfected_IFN - Adult_Reinfected | Positive NES/logFC = higher in Neonate_Reinfected_IFN ; Negative NES/logFC = higher in Adult_Reinfected"
"REACTOME_INTERLEUKIN_4_AND_INTERLEUKIN_13_SIGNALING","REACTOME_INTERLEUKIN_4_AND_INTERLEUKIN_13_SIGNALING",84,-0.462024340618751,-2.48933942293771,9.46360968157399e-09,6.23336424359673e-08,2.20485502756671e-08,2638,"tags=38%, list=13%, signal=33%","Trp53/Stat1/Itgam/Maoa/Fscn1/Il2rg/Irf4/Tnfrsf1b/Itgb2/Hmox1/Bcl2l1/Timp1/Socs3/Akt1/Muc1/Vegfa/Icam1/Mmp2/Hif1a/Stat3/Junb/Cd36/Anxa1/Mcl1/Hspa8/Ccnd1/Hsp90aa1/Itgb1/Col1a2/Hsp90b1/Vim/Fn1","INRR_vs_ARR = Neonate_Reinfected_IFN - Adult_Reinfected","Reactome","INRR_vs_ARR = Neonate_Reinfected_IFN - Adult_Reinfected | Positive NES/logFC = higher in Neonate_Reinfected_IFN ; Negative NES/logFC = higher in Adult_Reinfected"
"REACTOME_TOLL_LIKE_RECEPTOR_CASCADES","REACTOME_TOLL_LIKE_RECEPTOR_CASCADES",96,-0.430993207704849,-2.33765530002615,1.04697444828426e-08,6.85040235036327e-08,2.42311270010719e-08,4101,"tags=49%, list=21%, signal=39%","Nod1/Ikbkb/Optn/Ikbkg/Cd14/Fbxw11/Rela/Fos/Map3k1/Casp8/Nfkb2/Tnip2/S100a1/Tbk1/S100a9/Mef2a/Irak1/Trp53/Tank/Map2k3/Itgam/Chuk/Traf2/Mapk14/Rps6ka1/Mapk1/Usp14/Ppp2cb/Dusp3/Irf7/Myd88/Peli1/Itgb2/Cul1/Nfkb1/Dusp6/Jun/Nfkbia/Ctsl/Cd36/Skp1/App/Ctsb/Ager/Ctss/Lgmn/Hsp90b1","INRR_vs_ARR = Neonate_Reinfected_IFN - Adult_Reinfected","Reactome","INRR_vs_ARR = Neonate_Reinfected_IFN - Adult_Reinfected | Positive NES/logFC = higher in Neonate_Reinfected_IFN ; Negative NES/logFC = higher in Adult_Reinfected"
"REACTOME_UCH_PROTEINASES","REACTOME_UCH_PROTEINASES",30,-0.693860889131191,-2.90085754480446,1.06692142248961e-08,6.93498924618246e-08,2.45303263342486e-08,3017,"tags=73%, list=15%, signal=62%","Usp15/Psma3/Psmc4/Psmc2/Psma4/Psmb5/Psmd13/Adrm1/Psma7/Psmd1/Psmb2/Psmd3/Psmd7/Psma1/Psmd8/Psmc6/Psma2/Psmd14/Smad7/Tgfbr2/Actb/Psma6","INRR_vs_ARR = Neonate_Reinfected_IFN - Adult_Reinfected","Reactome","INRR_vs_ARR = Neonate_Reinfected_IFN - Adult_Reinfected | Positive NES/logFC = higher in Neonate_Reinfected_IFN ; Negative NES/logFC = higher in Adult_Reinfected"
"REACTOME_HEDGEHOG_ON_STATE","REACTOME_HEDGEHOG_ON_STATE",36,-0.652378766908675,-2.78171728356332,1.14033663512073e-08,7.3637424542437e-08,2.60469049095345e-08,2894,"tags=72%, list=14%, signal=62%","Psma3/Numb/Psmc4/Psmc2/Psma4/Psmb5/Psmd13/Adrm1/Psma7/Grk2/Psmd1/Arrb1/Arrb2/Psmb2/Psmd3/Psmd7/Smurf2/Spop/Psma1/Psmd8/Psmc6/Psma2/Psmd14/Rbx1/Cul3/Psma6","INRR_vs_ARR = Neonate_Reinfected_IFN - Adult_Reinfected","Reactome","INRR_vs_ARR = Neonate_Reinfected_IFN - Adult_Reinfected | Positive NES/logFC = higher in Neonate_Reinfected_IFN ; Negative NES/logFC = higher in Adult_Reinfected"
"REACTOME_ESR_MEDIATED_SIGNALING","REACTOME_ESR_MEDIATED_SIGNALING",103,-0.415696256117424,-2.36741188221511,1.15718228494577e-08,7.42400063328842e-08,2.62600491183865e-08,3606,"tags=42%, list=18%, signal=34%","Fos/Kdm4b/Xpo1/Bcl2/Hbegf/H4c14/Polr2g/Shc1/Runx1/Akt3/Src/Tle3/Sp1/Ago2/Cdk9/Mapk1/Stag1/Akt2/Hras/Smc1a/Polr2a/H2az2/Crebbp/Gng12/Polr2e/Gng11/Cdkn1b/Cav1/Gnai3/Akt1/Jun/Fkbp4/Polr2f/Mmp2/Smc3/Ptges3/Gnai2/Ctsd/Ccnd1/Gnb2/Hsp90aa1/Calm1/Hsp90ab1","INRR_vs_ARR = Neonate_Reinfected_IFN - Adult_Reinfected","Reactome","INRR_vs_ARR = Neonate_Reinfected_IFN - Adult_Reinfected | Positive NES/logFC = higher in Neonate_Reinfected_IFN ; Negative NES/logFC = higher in Adult_Reinfected"
"REACTOME_MRNA_SPLICING_MINOR_PATHWAY","REACTOME_MRNA_SPLICING_MINOR_PATHWAY",24,-0.750432814425198,-2.91566768255255,1.282161746628e-08,8.17274713334493e-08,2.89085025385736e-08,1953,"tags=50%, list=10%, signal=45%","Sf3b3/Txnl4a/Polr2a/Polr2e/Snrpd3/Snrpg/Srsf7/Polr2f/Srsf2/Srsf6/Snrpb/Srsf1","INRR_vs_ARR = Neonate_Reinfected_IFN - Adult_Reinfected","Reactome","INRR_vs_ARR = Neonate_Reinfected_IFN - Adult_Reinfected | Positive NES/logFC = higher in Neonate_Reinfected_IFN ; Negative NES/logFC = higher in Adult_Reinfected"
"REACTOME_THE_ROLE_OF_GTSE1_IN_G2_M_PROGRESSION_AFTER_G2_CHECKPOINT","REACTOME_THE_ROLE_OF_GTSE1_IN_G2_M_PROGRESSION_AFTER_G2_CHECKPOINT",32,-0.674366568930856,-2.83239393411927,1.31152362986109e-08,8.30631632245359e-08,2.9380961208764e-08,2981,"tags=72%, list=15%, signal=61%","Cdk1/Psma3/Trp53/Psmc4/Psmc2/Psma4/Psmb5/Psmd13/Adrm1/Psma7/Psmd1/Psmb2/Psmd3/Psmd7/Psma1/Psmd8/Mapre1/Psmc6/Psma2/Psmd14/Psma6/Hsp90aa1/Hsp90ab1","INRR_vs_ARR = Neonate_Reinfected_IFN - Adult_Reinfected","Reactome","INRR_vs_ARR = Neonate_Reinfected_IFN - Adult_Reinfected | Positive NES/logFC = higher in Neonate_Reinfected_IFN ; Negative NES/logFC = higher in Adult_Reinfected"
"REACTOME_METABOLISM_OF_POLYAMINES","REACTOME_METABOLISM_OF_POLYAMINES",30,-0.690656753488687,-2.88746186103163,1.44026249526114e-08,9.00619838808863e-08,3.18565721803263e-08,2334,"tags=63%, list=12%, signal=56%","Psma3/Psmc4/Psmc2/Srm/Psma4/Psmb5/Psmd13/Adrm1/Psma7/Psmd1/Psmb2/Psmd3/Psmd7/Psma1/Psmd8/Psmc6/Psma2/Psmd14/Psma6","INRR_vs_ARR = Neonate_Reinfected_IFN - Adult_Reinfected","Reactome","INRR_vs_ARR = Neonate_Reinfected_IFN - Adult_Reinfected | Positive NES/logFC = higher in Neonate_Reinfected_IFN ; Negative NES/logFC = higher in Adult_Reinfected"
"REACTOME_SOMITOGENESIS","REACTOME_SOMITOGENESIS",27,-0.715448626337162,-2.86542733073852,1.43509951968587e-08,9.00619838808863e-08,3.18565721803263e-08,2894,"tags=81%, list=14%, signal=70%","Psma3/Notch1/Psmc4/Psmc2/Psma4/Psmb5/Psmd13/Adrm1/Rbpj/Psma7/Lfng/Psmd1/Psmb2/Psmd3/Psmd7/Psma1/Psmd8/Psmc6/Psma2/Psmd14/Psma6/Ctnnb1","INRR_vs_ARR = Neonate_Reinfected_IFN - Adult_Reinfected","Reactome","INRR_vs_ARR = Neonate_Reinfected_IFN - Adult_Reinfected | Positive NES/logFC = higher in Neonate_Reinfected_IFN ; Negative NES/logFC = higher in Adult_Reinfected"
"REACTOME_SMOOTH_MUSCLE_CONTRACTION","REACTOME_SMOOTH_MUSCLE_CONTRACTION",29,-0.704310734973542,-2.89343749923342,1.48135067233334e-08,9.2048708444361e-08,3.25593130231492e-08,2135,"tags=69%, list=11%, signal=62%","Sorbs3/Myh11/Actg2/Itgb5/Cald1/Vcl/Tpm4/Mylk/Pxn/Myl12b/Tpm3/Tpm2/Myl9/Aldh2/Anxa1/Anxa2/Myl12a/Acta2/Tpm1/Calm1","INRR_vs_ARR = Neonate_Reinfected_IFN - Adult_Reinfected","Reactome","INRR_vs_ARR = Neonate_Reinfected_IFN - Adult_Reinfected | Positive NES/logFC = higher in Neonate_Reinfected_IFN ; Negative NES/logFC = higher in Adult_Reinfected"
"REACTOME_SCF_BETA_TRCP_MEDIATED_DEGRADATION_OF_EMI1","REACTOME_SCF_BETA_TRCP_MEDIATED_DEGRADATION_OF_EMI1",27,-0.714502323823913,-2.86163731565597,1.53834236812227e-08,9.49926412315499e-08,3.36006359353021e-08,2334,"tags=70%, list=12%, signal=62%","Psmc4/Psmc2/Psma4/Psmb5/Psmd13/Adrm1/Psma7/Psmd1/Psmb2/Psmd3/Cul1/Psmd7/Psma1/Psmd8/Psmc6/Psma2/Psmd14/Skp1/Psma6","INRR_vs_ARR = Neonate_Reinfected_IFN - Adult_Reinfected","Reactome","INRR_vs_ARR = Neonate_Reinfected_IFN - Adult_Reinfected | Positive NES/logFC = higher in Neonate_Reinfected_IFN ; Negative NES/logFC = higher in Adult_Reinfected"
"REACTOME_AMPK_INDUCED_ERAD_AND_LYSOSOME_MEDIATED_DEGRADATION_OF_PD_L1_CD274","REACTOME_AMPK_INDUCED_ERAD_AND_LYSOSOME_MEDIATED_DEGRADATION_OF_PD_L1_CD274",26,-0.716645938718535,-2.80593747713496,1.73537571838453e-08,1.06493863960492e-07,3.76688289312629e-08,2334,"tags=73%, list=12%, signal=65%","Psma3/Psmc4/Psmc2/Psma4/Psmb5/Psmd13/Adrm1/Cd274/Psma7/Psmd1/Psmb2/Psmd3/Psmd7/Psma1/Psmd8/Psmc6/Psma2/Psmd14/Psma6","INRR_vs_ARR = Neonate_Reinfected_IFN - Adult_Reinfected","Reactome","INRR_vs_ARR = Neonate_Reinfected_IFN - Adult_Reinfected | Positive NES/logFC = higher in Neonate_Reinfected_IFN ; Negative NES/logFC = higher in Adult_Reinfected"
"REACTOME_REGULATION_OF_RAS_BY_GAPS","REACTOME_REGULATION_OF_RAS_BY_GAPS",30,-0.688086545901702,-2.87671647072759,1.80298930524642e-08,1.09960088492806e-07,3.88948959936199e-08,2334,"tags=67%, list=12%, signal=59%","Psmc4/Psmc2/Psma4/Psmb5/Psmd13/Adrm1/Hras/Psma7/Psmd1/Psmb2/Psmd3/Psmd7/Psma1/Psmd8/Psmc6/Psma2/Psmd14/Rbx1/Cul3/Psma6","INRR_vs_ARR = Neonate_Reinfected_IFN - Adult_Reinfected","Reactome","INRR_vs_ARR = Neonate_Reinfected_IFN - Adult_Reinfected | Positive NES/logFC = higher in Neonate_Reinfected_IFN ; Negative NES/logFC = higher in Adult_Reinfected"
"REACTOME_NEGATIVE_REGULATION_OF_NOTCH4_SIGNALING","REACTOME_NEGATIVE_REGULATION_OF_NOTCH4_SIGNALING",30,-0.687971535972501,-2.87623564319274,1.84566311606194e-08,1.11872095623877e-07,3.95712079129845e-08,2334,"tags=73%, list=12%, signal=65%","Psmc4/Psmc2/Psma4/Psmb5/Psmd13/Adrm1/Psma7/Psmd1/Psmb2/Psmd3/Cul1/Psmd7/Psma1/Psmd8/Psmc6/Psma2/Akt1/Psmd14/Rbx1/Skp1/Psma6/Ywhaz","INRR_vs_ARR = Neonate_Reinfected_IFN - Adult_Reinfected","Reactome","INRR_vs_ARR = Neonate_Reinfected_IFN - Adult_Reinfected | Positive NES/logFC = higher in Neonate_Reinfected_IFN ; Negative NES/logFC = higher in Adult_Reinfected"
"REACTOME_DEGRADATION_OF_DVL","REACTOME_DEGRADATION_OF_DVL",25,-0.735733671300181,-2.87024020563434,1.86196661473432e-08,1.12172135082775e-07,3.96773373614759e-08,2334,"tags=80%, list=12%, signal=71%","Psma3/Psmc4/Psmc2/Psma4/Psmb5/Psmd13/Adrm1/Psma7/Psmd1/Psmb2/Psmd3/Psmd7/Psma1/Psmd8/Psmc6/Psma2/Psmd14/Rbx1/Cul3/Psma6","INRR_vs_ARR = Neonate_Reinfected_IFN - Adult_Reinfected","Reactome","INRR_vs_ARR = Neonate_Reinfected_IFN - Adult_Reinfected | Positive NES/logFC = higher in Neonate_Reinfected_IFN ; Negative NES/logFC = higher in Adult_Reinfected"
"REACTOME_HIV_LIFE_CYCLE","REACTOME_HIV_LIFE_CYCLE",74,-0.476339962649552,-2.51801691049649,2.19849198139752e-08,1.31643035007318e-07,4.65645510573509e-08,4805,"tags=59%, list=24%, signal=45%","Taf12/Nup93/Polr2j/Psip1/Taf6/Taf9/Vps37b/Tsg101/Supt4a/Tcea1/Taf13/Xpo1/Eloa/Nupl1/Ncbp2/Cxcr4/Taf10/Nedd4l/Polr2g/Nup205/Gtf2b/Ercc3/Ssrp1/Nelfb/Nup153/Gtf2h5/Ccr5/Nmt1/Cdk9/Rae1/Vps4b/Cdk7/Mvb12a/Polr2a/Supt5/Polr2e/Ran/Ranbp1/Nup98/Banf1/Vps28/Polr2f/Furin/Ppia","INRR_vs_ARR = Neonate_Reinfected_IFN - Adult_Reinfected","Reactome","INRR_vs_ARR = Neonate_Reinfected_IFN - Adult_Reinfected | Positive NES/logFC = higher in Neonate_Reinfected_IFN ; Negative NES/logFC = higher in Adult_Reinfected"
"REACTOME_APC_C_MEDIATED_DEGRADATION_OF_CELL_CYCLE_PROTEINS","REACTOME_APC_C_MEDIATED_DEGRADATION_OF_CELL_CYCLE_PROTEINS",46,-0.55784305054919,-2.60694906502817,2.21691373767828e-08,1.3194643209796e-07,4.6671868161648e-08,2981,"tags=54%, list=15%, signal=46%","Cdk1/Psma3/Nek2/Psmc4/Psmc2/Psma4/Psmb5/Psmd13/Adrm1/Psma7/Psmd1/Psmb2/Ube2s/Psmd3/Cul1/Psmd7/Ube2c/Psma1/Bub3/Psmd8/Psmc6/Psma2/Psmd14/Skp1/Psma6","INRR_vs_ARR = Neonate_Reinfected_IFN - Adult_Reinfected","Reactome","INRR_vs_ARR = Neonate_Reinfected_IFN - Adult_Reinfected | Positive NES/logFC = higher in Neonate_Reinfected_IFN ; Negative NES/logFC = higher in Adult_Reinfected"
"REACTOME_FCERI_MEDIATED_NF_KB_ACTIVATION","REACTOME_FCERI_MEDIATED_NF_KB_ACTIVATION",40,-0.607825488329116,-2.74302193261124,2.29606370377048e-08,1.35838978402709e-07,4.80487330382477e-08,2363,"tags=62%, list=12%, signal=55%","Chuk/Psmc4/Psmc2/Cdc34/Psma4/Psmb5/Psmd13/Adrm1/Psma7/Psmd1/Psmb2/Lyn/Psmd3/Cul1/Nfkb1/Psmd7/Psma1/Psmd8/Psmc6/Bcl10/Psma2/Nfkbia/Psmd14/Skp1/Psma6","INRR_vs_ARR = Neonate_Reinfected_IFN - Adult_Reinfected","Reactome","INRR_vs_ARR = Neonate_Reinfected_IFN - Adult_Reinfected | Positive NES/logFC = higher in Neonate_Reinfected_IFN ; Negative NES/logFC = higher in Adult_Reinfected"
"REACTOME_P53_DEPENDENT_G1_DNA_DAMAGE_RESPONSE","REACTOME_P53_DEPENDENT_G1_DNA_DAMAGE_RESPONSE",32,-0.667290864924607,-2.80267540708923,2.32221690380616e-08,1.36568470295267e-07,4.83067676731607e-08,2894,"tags=66%, list=14%, signal=56%","Psma3/Trp53/Psmc4/Psmc2/Psma4/Psmb5/Psmd13/Adrm1/Psma7/Psmd1/Psmb2/Mdm2/Psmd3/Psmd7/Psma1/Cdkn1b/Psmd8/Psmc6/Psma2/Psmd14/Psma6","INRR_vs_ARR = Neonate_Reinfected_IFN - Adult_Reinfected","Reactome","INRR_vs_ARR = Neonate_Reinfected_IFN - Adult_Reinfected | Positive NES/logFC = higher in Neonate_Reinfected_IFN ; Negative NES/logFC = higher in Adult_Reinfected"
"REACTOME_SIGNALING_BY_NOTCH4","REACTOME_SIGNALING_BY_NOTCH4",51,-0.548619212782336,-2.6237740992879,2.53891659551543e-08,1.48428970199364e-07,5.25020435821317e-08,2334,"tags=59%, list=12%, signal=52%","Psmc4/Psmc2/Jag1/Psma4/Psmb5/Psmd13/Adrm1/Rbpj/Psma7/Psmd1/Crebbp/Psmb2/Psmd3/Cul1/Psmd7/Psma1/Psmd8/Adam10/Aph1a/Psmc6/Psma2/Akt1/Hes1/Psmd14/Psenen/Rbx1/Skp1/Psma6/Ywhaz/Acta2","INRR_vs_ARR = Neonate_Reinfected_IFN - Adult_Reinfected","Reactome","INRR_vs_ARR = Neonate_Reinfected_IFN - Adult_Reinfected | Positive NES/logFC = higher in Neonate_Reinfected_IFN ; Negative NES/logFC = higher in Adult_Reinfected"
"REACTOME_CLEC7A_DECTIN_1_SIGNALING","REACTOME_CLEC7A_DECTIN_1_SIGNALING",49,-0.5721846687578,-2.71909579747043,2.72356289116031e-08,1.58287066850964e-07,5.59890328089921e-08,2894,"tags=69%, list=14%, signal=59%","Ikbkb/Ikbkg/Fbxw11/Rela/Casp8/Nfkb2/Psma3/Ppp3r1/Src/Chuk/Psmc4/Psmc2/Cdc34/Psma4/Psmb5/Psmd13/Adrm1/Psma7/Psmd1/Psmb2/Psmd3/Cul1/Nfkb1/Psmd7/Psma1/Psmd8/Psmc6/Bcl10/Psma2/Nfkbia/Psmd14/Skp1/Psma6/Calm1","INRR_vs_ARR = Neonate_Reinfected_IFN - Adult_Reinfected","Reactome","INRR_vs_ARR = Neonate_Reinfected_IFN - Adult_Reinfected | Positive NES/logFC = higher in Neonate_Reinfected_IFN ; Negative NES/logFC = higher in Adult_Reinfected"
"REACTOME_DEADENYLATION_DEPENDENT_MRNA_DECAY","REACTOME_DEADENYLATION_DEPENDENT_MRNA_DECAY",29,-0.695164622424483,-2.85586359370059,2.76001212109936e-08,1.59467366996852e-07,5.64065265746377e-08,3363,"tags=52%, list=17%, signal=43%","Ttc37/Exosc8/Edc4/Cnot9/Lsm2/Eif4a3/Cnot2/Cnot6/Paip1/Lsm4/Eif4e/Eif4g1/Eif4a2/Eif4a1/Pabpc1","INRR_vs_ARR = Neonate_Reinfected_IFN - Adult_Reinfected","Reactome","INRR_vs_ARR = Neonate_Reinfected_IFN - Adult_Reinfected | Positive NES/logFC = higher in Neonate_Reinfected_IFN ; Negative NES/logFC = higher in Adult_Reinfected"
"REACTOME_RESPIRATORY_SYNCYTIAL_VIRUS_RSV_GENOME_REPLICATION_TRANSCRIPTION_AND_TRANSLATION","REACTOME_RESPIRATORY_SYNCYTIAL_VIRUS_RSV_GENOME_REPLICATION_TRANSCRIPTION_AND_TRANSLATION",12,-0.887377770937784,-2.77502409258671,2.80224672062482e-08,1.6096626511496e-07,5.69367142746291e-08,945,"tags=75%, list=5%, signal=71%","Spcs3/Sec11a/Kpnb1/Furin/Spcs1/Hspa8/Ppp1ca/Hsp90aa1/Hsp90ab1","INRR_vs_ARR = Neonate_Reinfected_IFN - Adult_Reinfected","Reactome","INRR_vs_ARR = Neonate_Reinfected_IFN - Adult_Reinfected | Positive NES/logFC = higher in Neonate_Reinfected_IFN ; Negative NES/logFC = higher in Adult_Reinfected"
"REACTOME_REGULATION_OF_ORNITHINE_DECARBOXYLASE_ODC","REACTOME_REGULATION_OF_ORNITHINE_DECARBOXYLASE_ODC",24,-0.739238562839166,-2.87217449175337,2.84824335285873e-08,1.6266268396673e-07,5.75367686735078e-08,2334,"tags=75%, list=12%, signal=66%","Psma3/Psmc4/Psmc2/Psma4/Psmb5/Psmd13/Adrm1/Psma7/Psmd1/Psmb2/Psmd3/Psmd7/Psma1/Psmd8/Psmc6/Psma2/Psmd14/Psma6","INRR_vs_ARR = Neonate_Reinfected_IFN - Adult_Reinfected","Reactome","INRR_vs_ARR = Neonate_Reinfected_IFN - Adult_Reinfected | Positive NES/logFC = higher in Neonate_Reinfected_IFN ; Negative NES/logFC = higher in Adult_Reinfected"
"REACTOME_SIGNALING_BY_PDGF","REACTOME_SIGNALING_BY_PDGF",38,-0.620255749757793,-2.76601357407663,3.03185187040556e-08,1.72153428043718e-07,6.0893818570759e-08,2698,"tags=47%, list=14%, signal=41%","Col6a2/Src/Stat1/Pdgfb/Hras/Col5a1/Col6a1/Plat/Grb2/Col6a3/Col5a2/Stat3/Furin/Col4a2/Col4a1/Spp1/Thbs1/Col3a1","INRR_vs_ARR = Neonate_Reinfected_IFN - Adult_Reinfected","Reactome","INRR_vs_ARR = Neonate_Reinfected_IFN - Adult_Reinfected | Positive NES/logFC = higher in Neonate_Reinfected_IFN ; Negative NES/logFC = higher in Adult_Reinfected"
"REACTOME_DEGRADATION_OF_GLI1_BY_THE_PROTEASOME","REACTOME_DEGRADATION_OF_GLI1_BY_THE_PROTEASOME",29,-0.694538826370549,-2.85329270889164,3.10772339997086e-08,1.74456290862001e-07,6.17083833008568e-08,2894,"tags=79%, list=14%, signal=68%","Psma3/Numb/Prkaca/Psmc4/Psmc2/Psma4/Psmb5/Psmd13/Adrm1/Psma7/Psmd1/Psmb2/Psmd3/Cul1/Psmd7/Psma1/Psmd8/Psmc6/Psma2/Psmd14/Rbx1/Skp1/Psma6","INRR_vs_ARR = Neonate_Reinfected_IFN - Adult_Reinfected","Reactome","INRR_vs_ARR = Neonate_Reinfected_IFN - Adult_Reinfected | Positive NES/logFC = higher in Neonate_Reinfected_IFN ; Negative NES/logFC = higher in Adult_Reinfected"
"REACTOME_CELLULAR_RESPONSE_TO_HEAT_STRESS","REACTOME_CELLULAR_RESPONSE_TO_HEAT_STRESS",47,-0.561078510490466,-2.649034785017,3.10049915228016e-08,1.74456290862001e-07,6.17083833008568e-08,3526,"tags=57%, list=18%, signal=47%","Nupl1/Mtor/Hspb8/Rpa3/Hspa9/Nup205/Nup153/Dnajb1/Hsph1/Rae1/Serpinh1/Mapk1/Crebbp/Gsk3b/Hspa4l/Nup98/Bag1/Cryab/Akt1s1/Fkbp4/Hspa4/Ptges3/Hspa5/Hspa8/Ywhae/Hsp90aa1/Hsp90ab1","INRR_vs_ARR = Neonate_Reinfected_IFN - Adult_Reinfected","Reactome","INRR_vs_ARR = Neonate_Reinfected_IFN - Adult_Reinfected | Positive NES/logFC = higher in Neonate_Reinfected_IFN ; Negative NES/logFC = higher in Adult_Reinfected"
"REACTOME_CELLULAR_RESPONSE_TO_HYPOXIA","REACTOME_CELLULAR_RESPONSE_TO_HYPOXIA",32,-0.661209764190027,-2.77713429395146,3.31312085935143e-08,1.84935785821424e-07,6.54151724831801e-08,2334,"tags=69%, list=12%, signal=61%","Psmc4/Psmc2/Psma4/Psmb5/Psmd13/Adrm1/Psma7/Psmd1/Crebbp/Psmb2/Psmd3/Psmd7/Egln2/Psma1/Psmd8/Psmc6/Psma2/Psmd14/Vegfa/Rbx1/Hif1a/Psma6","INRR_vs_ARR = Neonate_Reinfected_IFN - Adult_Reinfected","Reactome","INRR_vs_ARR = Neonate_Reinfected_IFN - Adult_Reinfected | Positive NES/logFC = higher in Neonate_Reinfected_IFN ; Negative NES/logFC = higher in Adult_Reinfected"
"REACTOME_RAC1_GTPASE_CYCLE","REACTOME_RAC1_GTPASE_CYCLE",72,-0.477587135762629,-2.55272995724617,4.01167333483819e-08,2.22670407574165e-07,7.87625988862377e-08,4133,"tags=53%, list=21%, signal=42%","Arap3/Epha2/Arhgap5/Cdc42bpa/Pak4/Cyfip1/Snap23/Arhgap29/Dock9/Iqgap2/Wasl/Def6/Sos1/Ect2/Farp1/Vamp3/Ralbp1/Racgap1/Lbr/Cdc42ep1/Wipf1/Jag1/Dock2/Dock4/Tmpo/Dock10/Cyfip2/Abr/Esyt1/Cav1/Slc1a5/Wasf2/Fermt2/Rac1/Abi1/Cdc42/Arhgdia/Itgb1","INRR_vs_ARR = Neonate_Reinfected_IFN - Adult_Reinfected","Reactome","INRR_vs_ARR = Neonate_Reinfected_IFN - Adult_Reinfected | Positive NES/logFC = higher in Neonate_Reinfected_IFN ; Negative NES/logFC = higher in Adult_Reinfected"
"REACTOME_TCF_DEPENDENT_SIGNALING_IN_RESPONSE_TO_WNT","REACTOME_TCF_DEPENDENT_SIGNALING_IN_RESPONSE_TO_WNT",74,-0.468328763745615,-2.47566830257945,4.08431240872782e-08,2.25435791051569e-07,7.97407656393788e-08,2334,"tags=45%, list=12%, signal=40%","Psmc4/Tle3/Psmc2/Psma4/Psmb5/Akt2/Psmd13/Adrm1/Ppp2cb/Psma7/H2az2/Psmd1/Crebbp/Psmb2/Psmd3/Psmd7/Gsk3b/Smurf2/Ctbp1/Psma1/Psmd8/Cav1/Psmc6/Psma2/Usp8/Akt1/Sfrp1/Psmd14/Rbx1/Cul3/Psma6/Ctnnb1/Ywhaz","INRR_vs_ARR = Neonate_Reinfected_IFN - Adult_Reinfected","Reactome","INRR_vs_ARR = Neonate_Reinfected_IFN - Adult_Reinfected | Positive NES/logFC = higher in Neonate_Reinfected_IFN ; Negative NES/logFC = higher in Adult_Reinfected"
"REACTOME_REGULATION_OF_RUNX3_EXPRESSION_AND_ACTIVITY","REACTOME_REGULATION_OF_RUNX3_EXPRESSION_AND_ACTIVITY",28,-0.693384283833134,-2.79794636112819,4.29554924937883e-08,2.35777925465905e-07,8.33989678826768e-08,2894,"tags=75%, list=14%, signal=64%","Psma3/Src/Psmc4/Psmc2/Psma4/Psmb5/Psmd13/Adrm1/Psma7/Psmd1/Psmb2/Mdm2/Psmd3/Psmd7/Smurf2/Psma1/Psmd8/Psmc6/Psma2/Psmd14/Psma6","INRR_vs_ARR = Neonate_Reinfected_IFN - Adult_Reinfected","Reactome","INRR_vs_ARR = Neonate_Reinfected_IFN - Adult_Reinfected | Positive NES/logFC = higher in Neonate_Reinfected_IFN ; Negative NES/logFC = higher in Adult_Reinfected"
"REACTOME_HH_MUTANTS_ABROGATE_LIGAND_SECRETION","REACTOME_HH_MUTANTS_ABROGATE_LIGAND_SECRETION",23,-0.723743967557289,-2.77515303500517,4.47846358113086e-08,2.4445978000869e-07,8.64698987458822e-08,2334,"tags=78%, list=12%, signal=69%","Psma3/Psmc4/Psmc2/Psma4/Psmb5/Psmd13/Adrm1/Psma7/Psmd1/Psmb2/Psmd3/Psmd7/Psma1/Psmd8/Psmc6/Psma2/Psmd14/Psma6","INRR_vs_ARR = Neonate_Reinfected_IFN - Adult_Reinfected","Reactome","INRR_vs_ARR = Neonate_Reinfected_IFN - Adult_Reinfected | Positive NES/logFC = higher in Neonate_Reinfected_IFN ; Negative NES/logFC = higher in Adult_Reinfected"
"REACTOME_ANTIGEN_PROCESSING_UBIQUITINATION_PROTEASOME_DEGRADATION","REACTOME_ANTIGEN_PROCESSING_UBIQUITINATION_PROTEASOME_DEGRADATION",82,-0.447727831722169,-2.42266237785827,4.80086273136624e-08,2.60618262559881e-07,9.21854497867895e-08,2459,"tags=39%, list=12%, signal=34%","Rchy1/Psmc4/Psmc2/Fbxo6/Cdc34/Psma4/Uba7/Psmb5/Psmd13/Adrm1/Psma7/Psmd1/Psmb2/Ube2s/Psmd3/Wwp1/Cul1/Psmd7/Smurf2/Ube2c/Psma1/Psmd8/Psmc6/Socs3/Psma2/Psmd14/Rbx1/Huwe1/Cul3/Nedd4/Skp1/Psma6","INRR_vs_ARR = Neonate_Reinfected_IFN - Adult_Reinfected","Reactome","INRR_vs_ARR = Neonate_Reinfected_IFN - Adult_Reinfected | Positive NES/logFC = higher in Neonate_Reinfected_IFN ; Negative NES/logFC = higher in Adult_Reinfected"
"REACTOME_RHOG_GTPASE_CYCLE","REACTOME_RHOG_GTPASE_CYCLE",37,-0.624468456216172,-2.71714794637772,5.3786395261161e-08,2.90387751464629e-07,1.02715462908861e-07,4106,"tags=65%, list=21%, signal=52%","Epha2/Arhgap5/Pak4/Cyfip1/Iqgap2/Itsn1/Vamp3/Lbr/Stx5a/Ndufa5/Cdc42ep1/Map3k11/Arfgap3/Ndufs3/Dock2/Dock4/Tmpo/Lman1/Esyt1/Cav1/Hspe1/Cdc42/Arhgdia/Itgb1","INRR_vs_ARR = Neonate_Reinfected_IFN - Adult_Reinfected","Reactome","INRR_vs_ARR = Neonate_Reinfected_IFN - Adult_Reinfected | Positive NES/logFC = higher in Neonate_Reinfected_IFN ; Negative NES/logFC = higher in Adult_Reinfected"
"REACTOME_MET_PROMOTES_CELL_MOTILITY","REACTOME_MET_PROMOTES_CELL_MOTILITY",25,-0.72026673520878,-2.80990067849396,5.48876247677631e-08,2.94722680818206e-07,1.04248806767147e-07,1614,"tags=56%, list=8%, signal=52%","Src/Lama4/Col5a1/Itga3/Lamc2/Lamc1/Rac1/Grb2/Col5a2/Itgb1/Col1a2/Fn1/Col3a1/Col1a1","INRR_vs_ARR = Neonate_Reinfected_IFN - Adult_Reinfected","Reactome","INRR_vs_ARR = Neonate_Reinfected_IFN - Adult_Reinfected | Positive NES/logFC = higher in Neonate_Reinfected_IFN ; Negative NES/logFC = higher in Adult_Reinfected"
"REACTOME_VIF_MEDIATED_DEGRADATION_OF_APOBEC3G","REACTOME_VIF_MEDIATED_DEGRADATION_OF_APOBEC3G",24,-0.728939114148533,-2.83215789184178,5.56884731462527e-08,2.9580758854031e-07,1.04632558486451e-07,2334,"tags=79%, list=12%, signal=70%","Psma3/Psmc4/Psmc2/Psma4/Psmb5/Psmd13/Adrm1/Psma7/Psmd1/Psmb2/Psmd3/Psmd7/Psma1/Psmd8/Psmc6/Psma2/Psmd14/Rbx1/Psma6","INRR_vs_ARR = Neonate_Reinfected_IFN - Adult_Reinfected","Reactome","INRR_vs_ARR = Neonate_Reinfected_IFN - Adult_Reinfected | Positive NES/logFC = higher in Neonate_Reinfected_IFN ; Negative NES/logFC = higher in Adult_Reinfected"
"REACTOME_APOPTOTIC_EXECUTION_PHASE","REACTOME_APOPTOTIC_EXECUTION_PHASE",30,-0.670159586875052,-2.80176837210659,5.5595113655086e-08,2.9580758854031e-07,1.04632558486451e-07,2753,"tags=57%, list=14%, signal=49%","Casp7/Dnm1l/Rock1/H1f0/Tjp1/Bcap31/Lmnb1/Add1/Hmgb2/Kpnb1/Cdh1/Gsn/Ctnnb1/Plec/Lmna/Sptan1/Vim","INRR_vs_ARR = Neonate_Reinfected_IFN - Adult_Reinfected","Reactome","INRR_vs_ARR = Neonate_Reinfected_IFN - Adult_Reinfected | Positive NES/logFC = higher in Neonate_Reinfected_IFN ; Negative NES/logFC = higher in Adult_Reinfected"
"REACTOME_DEGRADATION_OF_AXIN","REACTOME_DEGRADATION_OF_AXIN",25,-0.719218655378414,-2.80581191514768,5.73270310926926e-08,3.02882923634119e-07,1.07135234015052e-07,2334,"tags=76%, list=12%, signal=67%","Psma3/Psmc4/Psmc2/Psma4/Psmb5/Psmd13/Adrm1/Psma7/Psmd1/Psmb2/Psmd3/Psmd7/Smurf2/Psma1/Psmd8/Psmc6/Psma2/Psmd14/Psma6","INRR_vs_ARR = Neonate_Reinfected_IFN - Adult_Reinfected","Reactome","INRR_vs_ARR = Neonate_Reinfected_IFN - Adult_Reinfected | Positive NES/logFC = higher in Neonate_Reinfected_IFN ; Negative NES/logFC = higher in Adult_Reinfected"
"REACTOME_STABILIZATION_OF_P53","REACTOME_STABILIZATION_OF_P53",26,-0.700133528409002,-2.74128520127305,5.83487621814715e-08,3.0664136720901e-07,1.08464664301504e-07,2894,"tags=77%, list=14%, signal=66%","Psma3/Trp53/Psmc4/Psmc2/Psma4/Psmb5/Psmd13/Adrm1/Psma7/Psmd1/Psmb2/Mdm2/Psmd3/Psmd7/Psma1/Psmd8/Psmc6/Psma2/Psmd14/Psma6","INRR_vs_ARR = Neonate_Reinfected_IFN - Adult_Reinfected","Reactome","INRR_vs_ARR = Neonate_Reinfected_IFN - Adult_Reinfected | Positive NES/logFC = higher in Neonate_Reinfected_IFN ; Negative NES/logFC = higher in Adult_Reinfected"
"REACTOME_FORMATION_OF_PARAXIAL_MESODERM","REACTOME_FORMATION_OF_PARAXIAL_MESODERM",34,-0.645952544389381,-2.76294860880864,6.56966698074743e-08,3.43430210422141e-07,1.21477551523706e-07,2894,"tags=71%, list=14%, signal=60%","Psma3/Notch1/Psmc4/Psmc2/Fgfr1/Psma4/Psmb5/Psmd13/Adrm1/Rbpj/Psma7/Lfng/Psmd1/Crebbp/Psmb2/Psmd3/Psmd7/Psma1/Psmd8/Psmc6/Psma2/Psmd14/Psma6/Ctnnb1","INRR_vs_ARR = Neonate_Reinfected_IFN - Adult_Reinfected","Reactome","INRR_vs_ARR = Neonate_Reinfected_IFN - Adult_Reinfected | Positive NES/logFC = higher in Neonate_Reinfected_IFN ; Negative NES/logFC = higher in Adult_Reinfected"
"REACTOME_SIGNALING_BY_TGFB_FAMILY_MEMBERS","REACTOME_SIGNALING_BY_TGFB_FAMILY_MEMBERS",99,-0.406401155852133,-2.26106623977605,7.24129038729458e-08,3.76547100139318e-07,1.33191601583479e-07,3201,"tags=43%, list=16%, signal=37%","Tgif1/Nedd4l/E2f4/Usp15/Ski/Fst/Stat1/Tfdp2/Itgav/Sp1/Ago2/Ncor2/Cdk9/Fbn1/Mapk1/Ppm1a/Serpine1/Tgfb3/Itgb5/Bmpr1a/Smad6/Arrb1/Arrb2/Fkbp1a/Timp1/Smurf2/Aph1a/Ltbp2/Acvrl1/Smad7/Psenen/Pmepa1/Timp2/Bmpr2/Junb/Tgfbr2/Furin/Fstl1/Ppp1ca/Rhoa/Mmp14/Itgb1/Col1a2","INRR_vs_ARR = Neonate_Reinfected_IFN - Adult_Reinfected","Reactome","INRR_vs_ARR = Neonate_Reinfected_IFN - Adult_Reinfected | Positive NES/logFC = higher in Neonate_Reinfected_IFN ; Negative NES/logFC = higher in Adult_Reinfected"
"REACTOME_MAPK6_MAPK4_SIGNALING","REACTOME_MAPK6_MAPK4_SIGNALING",47,-0.546139343215347,-2.57850210014125,8.09523367202398e-08,4.18748212982183e-07,1.48118907639127e-07,2981,"tags=57%, list=15%, signal=49%","Cdk1/Psma3/Prkaca/Cdc14b/Psmc4/Psmc2/Ago2/Dnajb1/Psma4/Psmb5/Psmd13/Adrm1/Psma7/Psmd1/Psmb2/Psmd3/Psmd7/Psma1/Psmd8/Psmc6/Psma2/Jun/Psmd14/Rac1/Mmp2/Cdc42/Psma6","INRR_vs_ARR = Neonate_Reinfected_IFN - Adult_Reinfected","Reactome","INRR_vs_ARR = Neonate_Reinfected_IFN - Adult_Reinfected | Positive NES/logFC = higher in Neonate_Reinfected_IFN ; Negative NES/logFC = higher in Adult_Reinfected"
"REACTOME_REGULATION_OF_RUNX2_EXPRESSION_AND_ACTIVITY","REACTOME_REGULATION_OF_RUNX2_EXPRESSION_AND_ACTIVITY",35,-0.62497823734041,-2.66060573580927,8.21313009228288e-08,4.22633985998723e-07,1.4949337667971e-07,2531,"tags=69%, list=13%, signal=60%","Psma3/Stat1/Psmc4/Psmc2/Psma4/Psmb5/Psmd13/Adrm1/Psma7/Psmd1/Psmb2/Psmd3/Wwp1/Cul1/Psmd7/Gsk3b/Psma1/Psmd8/Psmc6/Psma2/Psmd14/Rbx1/Skp1/Psma6","INRR_vs_ARR = Neonate_Reinfected_IFN - Adult_Reinfected","Reactome","INRR_vs_ARR = Neonate_Reinfected_IFN - Adult_Reinfected | Positive NES/logFC = higher in Neonate_Reinfected_IFN ; Negative NES/logFC = higher in Adult_Reinfected"
"REACTOME_SIGNALING_BY_NUCLEAR_RECEPTORS","REACTOME_SIGNALING_BY_NUCLEAR_RECEPTORS",148,-0.352802506857842,-2.10957134285713,8.72163213857627e-08,4.46475261808982e-07,1.57926472321098e-07,3001,"tags=33%, list=15%, signal=28%","Polr2g/Shc1/Pdk3/Runx1/Kdm3a/Akt3/Src/Tle3/Dhrs3/Dld/Sp1/Ago2/Ncor2/Cdk9/Mapk1/Stag1/Dlat/Akt2/Hras/Fasn/Smc1a/Polr2a/Adh1/H2az2/Crebbp/Gng12/Polr2e/Gng11/Abca1/Cdkn1b/Cav1/Gnai3/Akt1/Jun/Fkbp4/Scd1/Scd2/Polr2f/Mmp2/Smc3/Ptges3/Gnai2/Ctsd/Ccnd1/Gnb2/Hsp90aa1/Calm1/Hsp90ab1/Apoe","INRR_vs_ARR = Neonate_Reinfected_IFN - Adult_Reinfected","Reactome","INRR_vs_ARR = Neonate_Reinfected_IFN - Adult_Reinfected | Positive NES/logFC = higher in Neonate_Reinfected_IFN ; Negative NES/logFC = higher in Adult_Reinfected"
"REACTOME_IMMUNOREGULATORY_INTERACTIONS_BETWEEN_A_LYMPHOID_AND_A_NON_LYMPHOID_CELL","REACTOME_IMMUNOREGULATORY_INTERACTIONS_BETWEEN_A_LYMPHOID_AND_A_NON_LYMPHOID_CELL",51,-0.530322864552557,-2.53627172336237,1.00075818497676e-07,5.09664477709815e-07,1.80277654591582e-07,1320,"tags=37%, list=7%, signal=35%","Itgb2/Nectin2/Icam2/Ifitm1/Cd3e/H2-T23/Icam1/Fcgr2b/Cd34/Cdh1/B2m/Cd81/H2-Q1/Itgb1/Col1a2/C3/H2-D1/Col3a1/Col1a1","INRR_vs_ARR = Neonate_Reinfected_IFN - Adult_Reinfected","Reactome","INRR_vs_ARR = Neonate_Reinfected_IFN - Adult_Reinfected | Positive NES/logFC = higher in Neonate_Reinfected_IFN ; Negative NES/logFC = higher in Adult_Reinfected"
"REACTOME_DECTIN_1_MEDIATED_NONCANONICAL_NF_KB_SIGNALING","REACTOME_DECTIN_1_MEDIATED_NONCANONICAL_NF_KB_SIGNALING",32,-0.643087506315302,-2.70101935047451,1.14299059087765e-07,5.79115232711344e-07,2.04843657852297e-07,2363,"tags=75%, list=12%, signal=66%","Fbxw11/Rela/Nfkb2/Psma3/Chuk/Psmc4/Psmc2/Psma4/Psmb5/Psmd13/Adrm1/Psma7/Psmd1/Psmb2/Psmd3/Cul1/Psmd7/Psma1/Psmd8/Psmc6/Psma2/Psmd14/Skp1/Psma6","INRR_vs_ARR = Neonate_Reinfected_IFN - Adult_Reinfected","Reactome","INRR_vs_ARR = Neonate_Reinfected_IFN - Adult_Reinfected | Positive NES/logFC = higher in Neonate_Reinfected_IFN ; Negative NES/logFC = higher in Adult_Reinfected"
"REACTOME_TRANSCRIPTIONAL_REGULATION_BY_RUNX1","REACTOME_TRANSCRIPTIONAL_REGULATION_BY_RUNX1",85,-0.444950312963872,-2.40263104319054,1.21064044640319e-07,6.10261612778752e-07,2.1586070258102e-07,3284,"tags=53%, list=16%, signal=44%","Gpam/Cdk6/Csnk2a2/Csnk2b/Cbx8/H4c14/Lifr/Ccnd2/Psma3/Runx1/Src/Kmt2d/Tjp1/Psmc4/Psmc2/Ago2/Abl1/Psma4/Psmb5/Psmd13/Elf1/Adrm1/Cdk7/Cr1l/Psma7/H2az2/Psmd1/Crebbp/Psmb2/Ldb1/Psmd3/Psmd7/Psma1/Psmd8/Psmc6/Socs3/Psma2/Psmd14/Lgals3/Myl9/Cldn5/Ctsl/Psma6/Ccnd1/Thbs1","INRR_vs_ARR = Neonate_Reinfected_IFN - Adult_Reinfected","Reactome","INRR_vs_ARR = Neonate_Reinfected_IFN - Adult_Reinfected | Positive NES/logFC = higher in Neonate_Reinfected_IFN ; Negative NES/logFC = higher in Adult_Reinfected"
"REACTOME_MITF_M_REGULATED_MELANOCYTE_DEVELOPMENT","REACTOME_MITF_M_REGULATED_MELANOCYTE_DEVELOPMENT",85,-0.444782429531723,-2.40172451063181,1.23414729641099e-07,6.18953060332008e-07,2.18935026667618e-07,3995,"tags=53%, list=20%, signal=43%","Cdkn1a/Edn1/Atp6v0a1/Aimp2/Mcm5/Atp6v1d/Xpo1/Bcl2/Iars/Rars/Atp6v1f/Atp6v1h/Mcm2/Csf1/Akt3/Id1/Mapk14/Rps6ka1/Ago2/Irf4/Atp6v1g1/Mapk1/Serpine1/Akt2/Ywhab/Ywhag/Mark3/Crebbp/Gsk3b/Atp6v1e1/Atp6v0d1/Ywhah/Ube2i/Atp6v0e/Pxn/Eprs/Atp6v0b/Atp6v0c/Hint1/Actb/Cdh1/Ctnnb1/Ccnd1/Ywhaz/Ywhae","INRR_vs_ARR = Neonate_Reinfected_IFN - Adult_Reinfected","Reactome","INRR_vs_ARR = Neonate_Reinfected_IFN - Adult_Reinfected | Positive NES/logFC = higher in Neonate_Reinfected_IFN ; Negative NES/logFC = higher in Adult_Reinfected"
"REACTOME_TRANSCRIPTION_OF_THE_HIV_GENOME","REACTOME_TRANSCRIPTION_OF_THE_HIV_GENOME",40,-0.5862780166103,-2.64578154264419,1.25410575259468e-07,6.25786102809868e-07,2.21351998863069e-07,5256,"tags=65%, list=26%, signal=48%","Rnmt/Polr2h/Ccnt1/Mnat1/Taf12/Polr2j/Taf6/Taf9/Supt4a/Tcea1/Taf13/Eloa/Ncbp2/Taf10/Polr2g/Gtf2b/Ercc3/Ssrp1/Nelfb/Gtf2h5/Cdk9/Cdk7/Polr2a/Supt5/Polr2e/Polr2f","INRR_vs_ARR = Neonate_Reinfected_IFN - Adult_Reinfected","Reactome","INRR_vs_ARR = Neonate_Reinfected_IFN - Adult_Reinfected | Positive NES/logFC = higher in Neonate_Reinfected_IFN ; Negative NES/logFC = higher in Adult_Reinfected"
"REACTOME_G2_M_CHECKPOINTS","REACTOME_G2_M_CHECKPOINTS",77,-0.448223765484391,-2.34664633569596,1.32578201712514e-07,6.58227453728462e-07,2.32827098484817e-07,3745,"tags=45%, list=19%, signal=37%","Rfc5/Mcm5/Mcm7/Rpa3/Rfc2/H4c14/Rad50/Cdk1/Mcm2/Psma3/Trp53/Ywhaq/Psmc4/Psmc2/Mcm6/Psma4/Psmb5/Psmd13/Adrm1/Ywhab/Psma7/Ywhag/Psmd1/Psmb2/Psmd3/Psmd7/Ywhah/Psma1/Psmd8/Psmc6/Psma2/Psmd14/Psma6/Ywhaz/Ywhae","INRR_vs_ARR = Neonate_Reinfected_IFN - Adult_Reinfected","Reactome","INRR_vs_ARR = Neonate_Reinfected_IFN - Adult_Reinfected | Positive NES/logFC = higher in Neonate_Reinfected_IFN ; Negative NES/logFC = higher in Adult_Reinfected"
"REACTOME_RHOB_GTPASE_CYCLE","REACTOME_RHOB_GTPASE_CYCLE",34,-0.634885616969437,-2.71561176961773,1.61619053298277e-07,7.98398123293489e-07,2.82408029973832e-07,5064,"tags=74%, list=25%, signal=55%","Arhgdig/Prex1/Anln/Sowahc/Bcr/Pcdh7/Arhgap5/Rhob/Snap23/Daam1/Ect2/Vamp3/Flot2/Racgap1/Rock1/Arhgef2/Arhgef3/Net1/Arhgef12/Stom/Abr/Akap13/Cav1/Cavin1/Jup","INRR_vs_ARR = Neonate_Reinfected_IFN - Adult_Reinfected","Reactome","INRR_vs_ARR = Neonate_Reinfected_IFN - Adult_Reinfected | Positive NES/logFC = higher in Neonate_Reinfected_IFN ; Negative NES/logFC = higher in Adult_Reinfected"
"REACTOME_REGULATION_OF_APOPTOSIS","REACTOME_REGULATION_OF_APOPTOSIS",24,-0.711915346814384,-2.76601519752278,1.68327271584759e-07,8.27399723013644e-07,2.92666426635979e-07,2334,"tags=75%, list=12%, signal=66%","Psma3/Psmc4/Psmc2/Psma4/Psmb5/Psmd13/Adrm1/Psma7/Psmd1/Psmb2/Psmd3/Psmd7/Psma1/Psmd8/Psmc6/Psma2/Psmd14/Psma6","INRR_vs_ARR = Neonate_Reinfected_IFN - Adult_Reinfected","Reactome","INRR_vs_ARR = Neonate_Reinfected_IFN - Adult_Reinfected | Positive NES/logFC = higher in Neonate_Reinfected_IFN ; Negative NES/logFC = higher in Adult_Reinfected"
"REACTOME_MET_ACTIVATES_PTK2_SIGNALING","REACTOME_MET_ACTIVATES_PTK2_SIGNALING",23,-0.700222410224624,-2.68496102768509,1.71473484974384e-07,8.34560606673359e-07,2.95199362258209e-07,2581,"tags=52%, list=13%, signal=45%","Src/Lama4/Col5a1/Itga3/Lamc2/Lamc1/Col5a2/Itgb1/Col1a2/Fn1/Col3a1/Col1a1","INRR_vs_ARR = Neonate_Reinfected_IFN - Adult_Reinfected","Reactome","INRR_vs_ARR = Neonate_Reinfected_IFN - Adult_Reinfected | Positive NES/logFC = higher in Neonate_Reinfected_IFN ; Negative NES/logFC = higher in Adult_Reinfected"
"REACTOME_DEUBIQUITINATION","REACTOME_DEUBIQUITINATION",105,-0.400077474300786,-2.33154781026905,1.71250111693828e-07,8.34560606673359e-07,2.95199362258209e-07,3136,"tags=43%, list=16%, signal=36%","Rad23a/Tnip2/Taf10/Rad23b/Usp15/Cdk1/Psma3/Trp53/Vcpip1/Tnip1/Psmc4/Psmc2/Traf2/Psma4/Psmb5/Vdac2/Usp14/Psmd13/Cyld/Adrm1/Vdac3/Psma7/Psmd1/Arrb1/Arrb2/Ide/Psmb2/Mdm2/Psmd3/Psmd7/Smurf2/Pten/Psma1/Psmd8/Psmc6/Psma2/Usp8/Nfkbia/Psmd14/Smad7/Hif1a/Tgfbr2/Actb/Psma6/Rhoa","INRR_vs_ARR = Neonate_Reinfected_IFN - Adult_Reinfected","Reactome","INRR_vs_ARR = Neonate_Reinfected_IFN - Adult_Reinfected | Positive NES/logFC = higher in Neonate_Reinfected_IFN ; Negative NES/logFC = higher in Adult_Reinfected"
"REACTOME_COLLAGEN_BIOSYNTHESIS_AND_MODIFYING_ENZYMES","REACTOME_COLLAGEN_BIOSYNTHESIS_AND_MODIFYING_ENZYMES",32,-0.637466812968843,-2.67741198546931,1.80727961246702e-07,8.7529032211638e-07,3.09606208121285e-07,2208,"tags=56%, list=11%, signal=50%","Col15a1/Col6a2/Plod1/Bmp1/Serpinh1/P4ha1/Col5a1/Col6a1/Colgalt1/Pcolce/Col6a3/Col5a2/Col4a2/Col4a1/Ppib/Col1a2/Col3a1/Col1a1","INRR_vs_ARR = Neonate_Reinfected_IFN - Adult_Reinfected","Reactome","INRR_vs_ARR = Neonate_Reinfected_IFN - Adult_Reinfected | Positive NES/logFC = higher in Neonate_Reinfected_IFN ; Negative NES/logFC = higher in Adult_Reinfected"
"REACTOME_CELL_EXTRACELLULAR_MATRIX_INTERACTIONS","REACTOME_CELL_EXTRACELLULAR_MATRIX_INTERACTIONS",12,-0.865654638938984,-2.70709111450522,1.82686678679546e-07,8.80460675782398e-07,3.11435056850369e-07,1832,"tags=75%, list=9%, signal=68%","Parva/Pxn/Fermt2/Vasp/Flna/Actb/Actg1/Itgb1/Actn1","INRR_vs_ARR = Neonate_Reinfected_IFN - Adult_Reinfected","Reactome","INRR_vs_ARR = Neonate_Reinfected_IFN - Adult_Reinfected | Positive NES/logFC = higher in Neonate_Reinfected_IFN ; Negative NES/logFC = higher in Adult_Reinfected"
"REACTOME_HEDGEHOG_OFF_STATE","REACTOME_HEDGEHOG_OFF_STATE",41,-0.586586910352066,-2.66552016318347,1.90938956887065e-07,9.15765482545728e-07,3.23923013216686e-07,2894,"tags=63%, list=14%, signal=54%","Psma3/Numb/Prkaca/Prkar2a/Psmc4/Psmc2/Psma4/Psmb5/Psmd13/Adrm1/Psma7/Psmd1/Psmb2/Psmd3/Cul1/Psmd7/Gsk3b/Psma1/Psmd8/Psmc6/Psma2/Psmd14/Rbx1/Skp1/Psma6/Gnas","INRR_vs_ARR = Neonate_Reinfected_IFN - Adult_Reinfected","Reactome","INRR_vs_ARR = Neonate_Reinfected_IFN - Adult_Reinfected | Positive NES/logFC = higher in Neonate_Reinfected_IFN ; Negative NES/logFC = higher in Adult_Reinfected"
"REACTOME_FIBRONECTIN_MATRIX_FORMATION","REACTOME_FIBRONECTIN_MATRIX_FORMATION",13,-0.854460596951646,-2.74700154063439,1.9188184046997e-07,9.15841827943627e-07,3.23950017981338e-07,398,"tags=69%, list=2%, signal=68%","Col5a1/Col5a2/Col4a2/Col4a1/Itgb1/Col1a2/Fn1/Col3a1/Col1a1","INRR_vs_ARR = Neonate_Reinfected_IFN - Adult_Reinfected","Reactome","INRR_vs_ARR = Neonate_Reinfected_IFN - Adult_Reinfected | Positive NES/logFC = higher in Neonate_Reinfected_IFN ; Negative NES/logFC = higher in Adult_Reinfected"
"REACTOME_SWITCHING_OF_ORIGINS_TO_A_POST_REPLICATIVE_STATE","REACTOME_SWITCHING_OF_ORIGINS_TO_A_POST_REPLICATIVE_STATE",45,-0.561902646870709,-2.61600351594279,2.04342632280127e-07,9.70627503330604e-07,3.4332871415487e-07,2334,"tags=56%, list=12%, signal=49%","Mcm2/Psma3/Psmc4/Psmc2/Mcm6/Psma4/Psmb5/Psmd13/Adrm1/Psma7/Psmd1/Psmb2/Ube2s/Psmd3/Cul1/Psmd7/Ube2c/Psma1/Psmd8/Psmc6/Psma2/Psmd14/Rbx1/Skp1/Psma6","INRR_vs_ARR = Neonate_Reinfected_IFN - Adult_Reinfected","Reactome","INRR_vs_ARR = Neonate_Reinfected_IFN - Adult_Reinfected | Positive NES/logFC = higher in Neonate_Reinfected_IFN ; Negative NES/logFC = higher in Adult_Reinfected"
"REACTOME_EPHB_MEDIATED_FORWARD_SIGNALING","REACTOME_EPHB_MEDIATED_FORWARD_SIGNALING",26,-0.679787906535071,-2.66162446529823,2.25531643384987e-07,1.06602286915776e-06,3.77071801151051e-07,3435,"tags=69%, list=17%, signal=57%","Itsn1/Ephb4/Wasl/Rock1/Src/Fyn/Hras/Lyn/Actr3/Rac1/Actr2/Cdc42/Arpc3/Actb/Actg1/Rhoa/Arpc2/Cfl1","INRR_vs_ARR = Neonate_Reinfected_IFN - Adult_Reinfected","Reactome","INRR_vs_ARR = Neonate_Reinfected_IFN - Adult_Reinfected | Positive NES/logFC = higher in Neonate_Reinfected_IFN ; Negative NES/logFC = higher in Adult_Reinfected"
"REACTOME_CDC42_GTPASE_CYCLE","REACTOME_CDC42_GTPASE_CYCLE",62,-0.481204735553258,-2.44994455311963,2.26583808221791e-07,1.06602286915776e-06,3.77071801151051e-07,4133,"tags=52%, list=21%, signal=41%","Arap3/Arhgap5/Cdc42bpa/Pak4/Snap23/Arhgap29/Dock9/Iqgap2/Itsn1/Daam1/Wasl/Def6/Ect2/Farp1/Vamp3/Ralbp1/Racgap1/Lbr/Cdc42ep1/Map3k11/Arhgef12/Wipf1/Arfgap3/Stom/Tmpo/Dock10/Abr/Cav1/Cdc42se2/Jup/Cdc42/Arhgdia","INRR_vs_ARR = Neonate_Reinfected_IFN - Adult_Reinfected","Reactome","INRR_vs_ARR = Neonate_Reinfected_IFN - Adult_Reinfected | Positive NES/logFC = higher in Neonate_Reinfected_IFN ; Negative NES/logFC = higher in Adult_Reinfected"
"REACTOME_ANTIGEN_PROCESSING_UB_ATP_INDEPENDENT_PROTEASOMAL_DEGRADATION","REACTOME_ANTIGEN_PROCESSING_UB_ATP_INDEPENDENT_PROTEASOMAL_DEGRADATION",14,-0.839515486662683,-2.74650824433733,2.35663571297269e-07,1.09828117189482e-06,3.88482153280504e-07,2008,"tags=93%, list=10%, signal=84%","Psma3/Psma4/Psmb5/Psme2/Psma7/Psmb2/Psmb10/Psma1/Psma2/Psmb9/Psme1/Psma6/Psmb8","INRR_vs_ARR = Neonate_Reinfected_IFN - Adult_Reinfected","Reactome","INRR_vs_ARR = Neonate_Reinfected_IFN - Adult_Reinfected | Positive NES/logFC = higher in Neonate_Reinfected_IFN ; Negative NES/logFC = higher in Adult_Reinfected"
"REACTOME_HEDGEHOG_LIGAND_BIOGENESIS","REACTOME_HEDGEHOG_LIGAND_BIOGENESIS",25,-0.696511161853294,-2.71722556464152,2.34863173737525e-07,1.09828117189482e-06,3.88482153280504e-07,2334,"tags=76%, list=12%, signal=67%","Psma3/Psmc4/Psmc2/Psma4/Psmb5/Psmd13/Adrm1/Adam17/Psma7/Psmd1/Psmb2/Psmd3/Psmd7/Psma1/Psmd8/Psmc6/Psma2/Psmd14/Psma6","INRR_vs_ARR = Neonate_Reinfected_IFN - Adult_Reinfected","Reactome","INRR_vs_ARR = Neonate_Reinfected_IFN - Adult_Reinfected | Positive NES/logFC = higher in Neonate_Reinfected_IFN ; Negative NES/logFC = higher in Adult_Reinfected"
"REACTOME_IRON_UPTAKE_AND_TRANSPORT","REACTOME_IRON_UPTAKE_AND_TRANSPORT",28,-0.672355006677656,-2.71308895829083,2.38807207973886e-07,1.10770667360657e-06,3.91816125758983e-07,2103,"tags=61%, list=11%, signal=54%","Tcirg1/Slc11a2/Atp6v1g1/Steap4/Hmox2/Hmox1/Cul1/Atp6v1e1/Atp6v0d1/Atp6v0e/Atp6v0b/Atp6v0c/Trf/Atp6ap1/Cp/Skp1/Ftl1","INRR_vs_ARR = Neonate_Reinfected_IFN - Adult_Reinfected","Reactome","INRR_vs_ARR = Neonate_Reinfected_IFN - Adult_Reinfected | Positive NES/logFC = higher in Neonate_Reinfected_IFN ; Negative NES/logFC = higher in Adult_Reinfected"
"REACTOME_ONCOGENIC_MAPK_SIGNALING","REACTOME_ONCOGENIC_MAPK_SIGNALING",35,-0.607087555439373,-2.58444300238994,2.5900190345524e-07,1.19576579726064e-06,4.22964249617018e-07,2716,"tags=63%, list=14%, signal=54%","Jak2/Csk/Src/Aggf1/Map3k11/Mapk1/Hras/Ap3b1/Ywhab/Mark3/Arrb1/Arrb2/Vcl/Raf1/Vwf/Pebp1/Dusp6/Actb/Actg1/Lmna/Calm1/Fn1","INRR_vs_ARR = Neonate_Reinfected_IFN - Adult_Reinfected","Reactome","INRR_vs_ARR = Neonate_Reinfected_IFN - Adult_Reinfected | Positive NES/logFC = higher in Neonate_Reinfected_IFN ; Negative NES/logFC = higher in Adult_Reinfected"
"REACTOME_INTERLEUKIN_12_SIGNALING","REACTOME_INTERLEUKIN_12_SIGNALING",35,-0.604582039357539,-2.5737767262539,2.80406550752936e-07,1.28856591694838e-06,4.55789350550672e-07,1800,"tags=49%, list=9%, signal=44%","Cnn2/Psme2/Taldo1/Gsto1/Pdcd4/Lmnb1/Tcp1/Cdc42/Ppia/Anxa2/Arf1/Lcp1/Sod1/Rplp0/Cfl1/Hnrnpa2b1/Msn","INRR_vs_ARR = Neonate_Reinfected_IFN - Adult_Reinfected","Reactome","INRR_vs_ARR = Neonate_Reinfected_IFN - Adult_Reinfected | Positive NES/logFC = higher in Neonate_Reinfected_IFN ; Negative NES/logFC = higher in Adult_Reinfected"
"REACTOME_RHOBTB_GTPASE_CYCLE","REACTOME_RHOBTB_GTPASE_CYCLE",12,-0.859070553750536,-2.68650124216001,2.95094686975086e-07,1.34978495708975e-06,4.77443645593219e-07,1171,"tags=92%, list=6%, signal=86%","Rock1/Cct6a/Cct7/Hnrnpc/Cct2/Cul3/Actg1/Hsp90aa1/Actn1/Hsp90ab1/Vim","INRR_vs_ARR = Neonate_Reinfected_IFN - Adult_Reinfected","Reactome","INRR_vs_ARR = Neonate_Reinfected_IFN - Adult_Reinfected | Positive NES/logFC = higher in Neonate_Reinfected_IFN ; Negative NES/logFC = higher in Adult_Reinfected"
"REACTOME_COLLAGEN_DEGRADATION","REACTOME_COLLAGEN_DEGRADATION",45,-0.55409094769242,-2.57963523643797,3.72719724373118e-07,1.69699118746839e-06,6.0025684449127e-07,1628,"tags=40%, list=8%, signal=37%","Adam17/Col5a1/Col6a1/Adam10/Col6a3/Mmp2/Adam9/Ctsl/Col5a2/Furin/Col4a2/Ctsd/Col4a1/Ctsb/Mmp14/Col1a2/Col3a1/Col1a1","INRR_vs_ARR = Neonate_Reinfected_IFN - Adult_Reinfected","Reactome","INRR_vs_ARR = Neonate_Reinfected_IFN - Adult_Reinfected | Positive NES/logFC = higher in Neonate_Reinfected_IFN ; Negative NES/logFC = higher in Adult_Reinfected"
"REACTOME_RHOF_GTPASE_CYCLE","REACTOME_RHOF_GTPASE_CYCLE",19,-0.758714356643207,-2.72282339969458,3.78009779341508e-07,1.71318193573124e-06,6.05983808504977e-07,3966,"tags=63%, list=20%, signal=51%","Arhgap5/Snap23/Add3/Farp1/Vamp3/Tmpo/Esyt1/Cav1/Lmnb1/Actb/Capzb/Actn1","INRR_vs_ARR = Neonate_Reinfected_IFN - Adult_Reinfected","Reactome","INRR_vs_ARR = Neonate_Reinfected_IFN - Adult_Reinfected | Positive NES/logFC = higher in Neonate_Reinfected_IFN ; Negative NES/logFC = higher in Adult_Reinfected"
"REACTOME_SIGNALING_BY_MET","REACTOME_SIGNALING_BY_MET",48,-0.525882541910088,-2.48134370559688,4.01566001248436e-07,1.81163109239021e-06,6.4080707721452e-07,1749,"tags=44%, list=9%, signal=40%","Sos1/Shc1/Lrig1/Src/Lama4/Hras/Col5a1/Itga3/Lamc2/Lamc1/Usp8/Rac1/Grb2/Arf6/Col5a2/Stat3/Itgb1/Col1a2/Fn1/Col3a1/Col1a1","INRR_vs_ARR = Neonate_Reinfected_IFN - Adult_Reinfected","Reactome","INRR_vs_ARR = Neonate_Reinfected_IFN - Adult_Reinfected | Positive NES/logFC = higher in Neonate_Reinfected_IFN ; Negative NES/logFC = higher in Adult_Reinfected"
"REACTOME_FORMATION_OF_RNA_POL_II_ELONGATION_COMPLEX","REACTOME_FORMATION_OF_RNA_POL_II_ELONGATION_COMPLEX",32,-0.620211279980071,-2.60493735635939,4.53830281258239e-07,2.03811053583246e-06,7.20917001807347e-07,5173,"tags=75%, list=26%, signal=56%","Polr2i/Gtf2h1/Polr2c/Nelfcd/Nelfe/Polr2h/Ccnt1/Mnat1/Polr2j/Supt4a/Tcea1/Eloa/Ncbp2/Polr2g/Ercc3/Ssrp1/Nelfb/Gtf2h5/Cdk9/Cdk7/Polr2a/Supt5/Polr2e/Polr2f","INRR_vs_ARR = Neonate_Reinfected_IFN - Adult_Reinfected","Reactome","INRR_vs_ARR = Neonate_Reinfected_IFN - Adult_Reinfected | Positive NES/logFC = higher in Neonate_Reinfected_IFN ; Negative NES/logFC = higher in Adult_Reinfected"
"REACTOME_RAB_REGULATION_OF_TRAFFICKING","REACTOME_RAB_REGULATION_OF_TRAFFICKING",25,-0.68194137627886,-2.66038599622907,4.91851728930553e-07,2.198866552866e-06,7.77779347487228e-07,4533,"tags=72%, list=23%, signal=56%","Madd/Rab9/Optn/Gga2/Tsc2/Rab5a/Akt3/Gapvd1/Dennd5a/Denn2b/Akt2/Gabarapl2/Rab31/Rab1a/Akt1/Arf6/Rab14/Ywhae","INRR_vs_ARR = Neonate_Reinfected_IFN - Adult_Reinfected","Reactome","INRR_vs_ARR = Neonate_Reinfected_IFN - Adult_Reinfected | Positive NES/logFC = higher in Neonate_Reinfected_IFN ; Negative NES/logFC = higher in Adult_Reinfected"
"REACTOME_SIGNALING_BY_TGF_BETA_RECEPTOR_COMPLEX","REACTOME_SIGNALING_BY_TGF_BETA_RECEPTOR_COMPLEX",59,-0.484060402256134,-2.44134782256629,5.06359086332294e-07,2.25352602385724e-06,7.97113402855959e-07,3201,"tags=49%, list=16%, signal=41%","Tgif1/Nedd4l/E2f4/Usp15/Ski/Stat1/Tfdp2/Itgav/Sp1/Ncor2/Cdk9/Fbn1/Mapk1/Ppm1a/Serpine1/Tgfb3/Itgb5/Fkbp1a/Smurf2/Ltbp2/Smad7/Pmepa1/Junb/Tgfbr2/Furin/Ppp1ca/Rhoa/Itgb1/Col1a2","INRR_vs_ARR = Neonate_Reinfected_IFN - Adult_Reinfected","Reactome","INRR_vs_ARR = Neonate_Reinfected_IFN - Adult_Reinfected | Positive NES/logFC = higher in Neonate_Reinfected_IFN ; Negative NES/logFC = higher in Adult_Reinfected"
"REACTOME_DNA_REPLICATION","REACTOME_DNA_REPLICATION",82,-0.423901563115982,-2.29373806163936,5.17359546124967e-07,2.29215798910972e-06,8.10778236079721e-07,3745,"tags=44%, list=19%, signal=36%","Rfc5/Mcm5/Gins2/Mcm7/Rpa3/Rfc2/H4c14/Mcm2/Psma3/Pole4/Psmc4/Psmc2/Mcm6/Psma4/Psmb5/Psmd13/Adrm1/Psma7/H2az2/Psmd1/Psmb2/Ube2s/Psmd3/Cul1/Psmd7/Ube2c/Psma1/Psmd8/Psmc6/Psma2/Psmd14/Pcna/Rbx1/Kpnb1/Skp1/Psma6","INRR_vs_ARR = Neonate_Reinfected_IFN - Adult_Reinfected","Reactome","INRR_vs_ARR = Neonate_Reinfected_IFN - Adult_Reinfected | Positive NES/logFC = higher in Neonate_Reinfected_IFN ; Negative NES/logFC = higher in Adult_Reinfected"
"REACTOME_ANTIGEN_PRESENTATION_FOLDING_ASSEMBLY_AND_PEPTIDE_LOADING_OF_CLASS_I_MHC","REACTOME_ANTIGEN_PRESENTATION_FOLDING_ASSEMBLY_AND_PEPTIDE_LOADING_OF_CLASS_I_MHC",18,-0.76030689274227,-2.7025540294381,5.51555150306277e-07,2.43275218081519e-06,8.60508975101899e-07,1447,"tags=72%, list=7%, signal=67%","Sec31a/Sar1b/Bcap31/Tap1/Tap2/H2-T23/Tapbp/Hspa5/B2m/H2-Q1/Canx/Calr/H2-D1","INRR_vs_ARR = Neonate_Reinfected_IFN - Adult_Reinfected","Reactome","INRR_vs_ARR = Neonate_Reinfected_IFN - Adult_Reinfected | Positive NES/logFC = higher in Neonate_Reinfected_IFN ; Negative NES/logFC = higher in Adult_Reinfected"
"REACTOME_SYNTHESIS_OF_DNA","REACTOME_SYNTHESIS_OF_DNA",71,-0.443253617166909,-2.36369855710998,5.75941377590064e-07,2.52902258248437e-06,8.94561578291936e-07,3745,"tags=46%, list=19%, signal=38%","Rfc5/Mcm5/Gins2/Mcm7/Rpa3/Rfc2/Mcm2/Psma3/Pole4/Psmc4/Psmc2/Mcm6/Psma4/Psmb5/Psmd13/Adrm1/Psma7/Psmd1/Psmb2/Ube2s/Psmd3/Cul1/Psmd7/Ube2c/Psma1/Psmd8/Psmc6/Psma2/Psmd14/Pcna/Rbx1/Skp1/Psma6","INRR_vs_ARR = Neonate_Reinfected_IFN - Adult_Reinfected","Reactome","INRR_vs_ARR = Neonate_Reinfected_IFN - Adult_Reinfected | Positive NES/logFC = higher in Neonate_Reinfected_IFN ; Negative NES/logFC = higher in Adult_Reinfected"
"REACTOME_INTERFERON_GAMMA_SIGNALING","REACTOME_INTERFERON_GAMMA_SIGNALING",61,-0.461801138809457,-2.35301690813173,6.33743509274781e-07,2.77052472196232e-06,9.79985305445866e-07,3076,"tags=48%, list=15%, signal=40%","Jak1/Jak2/Vcam1/Stat1/Gbp3/Ptpn6/Ciita/Pias1/Irf4/Mapk1/Ifngr2/H2-Eb1/Irf7/Raf1/Gbp2/Socs3/Irf9/Ifngr1/Ifi30/Smad7/H2-T23/Irf1/Irf8/Icam1/Cd44/B2m/H2-Q1/H2-Ea/H2-D1","INRR_vs_ARR = Neonate_Reinfected_IFN - Adult_Reinfected","Reactome","INRR_vs_ARR = Neonate_Reinfected_IFN - Adult_Reinfected | Positive NES/logFC = higher in Neonate_Reinfected_IFN ; Negative NES/logFC = higher in Adult_Reinfected"
"REACTOME_MUSCLE_CONTRACTION","REACTOME_MUSCLE_CONTRACTION",93,-0.393660761614656,-2.17756972813565,6.40054480051026e-07,2.78578778101504e-06,9.85384128805661e-07,1815,"tags=31%, list=9%, signal=28%","Myh11/Actg2/Itgb5/Cald1/Vcl/Tpm4/Des/Mylk/Atp2b1/Pxn/Atp1b3/Myl12b/Dmpk/Tpm3/Tpm2/Atp1b1/Myl9/Ces1d/Atp1a1/Aldh2/Sri/Anxa1/Anxa2/Atp2a2/Myl12a/Acta2/Tpm1/Calm1/Vim","INRR_vs_ARR = Neonate_Reinfected_IFN - Adult_Reinfected","Reactome","INRR_vs_ARR = Neonate_Reinfected_IFN - Adult_Reinfected | Positive NES/logFC = higher in Neonate_Reinfected_IFN ; Negative NES/logFC = higher in Adult_Reinfected"
"REACTOME_L1CAM_INTERACTIONS","REACTOME_L1CAM_INTERACTIONS",64,-0.467947651234259,-2.40222930336777,6.88461314559884e-07,2.98333236309283e-06,1.05525926331432e-06,2581,"tags=42%, list=13%, signal=37%","Src/Nrp1/Itgav/Rps6ka1/Fgfr1/Cltc/Mapk1/Nrp2/Nrcam/Dlg1/Ap2s1/Lamc1/Ap2m1/Ap2b1/Rac1/Sdcbp/Alcam/Dpysl2/Actb/Ezr/Hspa8/Actg1/Clta/Sptan1/Itgb1/Sptbn1/Msn","INRR_vs_ARR = Neonate_Reinfected_IFN - Adult_Reinfected","Reactome","INRR_vs_ARR = Neonate_Reinfected_IFN - Adult_Reinfected | Positive NES/logFC = higher in Neonate_Reinfected_IFN ; Negative NES/logFC = higher in Adult_Reinfected"
"REACTOME_DEGRADATION_OF_CRY_AND_PER_PROTEINS","REACTOME_DEGRADATION_OF_CRY_AND_PER_PROTEINS",29,-0.647103409158135,-2.65841932681926,7.12816807901128e-07,3.07538430657779e-06,1.08781972063054e-06,2334,"tags=69%, list=12%, signal=61%","Psmc4/Psmc2/Psma4/Psmb5/Psmd13/Adrm1/Psma7/Psmd1/Psmb2/Psmd3/Cul1/Psmd7/Psma1/Psmd8/Psmc6/Psma2/Psmd14/Rbx1/Skp1/Psma6","INRR_vs_ARR = Neonate_Reinfected_IFN - Adult_Reinfected","Reactome","INRR_vs_ARR = Neonate_Reinfected_IFN - Adult_Reinfected | Positive NES/logFC = higher in Neonate_Reinfected_IFN ; Negative NES/logFC = higher in Adult_Reinfected"
"REACTOME_ELASTIC_FIBRE_FORMATION","REACTOME_ELASTIC_FIBRE_FORMATION",27,-0.655430530322583,-2.62505019347358,7.41843020669986e-07,3.18669958444324e-06,1.12719397191046e-06,2949,"tags=63%, list=15%, signal=54%","Loxl1/Loxl2/Itgav/Mfap5/Fbn1/Tgfb3/Itgb5/Fbln1/Fbln5/Efemp1/Efemp2/Ltbp2/Lox/Furin/Eln/Itgb1/Fn1","INRR_vs_ARR = Neonate_Reinfected_IFN - Adult_Reinfected","Reactome","INRR_vs_ARR = Neonate_Reinfected_IFN - Adult_Reinfected | Positive NES/logFC = higher in Neonate_Reinfected_IFN ; Negative NES/logFC = higher in Adult_Reinfected"
"REACTOME_SEPARATION_OF_SISTER_CHROMATIDS","REACTOME_SEPARATION_OF_SISTER_CHROMATIDS",73,-0.426677538290601,-2.26529036871032,7.76210142541745e-07,3.31989446247292e-06,1.17430743824953e-06,2974,"tags=47%, list=15%, signal=40%","Clip1/Psma3/Ckap5/Zwint/Clasp1/Psmc4/Psmc2/Psma4/Stag1/Psmb5/Dync1h1/Psmd13/Adrm1/Ppp2cb/Smc1a/Psma7/Psmd1/Psmb2/Ube2s/Psmd3/Psmd7/Ube2c/Psma1/Bub3/Nup98/Psmd8/Mapre1/Psmc6/Dynll2/Psma2/Pafah1b1/Psmd14/Smc3/Psma6","INRR_vs_ARR = Neonate_Reinfected_IFN - Adult_Reinfected","Reactome","INRR_vs_ARR = Neonate_Reinfected_IFN - Adult_Reinfected | Positive NES/logFC = higher in Neonate_Reinfected_IFN ; Negative NES/logFC = higher in Adult_Reinfected"
"REACTOME_HIV_TRANSCRIPTION_ELONGATION","REACTOME_HIV_TRANSCRIPTION_ELONGATION",31,-0.62532763397494,-2.62105664978967,8.51465781960868e-07,3.62606979559197e-06,1.2826072577632e-06,5173,"tags=77%, list=26%, signal=57%","Polr2i/Gtf2h1/Polr2c/Nelfcd/Nelfe/Polr2h/Ccnt1/Mnat1/Polr2j/Supt4a/Tcea1/Eloa/Ncbp2/Polr2g/Ercc3/Ssrp1/Nelfb/Gtf2h5/Cdk9/Cdk7/Polr2a/Supt5/Polr2e/Polr2f","INRR_vs_ARR = Neonate_Reinfected_IFN - Adult_Reinfected","Reactome","INRR_vs_ARR = Neonate_Reinfected_IFN - Adult_Reinfected | Positive NES/logFC = higher in Neonate_Reinfected_IFN ; Negative NES/logFC = higher in Adult_Reinfected"
"REACTOME_DEVELOPMENTAL_CELL_LINEAGES","REACTOME_DEVELOPMENTAL_CELL_LINEAGES",84,-0.413900602994317,-2.23005369550789,9.2366409964513e-07,3.91665292038364e-06,1.38539182779392e-06,1058,"tags=25%, list=5%, signal=24%","Lamc2/Lamc1/Krt19/Epcam/Muc1/Krt18/Col5a2/Cd44/Cdh1/Anxa1/Krt8/Anxa2/Acta2/Hopx/Cd74/Itgb1/Col1a2/Vim/Fn1/Col3a1/Col1a1","INRR_vs_ARR = Neonate_Reinfected_IFN - Adult_Reinfected","Reactome","INRR_vs_ARR = Neonate_Reinfected_IFN - Adult_Reinfected | Positive NES/logFC = higher in Neonate_Reinfected_IFN ; Negative NES/logFC = higher in Adult_Reinfected"
"REACTOME_MAP2K_AND_MAPK_ACTIVATION","REACTOME_MAP2K_AND_MAPK_ACTIVATION",20,-0.737001176845909,-2.69739550277079,9.78718245955441e-07,4.13236592736742e-06,1.46169346674407e-06,2716,"tags=75%, list=14%, signal=65%","Csk/Src/Mapk1/Hras/Ywhab/Mark3/Arrb1/Arrb2/Vcl/Raf1/Vwf/Pebp1/Actb/Actg1/Fn1","INRR_vs_ARR = Neonate_Reinfected_IFN - Adult_Reinfected","Reactome","INRR_vs_ARR = Neonate_Reinfected_IFN - Adult_Reinfected | Positive NES/logFC = higher in Neonate_Reinfected_IFN ; Negative NES/logFC = higher in Adult_Reinfected"
"REACTOME_FORMATION_OF_ATP_BY_CHEMIOSMOTIC_COUPLING","REACTOME_FORMATION_OF_ATP_BY_CHEMIOSMOTIC_COUPLING",16,-0.783908801600954,-2.65591713691669,9.93831625136417e-07,4.17832189631821e-06,1.47794893413344e-06,1128,"tags=69%, list=6%, signal=65%","Atp5g2/Atp5j/Atp5h/Atp5pb/Atp5k/Atp5d/Atp5j2/Atp5e/Atp5g3/Atp5a1/Atp5b","INRR_vs_ARR = Neonate_Reinfected_IFN - Adult_Reinfected","Reactome","INRR_vs_ARR = Neonate_Reinfected_IFN - Adult_Reinfected | Positive NES/logFC = higher in Neonate_Reinfected_IFN ; Negative NES/logFC = higher in Adult_Reinfected"
"REACTOME_ACTIVATION_OF_APC_C_AND_APC_C_CDC20_MEDIATED_DEGRADATION_OF_MITOTIC_PROTEINS","REACTOME_ACTIVATION_OF_APC_C_AND_APC_C_CDC20_MEDIATED_DEGRADATION_OF_MITOTIC_PROTEINS",37,-0.582986762027969,-2.53665540259304,1.00172444936573e-06,4.19365998293787e-06,1.48337429611696e-06,2981,"tags=62%, list=15%, signal=53%","Cdk1/Psma3/Nek2/Psmc4/Psmc2/Psma4/Psmb5/Psmd13/Adrm1/Psma7/Psmd1/Psmb2/Ube2s/Psmd3/Psmd7/Ube2c/Psma1/Bub3/Psmd8/Psmc6/Psma2/Psmd14/Psma6","INRR_vs_ARR = Neonate_Reinfected_IFN - Adult_Reinfected","Reactome","INRR_vs_ARR = Neonate_Reinfected_IFN - Adult_Reinfected | Positive NES/logFC = higher in Neonate_Reinfected_IFN ; Negative NES/logFC = higher in Adult_Reinfected"
"REACTOME_RAC2_GTPASE_CYCLE","REACTOME_RAC2_GTPASE_CYCLE",40,-0.554003034989554,-2.50012956825316,1.12829633820706e-06,4.70361511455094e-06,1.6637547603142e-06,3246,"tags=52%, list=16%, signal=44%","Pak4/Cyfip1/Def6/Vamp3/Racgap1/Lbr/Cdc42ep1/Dock2/Dock4/Tmpo/Dock10/Abr/Lman1/Rac2/Esyt1/Cav1/Wasf2/Abi1/Cdc42/Arhgdia/Itgb1","INRR_vs_ARR = Neonate_Reinfected_IFN - Adult_Reinfected","Reactome","INRR_vs_ARR = Neonate_Reinfected_IFN - Adult_Reinfected | Positive NES/logFC = higher in Neonate_Reinfected_IFN ; Negative NES/logFC = higher in Adult_Reinfected"
"REACTOME_M_DECAY_DEGRADATION_OF_MATERNAL_MRNAS_BY_MATERNALLY_STORED_FACTORS","REACTOME_M_DECAY_DEGRADATION_OF_MATERNAL_MRNAS_BY_MATERNALLY_STORED_FACTORS",14,-0.816094353228819,-2.66988507646279,1.14803582600888e-06,4.76579578191921e-06,1.68574920050839e-06,2830,"tags=79%, list=14%, signal=67%","Cnot9/Eif4a3/Cnot2/Ago2/Cnot6/Paip1/Eif4e/Eif4g1/Eif4a2/Eif4a1/Pabpc1","INRR_vs_ARR = Neonate_Reinfected_IFN - Adult_Reinfected","Reactome","INRR_vs_ARR = Neonate_Reinfected_IFN - Adult_Reinfected | Positive NES/logFC = higher in Neonate_Reinfected_IFN ; Negative NES/logFC = higher in Adult_Reinfected"
"REACTOME_RNA_POLYMERASE_II_TRANSCRIPTION_TERMINATION","REACTOME_RNA_POLYMERASE_II_TRANSCRIPTION_TERMINATION",23,-0.666931210734124,-2.55730791077298,1.2264851312562e-06,5.0701561074524e-06,1.7934070186173e-06,4178,"tags=74%, list=21%, signal=59%","Cstf3/Rnps1/Cstf2/Ncbp2/Wdr33/Srsf3/Slbp/Eif4a3/Ddx39a/U2af1/Snrpd3/Snrpg/Srsf7/Srsf2/Srsf6/Snrpb/Srsf1","INRR_vs_ARR = Neonate_Reinfected_IFN - Adult_Reinfected","Reactome","INRR_vs_ARR = Neonate_Reinfected_IFN - Adult_Reinfected | Positive NES/logFC = higher in Neonate_Reinfected_IFN ; Negative NES/logFC = higher in Adult_Reinfected"
"REACTOME_APOPTOTIC_CLEAVAGE_OF_CELLULAR_PROTEINS","REACTOME_APOPTOTIC_CLEAVAGE_OF_CELLULAR_PROTEINS",24,-0.679811972553477,-2.64128348399142,1.26461386664146e-06,5.20599375100735e-06,1.84145527949546e-06,1155,"tags=54%, list=6%, signal=51%","Casp7/Rock1/Tjp1/Bcap31/Lmnb1/Add1/Cdh1/Gsn/Ctnnb1/Plec/Lmna/Sptan1/Vim","INRR_vs_ARR = Neonate_Reinfected_IFN - Adult_Reinfected","Reactome","INRR_vs_ARR = Neonate_Reinfected_IFN - Adult_Reinfected | Positive NES/logFC = higher in Neonate_Reinfected_IFN ; Negative NES/logFC = higher in Adult_Reinfected"
"REACTOME_CRISTAE_FORMATION","REACTOME_CRISTAE_FORMATION",20,-0.731349749222953,-2.67671149854758,1.30748524628789e-06,5.36014698478189e-06,1.89598209988023e-06,1128,"tags=80%, list=6%, signal=76%","Atp5l/Atp5o/Hspa9/Atp5c1/Immt/Atp5g2/Atp5j/Atp5h/Atp5pb/Atp5k/Atp5d/Atp5j2/Atp5e/Atp5g3/Atp5a1/Atp5b","INRR_vs_ARR = Neonate_Reinfected_IFN - Adult_Reinfected","Reactome","INRR_vs_ARR = Neonate_Reinfected_IFN - Adult_Reinfected | Positive NES/logFC = higher in Neonate_Reinfected_IFN ; Negative NES/logFC = higher in Adult_Reinfected"
"REACTOME_TRANS_GOLGI_NETWORK_VESICLE_BUDDING","REACTOME_TRANS_GOLGI_NETWORK_VESICLE_BUDDING",31,-0.617176732639389,-2.58689220064879,1.45426094134664e-06,5.93723062004329e-06,2.10010714452842e-06,2134,"tags=68%, list=11%, signal=61%","Igf2r/Yipf6/Snap23/Ap3s1/Picalm/Stx4a/Napa/Cltc/Ap1g1/Ap3b1/Arrb1/M6pr/Snx2/Cltb/Ctsz/App/Hspa8/Arf1/Clta/Ftl1/Vamp8","INRR_vs_ARR = Neonate_Reinfected_IFN - Adult_Reinfected","Reactome","INRR_vs_ARR = Neonate_Reinfected_IFN - Adult_Reinfected | Positive NES/logFC = higher in Neonate_Reinfected_IFN ; Negative NES/logFC = higher in Adult_Reinfected"
"REACTOME_RHOBTB2_GTPASE_CYCLE","REACTOME_RHOBTB2_GTPASE_CYCLE",10,-0.883316263762999,-2.54789265097629,1.51684328030601e-06,6.16724757589441e-06,2.18146835201038e-06,2038,"tags=90%, list=10%, signal=81%","Cct6a/Cct7/Hnrnpc/Cct2/Cul3/Actg1/Hsp90aa1/Actn1/Hsp90ab1","INRR_vs_ARR = Neonate_Reinfected_IFN - Adult_Reinfected","Reactome","INRR_vs_ARR = Neonate_Reinfected_IFN - Adult_Reinfected | Positive NES/logFC = higher in Neonate_Reinfected_IFN ; Negative NES/logFC = higher in Adult_Reinfected"
"REACTOME_SIGNALING_BY_MODERATE_KINASE_ACTIVITY_BRAF_MUTANTS","REACTOME_SIGNALING_BY_MODERATE_KINASE_ACTIVITY_BRAF_MUTANTS",25,-0.663275116463116,-2.58756528473807,1.69352469167658e-06,6.85738686629697e-06,2.42558325123652e-06,3027,"tags=72%, list=15%, signal=61%","Jak2/Csk/Src/Map3k11/Mapk1/Hras/Ywhab/Mark3/Arrb1/Arrb2/Vcl/Raf1/Vwf/Pebp1/Actb/Actg1/Calm1/Fn1","INRR_vs_ARR = Neonate_Reinfected_IFN - Adult_Reinfected","Reactome","INRR_vs_ARR = Neonate_Reinfected_IFN - Adult_Reinfected | Positive NES/logFC = higher in Neonate_Reinfected_IFN ; Negative NES/logFC = higher in Adult_Reinfected"
"REACTOME_PROTEIN_LOCALIZATION","REACTOME_PROTEIN_LOCALIZATION",93,-0.383108637681847,-2.11919971038388,1.75982793641812e-06,7.09677551502489e-06,2.51025939802713e-06,2320,"tags=30%, list=12%, signal=27%","Hsd17b4/Stx5a/Hspd1/Aco2/Prnp/Scp2/Acox1/Ide/Cyc1/Timm13/Hmox1/Lonp2/Aldh3a2/Cs/Abcd3/Idh1/Vapa/Timm8b/Ndufb8/Ech1/Cyb5a/Serp1/Cat/Phyh/Fis1/App/Atp5a1/Atp5b","INRR_vs_ARR = Neonate_Reinfected_IFN - Adult_Reinfected","Reactome","INRR_vs_ARR = Neonate_Reinfected_IFN - Adult_Reinfected | Positive NES/logFC = higher in Neonate_Reinfected_IFN ; Negative NES/logFC = higher in Adult_Reinfected"
"REACTOME_DISORDERS_OF_TRANSMEMBRANE_TRANSPORTERS","REACTOME_DISORDERS_OF_TRANSMEMBRANE_TRANSPORTERS",68,-0.437847831830768,-2.27003001060982,1.83144243341343e-06,7.35554928541654e-06,2.60179241717269e-06,2340,"tags=43%, list=12%, signal=38%","Nup153/Psmc4/Psmc2/Slc11a2/Rae1/Psma4/Psmb5/Slc6a14/Psmd13/Adrm1/Psma7/Hk1/Psmd1/Psmb2/Psmd3/Psmd7/Abca1/Psma1/Nup98/Psmd8/Psmc6/Psma2/Psmd14/Abca3/Cp/Slco2a1/Psma6/Slc3a2/Bsg","INRR_vs_ARR = Neonate_Reinfected_IFN - Adult_Reinfected","Reactome","INRR_vs_ARR = Neonate_Reinfected_IFN - Adult_Reinfected | Positive NES/logFC = higher in Neonate_Reinfected_IFN ; Negative NES/logFC = higher in Adult_Reinfected"
"REACTOME_LATE_SARS_COV_2_INFECTION_EVENTS","REACTOME_LATE_SARS_COV_2_INFECTION_EVENTS",19,-0.7312444259232,-2.62424114736533,1.87854553065433e-06,7.51418212261732e-06,2.65790375528335e-06,2860,"tags=74%, list=14%, signal=63%","Fut8/Ano1/St6gal1/Parp9/Parp14/Gsk3b/Ube2i/St3gal4/Rpn1/Galnt1/Ostc/Mgat1/Furin/Canx","INRR_vs_ARR = Neonate_Reinfected_IFN - Adult_Reinfected","Reactome","INRR_vs_ARR = Neonate_Reinfected_IFN - Adult_Reinfected | Positive NES/logFC = higher in Neonate_Reinfected_IFN ; Negative NES/logFC = higher in Adult_Reinfected"
"REACTOME_RHO_GTPASES_ACTIVATE_PAKS","REACTOME_RHO_GTPASES_ACTIVATE_PAKS",14,-0.806533364279386,-2.63860592153258,2.14111483363938e-06,8.46168582254284e-06,2.99305315691905e-06,1815,"tags=79%, list=9%, signal=71%","Myh11/Cttn/Myh10/Mylk/Myl12b/Rac1/Myh9/Myl9/Flna/Cdc42/Calm1","INRR_vs_ARR = Neonate_Reinfected_IFN - Adult_Reinfected","Reactome","INRR_vs_ARR = Neonate_Reinfected_IFN - Adult_Reinfected | Positive NES/logFC = higher in Neonate_Reinfected_IFN ; Negative NES/logFC = higher in Adult_Reinfected"
"REACTOME_SIGNALING_BY_BRAF_AND_RAF1_FUSIONS","REACTOME_SIGNALING_BY_BRAF_AND_RAF1_FUSIONS",29,-0.627160579250611,-2.5764905288755,2.13455948547463e-06,8.46168582254284e-06,2.99305315691905e-06,3027,"tags=69%, list=15%, signal=59%","Jak2/Csk/Src/Aggf1/Mapk1/Hras/Ap3b1/Ywhab/Mark3/Arrb1/Arrb2/Vcl/Raf1/Vwf/Pebp1/Actb/Actg1/Lmna/Calm1/Fn1","INRR_vs_ARR = Neonate_Reinfected_IFN - Adult_Reinfected","Reactome","INRR_vs_ARR = Neonate_Reinfected_IFN - Adult_Reinfected | Positive NES/logFC = higher in Neonate_Reinfected_IFN ; Negative NES/logFC = higher in Adult_Reinfected"
"REACTOME_CHROMATIN_ORGANIZATION","REACTOME_CHROMATIN_ORGANIZATION",52,-0.492544779142084,-2.38795012759059,2.14103774728126e-06,8.46168582254284e-06,2.99305315691905e-06,4805,"tags=65%, list=24%, signal=50%","Taf12/Jmjd6/H2aj/Taf9/Hdac1/Kdm7a/Prmt3/Nsd2/Rela/Ruvbl2/Rps2/Kdm4b/Arid5b/Nfkb2/Taf10/H4c14/Jak2/Ezh2/Dr1/Eed/Kdm3a/Arid4b/Arid4a/Kmt2d/Hdac2/Ncor2/Kmt5a/H2az2/Crebbp/Nfkb1/Cdk4/Rbbp7/Actb/Ccnd1","INRR_vs_ARR = Neonate_Reinfected_IFN - Adult_Reinfected","Reactome","INRR_vs_ARR = Neonate_Reinfected_IFN - Adult_Reinfected | Positive NES/logFC = higher in Neonate_Reinfected_IFN ; Negative NES/logFC = higher in Adult_Reinfected"
"REACTOME_RAB_GEFS_EXCHANGE_GTP_FOR_GDP_ON_RABS","REACTOME_RAB_GEFS_EXCHANGE_GTP_FOR_GDP_ON_RABS",16,-0.773275436571804,-2.61989083341514,2.2206583754308e-06,8.74107758934513e-06,3.09187913878391e-06,2837,"tags=69%, list=14%, signal=59%","Rab5a/Akt3/Gapvd1/Dennd5a/Denn2b/Akt2/Rab31/Rab1a/Akt1/Rab14/Ywhae","INRR_vs_ARR = Neonate_Reinfected_IFN - Adult_Reinfected","Reactome","INRR_vs_ARR = Neonate_Reinfected_IFN - Adult_Reinfected | Positive NES/logFC = higher in Neonate_Reinfected_IFN ; Negative NES/logFC = higher in Adult_Reinfected"
"REACTOME_RHOD_GTPASE_CYCLE","REACTOME_RHOD_GTPASE_CYCLE",18,-0.736903245388807,-2.6193644357853,2.3145877359223e-06,9.0746535043303e-06,3.20987104563995e-06,3181,"tags=61%, list=16%, signal=51%","Add3/Vamp3/Racgap1/Lbr/Tmpo/Lman1/Esyt1/Cav1/Lmnb1/Capzb/Actn1","INRR_vs_ARR = Neonate_Reinfected_IFN - Adult_Reinfected","Reactome","INRR_vs_ARR = Neonate_Reinfected_IFN - Adult_Reinfected | Positive NES/logFC = higher in Neonate_Reinfected_IFN ; Negative NES/logFC = higher in Adult_Reinfected"
"REACTOME_RHO_GTPASES_ACTIVATE_IQGAPS","REACTOME_RHO_GTPASES_ACTIVATE_IQGAPS",12,-0.823660849729911,-2.57576736422576,2.54221571914487e-06,9.92770407318233e-06,3.51161064595838e-06,692,"tags=67%, list=3%, signal=64%","Rac1/Cdc42/Actb/Cdh1/Ctnna1/Ctnnb1/Actg1/Calm1","INRR_vs_ARR = Neonate_Reinfected_IFN - Adult_Reinfected","Reactome","INRR_vs_ARR = Neonate_Reinfected_IFN - Adult_Reinfected | Positive NES/logFC = higher in Neonate_Reinfected_IFN ; Negative NES/logFC = higher in Adult_Reinfected"
"REACTOME_DEADENYLATION_OF_MRNA","REACTOME_DEADENYLATION_OF_MRNA",13,-0.813230177659197,-2.61445005058157,2.68654044506776e-06,1.04500077154604e-05,3.69635900440322e-06,2830,"tags=77%, list=14%, signal=66%","Cnot9/Eif4a3/Cnot2/Cnot6/Paip1/Eif4e/Eif4g1/Eif4a2/Eif4a1/Pabpc1","INRR_vs_ARR = Neonate_Reinfected_IFN - Adult_Reinfected","Reactome","INRR_vs_ARR = Neonate_Reinfected_IFN - Adult_Reinfected | Positive NES/logFC = higher in Neonate_Reinfected_IFN ; Negative NES/logFC = higher in Adult_Reinfected"
"REACTOME_CDK_MEDIATED_PHOSPHORYLATION_AND_REMOVAL_OF_CDC6","REACTOME_CDK_MEDIATED_PHOSPHORYLATION_AND_REMOVAL_OF_CDC6",32,-0.5900814115265,-2.47838948080411,2.7260096798217e-06,1.05619512300543e-05,3.73595547451312e-06,2334,"tags=59%, list=12%, signal=53%","Psmc4/Psmc2/Psma4/Psmb5/Psmd13/Adrm1/Psma7/Psmd1/Psmb2/Ube2s/Psmd3/Psmd7/Ube2c/Psma1/Psmd8/Psmc6/Psma2/Psmd14/Psma6","INRR_vs_ARR = Neonate_Reinfected_IFN - Adult_Reinfected","Reactome","INRR_vs_ARR = Neonate_Reinfected_IFN - Adult_Reinfected | Positive NES/logFC = higher in Neonate_Reinfected_IFN ; Negative NES/logFC = higher in Adult_Reinfected"
"REACTOME_GOLGI_ASSOCIATED_VESICLE_BIOGENESIS","REACTOME_GOLGI_ASSOCIATED_VESICLE_BIOGENESIS",23,-0.650898612143575,-2.49583186864754,2.84951232306951e-06,1.09973366218464e-05,3.88995925682186e-06,2134,"tags=65%, list=11%, signal=58%","Igf2r/Yipf6/Ap3s1/Picalm/Napa/Cltc/Ap1g1/Ap3b1/Arrb1/Snx2/Hspa8/Arf1/Clta/Ftl1/Vamp8","INRR_vs_ARR = Neonate_Reinfected_IFN - Adult_Reinfected","Reactome","INRR_vs_ARR = Neonate_Reinfected_IFN - Adult_Reinfected | Positive NES/logFC = higher in Neonate_Reinfected_IFN ; Negative NES/logFC = higher in Adult_Reinfected"
"REACTOME_TOLL_LIKE_RECEPTOR_9_TLR9_CASCADE","REACTOME_TOLL_LIKE_RECEPTOR_9_TLR9_CASCADE",66,-0.443741595255978,-2.24856072346203,2.87569728578744e-06,1.10552097990583e-05,3.91043005890407e-06,4220,"tags=53%, list=21%, signal=42%","Rps6ka3/Nod1/Ikbkb/Ikbkg/Cd14/Fbxw11/Rela/Fos/Map3k1/Casp8/Nfkb2/Tnip2/Mef2a/Irak1/Trp53/Map2k3/Chuk/Traf2/Mapk14/Rps6ka1/Mapk1/Usp14/Ppp2cb/Dusp3/Irf7/Myd88/Peli1/Cul1/Nfkb1/Dusp6/Jun/Nfkbia/Skp1/App/Ager","INRR_vs_ARR = Neonate_Reinfected_IFN - Adult_Reinfected","Reactome","INRR_vs_ARR = Neonate_Reinfected_IFN - Adult_Reinfected | Positive NES/logFC = higher in Neonate_Reinfected_IFN ; Negative NES/logFC = higher in Adult_Reinfected"
"REACTOME_SIGNALING_BY_NTRKS","REACTOME_SIGNALING_BY_NTRKS",76,-0.424747281775411,-2.23618497474208,3.33215717242036e-06,1.27603538230671e-05,4.51357071090804e-06,3093,"tags=43%, list=15%, signal=37%","Nab2/Sos1/Shc1/Mef2a/Id1/Src/Trib1/Nelfb/Ralb/Mef2d/Mapk14/Rps6ka1/Cltc/Mapk1/Fyn/Hras/Ppp2cb/Dusp3/Ywhab/Bax/Ap2s1/Dusp6/Ap2m1/Ap2b1/Rac1/Grb2/Id3/Stat3/Junb/Furin/Id2/Clta/Rhoa","INRR_vs_ARR = Neonate_Reinfected_IFN - Adult_Reinfected","Reactome","INRR_vs_ARR = Neonate_Reinfected_IFN - Adult_Reinfected | Positive NES/logFC = higher in Neonate_Reinfected_IFN ; Negative NES/logFC = higher in Adult_Reinfected"
"REACTOME_DENGUE_VIRUS_ATTACHMENT_AND_ENTRY","REACTOME_DENGUE_VIRUS_ATTACHMENT_AND_ENTRY",22,-0.688202037717102,-2.61919040303829,3.47317306645507e-06,1.32490154040834e-05,4.68641925650511e-06,2347,"tags=68%, list=12%, signal=60%","Pros1/Mapre3/Agrn/Uba7/Sdc3/Sdc4/Axl/Sdc1/Ap2s1/Ap2m1/Ap2b1/Gpc3/Furin/Hspa5/Ly6e","INRR_vs_ARR = Neonate_Reinfected_IFN - Adult_Reinfected","Reactome","INRR_vs_ARR = Neonate_Reinfected_IFN - Adult_Reinfected | Positive NES/logFC = higher in Neonate_Reinfected_IFN ; Negative NES/logFC = higher in Adult_Reinfected"
"REACTOME_HIGH_LAMINAR_FLOW_SHEAR_STRESS_ACTIVATES_SIGNALING_BY_PIEZO1_AND_PECAM1_CDH5_KDR_IN_ENDOTHELIAL_CELLS","REACTOME_HIGH_LAMINAR_FLOW_SHEAR_STRESS_ACTIVATES_SIGNALING_BY_PIEZO1_AND_PECAM1_CDH5_KDR_IN_ENDOTHELIAL_CELLS",34,-0.583120561331945,-2.49419583171209,3.49923517894106e-06,1.3297093679976e-05,4.70342542270621e-06,2632,"tags=47%, list=13%, signal=41%","Pik3cd/Prkaca/Prkar2a/Fyn/Vcl/Gng12/Gng11/Akt1/Pecam1/Capn2/Calcrl/Ctnnb1/Gnb2/Mmp14/Gnas/Calm1","INRR_vs_ARR = Neonate_Reinfected_IFN - Adult_Reinfected","Reactome","INRR_vs_ARR = Neonate_Reinfected_IFN - Adult_Reinfected | Positive NES/logFC = higher in Neonate_Reinfected_IFN ; Negative NES/logFC = higher in Adult_Reinfected"
"REACTOME_INTRINSIC_PATHWAY_FOR_APOPTOSIS","REACTOME_INTRINSIC_PATHWAY_FOR_APOPTOSIS",42,-0.517547573237079,-2.36903556573025,3.95431117924391e-06,1.49688101344559e-05,5.29474213151433e-06,3483,"tags=62%, list=17%, signal=51%","Bcl2/Casp8/Cycs/Ppp3r1/Casp7/Akt3/Trp53/Ywhaq/Tfdp2/Diablo/Septin4/Nmt1/Mapk1/Akt2/Bak1/Ywhab/Ywhag/C1qbp/Bcl2l1/Ywhah/Bax/Dynll2/Akt1/Stat3/Ywhaz/Ywhae","INRR_vs_ARR = Neonate_Reinfected_IFN - Adult_Reinfected","Reactome","INRR_vs_ARR = Neonate_Reinfected_IFN - Adult_Reinfected | Positive NES/logFC = higher in Neonate_Reinfected_IFN ; Negative NES/logFC = higher in Adult_Reinfected"
"REACTOME_SARS_COV_2_TARGETS_HOST_INTRACELLULAR_SIGNALLING_AND_REGULATORY_PATHWAYS","REACTOME_SARS_COV_2_TARGETS_HOST_INTRACELLULAR_SIGNALLING_AND_REGULATORY_PATHWAYS",11,-0.83729101322823,-2.5670661508135,4.33284326330005e-06,1.63391188707651e-05,5.77944541348178e-06,2655,"tags=91%, list=13%, signal=79%","Akt3/Ywhaq/Akt2/Ywhab/Ywhag/Ywhah/Cav1/Akt1/Ywhaz/Ywhae","INRR_vs_ARR = Neonate_Reinfected_IFN - Adult_Reinfected","Reactome","INRR_vs_ARR = Neonate_Reinfected_IFN - Adult_Reinfected | Positive NES/logFC = higher in Neonate_Reinfected_IFN ; Negative NES/logFC = higher in Adult_Reinfected"
"REACTOME_AUTOPHAGY","REACTOME_AUTOPHAGY",54,-0.461229064884838,-2.25817074591173,4.77797015787413e-06,1.79491806691241e-05,6.34895374190198e-06,4589,"tags=56%, list=23%, signal=43%","Pcnt/Mfn2/Atg4b/Vdac1/Vps37b/Tomm22/Tsg101/Optn/Csnk2a2/Csnk2b/Wipi1/Mtor/Tbk1/Tsc2/Pink1/Src/Vdac2/Dync1h1/Vdac3/Mvb12a/Gabarapl2/Plin2/Vps28/Dynll2/Gabarapl1/Hspa8/Sqstm1/Hsp90aa1/Hsp90ab1/Vim","INRR_vs_ARR = Neonate_Reinfected_IFN - Adult_Reinfected","Reactome","INRR_vs_ARR = Neonate_Reinfected_IFN - Adult_Reinfected | Positive NES/logFC = higher in Neonate_Reinfected_IFN ; Negative NES/logFC = higher in Adult_Reinfected"
"REACTOME_MITOTIC_PROPHASE","REACTOME_MITOTIC_PROPHASE",41,-0.536042046161569,-2.43583833382885,4.92841949416232e-06,1.84442365917893e-05,6.52406408318138e-06,3976,"tags=59%, list=20%, signal=47%","Ncaph2/Rb1/Nupl1/H4c14/Lpin2/Cdk1/Nup205/Nup153/Rae1/Mapk1/Uso1/Kmt5a/Numa1/Ppp2cb/H2az2/Tmpo/Nek7/Rab1a/Nup98/Banf1/Lmnb1/Rab2a/Arpp19/Lmna","INRR_vs_ARR = Neonate_Reinfected_IFN - Adult_Reinfected","Reactome","INRR_vs_ARR = Neonate_Reinfected_IFN - Adult_Reinfected | Positive NES/logFC = higher in Neonate_Reinfected_IFN ; Negative NES/logFC = higher in Adult_Reinfected"
"REACTOME_ABC_TRANSPORTER_DISORDERS","REACTOME_ABC_TRANSPORTER_DISORDERS",32,-0.577718693081399,-2.42646506707072,5.3507812902964e-06,1.99493279804258e-05,7.05644245631938e-06,2334,"tags=59%, list=12%, signal=53%","Psmc4/Psmc2/Psma4/Psmb5/Psmd13/Adrm1/Psma7/Psmd1/Psmb2/Psmd3/Psmd7/Abca1/Psma1/Psmd8/Psmc6/Psma2/Psmd14/Abca3/Psma6","INRR_vs_ARR = Neonate_Reinfected_IFN - Adult_Reinfected","Reactome","INRR_vs_ARR = Neonate_Reinfected_IFN - Adult_Reinfected | Positive NES/logFC = higher in Neonate_Reinfected_IFN ; Negative NES/logFC = higher in Adult_Reinfected"
"REACTOME_INFECTION_WITH_ENTEROBACTERIA","REACTOME_INFECTION_WITH_ENTEROBACTERIA",20,-0.700024423065659,-2.562062029111,5.66237551329732e-06,2.10316804779615e-05,7.43929034592287e-06,2361,"tags=65%, list=12%, signal=57%","Gbp3/Lama4/Col5a1/Lamc2/Gbp2/Lamc1/Epcam/Calm3/Col5a2/Col4a2/Col4a1/Calm1/Fn1","INRR_vs_ARR = Neonate_Reinfected_IFN - Adult_Reinfected","Reactome","INRR_vs_ARR = Neonate_Reinfected_IFN - Adult_Reinfected | Positive NES/logFC = higher in Neonate_Reinfected_IFN ; Negative NES/logFC = higher in Adult_Reinfected"
"REACTOME_RAC3_GTPASE_CYCLE","REACTOME_RAC3_GTPASE_CYCLE",41,-0.530222718973392,-2.40939462415429,7.22584179694537e-06,2.6738320956487e-05,9.45783353670752e-06,4133,"tags=56%, list=21%, signal=45%","Arap3/Epha2/Arhgap5/Pak4/Cyfip1/Snap23/Vamp3/Racgap1/Lbr/Cdc42ep1/Jag1/Tmpo/Dock10/Abr/Lman1/Esyt1/Cav1/Slc1a5/Wasf2/Fermt2/Abi1/Cdc42/Itgb1","INRR_vs_ARR = Neonate_Reinfected_IFN - Adult_Reinfected","Reactome","INRR_vs_ARR = Neonate_Reinfected_IFN - Adult_Reinfected | Positive NES/logFC = higher in Neonate_Reinfected_IFN ; Negative NES/logFC = higher in Adult_Reinfected"
"REACTOME_DNA_REPLICATION_PRE_INITIATION","REACTOME_DNA_REPLICATION_PRE_INITIATION",57,-0.450304656382819,-2.27285622908728,7.38945228890244e-06,2.72417121695358e-05,9.63589222276359e-06,3456,"tags=49%, list=17%, signal=41%","Mcm7/Rpa3/H4c14/Mcm2/Psma3/Pole4/Psmc4/Psmc2/Mcm6/Psma4/Psmb5/Psmd13/Adrm1/Psma7/H2az2/Psmd1/Psmb2/Ube2s/Psmd3/Psmd7/Ube2c/Psma1/Psmd8/Psmc6/Psma2/Psmd14/Kpnb1/Psma6","INRR_vs_ARR = Neonate_Reinfected_IFN - Adult_Reinfected","Reactome","INRR_vs_ARR = Neonate_Reinfected_IFN - Adult_Reinfected | Positive NES/logFC = higher in Neonate_Reinfected_IFN ; Negative NES/logFC = higher in Adult_Reinfected"
"REACTOME_SARS_COV_2_ACTIVATES_MODULATES_INNATE_AND_ADAPTIVE_IMMUNE_RESPONSES","REACTOME_SARS_COV_2_ACTIVATES_MODULATES_INNATE_AND_ADAPTIVE_IMMUNE_RESPONSES",62,-0.434578558257577,-2.21255796762187,7.43148317633688e-06,2.72948155324195e-05,9.65467585421187e-06,4114,"tags=53%, list=21%, signal=42%","H2-M3/Nod1/Ikbkb/Ikbkg/Stat2/Trim25/Nupl1/Tbk1/Il17ra/Jak1/Nup205/Irak1/Stat1/Chuk/Nup153/Ptpn6/Rae1/Irf7/Crebbp/Ifnar1/Sar1b/Isg15/Nup98/G3bp1/H2-T23/Ifnar2/G3bp2/B2m/H2-Q1/Cnbp/Hsp90aa1/Hsp90ab1/H2-D1","INRR_vs_ARR = Neonate_Reinfected_IFN - Adult_Reinfected","Reactome","INRR_vs_ARR = Neonate_Reinfected_IFN - Adult_Reinfected | Positive NES/logFC = higher in Neonate_Reinfected_IFN ; Negative NES/logFC = higher in Adult_Reinfected"
"REACTOME_APC_C_CDH1_MEDIATED_DEGRADATION_OF_CDC20_AND_OTHER_APC_C_CDH1_TARGETED_PROTEINS_IN_LATE_MITOSIS_EARLY_G1","REACTOME_APC_C_CDH1_MEDIATED_DEGRADATION_OF_CDC20_AND_OTHER_APC_C_CDH1_TARGETED_PROTEINS_IN_LATE_MITOSIS_EARLY_G1",34,-0.567577309176699,-2.42771229930447,7.59008392863692e-06,2.77740848944196e-05,9.82420220002908e-06,2334,"tags=56%, list=12%, signal=49%","Psmc4/Psmc2/Psma4/Psmb5/Psmd13/Adrm1/Psma7/Psmd1/Psmb2/Ube2s/Psmd3/Psmd7/Ube2c/Psma1/Psmd8/Psmc6/Psma2/Psmd14/Psma6","INRR_vs_ARR = Neonate_Reinfected_IFN - Adult_Reinfected","Reactome","INRR_vs_ARR = Neonate_Reinfected_IFN - Adult_Reinfected | Positive NES/logFC = higher in Neonate_Reinfected_IFN ; Negative NES/logFC = higher in Adult_Reinfected"
"REACTOME_CILIUM_ASSEMBLY","REACTOME_CILIUM_ASSEMBLY",56,-0.453481037913536,-2.27060660736964,8.12328690664572e-06,2.96155256965534e-05,1.04755535172126e-05,3278,"tags=48%, list=16%, signal=40%","Cetn2/Pcm1/Cdk1/Ckap5/Mark4/Nek2/Prkaca/Cntrl/Clasp1/Odf2/Dync1h1/Csnk1d/Pkd2/Ywhag/Arf4/Cct4/Mapre1/Cct5/Exoc4/Dynll2/Pafah1b1/Tcp1/Cct3/Tubb5/Cct2/Ywhae/Hsp90aa1","INRR_vs_ARR = Neonate_Reinfected_IFN - Adult_Reinfected","Reactome","INRR_vs_ARR = Neonate_Reinfected_IFN - Adult_Reinfected | Positive NES/logFC = higher in Neonate_Reinfected_IFN ; Negative NES/logFC = higher in Adult_Reinfected"
"REACTOME_ANTIGEN_ACTIVATES_B_CELL_RECEPTOR_BCR_LEADING_TO_GENERATION_OF_SECOND_MESSENGERS","REACTOME_ANTIGEN_ACTIVATES_B_CELL_RECEPTOR_BCR_LEADING_TO_GENERATION_OF_SECOND_MESSENGERS",13,-0.78556558627487,-2.52551127982388,8.90661462994572e-06,3.23438487312888e-05,1.14406113134326e-05,3078,"tags=62%, list=15%, signal=52%","Sos1/Pik3cd/Ptpn6/Cd79b/Fyn/Lyn/Grb2/Calm1","INRR_vs_ARR = Neonate_Reinfected_IFN - Adult_Reinfected","Reactome","INRR_vs_ARR = Neonate_Reinfected_IFN - Adult_Reinfected | Positive NES/logFC = higher in Neonate_Reinfected_IFN ; Negative NES/logFC = higher in Adult_Reinfected"
"REACTOME_SENSORY_PERCEPTION","REACTOME_SENSORY_PERCEPTION",68,-0.414270245016031,-2.1477915849371,8.93711609680347e-06,3.23438487312888e-05,1.14406113134326e-05,2589,"tags=38%, list=13%, signal=33%","Rbp1/Mpp1/Dhrs3/Metap1/Nmt1/Agrn/Sdc3/Ldb1/Sdc4/Atp2b1/Sdc1/Gpc3/Lrp1/Myh9/Lrp10/Actb/Gsn/Ezr/Myo1c/Actg1/Capzb/Sptan1/Sptbn1/Calm1/Msn/Apoe","INRR_vs_ARR = Neonate_Reinfected_IFN - Adult_Reinfected","Reactome","INRR_vs_ARR = Neonate_Reinfected_IFN - Adult_Reinfected | Positive NES/logFC = higher in Neonate_Reinfected_IFN ; Negative NES/logFC = higher in Adult_Reinfected"
"REACTOME_COPI_DEPENDENT_GOLGI_TO_ER_RETROGRADE_TRAFFIC","REACTOME_COPI_DEPENDENT_GOLGI_TO_ER_RETROGRADE_TRAFFIC",41,-0.526886731161472,-2.39423550174654,9.1607526100255e-06,3.30322028419898e-05,1.16840947619227e-05,2948,"tags=49%, list=15%, signal=42%","Kdelr3/Kif20a/Arfgap1/Racgap1/Napa/Arfgap3/Copz2/Arf4/Klc1/Rab1a/Kif1b/Arcn1/Copb2/Copb1/Cope/Kif5b/Tmed10/Copa/Arf1/Tmed2","INRR_vs_ARR = Neonate_Reinfected_IFN - Adult_Reinfected","Reactome","INRR_vs_ARR = Neonate_Reinfected_IFN - Adult_Reinfected | Positive NES/logFC = higher in Neonate_Reinfected_IFN ; Negative NES/logFC = higher in Adult_Reinfected"
"REACTOME_BIOLOGICAL_OXIDATIONS","REACTOME_BIOLOGICAL_OXIDATIONS",87,-0.374446433398221,-1.98848735821459,1.04830984781092e-05,3.76629138049886e-05,1.33220619894057e-05,2488,"tags=32%, list=12%, signal=28%","Gclc/Cbr3/Maoa/Fdx1/Adh5/Cyp2s1/Cyp4b1/Ugp2/Gclm/Ugdh/Adh1/Acss1/Mtarc2/Gsto1/Ephx1/Cndp2/Cyb5b/Comt/Por/Gsta3/Gstm2/Ptges3/Ces1d/Aldh2/Cyb5r3/Mgst1/Akr1a1/Hsp90ab1","INRR_vs_ARR = Neonate_Reinfected_IFN - Adult_Reinfected","Reactome","INRR_vs_ARR = Neonate_Reinfected_IFN - Adult_Reinfected | Positive NES/logFC = higher in Neonate_Reinfected_IFN ; Negative NES/logFC = higher in Adult_Reinfected"
"REACTOME_LYSOSOME_VESICLE_BIOGENESIS","REACTOME_LYSOSOME_VESICLE_BIOGENESIS",15,-0.750161714547399,-2.50627646915924,1.08767858090724e-05,3.89357405049402e-05,1.37722840908163e-05,2016,"tags=73%, list=10%, signal=66%","Cltc/Ap1g1/Arrb1/M6pr/Cltb/Ctsz/App/Hspa8/Arf1/Clta/Vamp8","INRR_vs_ARR = Neonate_Reinfected_IFN - Adult_Reinfected","Reactome","INRR_vs_ARR = Neonate_Reinfected_IFN - Adult_Reinfected | Positive NES/logFC = higher in Neonate_Reinfected_IFN ; Negative NES/logFC = higher in Adult_Reinfected"
"REACTOME_COPII_MEDIATED_VESICLE_TRANSPORT","REACTOME_COPII_MEDIATED_VESICLE_TRANSPORT",26,-0.610882054905354,-2.39183222754767,1.15136162790238e-05,4.1066616908576e-05,1.45260140780388e-05,2200,"tags=50%, list=11%, signal=45%","Stx5a/Napa/Uso1/Csnk1d/Bet1/Sec31a/Sar1b/Lman1/Rab1a/Tmed10/Ctsz/Ctsc/Tmed2","INRR_vs_ARR = Neonate_Reinfected_IFN - Adult_Reinfected","Reactome","INRR_vs_ARR = Neonate_Reinfected_IFN - Adult_Reinfected | Positive NES/logFC = higher in Neonate_Reinfected_IFN ; Negative NES/logFC = higher in Adult_Reinfected"
"REACTOME_PROTEIN_FOLDING","REACTOME_PROTEIN_FOLDING",39,-0.515326939644022,-2.29196272413725,1.18311625470676e-05,4.20474409946145e-05,1.48729495101342e-05,4155,"tags=59%, list=21%, signal=47%","Gnb4/Fbxo4/Csnk2a2/Csnk2b/Kifc3/Arfgef2/Nop56/Trp53/Vbp1/Fbxo6/Cct6a/Gng12/Lonp2/Gng11/Cct7/Cct4/Cct5/Tcp1/Cct3/Cct2/Stat3/Actb/Gnb2","INRR_vs_ARR = Neonate_Reinfected_IFN - Adult_Reinfected","Reactome","INRR_vs_ARR = Neonate_Reinfected_IFN - Adult_Reinfected | Positive NES/logFC = higher in Neonate_Reinfected_IFN ; Negative NES/logFC = higher in Adult_Reinfected"
"REACTOME_GPVI_MEDIATED_ACTIVATION_CASCADE","REACTOME_GPVI_MEDIATED_ACTIVATION_CASCADE",24,-0.638829842780529,-2.48205501071006,1.25478885045128e-05,4.44348166396369e-05,1.57174079739606e-05,2238,"tags=42%, list=11%, signal=37%","Ptpn6/Fyn/Lyn/Rac2/Pdpn/Rac1/Cdc42/Rhoa/Col1a2/Col1a1","INRR_vs_ARR = Neonate_Reinfected_IFN - Adult_Reinfected","Reactome","INRR_vs_ARR = Neonate_Reinfected_IFN - Adult_Reinfected | Positive NES/logFC = higher in Neonate_Reinfected_IFN ; Negative NES/logFC = higher in Adult_Reinfected"
"REACTOME_DISEASES_OF_METABOLISM","REACTOME_DISEASES_OF_METABOLISM",105,-0.356285163649015,-2.07633757583832,1.30146400757928e-05,4.59230871245832e-05,1.6243836485576e-05,3271,"tags=36%, list=16%, signal=30%","Cfp/Pmm2/Notch2/Pgm1/Notch1/Gne/Auh/Gclc/Echs1/Maoa/B3gat3/Fdx1/Ext1/Dld/Ext2/Gaa/Agrn/Notch3/Gclm/Lfng/Sdc3/Acat1/Taldo1/Gusb/Sdc4/Gfpt1/Dcn/Idh1/Sdc1/Muc1/Gpc3/Abca3/Hprt/Dcxr/B4galt1/Spon1/Thbs1/Bgn","INRR_vs_ARR = Neonate_Reinfected_IFN - Adult_Reinfected","Reactome","INRR_vs_ARR = Neonate_Reinfected_IFN - Adult_Reinfected | Positive NES/logFC = higher in Neonate_Reinfected_IFN ; Negative NES/logFC = higher in Adult_Reinfected"
"REACTOME_ESTROGEN_DEPENDENT_GENE_EXPRESSION","REACTOME_ESTROGEN_DEPENDENT_GENE_EXPRESSION",60,-0.420014917306234,-2.10689403472096,1.49092856037938e-05,5.24212604147624e-05,1.85423593199458e-05,2302,"tags=47%, list=12%, signal=41%","Rad21/Ncoa3/Gpam/Fos/Kdm4b/Bcl2/H4c14/Polr2g/Runx1/Tle3/Sp1/Ago2/Cdk9/Stag1/Smc1a/Polr2a/H2az2/Crebbp/Polr2e/Jun/Fkbp4/Polr2f/Smc3/Ptges3/Ctsd/Ccnd1/Hsp90aa1/Hsp90ab1","INRR_vs_ARR = Neonate_Reinfected_IFN - Adult_Reinfected","Reactome","INRR_vs_ARR = Neonate_Reinfected_IFN - Adult_Reinfected | Positive NES/logFC = higher in Neonate_Reinfected_IFN ; Negative NES/logFC = higher in Adult_Reinfected"
"REACTOME_TNFR2_NON_CANONICAL_NF_KB_PATHWAY","REACTOME_TNFR2_NON_CANONICAL_NF_KB_PATHWAY",52,-0.458482090951977,-2.22280778103821,1.5030527343628e-05,5.26601454450512e-05,1.86268573276763e-05,2363,"tags=46%, list=12%, signal=41%","Chuk/Psmc4/Psmc2/Traf2/Psma4/Psmb5/Psmd13/Adrm1/Psma7/Ltb/Psmd1/Tnfrsf1b/Psmb2/Psmd3/Cul1/Psmd7/Psma1/Psmd8/Psmc6/Psma2/Tnfrsf1a/Psmd14/Skp1/Psma6","INRR_vs_ARR = Neonate_Reinfected_IFN - Adult_Reinfected","Reactome","INRR_vs_ARR = Neonate_Reinfected_IFN - Adult_Reinfected | Positive NES/logFC = higher in Neonate_Reinfected_IFN ; Negative NES/logFC = higher in Adult_Reinfected"
"REACTOME_PRE_NOTCH_EXPRESSION_AND_PROCESSING","REACTOME_PRE_NOTCH_EXPRESSION_AND_PROCESSING",38,-0.526613909774368,-2.34842034644946,1.50979747252179e-05,5.27095372032341e-05,1.86443280966053e-05,3284,"tags=53%, list=16%, signal=44%","H4c14/Notch2/Runx1/Notch1/Trp53/Elf3/Tfdp2/Ago2/Notch3/Rbpj/Lfng/H2az2/Crebbp/St3gal4/Jun/B4galt1/Furin/Atp2a2/Ccnd1/Tmed2","INRR_vs_ARR = Neonate_Reinfected_IFN - Adult_Reinfected","Reactome","INRR_vs_ARR = Neonate_Reinfected_IFN - Adult_Reinfected | Positive NES/logFC = higher in Neonate_Reinfected_IFN ; Negative NES/logFC = higher in Adult_Reinfected"
"REACTOME_MATURATION_OF_DENV_PROTEINS","REACTOME_MATURATION_OF_DENV_PROTEINS",23,-0.615888719770983,-2.36158852648758,1.62810693436403e-05,5.66397764490021e-05,2.00345256563698e-05,2263,"tags=61%, list=11%, signal=54%","Ipo7/Nmt1/P4ha1/Ube2i/Spcs3/Rpn1/Sec11a/Dnajc3/Ostc/Kpnb1/Spcs1/Hspa5/Canx/Calr","INRR_vs_ARR = Neonate_Reinfected_IFN - Adult_Reinfected","Reactome","INRR_vs_ARR = Neonate_Reinfected_IFN - Adult_Reinfected | Positive NES/logFC = higher in Neonate_Reinfected_IFN ; Negative NES/logFC = higher in Adult_Reinfected"
"REACTOME_ASYMMETRIC_LOCALIZATION_OF_PCP_PROTEINS","REACTOME_ASYMMETRIC_LOCALIZATION_OF_PCP_PROTEINS",32,-0.555851063181458,-2.33461925926273,1.72144248462124e-05,5.96766728002031e-05,2.11087314827056e-05,2334,"tags=62%, list=12%, signal=55%","Fzd4/Psma3/Psmc4/Psmc2/Psma4/Psmb5/Psmd13/Adrm1/Psma7/Psmd1/Psmb2/Psmd3/Psmd7/Smurf2/Psma1/Psmd8/Psmc6/Psma2/Psmd14/Psma6","INRR_vs_ARR = Neonate_Reinfected_IFN - Adult_Reinfected","Reactome","INRR_vs_ARR = Neonate_Reinfected_IFN - Adult_Reinfected | Positive NES/logFC = higher in Neonate_Reinfected_IFN ; Negative NES/logFC = higher in Adult_Reinfected"
"REACTOME_CONSTITUTIVE_SIGNALING_BY_AKT1_E17K_IN_CANCER","REACTOME_CONSTITUTIVE_SIGNALING_BY_AKT1_E17K_IN_CANCER",18,-0.701759050408673,-2.49444239882685,1.73890999292513e-05,6.00714361192319e-05,2.12483664943373e-05,4629,"tags=78%, list=23%, signal=60%","Foxo4/Foxo1/Cdkn1a/Foxo3/Mtor/Tsc2/Akt3/Chuk/Akt2/Mdm2/Gsk3b/Cdkn1b/Akt1s1/Akt1","INRR_vs_ARR = Neonate_Reinfected_IFN - Adult_Reinfected","Reactome","INRR_vs_ARR = Neonate_Reinfected_IFN - Adult_Reinfected | Positive NES/logFC = higher in Neonate_Reinfected_IFN ; Negative NES/logFC = higher in Adult_Reinfected"
"REACTOME_ATTACHMENT_OF_BACTERIA_TO_EPITHELIAL_CELLS","REACTOME_ATTACHMENT_OF_BACTERIA_TO_EPITHELIAL_CELLS",14,-0.765501783369405,-2.50436947558511,1.7721470395129e-05,6.10063162034408e-05,2.15790506920332e-05,2298,"tags=64%, list=12%, signal=57%","Lama4/Col5a1/Lamc2/Lamc1/Epcam/Col5a2/Col4a2/Col4a1/Fn1","INRR_vs_ARR = Neonate_Reinfected_IFN - Adult_Reinfected","Reactome","INRR_vs_ARR = Neonate_Reinfected_IFN - Adult_Reinfected | Positive NES/logFC = higher in Neonate_Reinfected_IFN ; Negative NES/logFC = higher in Adult_Reinfected"
"REACTOME_ISG15_ANTIVIRAL_MECHANISM","REACTOME_ISG15_ANTIVIRAL_MECHANISM",38,-0.523070051235824,-2.3326166060955,1.79199503903569e-05,6.14753853669189e-05,2.17449690409302e-05,3076,"tags=55%, list=15%, signal=47%","Jak1/Flnb/Ppm1b/Nup205/Eif2ak2/Stat1/Eif4a3/Nup153/Rae1/Uba7/Eif4g3/Isg15/Eif4e3/Nup98/Eif4g2/Eif4e/Eif4g1/Nedd4/Kpnb1/Eif4a2/Eif4a1","INRR_vs_ARR = Neonate_Reinfected_IFN - Adult_Reinfected","Reactome","INRR_vs_ARR = Neonate_Reinfected_IFN - Adult_Reinfected | Positive NES/logFC = higher in Neonate_Reinfected_IFN ; Negative NES/logFC = higher in Adult_Reinfected"
"REACTOME_MOLECULES_ASSOCIATED_WITH_ELASTIC_FIBRES","REACTOME_MOLECULES_ASSOCIATED_WITH_ELASTIC_FIBRES",22,-0.656317743689575,-2.49784371653098,1.80103895485911e-05,6.15718507751142e-05,2.17790906214979e-05,2250,"tags=59%, list=11%, signal=52%","Itgav/Mfap5/Fbn1/Tgfb3/Itgb5/Fbln1/Fbln5/Efemp1/Efemp2/Ltbp2/Eln/Itgb1/Fn1","INRR_vs_ARR = Neonate_Reinfected_IFN - Adult_Reinfected","Reactome","INRR_vs_ARR = Neonate_Reinfected_IFN - Adult_Reinfected | Positive NES/logFC = higher in Neonate_Reinfected_IFN ; Negative NES/logFC = higher in Adult_Reinfected"
"REACTOME_DEATH_RECEPTOR_SIGNALING","REACTOME_DEATH_RECEPTOR_SIGNALING",78,-0.392291597456583,-2.07786894135045,1.89551403623059e-05,6.4578202337787e-05,2.28424921970438e-05,3448,"tags=42%, list=17%, signal=35%","Casp8/Itsn1/Tnfsf10/Tbk1/Sos1/Ect2/Irak1/Arhgef2/Rnf31/Chuk/Traf2/Arhgef3/Net1/Hdac2/Arhgef12/Traf1/Cyld/Adam17/Myd88/Abr/Nfkb1/Akap13/Aph1a/Tnfrsf1a/Sppl2a/Nfkbia/Rac1/Psenen/Ywhae/Rhoa/Sqstm1/Arhgdia/Rack1","INRR_vs_ARR = Neonate_Reinfected_IFN - Adult_Reinfected","Reactome","INRR_vs_ARR = Neonate_Reinfected_IFN - Adult_Reinfected | Positive NES/logFC = higher in Neonate_Reinfected_IFN ; Negative NES/logFC = higher in Adult_Reinfected"
"REACTOME_FORMATION_OF_THE_EARLY_ELONGATION_COMPLEX","REACTOME_FORMATION_OF_THE_EARLY_ELONGATION_COMPLEX",25,-0.61276981416978,-2.39053427352463,1.95962100119891e-05,6.65328367417361e-05,2.35338821630688e-05,4099,"tags=76%, list=21%, signal=60%","Polr2i/Gtf2h1/Polr2c/Nelfcd/Nelfe/Polr2h/Mnat1/Polr2j/Supt4a/Ncbp2/Polr2g/Ercc3/Nelfb/Gtf2h5/Cdk7/Polr2a/Supt5/Polr2e/Polr2f","INRR_vs_ARR = Neonate_Reinfected_IFN - Adult_Reinfected","Reactome","INRR_vs_ARR = Neonate_Reinfected_IFN - Adult_Reinfected | Positive NES/logFC = higher in Neonate_Reinfected_IFN ; Negative NES/logFC = higher in Adult_Reinfected"
"REACTOME_HSF1_ACTIVATION","REACTOME_HSF1_ACTIVATION",16,-0.737128559895093,-2.49742364205867,2.02131036441438e-05,6.8392282193199e-05,2.41916020542745e-05,2118,"tags=50%, list=11%, signal=45%","Dnajb1/Hsph1/Serpinh1/Fkbp4/Ptges3/Ywhae/Hsp90aa1/Hsp90ab1","INRR_vs_ARR = Neonate_Reinfected_IFN - Adult_Reinfected","Reactome","INRR_vs_ARR = Neonate_Reinfected_IFN - Adult_Reinfected | Positive NES/logFC = higher in Neonate_Reinfected_IFN ; Negative NES/logFC = higher in Adult_Reinfected"
"REACTOME_EPH_EPHRIN_MEDIATED_REPULSION_OF_CELLS","REACTOME_EPH_EPHRIN_MEDIATED_REPULSION_OF_CELLS",31,-0.567395655814753,-2.37823514576141,2.05342788817303e-05,6.9241868720647e-05,2.4492116359743e-05,2016,"tags=48%, list=10%, signal=44%","Cltc/Fyn/Lyn/Adam10/Aph1a/Ap2s1/Ap2m1/Ap2b1/Rac1/Psenen/Mmp2/Cltb/Actb/Actg1/Clta","INRR_vs_ARR = Neonate_Reinfected_IFN - Adult_Reinfected","Reactome","INRR_vs_ARR = Neonate_Reinfected_IFN - Adult_Reinfected | Positive NES/logFC = higher in Neonate_Reinfected_IFN ; Negative NES/logFC = higher in Adult_Reinfected"
"REACTOME_RUNX1_REGULATES_TRANSCRIPTION_OF_GENES_INVOLVED_IN_DIFFERENTIATION_OF_HSCS","REACTOME_RUNX1_REGULATES_TRANSCRIPTION_OF_GENES_INVOLVED_IN_DIFFERENTIATION_OF_HSCS",38,-0.52061077074512,-2.3216495119212,2.10241343513461e-05,7.06525331262922e-05,2.4991094180619e-05,2894,"tags=61%, list=14%, signal=52%","Psma3/Runx1/Psmc4/Psmc2/Abl1/Psma4/Psmb5/Psmd13/Adrm1/Cdk7/Psma7/H2az2/Psmd1/Psmb2/Ldb1/Psmd3/Psmd7/Psma1/Psmd8/Psmc6/Psma2/Psmd14/Psma6","INRR_vs_ARR = Neonate_Reinfected_IFN - Adult_Reinfected","Reactome","INRR_vs_ARR = Neonate_Reinfected_IFN - Adult_Reinfected | Positive NES/logFC = higher in Neonate_Reinfected_IFN ; Negative NES/logFC = higher in Adult_Reinfected"
"REACTOME_GASTRULATION","REACTOME_GASTRULATION",56,-0.438000476703475,-2.19309451396199,2.13387642175783e-05,7.14667764303978e-05,2.5279106941074e-05,2334,"tags=46%, list=12%, signal=41%","Cldn7/Psma3/Notch1/Psmc4/Psmc2/Fgfr1/Psma4/Psmb5/Psmd13/Adrm1/Rbpj/Psma7/Lfng/Psmd1/Crebbp/Psmb2/Psmd3/Psmd7/Psma1/Psmd8/Psmc6/Psma2/Psmd14/Cdh1/Psma6/Ctnnb1","INRR_vs_ARR = Neonate_Reinfected_IFN - Adult_Reinfected","Reactome","INRR_vs_ARR = Neonate_Reinfected_IFN - Adult_Reinfected | Positive NES/logFC = higher in Neonate_Reinfected_IFN ; Negative NES/logFC = higher in Adult_Reinfected"
"REACTOME_HIV_ELONGATION_ARREST_AND_RECOVERY","REACTOME_HIV_ELONGATION_ARREST_AND_RECOVERY",23,-0.609237711488727,-2.33608563230437,2.18849483795268e-05,7.30484087803126e-05,2.58385592532109e-05,5173,"tags=78%, list=26%, signal=58%","Polr2i/Polr2c/Nelfcd/Nelfe/Polr2h/Ccnt1/Polr2j/Supt4a/Tcea1/Eloa/Polr2g/Ssrp1/Nelfb/Cdk9/Polr2a/Supt5/Polr2e/Polr2f","INRR_vs_ARR = Neonate_Reinfected_IFN - Adult_Reinfected","Reactome","INRR_vs_ARR = Neonate_Reinfected_IFN - Adult_Reinfected | Positive NES/logFC = higher in Neonate_Reinfected_IFN ; Negative NES/logFC = higher in Adult_Reinfected"
"REACTOME_AKT_PHOSPHORYLATES_TARGETS_IN_THE_CYTOSOL","REACTOME_AKT_PHOSPHORYLATES_TARGETS_IN_THE_CYTOSOL",12,-0.78089106301869,-2.4420169002796,2.21254115806981e-05,7.36023792650831e-05,2.60345087534707e-05,3117,"tags=83%, list=16%, signal=70%","Cdkn1a/Tsc2/Akt3/Chuk/Akt2/Mdm2/Gsk3b/Cdkn1b/Akt1s1/Akt1","INRR_vs_ARR = Neonate_Reinfected_IFN - Adult_Reinfected","Reactome","INRR_vs_ARR = Neonate_Reinfected_IFN - Adult_Reinfected | Positive NES/logFC = higher in Neonate_Reinfected_IFN ; Negative NES/logFC = higher in Adult_Reinfected"
"REACTOME_SIGNALING_BY_INSULIN_RECEPTOR","REACTOME_SIGNALING_BY_INSULIN_RECEPTOR",43,-0.48611372328884,-2.23771863255933,2.29012892041448e-05,7.59277642070304e-05,2.68570399709505e-05,3835,"tags=51%, list=19%, signal=41%","Atp6v0a1/Flt3l/Atp6v1d/Atp6v1f/Sos1/Atp6v1h/Shc1/Tcirg1/Fgfr1/Atp6v1g1/Mapk1/Akt2/Hras/Ide/Atp6v1e1/Atp6v0d1/Atp6v0e/Atp6v0b/Atp6v0c/Grb2/Atp6ap1/Ctsd","INRR_vs_ARR = Neonate_Reinfected_IFN - Adult_Reinfected","Reactome","INRR_vs_ARR = Neonate_Reinfected_IFN - Adult_Reinfected | Positive NES/logFC = higher in Neonate_Reinfected_IFN ; Negative NES/logFC = higher in Adult_Reinfected"
"REACTOME_INTERFERON_ALPHA_BETA_SIGNALING","REACTOME_INTERFERON_ALPHA_BETA_SIGNALING",58,-0.429098844853769,-2.17377678731542,2.3143883241657e-05,7.64754402767797e-05,2.70507630214051e-05,2645,"tags=41%, list=13%, signal=36%","Eif2ak2/Adar/Stat1/Ifi27/Ptpn6/Irf4/Irf7/Ifnar1/Abce1/Isg15/Ifitm1/Gbp2/Isg20/Socs3/Irf9/Samhd1/H2-T23/Irf1/Irf8/Ifnar2/Kpnb1/H2-Q1/Psmb8/H2-D1","INRR_vs_ARR = Neonate_Reinfected_IFN - Adult_Reinfected","Reactome","INRR_vs_ARR = Neonate_Reinfected_IFN - Adult_Reinfected | Positive NES/logFC = higher in Neonate_Reinfected_IFN ; Negative NES/logFC = higher in Adult_Reinfected"
"REACTOME_TRANSPORT_OF_MATURE_TRANSCRIPT_TO_CYTOPLASM","REACTOME_TRANSPORT_OF_MATURE_TRANSCRIPT_TO_CYTOPLASM",29,-0.578565090331964,-2.3768513597578,2.33789261346606e-05,7.69945967368156e-05,2.72343981638854e-05,3526,"tags=66%, list=18%, signal=54%","Rnps1/Nxf1/Nupl1/Ncbp2/Wdr33/Nup205/Srsf3/Slbp/Eif4a3/Nup153/Ddx39a/Rae1/U2af1/Nup98/Srsf7/Srsf2/Srsf6/Eif4e/Srsf1","INRR_vs_ARR = Neonate_Reinfected_IFN - Adult_Reinfected","Reactome","INRR_vs_ARR = Neonate_Reinfected_IFN - Adult_Reinfected | Positive NES/logFC = higher in Neonate_Reinfected_IFN ; Negative NES/logFC = higher in Adult_Reinfected"
"REACTOME_TOLL_LIKE_RECEPTOR_TLR1_TLR2_CASCADE","REACTOME_TOLL_LIKE_RECEPTOR_TLR1_TLR2_CASCADE",71,-0.387964509738099,-2.06886332420501,2.38173826456889e-05,7.81779868901681e-05,2.765298492173e-05,4220,"tags=52%, list=21%, signal=41%","Rps6ka3/Nod1/Ikbkb/Ikbkg/Cd14/Fbxw11/Rela/Fos/Map3k1/Casp8/Nfkb2/Tnip2/S100a1/S100a9/Mef2a/Irak1/Trp53/Map2k3/Chuk/Traf2/Mapk14/Rps6ka1/Mapk1/Usp14/Ppp2cb/Dusp3/Myd88/Peli1/Cul1/Nfkb1/Dusp6/Jun/Nfkbia/Cd36/Skp1/App/Ager","INRR_vs_ARR = Neonate_Reinfected_IFN - Adult_Reinfected","Reactome","INRR_vs_ARR = Neonate_Reinfected_IFN - Adult_Reinfected | Positive NES/logFC = higher in Neonate_Reinfected_IFN ; Negative NES/logFC = higher in Adult_Reinfected"
"REACTOME_SENSORY_PROCESSING_OF_SOUND_BY_OUTER_HAIR_CELLS_OF_THE_COCHLEA","REACTOME_SENSORY_PROCESSING_OF_SOUND_BY_OUTER_HAIR_CELLS_OF_THE_COCHLEA",15,-0.730446632321192,-2.44040874262391,2.39265587056345e-05,7.82762913945923e-05,2.76877570242964e-05,489,"tags=60%, list=2%, signal=59%","Myh9/Actb/Gsn/Ezr/Myo1c/Actg1/Sptan1/Sptbn1/Msn","INRR_vs_ARR = Neonate_Reinfected_IFN - Adult_Reinfected","Reactome","INRR_vs_ARR = Neonate_Reinfected_IFN - Adult_Reinfected | Positive NES/logFC = higher in Neonate_Reinfected_IFN ; Negative NES/logFC = higher in Adult_Reinfected"
"REACTOME_ION_CHANNEL_TRANSPORT","REACTOME_ION_CHANNEL_TRANSPORT",51,-0.447427674615523,-2.13982506738528,2.4993967895809e-05,8.14984827757731e-05,2.88275050943497e-05,3133,"tags=47%, list=16%, signal=40%","Nedd4l/Atp6v1f/Atp6v1h/Ano1/Atp2b4/Tcirg1/Atp6v1g1/Stom/Atp2c1/Raf1/Wwp1/Atp6v1e1/Atp6v0d1/Atp6v0e/Atp2b1/Atp1b3/Atp6v0b/Atp6v0c/Atp6ap1/Atp1b1/Atp1a1/Sri/Atp2a2/Calm1","INRR_vs_ARR = Neonate_Reinfected_IFN - Adult_Reinfected","Reactome","INRR_vs_ARR = Neonate_Reinfected_IFN - Adult_Reinfected | Positive NES/logFC = higher in Neonate_Reinfected_IFN ; Negative NES/logFC = higher in Adult_Reinfected"
"REACTOME_TRANSCRIPTIONAL_AND_POST_TRANSLATIONAL_REGULATION_OF_MITF_M_EXPRESSION_AND_ACTIVITY","REACTOME_TRANSCRIPTIONAL_AND_POST_TRANSLATIONAL_REGULATION_OF_MITF_M_EXPRESSION_AND_ACTIVITY",36,-0.52919050779949,-2.25644741446584,2.55297657575474e-05,8.29717387120291e-05,2.93486226852692e-05,3911,"tags=64%, list=20%, signal=51%","Edn1/Aimp2/Xpo1/Iars/Rars/Csf1/Akt3/Id1/Rps6ka1/Mapk1/Ywhab/Ywhag/Mark3/Crebbp/Gsk3b/Ywhah/Ube2i/Eprs/Hint1/Cdh1/Ctnnb1/Ywhaz/Ywhae","INRR_vs_ARR = Neonate_Reinfected_IFN - Adult_Reinfected","Reactome","INRR_vs_ARR = Neonate_Reinfected_IFN - Adult_Reinfected | Positive NES/logFC = higher in Neonate_Reinfected_IFN ; Negative NES/logFC = higher in Adult_Reinfected"
"REACTOME_TRANSFERRIN_ENDOCYTOSIS_AND_RECYCLING","REACTOME_TRANSFERRIN_ENDOCYTOSIS_AND_RECYCLING",19,-0.683087494987133,-2.45141877058796,2.63524577632611e-05,8.5085713300987e-05,3.00963741912718e-05,4126,"tags=79%, list=21%, signal=63%","Atp6v1c1/Atp6v0a1/Atp6v1d/Atp6v1f/Atp6v1h/Tcirg1/Atp6v1g1/Steap4/Atp6v1e1/Atp6v0d1/Atp6v0e/Atp6v0b/Atp6v0c/Trf/Atp6ap1","INRR_vs_ARR = Neonate_Reinfected_IFN - Adult_Reinfected","Reactome","INRR_vs_ARR = Neonate_Reinfected_IFN - Adult_Reinfected | Positive NES/logFC = higher in Neonate_Reinfected_IFN ; Negative NES/logFC = higher in Adult_Reinfected"
"REACTOME_CARGO_RECOGNITION_FOR_CLATHRIN_MEDIATED_ENDOCYTOSIS","REACTOME_CARGO_RECOGNITION_FOR_CLATHRIN_MEDIATED_ENDOCYTOSIS",51,-0.446070845209764,-2.13333602403967,2.63181327549425e-05,8.5085713300987e-05,3.00963741912718e-05,3508,"tags=47%, list=18%, signal=39%","Ldlr/Hbegf/Itsn1/Picalm/Fzd4/Vamp3/Agfg1/Ubqln1/Cltc/Cd3g/Grk2/Arrb1/Arrb2/Dab2/M6pr/Ap2s1/Ap2m1/Ap2b1/Grb2/Trf/Cops5/Cltb/Clta/Vamp8","INRR_vs_ARR = Neonate_Reinfected_IFN - Adult_Reinfected","Reactome","INRR_vs_ARR = Neonate_Reinfected_IFN - Adult_Reinfected | Positive NES/logFC = higher in Neonate_Reinfected_IFN ; Negative NES/logFC = higher in Adult_Reinfected"
"REACTOME_DEVELOPMENTAL_LINEAGES_OF_THE_MAMMARY_GLAND","REACTOME_DEVELOPMENTAL_LINEAGES_OF_THE_MAMMARY_GLAND",28,-0.582254058372835,-2.34951333893869,2.66320938036108e-05,8.57084973223697e-05,3.03166642989844e-05,1815,"tags=43%, list=9%, signal=39%","Myh11/Slpi/Krt19/Epcam/Muc1/Krt18/Cd44/Cdh1/Krt8/Acta2/Itgb1/Vim","INRR_vs_ARR = Neonate_Reinfected_IFN - Adult_Reinfected","Reactome","INRR_vs_ARR = Neonate_Reinfected_IFN - Adult_Reinfected | Positive NES/logFC = higher in Neonate_Reinfected_IFN ; Negative NES/logFC = higher in Adult_Reinfected"
"REACTOME_ABC_FAMILY_PROTEINS_MEDIATED_TRANSPORT","REACTOME_ABC_FAMILY_PROTEINS_MEDIATED_TRANSPORT",50,-0.456582742144645,-2.18855665127256,2.78325609681759e-05,8.92810721966163e-05,3.15803494239043e-05,2334,"tags=42%, list=12%, signal=37%","Psmc4/Psmc2/Psma4/Psmb5/Psmd13/Adrm1/Psma7/Psmd1/Psmb2/Psmd3/Eif2s1/Psmd7/Psma1/Psmd8/Abcd3/Psmc6/Psma2/Psmd14/Abca3/Eif2s3x/Psma6","INRR_vs_ARR = Neonate_Reinfected_IFN - Adult_Reinfected","Reactome","INRR_vs_ARR = Neonate_Reinfected_IFN - Adult_Reinfected | Positive NES/logFC = higher in Neonate_Reinfected_IFN ; Negative NES/logFC = higher in Adult_Reinfected"
"REACTOME_TRAF6_MEDIATED_NF_KB_ACTIVATION","REACTOME_TRAF6_MEDIATED_NF_KB_ACTIVATION",15,-0.726596448619779,-2.42754534980385,2.80576970646447e-05,8.97119893199642e-05,3.17327726978778e-05,4061,"tags=80%, list=20%, signal=64%","Ikbkb/Ikbkg/Rela/Trim25/Map3k1/Nfkb2/Chuk/Traf2/Nfkb1/Nfkbia/App/Ager","INRR_vs_ARR = Neonate_Reinfected_IFN - Adult_Reinfected","Reactome","INRR_vs_ARR = Neonate_Reinfected_IFN - Adult_Reinfected | Positive NES/logFC = higher in Neonate_Reinfected_IFN ; Negative NES/logFC = higher in Adult_Reinfected"
"REACTOME_SEMA4D_IN_SEMAPHORIN_SIGNALING","REACTOME_SEMA4D_IN_SEMAPHORIN_SIGNALING",16,-0.729144389254428,-2.47037292444291,2.8589511749498e-05,9.11175406725937e-05,3.22299419383136e-05,2582,"tags=62%, list=13%, signal=54%","Rock1/Rras/Arhgef12/Myh11/Myh10/Myl12b/Rac1/Myh9/Myl9/Rhoa","INRR_vs_ARR = Neonate_Reinfected_IFN - Adult_Reinfected","Reactome","INRR_vs_ARR = Neonate_Reinfected_IFN - Adult_Reinfected | Positive NES/logFC = higher in Neonate_Reinfected_IFN ; Negative NES/logFC = higher in Adult_Reinfected"
"REACTOME_EXTRA_NUCLEAR_ESTROGEN_SIGNALING","REACTOME_EXTRA_NUCLEAR_ESTROGEN_SIGNALING",48,-0.461924636708914,-2.17956235168909,3.10182942323935e-05,9.85404331241311e-05,3.48555548659829e-05,3606,"tags=46%, list=18%, signal=38%","Fos/Xpo1/Bcl2/Hbegf/Shc1/Akt3/Src/Mapk1/Akt2/Hras/Gng12/Gng11/Cdkn1b/Cav1/Gnai3/Akt1/Mmp2/Gnai2/Ccnd1/Gnb2/Hsp90aa1/Calm1","INRR_vs_ARR = Neonate_Reinfected_IFN - Adult_Reinfected","Reactome","INRR_vs_ARR = Neonate_Reinfected_IFN - Adult_Reinfected | Positive NES/logFC = higher in Neonate_Reinfected_IFN ; Negative NES/logFC = higher in Adult_Reinfected"
"REACTOME_WNT5A_DEPENDENT_INTERNALIZATION_OF_FZD4","REACTOME_WNT5A_DEPENDENT_INTERNALIZATION_OF_FZD4",13,-0.761425627569825,-2.4479038348578,3.47698288792742e-05,0.000110104458117702,3.89459621724664e-05,2016,"tags=62%, list=10%, signal=55%","Fzd4/Cltc/Arrb2/Ap2s1/Ap2m1/Ap2b1/Cltb/Clta","INRR_vs_ARR = Neonate_Reinfected_IFN - Adult_Reinfected","Reactome","INRR_vs_ARR = Neonate_Reinfected_IFN - Adult_Reinfected | Positive NES/logFC = higher in Neonate_Reinfected_IFN ; Negative NES/logFC = higher in Adult_Reinfected"
"REACTOME_RHO_GTPASES_ACTIVATE_CIT","REACTOME_RHO_GTPASES_ACTIVATE_CIT",12,-0.770682585911079,-2.41009276283777,3.55159329651362e-05,0.000112107801180685,3.96545812827483e-05,1815,"tags=67%, list=9%, signal=61%","Myh11/Myh10/Cdkn1b/Myl12b/Rac1/Myh9/Myl9/Rhoa","INRR_vs_ARR = Neonate_Reinfected_IFN - Adult_Reinfected","Reactome","INRR_vs_ARR = Neonate_Reinfected_IFN - Adult_Reinfected | Positive NES/logFC = higher in Neonate_Reinfected_IFN ; Negative NES/logFC = higher in Adult_Reinfected"
"REACTOME_NCAM_SIGNALING_FOR_NEURITE_OUT_GROWTH","REACTOME_NCAM_SIGNALING_FOR_NEURITE_OUT_GROWTH",35,-0.517919595279818,-2.20484452667261,3.65840666634673e-05,0.000115111649246833,4.07170973257497e-05,2698,"tags=54%, list=14%, signal=47%","Col6a2/Src/Agrn/Fgfr1/Mapk1/Prnp/St8sia4/Fyn/Hras/Col5a1/Col6a1/Grb2/Col6a3/Col5a2/Col4a2/Col4a1/Sptan1/Sptbn1/Col3a1","INRR_vs_ARR = Neonate_Reinfected_IFN - Adult_Reinfected","Reactome","INRR_vs_ARR = Neonate_Reinfected_IFN - Adult_Reinfected | Positive NES/logFC = higher in Neonate_Reinfected_IFN ; Negative NES/logFC = higher in Adult_Reinfected"
"REACTOME_VEGFR2_MEDIATED_VASCULAR_PERMEABILITY","REACTOME_VEGFR2_MEDIATED_VASCULAR_PERMEABILITY",20,-0.657637361763797,-2.40692704137513,3.82507671520357e-05,0.000119973834749877,4.24369413349235e-05,968,"tags=60%, list=5%, signal=57%","Mtor/Ctnnd1/Akt3/Akt2/Cav1/Akt1/Rac1/Jup/Ctnna1/Ctnnb1/Hsp90aa1/Calm1","INRR_vs_ARR = Neonate_Reinfected_IFN - Adult_Reinfected","Reactome","INRR_vs_ARR = Neonate_Reinfected_IFN - Adult_Reinfected | Positive NES/logFC = higher in Neonate_Reinfected_IFN ; Negative NES/logFC = higher in Adult_Reinfected"
"REACTOME_RHO_GTPASES_ACTIVATE_ROCKS","REACTOME_RHO_GTPASES_ACTIVATE_ROCKS",10,-0.830184547380192,-2.39463620675685,3.87551398349064e-05,0.000121171133407872,4.28604477854395e-05,2582,"tags=80%, list=13%, signal=70%","Rock1/Myh11/Myh10/Myl12b/Myh9/Myl9/Rhoa/Cfl1","INRR_vs_ARR = Neonate_Reinfected_IFN - Adult_Reinfected","Reactome","INRR_vs_ARR = Neonate_Reinfected_IFN - Adult_Reinfected | Positive NES/logFC = higher in Neonate_Reinfected_IFN ; Negative NES/logFC = higher in Adult_Reinfected"
"REACTOME_EPIGENETIC_REGULATION_OF_GENE_EXPRESSION_BY_MLL3_AND_MLL4_COMPLEXES","REACTOME_EPIGENETIC_REGULATION_OF_GENE_EXPRESSION_BY_MLL3_AND_MLL4_COMPLEXES",38,-0.505126395341008,-2.25259736275435,3.94199860642011e-05,0.000122861029121232,4.34581948308642e-05,3986,"tags=53%, list=20%, signal=42%","Ncoa3/Rb1/Med24/Ncoa6/Gpam/Paxip1/H4c14/Kmt2d/Mgll/Abl1/Ncor2/Acsl1/H2az2/Crebbp/Plin2/Phlda1/Cebpa/Scd1/Scd2/Cd36","INRR_vs_ARR = Neonate_Reinfected_IFN - Adult_Reinfected","Reactome","INRR_vs_ARR = Neonate_Reinfected_IFN - Adult_Reinfected | Positive NES/logFC = higher in Neonate_Reinfected_IFN ; Negative NES/logFC = higher in Adult_Reinfected"
"REACTOME_TRANSLATION_OF_SARS_COV_2_STRUCTURAL_PROTEINS","REACTOME_TRANSLATION_OF_SARS_COV_2_STRUCTURAL_PROTEINS",16,-0.721901064846619,-2.44583222610701,4.06258376193249e-05,0.000125825478269257,4.45067747553732e-05,2860,"tags=75%, list=14%, signal=64%","Fut8/St6gal1/Parp9/Parp14/Gsk3b/Ube2i/St3gal4/Rpn1/Galnt1/Ostc/Mgat1/Canx","INRR_vs_ARR = Neonate_Reinfected_IFN - Adult_Reinfected","Reactome","INRR_vs_ARR = Neonate_Reinfected_IFN - Adult_Reinfected | Positive NES/logFC = higher in Neonate_Reinfected_IFN ; Negative NES/logFC = higher in Adult_Reinfected"
"REACTOME_SENSORY_PROCESSING_OF_SOUND","REACTOME_SENSORY_PROCESSING_OF_SOUND",20,-0.65629929772574,-2.40202977929189,4.05649023582883e-05,0.000125825478269257,4.45067747553732e-05,997,"tags=55%, list=5%, signal=52%","Atp2b1/Myh9/Actb/Gsn/Ezr/Myo1c/Actg1/Capzb/Sptan1/Sptbn1/Msn","INRR_vs_ARR = Neonate_Reinfected_IFN - Adult_Reinfected","Reactome","INRR_vs_ARR = Neonate_Reinfected_IFN - Adult_Reinfected | Positive NES/logFC = higher in Neonate_Reinfected_IFN ; Negative NES/logFC = higher in Adult_Reinfected"
"REACTOME_CITRIC_ACID_CYCLE_TCA_CYCLE","REACTOME_CITRIC_ACID_CYCLE_TCA_CYCLE",24,-0.612834030805741,-2.38105309901373,4.48238429190412e-05,0.00013839361501254,4.89523547668476e-05,3257,"tags=75%, list=16%, signal=63%","Sucla2/Idh3a/Sdhc/Nnt/Sdhb/Suclg1/Fh1/Dld/Aco2/Acat1/Idh3b/Dlst/Sdha/Cs/Ogdh/Idh2/Iscu/Mdh2","INRR_vs_ARR = Neonate_Reinfected_IFN - Adult_Reinfected","Reactome","INRR_vs_ARR = Neonate_Reinfected_IFN - Adult_Reinfected | Positive NES/logFC = higher in Neonate_Reinfected_IFN ; Negative NES/logFC = higher in Adult_Reinfected"
"REACTOME_SARS_COV_1_TARGETS_HOST_INTRACELLULAR_SIGNALLING_AND_REGULATORY_PATHWAYS","REACTOME_SARS_COV_1_TARGETS_HOST_INTRACELLULAR_SIGNALLING_AND_REGULATORY_PATHWAYS",13,-0.755653739151547,-2.42934781667048,4.56540554331661e-05,0.000140517778093359,4.97037101289101e-05,2434,"tags=85%, list=12%, signal=74%","Ywhaq/Sp1/Serpine1/Ywhab/Ywhag/Ywhah/Ube2i/Cav1/Psmc6/Ywhaz/Ywhae","INRR_vs_ARR = Neonate_Reinfected_IFN - Adult_Reinfected","Reactome","INRR_vs_ARR = Neonate_Reinfected_IFN - Adult_Reinfected | Positive NES/logFC = higher in Neonate_Reinfected_IFN ; Negative NES/logFC = higher in Adult_Reinfected"
"REACTOME_REGULATION_OF_MITF_M_DEPENDENT_GENES_INVOLVED_IN_LYSOSOME_BIOGENESIS_AND_AUTOPHAGY","REACTOME_REGULATION_OF_MITF_M_DEPENDENT_GENES_INVOLVED_IN_LYSOSOME_BIOGENESIS_AND_AUTOPHAGY",11,-0.793805132317562,-2.4337419765892,4.66321545181483e-05,0.000143082511378666,5.06109032364343e-05,4126,"tags=100%, list=21%, signal=79%","Atp6v0a1/Atp6v1d/Atp6v1f/Atp6v1h/Atp6v1g1/Atp6v1e1/Atp6v0d1/Atp6v0e/Atp6v0b/Atp6v0c","INRR_vs_ARR = Neonate_Reinfected_IFN - Adult_Reinfected","Reactome","INRR_vs_ARR = Neonate_Reinfected_IFN - Adult_Reinfected | Positive NES/logFC = higher in Neonate_Reinfected_IFN ; Negative NES/logFC = higher in Adult_Reinfected"
"REACTOME_HSF1_DEPENDENT_TRANSACTIVATION","REACTOME_HSF1_DEPENDENT_TRANSACTIVATION",21,-0.630038885895967,-2.36064245126748,4.75383521704305e-05,0.000145411430168376,5.14346844405505e-05,2118,"tags=52%, list=11%, signal=47%","Dnajb1/Hsph1/Serpinh1/Crebbp/Cryab/Akt1s1/Fkbp4/Ptges3/Hspa8/Hsp90aa1/Hsp90ab1","INRR_vs_ARR = Neonate_Reinfected_IFN - Adult_Reinfected","Reactome","INRR_vs_ARR = Neonate_Reinfected_IFN - Adult_Reinfected | Positive NES/logFC = higher in Neonate_Reinfected_IFN ; Negative NES/logFC = higher in Adult_Reinfected"
"REACTOME_TRANSMISSION_ACROSS_CHEMICAL_SYNAPSES","REACTOME_TRANSMISSION_ACROSS_CHEMICAL_SYNAPSES",82,-0.369415432879932,-1.99891274928336,5.03439475755779e-05,0.000153517963594663,5.43021136942555e-05,2761,"tags=33%, list=14%, signal=28%","Slc38a1/Prkaca/Src/Prkar2a/Maoa/Rps6ka1/Tspan7/Mapk1/Hras/Gng12/Mdm2/Dlg1/Gng11/Ap2s1/Gnai3/Ap2m1/Comt/Ap2b1/Rac1/Gls/Slc38a2/Glul/Aldh2/Gnai2/Hspa8/Gnb2/Calm1","INRR_vs_ARR = Neonate_Reinfected_IFN - Adult_Reinfected","Reactome","INRR_vs_ARR = Neonate_Reinfected_IFN - Adult_Reinfected | Positive NES/logFC = higher in Neonate_Reinfected_IFN ; Negative NES/logFC = higher in Adult_Reinfected"
"REACTOME_EPIGENETIC_REGULATION_BY_WDR5_CONTAINING_HISTONE_MODIFYING_COMPLEXES","REACTOME_EPIGENETIC_REGULATION_BY_WDR5_CONTAINING_HISTONE_MODIFYING_COMPLEXES",43,-0.473042649627701,-2.17754879229808,5.15892001400289e-05,0.000156831168425688,5.54740548874156e-05,3986,"tags=49%, list=20%, signal=39%","Ncoa3/Rb1/Med24/Ncoa6/Gpam/Paxip1/H4c14/Dr1/Kmt2d/Mgll/Abl1/Ncor2/Acsl1/H2az2/Crebbp/Plin2/Phlda1/Cebpa/Scd1/Scd2/Cd36","INRR_vs_ARR = Neonate_Reinfected_IFN - Adult_Reinfected","Reactome","INRR_vs_ARR = Neonate_Reinfected_IFN - Adult_Reinfected | Positive NES/logFC = higher in Neonate_Reinfected_IFN ; Negative NES/logFC = higher in Adult_Reinfected"
"REACTOME_PURINERGIC_SIGNALING_IN_LEISHMANIASIS_INFECTION","REACTOME_PURINERGIC_SIGNALING_IN_LEISHMANIASIS_INFECTION",20,-0.649255549077255,-2.37624993453182,5.36998555440215e-05,0.000162249104824138,5.73904781606797e-05,1317,"tags=45%, list=7%, signal=42%","Hmox1/Nfkb1/C3ar1/P2rx4/Txn1/App/Txnip/Hsp90ab1/C3","INRR_vs_ARR = Neonate_Reinfected_IFN - Adult_Reinfected","Reactome","INRR_vs_ARR = Neonate_Reinfected_IFN - Adult_Reinfected | Positive NES/logFC = higher in Neonate_Reinfected_IFN ; Negative NES/logFC = higher in Adult_Reinfected"
"REACTOME_REGULATION_OF_HSF1_MEDIATED_HEAT_SHOCK_RESPONSE","REACTOME_REGULATION_OF_HSF1_MEDIATED_HEAT_SHOCK_RESPONSE",36,-0.509718043471601,-2.17341759601983,5.36573221086494e-05,0.000162249104824138,5.73904781606797e-05,3526,"tags=53%, list=18%, signal=44%","Nupl1/Rpa3/Hspa9/Nup205/Nup153/Dnajb1/Hsph1/Rae1/Serpinh1/Mapk1/Gsk3b/Hspa4l/Nup98/Bag1/Fkbp4/Hspa4/Hspa5/Hspa8/Ywhae","INRR_vs_ARR = Neonate_Reinfected_IFN - Adult_Reinfected","Reactome","INRR_vs_ARR = Neonate_Reinfected_IFN - Adult_Reinfected | Positive NES/logFC = higher in Neonate_Reinfected_IFN ; Negative NES/logFC = higher in Adult_Reinfected"
"REACTOME_NFE2L2_REGULATING_ANTI_OXIDANT_DETOXIFICATION_ENZYMES","REACTOME_NFE2L2_REGULATING_ANTI_OXIDANT_DETOXIFICATION_ENZYMES",16,-0.710798193865042,-2.40821521600492,5.74613816066486e-05,0.000173084893376124,6.12232949082392e-05,2488,"tags=69%, list=12%, signal=60%","Gclc/Prdx1/Gclm/Txnrd1/Crebbp/Sod3/Hmox1/Nfe2l2/Atf4/Gsta3/Txn1","INRR_vs_ARR = Neonate_Reinfected_IFN - Adult_Reinfected","Reactome","INRR_vs_ARR = Neonate_Reinfected_IFN - Adult_Reinfected | Positive NES/logFC = higher in Neonate_Reinfected_IFN ; Negative NES/logFC = higher in Adult_Reinfected"
"REACTOME_DISEASES_OF_GLYCOSYLATION","REACTOME_DISEASES_OF_GLYCOSYLATION",52,-0.433147904676704,-2.09998286052273,6.61445542034985e-05,0.00019863470988771,7.02607326685698e-05,3271,"tags=44%, list=16%, signal=37%","Cfp/Pmm2/Notch2/Pgm1/Notch1/Gne/B3gat3/Ext1/Ext2/Agrn/Notch3/Lfng/Sdc3/Sdc4/Gfpt1/Dcn/Sdc1/Muc1/Gpc3/B4galt1/Spon1/Thbs1/Bgn","INRR_vs_ARR = Neonate_Reinfected_IFN - Adult_Reinfected","Reactome","INRR_vs_ARR = Neonate_Reinfected_IFN - Adult_Reinfected | Positive NES/logFC = higher in Neonate_Reinfected_IFN ; Negative NES/logFC = higher in Adult_Reinfected"
"REACTOME_MATERNAL_TO_ZYGOTIC_TRANSITION_MZT","REACTOME_MATERNAL_TO_ZYGOTIC_TRANSITION_MZT",27,-0.572491897876617,-2.29287452713475,6.68474594639029e-05,0.000200137242273746,7.07922058756483e-05,2830,"tags=56%, list=14%, signal=48%","H4c14/Cnot9/Trp53/Eif4a3/Cnot2/Ago2/Cnot6/H2az2/Crebbp/Paip1/Eif4e/Eif4g1/Eif4a2/Eif4a1/Pabpc1","INRR_vs_ARR = Neonate_Reinfected_IFN - Adult_Reinfected","Reactome","INRR_vs_ARR = Neonate_Reinfected_IFN - Adult_Reinfected | Positive NES/logFC = higher in Neonate_Reinfected_IFN ; Negative NES/logFC = higher in Adult_Reinfected"
"REACTOME_COLLAGEN_CHAIN_TRIMERIZATION","REACTOME_COLLAGEN_CHAIN_TRIMERIZATION",20,-0.640608734104749,-2.34460292967907,7.14707622978256e-05,0.000213332668127649,7.54596695273592e-05,1614,"tags=45%, list=8%, signal=41%","Col5a1/Col6a1/Col6a3/Col5a2/Col4a2/Col4a1/Col1a2/Col3a1/Col1a1","INRR_vs_ARR = Neonate_Reinfected_IFN - Adult_Reinfected","Reactome","INRR_vs_ARR = Neonate_Reinfected_IFN - Adult_Reinfected | Positive NES/logFC = higher in Neonate_Reinfected_IFN ; Negative NES/logFC = higher in Adult_Reinfected"
"REACTOME_CASPASE_MEDIATED_CLEAVAGE_OF_CYTOSKELETAL_PROTEINS","REACTOME_CASPASE_MEDIATED_CLEAVAGE_OF_CYTOSKELETAL_PROTEINS",10,-0.813613427591613,-2.34683743290897,7.23688037256543e-05,0.000215362584581164,7.61776881322677e-05,675,"tags=70%, list=3%, signal=68%","Casp8/Casp7/Add1/Gsn/Plec/Sptan1/Vim","INRR_vs_ARR = Neonate_Reinfected_IFN - Adult_Reinfected","Reactome","INRR_vs_ARR = Neonate_Reinfected_IFN - Adult_Reinfected | Positive NES/logFC = higher in Neonate_Reinfected_IFN ; Negative NES/logFC = higher in Adult_Reinfected"
"REACTOME_ATTENUATION_PHASE","REACTOME_ATTENUATION_PHASE",15,-0.703088891502754,-2.34900703452157,7.30123300033498e-05,0.00021662517130123,7.66242881653615e-05,2118,"tags=60%, list=11%, signal=54%","Dnajb1/Hsph1/Serpinh1/Crebbp/Fkbp4/Ptges3/Hspa8/Hsp90aa1/Hsp90ab1","INRR_vs_ARR = Neonate_Reinfected_IFN - Adult_Reinfected","Reactome","INRR_vs_ARR = Neonate_Reinfected_IFN - Adult_Reinfected | Positive NES/logFC = higher in Neonate_Reinfected_IFN ; Negative NES/logFC = higher in Adult_Reinfected"
"REACTOME_COPI_INDEPENDENT_GOLGI_TO_ER_RETROGRADE_TRAFFIC","REACTOME_COPI_INDEPENDENT_GOLGI_TO_ER_RETROGRADE_TRAFFIC",12,-0.75730588148503,-2.36826088663192,7.49816729245913e-05,0.000221802074399689,7.84554535485796e-05,1845,"tags=58%, list=9%, signal=53%","Dync1h1/Dctn4/Dynll2/Pafah1b1/Galnt1/Agpat3/Capzb","INRR_vs_ARR = Neonate_Reinfected_IFN - Adult_Reinfected","Reactome","INRR_vs_ARR = Neonate_Reinfected_IFN - Adult_Reinfected | Positive NES/logFC = higher in Neonate_Reinfected_IFN ; Negative NES/logFC = higher in Adult_Reinfected"
"REACTOME_MRNA_CAPPING","REACTOME_MRNA_CAPPING",22,-0.627180160809044,-2.38695058738307,7.83822070261336e-05,0.000231169016542746,8.17687124357466e-05,3507,"tags=59%, list=18%, signal=49%","Rnmt/Polr2h/Mnat1/Polr2j/Ncbp2/Polr2g/Ercc3/Gtf2h5/Cdk7/Polr2a/Supt5/Polr2e/Polr2f","INRR_vs_ARR = Neonate_Reinfected_IFN - Adult_Reinfected","Reactome","INRR_vs_ARR = Neonate_Reinfected_IFN - Adult_Reinfected | Positive NES/logFC = higher in Neonate_Reinfected_IFN ; Negative NES/logFC = higher in Adult_Reinfected"
"REACTOME_NEUROTRANSMITTER_RECEPTORS_AND_POSTSYNAPTIC_SIGNAL_TRANSMISSION","REACTOME_NEUROTRANSMITTER_RECEPTORS_AND_POSTSYNAPTIC_SIGNAL_TRANSMISSION",57,-0.412465647649563,-2.08186858220682,7.91569991974557e-05,0.000232759271449661,8.23312147041206e-05,2607,"tags=33%, list=13%, signal=29%","Prkaca/Src/Prkar2a/Rps6ka1/Tspan7/Mapk1/Hras/Gng12/Mdm2/Dlg1/Gng11/Ap2s1/Gnai3/Ap2m1/Ap2b1/Rac1/Gnai2/Gnb2/Calm1","INRR_vs_ARR = Neonate_Reinfected_IFN - Adult_Reinfected","Reactome","INRR_vs_ARR = Neonate_Reinfected_IFN - Adult_Reinfected | Positive NES/logFC = higher in Neonate_Reinfected_IFN ; Negative NES/logFC = higher in Adult_Reinfected"
"REACTOME_ANTI_INFLAMMATORY_RESPONSE_FAVOURING_LEISHMANIA_PARASITE_INFECTION","REACTOME_ANTI_INFLAMMATORY_RESPONSE_FAVOURING_LEISHMANIA_PARASITE_INFECTION",38,-0.490010830638497,-2.18518991483741,9.06290093414961e-05,0.00026491556576745,9.37054845885292e-05,2832,"tags=47%, list=14%, signal=41%","Plk2/Prkaca/Src/Prkar2a/Mapk14/Cd3g/Fyn/Adam17/Gng12/Lyn/Gng11/Gnai3/Myh9/Furin/Gnai2/Gnb2/Gnas/Calm1","INRR_vs_ARR = Neonate_Reinfected_IFN - Adult_Reinfected","Reactome","INRR_vs_ARR = Neonate_Reinfected_IFN - Adult_Reinfected | Positive NES/logFC = higher in Neonate_Reinfected_IFN ; Negative NES/logFC = higher in Adult_Reinfected"
"REACTOME_FATTY_ACID_METABOLISM","REACTOME_FATTY_ACID_METABOLISM",94,-0.338230181408597,-1.84449106655078,9.05461081649166e-05,0.00026491556576745,9.37054845885292e-05,3164,"tags=35%, list=16%, signal=30%","Acaa2/Acadvl/Eci2/Hadh/Acadl/Cbr1/Ndufab1/Hpgd/Echs1/Hsd17b4/Fads2/Scp2/Dbi/Acox1/Cpt1a/Ppt1/Cyp4b1/Mid1ip1/Fasn/Acsl1/Acsl4/Acsl5/Acly/Aldh3a2/Hadha/Ptgr1/Scd1/Scd2/Phyh/Fads1/Ptges3/Gpx4/Gpx1","INRR_vs_ARR = Neonate_Reinfected_IFN - Adult_Reinfected","Reactome","INRR_vs_ARR = Neonate_Reinfected_IFN - Adult_Reinfected | Positive NES/logFC = higher in Neonate_Reinfected_IFN ; Negative NES/logFC = higher in Adult_Reinfected"
"REACTOME_G_PROTEIN_BETA_GAMMA_SIGNALLING","REACTOME_G_PROTEIN_BETA_GAMMA_SIGNALLING",18,-0.666741649497502,-2.36997105858738,9.29406464090891e-05,0.000270871264460708,9.58121242285905e-05,2655,"tags=44%, list=13%, signal=39%","Akt3/Akt2/Gng12/Gng11/Akt1/Cdc42/Rhoa/Gnb2","INRR_vs_ARR = Neonate_Reinfected_IFN - Adult_Reinfected","Reactome","INRR_vs_ARR = Neonate_Reinfected_IFN - Adult_Reinfected | Positive NES/logFC = higher in Neonate_Reinfected_IFN ; Negative NES/logFC = higher in Adult_Reinfected"
"REACTOME_EPHA_MEDIATED_GROWTH_CONE_COLLAPSE","REACTOME_EPHA_MEDIATED_GROWTH_CONE_COLLAPSE",15,-0.695039188765451,-2.32211312596427,9.52631126427905e-05,0.000276823397914932,9.79175027783481e-05,3066,"tags=73%, list=15%, signal=62%","Efna1/Rock1/Src/Myh11/Fyn/Lyn/Myh10/Myl12b/Myh9/Myl9/Rhoa","INRR_vs_ARR = Neonate_Reinfected_IFN - Adult_Reinfected","Reactome","INRR_vs_ARR = Neonate_Reinfected_IFN - Adult_Reinfected | Positive NES/logFC = higher in Neonate_Reinfected_IFN ; Negative NES/logFC = higher in Adult_Reinfected"
"REACTOME_DDX58_IFIH1_MEDIATED_INDUCTION_OF_INTERFERON_ALPHA_BETA","REACTOME_DDX58_IFIH1_MEDIATED_INDUCTION_OF_INTERFERON_ALPHA_BETA",37,-0.495855576955364,-2.15753565966798,9.64199090580163e-05,0.000279363255569854,9.88158969200846e-05,4061,"tags=59%, list=20%, signal=47%","Ikbkb/Ikbkg/Rela/Trim25/Map3k1/Casp8/Nfkb2/Tbk1/Tank/Chuk/Traf2/Uba7/Cyld/Irf7/Crebbp/Nfkb1/Isg15/Nfkbia/App/Hsp90aa1/Ager/Hsp90ab1","INRR_vs_ARR = Neonate_Reinfected_IFN - Adult_Reinfected","Reactome","INRR_vs_ARR = Neonate_Reinfected_IFN - Adult_Reinfected | Positive NES/logFC = higher in Neonate_Reinfected_IFN ; Negative NES/logFC = higher in Adult_Reinfected"
"REACTOME_MYD88_INDEPENDENT_TLR4_CASCADE","REACTOME_MYD88_INDEPENDENT_TLR4_CASCADE",67,-0.387670581608084,-1.97933306916686,9.83591155338061e-05,0.000284148555986551,0.000100508545266924,4220,"tags=58%, list=21%, signal=46%","Map3k7/Ly96/Ripk1/Mapk9/Rps6ka3/Nod1/Ikbkb/Optn/Ikbkg/Cd14/Fbxw11/Rela/Fos/Casp8/Nfkb2/Tnip2/Tbk1/Mef2a/Irak1/Trp53/Tank/Map2k3/Chuk/Traf2/Mapk14/Rps6ka1/Mapk1/Usp14/Ppp2cb/Dusp3/Irf7/Cul1/Nfkb1/Dusp6/Jun/Nfkbia/Skp1/App/Ager","INRR_vs_ARR = Neonate_Reinfected_IFN - Adult_Reinfected","Reactome","INRR_vs_ARR = Neonate_Reinfected_IFN - Adult_Reinfected | Positive NES/logFC = higher in Neonate_Reinfected_IFN ; Negative NES/logFC = higher in Adult_Reinfected"
"REACTOME_INSULIN_RECEPTOR_RECYCLING","REACTOME_INSULIN_RECEPTOR_RECYCLING",19,-0.647340213598273,-2.32313131511962,9.92118427005227e-05,0.000285776386554275,0.000101084338734306,4126,"tags=79%, list=21%, signal=63%","Atp6v1c1/Atp6v0a1/Atp6v1d/Atp6v1f/Atp6v1h/Tcirg1/Atp6v1g1/Ide/Atp6v1e1/Atp6v0d1/Atp6v0e/Atp6v0b/Atp6v0c/Atp6ap1/Ctsd","INRR_vs_ARR = Neonate_Reinfected_IFN - Adult_Reinfected","Reactome","INRR_vs_ARR = Neonate_Reinfected_IFN - Adult_Reinfected | Positive NES/logFC = higher in Neonate_Reinfected_IFN ; Negative NES/logFC = higher in Adult_Reinfected"
"REACTOME_CYTOPROTECTION_BY_HMOX1","REACTOME_CYTOPROTECTION_BY_HMOX1",34,-0.512721990549326,-2.1930783039689,0.000104591359460233,0.000300396113798575,0.000106255603858009,2110,"tags=47%, list=11%, signal=42%","Ncor2/Cox6a1/Helz2/Crebbp/Hmox2/Cox5b/Hmox1/Nfe2l2/Cox7a2/Cox6c/Cox5a/Ndufa4/Cox8a/Stat3/Txnip/Cox4i1","INRR_vs_ARR = Neonate_Reinfected_IFN - Adult_Reinfected","Reactome","INRR_vs_ARR = Neonate_Reinfected_IFN - Adult_Reinfected | Positive NES/logFC = higher in Neonate_Reinfected_IFN ; Negative NES/logFC = higher in Adult_Reinfected"
"REACTOME_PKMTS_METHYLATE_HISTONE_LYSINES","REACTOME_PKMTS_METHYLATE_HISTONE_LYSINES",11,-0.772035197448193,-2.36699712679903,0.000106879087180508,0.000306076922128526,0.000108265009745014,4027,"tags=100%, list=20%, signal=80%","Nsd2/Rela/Nfkb2/H4c14/Ezh2/Eed/Kmt2d/Kmt5a/Nfkb1/Rbbp7","INRR_vs_ARR = Neonate_Reinfected_IFN - Adult_Reinfected","Reactome","INRR_vs_ARR = Neonate_Reinfected_IFN - Adult_Reinfected | Positive NES/logFC = higher in Neonate_Reinfected_IFN ; Negative NES/logFC = higher in Adult_Reinfected"
"REACTOME_COOPERATION_OF_PDCL_PHLP1_AND_TRIC_CCT_IN_G_PROTEIN_BETA_FOLDING","REACTOME_COOPERATION_OF_PDCL_PHLP1_AND_TRIC_CCT_IN_G_PROTEIN_BETA_FOLDING",20,-0.631059727009211,-2.30965393691672,0.000109482990046721,0.000312627728803932,0.000110582149971133,2038,"tags=50%, list=10%, signal=45%","Cct6a/Gng12/Gng11/Cct7/Cct4/Cct5/Tcp1/Cct3/Cct2/Gnb2","INRR_vs_ARR = Neonate_Reinfected_IFN - Adult_Reinfected","Reactome","INRR_vs_ARR = Neonate_Reinfected_IFN - Adult_Reinfected | Positive NES/logFC = higher in Neonate_Reinfected_IFN ; Negative NES/logFC = higher in Adult_Reinfected"
"REACTOME_TURBULENT_OSCILLATORY_DISTURBED_FLOW_SHEAR_STRESS_ACTIVATES_SIGNALING_BY_PIEZO1_AND_INTEGRINS_IN_ENDOTHELIAL_CELLS","REACTOME_TURBULENT_OSCILLATORY_DISTURBED_FLOW_SHEAR_STRESS_ACTIVATES_SIGNALING_BY_PIEZO1_AND_INTEGRINS_IN_ENDOTHELIAL_CELLS",20,-0.627697038553567,-2.29734662859424,0.000123459320909193,0.000351521063568538,0.000124339434375405,2531,"tags=75%, list=13%, signal=66%","Ikbkb/Ikbkg/Itgb3/Rela/Stat1/Chuk/Itgav/Abl1/Vcl/Nfkb1/Nfkbia/Capn2/Anxa2/Itgb1/Fn1","INRR_vs_ARR = Neonate_Reinfected_IFN - Adult_Reinfected","Reactome","INRR_vs_ARR = Neonate_Reinfected_IFN - Adult_Reinfected | Positive NES/logFC = higher in Neonate_Reinfected_IFN ; Negative NES/logFC = higher in Adult_Reinfected"
"REACTOME_HCMV_INFECTION","REACTOME_HCMV_INFECTION",34,-0.507624604082735,-2.17127512822672,0.000135220756916746,0.000383902608717658,0.000135793379601814,3526,"tags=56%, list=18%, signal=46%","Nupl1/H4c14/Ezh2/Nup205/Eed/Chmp1a/Nup153/Ncor2/Rae1/Dync1h1/Trim28/Mvb12a/Nfkb1/Cbx1/Nup98/Vps28/Dynll2/Rbbp7/Itgb1","INRR_vs_ARR = Neonate_Reinfected_IFN - Adult_Reinfected","Reactome","INRR_vs_ARR = Neonate_Reinfected_IFN - Adult_Reinfected | Positive NES/logFC = higher in Neonate_Reinfected_IFN ; Negative NES/logFC = higher in Adult_Reinfected"
"REACTOME_RHOQ_GTPASE_CYCLE","REACTOME_RHOQ_GTPASE_CYCLE",27,-0.558195760217234,-2.23561738516088,0.000136158520930755,0.000385457360113428,0.000136343323628445,4224,"tags=63%, list=21%, signal=50%","Prex1/Cdc42ep4/Gja1/Arhgap5/Cdc42bpa/Pak4/Snap23/Itsn1/Wasl/Vamp3/Trip10/Cdc42ep1/Stom/Cav1/Slc1a5/Jup/Cdc42","INRR_vs_ARR = Neonate_Reinfected_IFN - Adult_Reinfected","Reactome","INRR_vs_ARR = Neonate_Reinfected_IFN - Adult_Reinfected | Positive NES/logFC = higher in Neonate_Reinfected_IFN ; Negative NES/logFC = higher in Adult_Reinfected"
"REACTOME_NUCLEAR_EVENTS_STIMULATED_BY_ALK_SIGNALING_IN_CANCER","REACTOME_NUCLEAR_EVENTS_STIMULATED_BY_ALK_SIGNALING_IN_CANCER",24,-0.586109848640571,-2.27722123987346,0.000137239346741058,0.000387407070229042,0.000137032971783552,2757,"tags=54%, list=14%, signal=47%","Notch1/Dnmt1/Ptpn6/Ago2/Irf4/Mapk1/Cul1/Rbx1/Stat3/Npm1/Junb/Rps6/Skp1","INRR_vs_ARR = Neonate_Reinfected_IFN - Adult_Reinfected","Reactome","INRR_vs_ARR = Neonate_Reinfected_IFN - Adult_Reinfected | Positive NES/logFC = higher in Neonate_Reinfected_IFN ; Negative NES/logFC = higher in Adult_Reinfected"
"REACTOME_RHO_GTPASES_ACTIVATE_PKNS","REACTOME_RHO_GTPASES_ACTIVATE_PKNS",29,-0.539014966904916,-2.21437220880828,0.000144487144750203,0.000406704555593163,0.00014385884557525,1815,"tags=45%, list=9%, signal=41%","Myh11/Ywhab/Ywhag/H2az2/Ywhah/Myh10/Myl12b/Rac1/Myh9/Myl9/Ywhaz/Ywhae/Rhoa","INRR_vs_ARR = Neonate_Reinfected_IFN - Adult_Reinfected","Reactome","INRR_vs_ARR = Neonate_Reinfected_IFN - Adult_Reinfected | Positive NES/logFC = higher in Neonate_Reinfected_IFN ; Negative NES/logFC = higher in Adult_Reinfected"
"REACTOME_TGF_BETA_RECEPTOR_SIGNALING_ACTIVATES_SMADS","REACTOME_TGF_BETA_RECEPTOR_SIGNALING_ACTIVATES_SMADS",30,-0.514272492744367,-2.15004371053522,0.000153741723480357,0.00043152506476873,0.000152638313981694,2250,"tags=67%, list=11%, signal=59%","Tgfbr1/Smurf1/Itgb3/Cbl/Xpo1/Nedd4l/Usp15/Itgav/Fbn1/Tgfb3/Itgb5/Fkbp1a/Smurf2/Ltbp2/Smad7/Pmepa1/Tgfbr2/Furin/Ppp1ca/Itgb1","INRR_vs_ARR = Neonate_Reinfected_IFN - Adult_Reinfected","Reactome","INRR_vs_ARR = Neonate_Reinfected_IFN - Adult_Reinfected | Positive NES/logFC = higher in Neonate_Reinfected_IFN ; Negative NES/logFC = higher in Adult_Reinfected"
"REACTOME_SIGNALING_BY_PTK6","REACTOME_SIGNALING_BY_PTK6",28,-0.542988388262358,-2.19106838804432,0.000166430760554617,0.000465817539455981,0.000164768189963121,1118,"tags=43%, list=6%, signal=41%","Hras/Cdk4/Cdkn1b/Pxn/Socs3/Akt1/Rac1/Hif1a/Stat3/Sfpq/Ccnd1/Rhoa","INRR_vs_ARR = Neonate_Reinfected_IFN - Adult_Reinfected","Reactome","INRR_vs_ARR = Neonate_Reinfected_IFN - Adult_Reinfected | Positive NES/logFC = higher in Neonate_Reinfected_IFN ; Negative NES/logFC = higher in Adult_Reinfected"
"REACTOME_PLATELET_HOMEOSTASIS","REACTOME_PLATELET_HOMEOSTASIS",36,-0.484017190091706,-2.06383017276884,0.000174114555519744,0.000485946838569228,0.000171888291503286,2327,"tags=39%, list=12%, signal=34%","Atp2b4/Ptpn6/Mapk14/Ppp2cb/Gng12/Gng11/Atp2b1/P2rx4/Pecam1/Sri/Atp2a2/Gnb2/Gnas/Calm1","INRR_vs_ARR = Neonate_Reinfected_IFN - Adult_Reinfected","Reactome","INRR_vs_ARR = Neonate_Reinfected_IFN - Adult_Reinfected | Positive NES/logFC = higher in Neonate_Reinfected_IFN ; Negative NES/logFC = higher in Adult_Reinfected"
"REACTOME_GPER1_SIGNALING","REACTOME_GPER1_SIGNALING",24,-0.579099311613043,-2.24998309695702,0.000177686119505276,0.000494517988932994,0.000174920064272058,2994,"tags=50%, list=15%, signal=43%","Shc1/Prkaca/Src/Prkar2a/Gng12/Gng11/Gnai3/Gnai2/Gnb2/Gnas/Itgb1/Fn1","INRR_vs_ARR = Neonate_Reinfected_IFN - Adult_Reinfected","Reactome","INRR_vs_ARR = Neonate_Reinfected_IFN - Adult_Reinfected | Positive NES/logFC = higher in Neonate_Reinfected_IFN ; Negative NES/logFC = higher in Adult_Reinfected"
"REACTOME_POSITIVE_EPIGENETIC_REGULATION_OF_RRNA_EXPRESSION","REACTOME_POSITIVE_EPIGENETIC_REGULATION_OF_RRNA_EXPRESSION",26,-0.547939221691364,-2.14538744206825,0.000191531791155038,0.000531554521520161,0.000188020563759529,2552,"tags=46%, list=13%, signal=40%","Polr1c/Polr1h/Hdac2/H2az2/Polr2e/Mybbp1a/Gsk3b/Polr2f/Rbbp7/Dek/Actb/Myo1c","INRR_vs_ARR = Neonate_Reinfected_IFN - Adult_Reinfected","Reactome","INRR_vs_ARR = Neonate_Reinfected_IFN - Adult_Reinfected | Positive NES/logFC = higher in Neonate_Reinfected_IFN ; Negative NES/logFC = higher in Adult_Reinfected"
"REACTOME_NUCLEAR_ENVELOPE_NE_REASSEMBLY","REACTOME_NUCLEAR_ENVELOPE_NE_REASSEMBLY",19,-0.620369579405744,-2.22634090481431,0.000219780187569426,0.00060654420480054,0.000214545787336223,2981,"tags=63%, list=15%, signal=54%","Nupl1/Cdk1/Nup205/Lbr/Tmpo/Ran/Ube2i/Nup98/Banf1/Lmnb1/Kpnb1/Lmna","INRR_vs_ARR = Neonate_Reinfected_IFN - Adult_Reinfected","Reactome","INRR_vs_ARR = Neonate_Reinfected_IFN - Adult_Reinfected | Positive NES/logFC = higher in Neonate_Reinfected_IFN ; Negative NES/logFC = higher in Adult_Reinfected"
"REACTOME_HCMV_EARLY_EVENTS","REACTOME_HCMV_EARLY_EVENTS",27,-0.54601050372551,-2.18681448625506,0.000219292784802344,0.00060654420480054,0.000214545787336223,3526,"tags=59%, list=18%, signal=49%","Nupl1/H4c14/Ezh2/Nup205/Eed/Nup153/Ncor2/Rae1/Dync1h1/Trim28/Nfkb1/Cbx1/Nup98/Dynll2/Rbbp7/Itgb1","INRR_vs_ARR = Neonate_Reinfected_IFN - Adult_Reinfected","Reactome","INRR_vs_ARR = Neonate_Reinfected_IFN - Adult_Reinfected | Positive NES/logFC = higher in Neonate_Reinfected_IFN ; Negative NES/logFC = higher in Adult_Reinfected"
"REACTOME_SEMA4D_INDUCED_CELL_MIGRATION_AND_GROWTH_CONE_COLLAPSE","REACTOME_SEMA4D_INDUCED_CELL_MIGRATION_AND_GROWTH_CONE_COLLAPSE",13,-0.716906730305004,-2.30478023172139,0.000221064331459912,0.000608388745076305,0.000215198234993963,2582,"tags=62%, list=13%, signal=54%","Rock1/Arhgef12/Myh11/Myh10/Myl12b/Myh9/Myl9/Rhoa","INRR_vs_ARR = Neonate_Reinfected_IFN - Adult_Reinfected","Reactome","INRR_vs_ARR = Neonate_Reinfected_IFN - Adult_Reinfected | Positive NES/logFC = higher in Neonate_Reinfected_IFN ; Negative NES/logFC = higher in Adult_Reinfected"
"REACTOME_BIOSYNTHESIS_OF_THE_N_GLYCAN_PRECURSOR_DOLICHOL_LIPID_LINKED_OLIGOSACCHARIDE_LLO_AND_TRANSFER_TO_A_NASCENT_PROTEIN","REACTOME_BIOSYNTHESIS_OF_THE_N_GLYCAN_PRECURSOR_DOLICHOL_LIPID_LINKED_OLIGOSACCHARIDE_LLO_AND_TRANSFER_TO_A_NASCENT_PROTEIN",23,-0.55199690256569,-2.11659916785057,0.000221683389067777,0.000608397745552676,0.000215201418627198,4017,"tags=61%, list=20%, signal=49%","Uap1/Pmm1/Gmppa/Gfpt2/Gfus/Pmm2/Gne/St6gal1/Nagk/Gmppb/St8sia4/Hk1/Gfpt1/St3gal4","INRR_vs_ARR = Neonate_Reinfected_IFN - Adult_Reinfected","Reactome","INRR_vs_ARR = Neonate_Reinfected_IFN - Adult_Reinfected | Positive NES/logFC = higher in Neonate_Reinfected_IFN ; Negative NES/logFC = higher in Adult_Reinfected"
"REACTOME_DEVELOPMENTAL_CELL_LINEAGES_OF_THE_INTEGUMENTARY_SYSTEM","REACTOME_DEVELOPMENTAL_CELL_LINEAGES_OF_THE_INTEGUMENTARY_SYSTEM",44,-0.433579411868123,-2.02919526456576,0.000229977050948197,0.000629410876279277,0.000222634147586533,861,"tags=30%, list=4%, signal=28%","Myh11/Slpi/Krt19/Epcam/Muc1/Krt18/Cd44/Cdh1/Krt8/Acta2/Hopx/Itgb1/Vim","INRR_vs_ARR = Neonate_Reinfected_IFN - Adult_Reinfected","Reactome","INRR_vs_ARR = Neonate_Reinfected_IFN - Adult_Reinfected | Positive NES/logFC = higher in Neonate_Reinfected_IFN ; Negative NES/logFC = higher in Adult_Reinfected"
"REACTOME_RAB_GERANYLGERANYLATION","REACTOME_RAB_GERANYLGERANYLATION",12,-0.729611264939923,-2.28165377220488,0.000235096585104726,0.000641644823434998,0.000226961518623928,3037,"tags=58%, list=15%, signal=49%","Rab40c/Rab22a/Rab5a/Rab31/Rab1a/Rab2a/Rab14","INRR_vs_ARR = Neonate_Reinfected_IFN - Adult_Reinfected","Reactome","INRR_vs_ARR = Neonate_Reinfected_IFN - Adult_Reinfected | Positive NES/logFC = higher in Neonate_Reinfected_IFN ; Negative NES/logFC = higher in Adult_Reinfected"
"REACTOME_DOWNSTREAM_SIGNAL_TRANSDUCTION","REACTOME_DOWNSTREAM_SIGNAL_TRANSDUCTION",19,-0.617779716585951,-2.21704657813394,0.000240156873360752,0.000653650112618246,0.000231208009151137,5083,"tags=74%, list=25%, signal=55%","Nck2/Ptpn11/Plcg1/Pik3cb/Pdgfrb/Rasa1/Pdgfa/Sos1/Src/Stat1/Pdgfb/Hras/Grb2/Stat3","INRR_vs_ARR = Neonate_Reinfected_IFN - Adult_Reinfected","Reactome","INRR_vs_ARR = Neonate_Reinfected_IFN - Adult_Reinfected | Positive NES/logFC = higher in Neonate_Reinfected_IFN ; Negative NES/logFC = higher in Adult_Reinfected"
"REACTOME_MITOCHONDRIAL_PROTEIN_IMPORT","REACTOME_MITOCHONDRIAL_PROTEIN_IMPORT",30,-0.504942369248119,-2.11103681511568,0.00024158420020543,0.000655728543414738,0.000231943188167156,3189,"tags=53%, list=16%, signal=45%","Vdac1/Timm17a/Timm10/Tomm22/Hspa9/Slc25a4/Grpel1/Hspd1/Aco2/Cyc1/Timm13/Cs/Timm8b/Ndufb8/Atp5a1/Atp5b","INRR_vs_ARR = Neonate_Reinfected_IFN - Adult_Reinfected","Reactome","INRR_vs_ARR = Neonate_Reinfected_IFN - Adult_Reinfected | Positive NES/logFC = higher in Neonate_Reinfected_IFN ; Negative NES/logFC = higher in Adult_Reinfected"
"REACTOME_HIV_TRANSCRIPTION_INITIATION","REACTOME_HIV_TRANSCRIPTION_INITIATION",25,-0.557280458737385,-2.17405950125366,0.000245576694321872,0.000664739106821943,0.000235130389372347,5173,"tags=64%, list=26%, signal=47%","Polr2h/Mnat1/Taf12/Polr2j/Taf6/Taf9/Taf13/Taf10/Polr2g/Gtf2b/Ercc3/Gtf2h5/Cdk7/Polr2a/Polr2e/Polr2f","INRR_vs_ARR = Neonate_Reinfected_IFN - Adult_Reinfected","Reactome","INRR_vs_ARR = Neonate_Reinfected_IFN - Adult_Reinfected | Positive NES/logFC = higher in Neonate_Reinfected_IFN ; Negative NES/logFC = higher in Adult_Reinfected"
"REACTOME_RNA_POLYMERASE_II_TRANSCRIBES_SNRNA_GENES","REACTOME_RNA_POLYMERASE_II_TRANSCRIBES_SNRNA_GENES",31,-0.518507853245622,-2.17332224401915,0.000246801381774418,0.000666228866647882,0.000235657344691132,5173,"tags=61%, list=26%, signal=45%","Polr2h/Ccnt1/Nabp1/Ell2/Polr2j/Taf6/Taf9/Supt4a/Taf13/Ncbp2/Polr2g/Gtf2b/Sp1/Cdk9/Cdk7/Polr2a/Supt5/Polr2e/Polr2f","INRR_vs_ARR = Neonate_Reinfected_IFN - Adult_Reinfected","Reactome","INRR_vs_ARR = Neonate_Reinfected_IFN - Adult_Reinfected | Positive NES/logFC = higher in Neonate_Reinfected_IFN ; Negative NES/logFC = higher in Adult_Reinfected"
"REACTOME_ACTIVATION_OF_BAD_AND_TRANSLOCATION_TO_MITOCHONDRIA","REACTOME_ACTIVATION_OF_BAD_AND_TRANSLOCATION_TO_MITOCHONDRIA",13,-0.712970662691085,-2.29212618560381,0.000252843191407224,0.000678829003017221,0.000240114243556059,3483,"tags=85%, list=17%, signal=70%","Bcl2/Ppp3r1/Akt3/Ywhaq/Akt2/Ywhab/Ywhag/Ywhah/Akt1/Ywhaz/Ywhae","INRR_vs_ARR = Neonate_Reinfected_IFN - Adult_Reinfected","Reactome","INRR_vs_ARR = Neonate_Reinfected_IFN - Adult_Reinfected | Positive NES/logFC = higher in Neonate_Reinfected_IFN ; Negative NES/logFC = higher in Adult_Reinfected"
"REACTOME_RHOH_GTPASE_CYCLE","REACTOME_RHOH_GTPASE_CYCLE",16,-0.674054337744765,-2.28372543231204,0.000252819583618792,0.000678829003017221,0.000240114243556059,3764,"tags=62%, list=19%, signal=51%","Pak4/Rhoh/Vamp3/Csk/Rock1/Stom/Cav1/Slc1a5/Jup/Arhgdia","INRR_vs_ARR = Neonate_Reinfected_IFN - Adult_Reinfected","Reactome","INRR_vs_ARR = Neonate_Reinfected_IFN - Adult_Reinfected | Positive NES/logFC = higher in Neonate_Reinfected_IFN ; Negative NES/logFC = higher in Adult_Reinfected"
"REACTOME_PROCESSING_OF_CAPPED_INTRONLESS_PRE_MRNA","REACTOME_PROCESSING_OF_CAPPED_INTRONLESS_PRE_MRNA",12,-0.722406438748146,-2.25912270717273,0.00025443391197051,0.000681248523108033,0.000240970072098729,5428,"tags=92%, list=27%, signal=67%","Nudt21/Sympk/Clp1/Cstf3/Cstf2/Ncbp2/Wdr33/Slbp/Snrpd3/Snrpg/Snrpb","INRR_vs_ARR = Neonate_Reinfected_IFN - Adult_Reinfected","Reactome","INRR_vs_ARR = Neonate_Reinfected_IFN - Adult_Reinfected | Positive NES/logFC = higher in Neonate_Reinfected_IFN ; Negative NES/logFC = higher in Adult_Reinfected"
"REACTOME_BASIGIN_INTERACTIONS","REACTOME_BASIGIN_INTERACTIONS",15,-0.661163696438839,-2.20893573014023,0.000264139590381664,0.000705324095397524,0.00024948604269335,1595,"tags=53%, list=8%, signal=49%","Itga3/Cav1/Atp1b3/Atp1b1/Ppia/Slc3a2/Bsg/Itgb1","INRR_vs_ARR = Neonate_Reinfected_IFN - Adult_Reinfected","Reactome","INRR_vs_ARR = Neonate_Reinfected_IFN - Adult_Reinfected | Positive NES/logFC = higher in Neonate_Reinfected_IFN ; Negative NES/logFC = higher in Adult_Reinfected"
"REACTOME_LAMININ_INTERACTIONS","REACTOME_LAMININ_INTERACTIONS",18,-0.637363101627041,-2.26554334172165,0.000275206541738686,0.000732895049158549,0.000259238393693414,2298,"tags=44%, list=12%, signal=39%","Lama4/Itgav/Itga3/Lamc2/Lamc1/Col4a2/Col4a1/Itgb1","INRR_vs_ARR = Neonate_Reinfected_IFN - Adult_Reinfected","Reactome","INRR_vs_ARR = Neonate_Reinfected_IFN - Adult_Reinfected | Positive NES/logFC = higher in Neonate_Reinfected_IFN ; Negative NES/logFC = higher in Adult_Reinfected"
"REACTOME_METABOLISM_OF_CARBOHYDRATES_AND_CARBOHYDRATE_DERIVATIVES","REACTOME_METABOLISM_OF_CARBOHYDRATES_AND_CARBOHYDRATE_DERIVATIVES",144,-0.276193003699435,-1.64103180155012,0.000291617802259074,0.000774511797397755,0.000273958999292622,2607,"tags=28%, list=13%, signal=24%","Prkaca/Eno1/Pygl/Rpe/Nup153/B3gat3/Ext1/Ext2/Gaa/Agrn/Rae1/Gapdh/Pygb/Tkt/Ppp2cb/Ugp2/Tpi1/Pgk1/Hk1/Sdc3/Pgam1/Prps1/Taldo1/Gpi1/Gusb/Nup98/Sdc4/Dcn/Sdc1/St3gal4/Gpc3/Dcxr/B4galt1/Ctsl/Cd44/Pkm/Akr1a1/Aldoa/Calm1/Bgn","INRR_vs_ARR = Neonate_Reinfected_IFN - Adult_Reinfected","Reactome","INRR_vs_ARR = Neonate_Reinfected_IFN - Adult_Reinfected | Positive NES/logFC = higher in Neonate_Reinfected_IFN ; Negative NES/logFC = higher in Adult_Reinfected"
"REACTOME_REGULATION_OF_CHOLESTEROL_BIOSYNTHESIS_BY_SREBP_SREBF","REACTOME_REGULATION_OF_CHOLESTEROL_BIOSYNTHESIS_BY_SREBP_SREBF",35,-0.473107220804382,-2.01407298705557,0.00029242473484309,0.000774572756099124,0.000273980561501075,2165,"tags=69%, list=11%, signal=61%","Mvk/Fdft1/Sc5d/Hmgcs1/Nfya/Hmgcr/Cyp51/Acaca/Nfyc/Pmvk/Ncoa6/Gpam/Insig1/Sp1/Helz2/Sqle/Fasn/Crebbp/Srebf2/Sar1b/Ran/Scd1/Scd2/Kpnb1","INRR_vs_ARR = Neonate_Reinfected_IFN - Adult_Reinfected","Reactome","INRR_vs_ARR = Neonate_Reinfected_IFN - Adult_Reinfected | Positive NES/logFC = higher in Neonate_Reinfected_IFN ; Negative NES/logFC = higher in Adult_Reinfected"
"REACTOME_G_BETA_GAMMA_SIGNALLING_THROUGH_PI3KGAMMA","REACTOME_G_BETA_GAMMA_SIGNALLING_THROUGH_PI3KGAMMA",13,-0.709572026944768,-2.28119992678685,0.000297028095285552,0.000784662454925469,0.000277549472656356,2655,"tags=54%, list=13%, signal=47%","Akt3/Akt2/Gng12/Gng11/Akt1/Rhoa/Gnb2","INRR_vs_ARR = Neonate_Reinfected_IFN - Adult_Reinfected","Reactome","INRR_vs_ARR = Neonate_Reinfected_IFN - Adult_Reinfected | Positive NES/logFC = higher in Neonate_Reinfected_IFN ; Negative NES/logFC = higher in Adult_Reinfected"
"REACTOME_MITF_M_DEPENDENT_GENE_EXPRESSION","REACTOME_MITF_M_DEPENDENT_GENE_EXPRESSION",56,-0.391170622646348,-1.95861464125661,0.000301396733329502,0.000794079926745461,0.000280880604815143,2222,"tags=46%, list=11%, signal=41%","Atp6v1c1/Cdkn1a/Atp6v0a1/Mcm5/Atp6v1d/Bcl2/Atp6v1f/Atp6v1h/Mcm2/Mapk14/Ago2/Irf4/Atp6v1g1/Serpine1/Akt2/Atp6v1e1/Atp6v0d1/Atp6v0e/Pxn/Atp6v0b/Atp6v0c/Hint1/Actb/Cdh1/Ctnnb1/Ccnd1","INRR_vs_ARR = Neonate_Reinfected_IFN - Adult_Reinfected","Reactome","INRR_vs_ARR = Neonate_Reinfected_IFN - Adult_Reinfected | Positive NES/logFC = higher in Neonate_Reinfected_IFN ; Negative NES/logFC = higher in Adult_Reinfected"
"REACTOME_GASTRIN_CREB_SIGNALLING_PATHWAY_VIA_PKC_AND_MAPK","REACTOME_GASTRIN_CREB_SIGNALLING_PATHWAY_VIA_PKC_AND_MAPK",11,-0.744861052989479,-2.28368340992499,0.000316617159962198,0.000831962111815563,0.000294280227064529,4220,"tags=64%, list=21%, signal=50%","Rps6ka3/Hbegf/Sos1/Rps6ka1/Mapk1/Hras/Grb2","INRR_vs_ARR = Neonate_Reinfected_IFN - Adult_Reinfected","Reactome","INRR_vs_ARR = Neonate_Reinfected_IFN - Adult_Reinfected | Positive NES/logFC = higher in Neonate_Reinfected_IFN ; Negative NES/logFC = higher in Adult_Reinfected"
"REACTOME_DISEASES_OF_PROGRAMMED_CELL_DEATH","REACTOME_DISEASES_OF_PROGRAMMED_CELL_DEATH",35,-0.470050350011041,-2.00105952917741,0.00033386995692894,0.000874969542296533,0.000309492742427497,3448,"tags=54%, list=17%, signal=45%","Casp8/H4c14/Ezh2/Eed/Prdx2/Trp53/Dnmt1/Traf2/Prdx1/H2az2/C1qbp/Cast/Jun/Lmnb1/Rbbp7/Capn2/App/Ywhae/Lmna","INRR_vs_ARR = Neonate_Reinfected_IFN - Adult_Reinfected","Reactome","INRR_vs_ARR = Neonate_Reinfected_IFN - Adult_Reinfected | Positive NES/logFC = higher in Neonate_Reinfected_IFN ; Negative NES/logFC = higher in Adult_Reinfected"
"REACTOME_DENGUE_VIRUS_ACTIVATES_MODULATES_INNATE_AND_ADAPTIVE_IMMUNE_RESPONSES","REACTOME_DENGUE_VIRUS_ACTIVATES_MODULATES_INNATE_AND_ADAPTIVE_IMMUNE_RESPONSES",13,-0.704765055477761,-2.26574601577824,0.000365760451681427,0.000956008799632935,0.000338157811078345,850,"tags=38%, list=4%, signal=37%","C1s1/Hsp90aa1/Clu/Hsp90ab1/C1qa","INRR_vs_ARR = Neonate_Reinfected_IFN - Adult_Reinfected","Reactome","INRR_vs_ARR = Neonate_Reinfected_IFN - Adult_Reinfected | Positive NES/logFC = higher in Neonate_Reinfected_IFN ; Negative NES/logFC = higher in Adult_Reinfected"
"REACTOME_FACTORS_INVOLVED_IN_MEGAKARYOCYTE_DEVELOPMENT_AND_PLATELET_PRODUCTION","REACTOME_FACTORS_INVOLVED_IN_MEGAKARYOCYTE_DEVELOPMENT_AND_PLATELET_PRODUCTION",63,-0.369542146729315,-1.89586048178107,0.00038005820641019,0.000990758596129994,0.000350449450154654,3027,"tags=35%, list=15%, signal=30%","Jak2/Kif20a/Rab5a/Racgap1/Trp53/Prkaca/Prkar2a/Abl1/Hdac2/Dock2/Ehd1/Dock4/Dock10/Klc1/Cbx5/Kif1b/Rac1/Irf1/Kif5b/Cdc42/Actb/Capzb","INRR_vs_ARR = Neonate_Reinfected_IFN - Adult_Reinfected","Reactome","INRR_vs_ARR = Neonate_Reinfected_IFN - Adult_Reinfected | Positive NES/logFC = higher in Neonate_Reinfected_IFN ; Negative NES/logFC = higher in Adult_Reinfected"
"REACTOME_DAP12_SIGNALING","REACTOME_DAP12_SIGNALING",18,-0.626792905045997,-2.227970977674,0.000404102539387273,0.00105066660240691,0.000371640008522367,3120,"tags=72%, list=16%, signal=61%","Plcg1/Syk/Pik3cb/Lcp2/Sos1/Shc1/Klrd1/Fyn/Hras/Rac1/H2-T23/Grb2/B2m","INRR_vs_ARR = Neonate_Reinfected_IFN - Adult_Reinfected","Reactome","INRR_vs_ARR = Neonate_Reinfected_IFN - Adult_Reinfected | Positive NES/logFC = higher in Neonate_Reinfected_IFN ; Negative NES/logFC = higher in Adult_Reinfected"
"REACTOME_GLUTATHIONE_CONJUGATION","REACTOME_GLUTATHIONE_CONJUGATION",16,-0.660406967789679,-2.23748754894662,0.000413047499983019,0.00107110480310557,0.000378869374207383,3260,"tags=62%, list=16%, signal=52%","Mgst3/Gstz1/Gclc/Gclm/Gsto1/Cndp2/Gsta3/Gstm2/Mgst1/Akr1a1","INRR_vs_ARR = Neonate_Reinfected_IFN - Adult_Reinfected","Reactome","INRR_vs_ARR = Neonate_Reinfected_IFN - Adult_Reinfected | Positive NES/logFC = higher in Neonate_Reinfected_IFN ; Negative NES/logFC = higher in Adult_Reinfected"
"REACTOME_SELECTIVE_AUTOPHAGY","REACTOME_SELECTIVE_AUTOPHAGY",35,-0.464743534842972,-1.97846779392736,0.000416760624883442,0.00107790444341581,0.000381274531444758,4589,"tags=54%, list=23%, signal=42%","Pcnt/Mfn2/Vdac1/Tomm22/Optn/Csnk2a2/Csnk2b/Tbk1/Pink1/Src/Vdac2/Dync1h1/Vdac3/Plin2/Dynll2/Hspa8/Sqstm1/Hsp90aa1/Vim","INRR_vs_ARR = Neonate_Reinfected_IFN - Adult_Reinfected","Reactome","INRR_vs_ARR = Neonate_Reinfected_IFN - Adult_Reinfected | Positive NES/logFC = higher in Neonate_Reinfected_IFN ; Negative NES/logFC = higher in Adult_Reinfected"
"REACTOME_SPHINGOLIPID_METABOLISM","REACTOME_SPHINGOLIPID_METABOLISM",22,-0.582094640682685,-2.21536207825475,0.000440581938295473,0.00113654035257422,0.000402015125777373,3383,"tags=55%, list=17%, signal=45%","Abcc1/Galc/Ugcg/Plpp1/Sgms1/Aldh3a2/M6pr/Aldh3b1/Vapa/Degs1/Cyb5b/Gm2a","INRR_vs_ARR = Neonate_Reinfected_IFN - Adult_Reinfected","Reactome","INRR_vs_ARR = Neonate_Reinfected_IFN - Adult_Reinfected | Positive NES/logFC = higher in Neonate_Reinfected_IFN ; Negative NES/logFC = higher in Adult_Reinfected"
"REACTOME_FORMATION_OF_TC_NER_PRE_INCISION_COMPLEX","REACTOME_FORMATION_OF_TC_NER_PRE_INCISION_COMPLEX",24,-0.55168521706774,-2.14347071107021,0.000465962951894957,0.00119888384497973,0.000424067160167559,3001,"tags=50%, list=15%, signal=43%","Cul4a/Tcea1/Polr2g/Ercc3/Gtf2h5/Cdk7/Polr2a/Polr2e/Polr2f/Cops5/Rbx1/Ddb1","INRR_vs_ARR = Neonate_Reinfected_IFN - Adult_Reinfected","Reactome","INRR_vs_ARR = Neonate_Reinfected_IFN - Adult_Reinfected | Positive NES/logFC = higher in Neonate_Reinfected_IFN ; Negative NES/logFC = higher in Adult_Reinfected"
"REACTOME_TP53_REGULATES_TRANSCRIPTION_OF_DNA_REPAIR_GENES","REACTOME_TP53_REGULATES_TRANSCRIPTION_OF_DNA_REPAIR_GENES",41,-0.450163277529948,-2.04559507176975,0.000495867541279331,0.00127251202801033,0.000450110796185203,4099,"tags=44%, list=21%, signal=35%","Supt4a/Tcea1/Fos/Eloa/Polr2g/Ercc3/Ssrp1/Trp53/Msh2/Nelfb/Gtf2h5/Cdk9/Cdk7/Polr2a/Supt5/Polr2e/Jun/Polr2f","INRR_vs_ARR = Neonate_Reinfected_IFN - Adult_Reinfected","Reactome","INRR_vs_ARR = Neonate_Reinfected_IFN - Adult_Reinfected | Positive NES/logFC = higher in Neonate_Reinfected_IFN ; Negative NES/logFC = higher in Adult_Reinfected"
"REACTOME_PKR_MEDIATED_SIGNALING","REACTOME_PKR_MEDIATED_SIGNALING",36,-0.459157390806838,-1.95782897094506,0.000511968386482222,0.00131042685451926,0.000463521964308965,2981,"tags=58%, list=15%, signal=50%","Eif2s2/Ikbkb/Ikbkg/Trim25/Cdk1/Eif2ak2/Trp53/Ilf3/Adar/Stat1/Chuk/Ilf2/Ppp2cb/Eif2s1/Isg15/Ube2i/Dnajc3/Stat3/Npm1/Eif2s3x/Hspa8","INRR_vs_ARR = Neonate_Reinfected_IFN - Adult_Reinfected","Reactome","INRR_vs_ARR = Neonate_Reinfected_IFN - Adult_Reinfected | Positive NES/logFC = higher in Neonate_Reinfected_IFN ; Negative NES/logFC = higher in Adult_Reinfected"
"REACTOME_ZBP1_DAI_MEDIATED_INDUCTION_OF_TYPE_I_IFNS","REACTOME_ZBP1_DAI_MEDIATED_INDUCTION_OF_TYPE_I_IFNS",15,-0.644807263154323,-2.15428918784756,0.000514034473873892,0.00131231540100105,0.000464189977767258,4534,"tags=73%, list=23%, signal=57%","Ripk1/Ikbkb/Ikbkg/Rela/Nfkb2/Tbk1/Chuk/Zbp1/Myd88/Nfkb1/Nfkbia","INRR_vs_ARR = Neonate_Reinfected_IFN - Adult_Reinfected","Reactome","INRR_vs_ARR = Neonate_Reinfected_IFN - Adult_Reinfected | Positive NES/logFC = higher in Neonate_Reinfected_IFN ; Negative NES/logFC = higher in Adult_Reinfected"
"REACTOME_METABOLISM_OF_VITAMINS_AND_COFACTORS","REACTOME_METABOLISM_OF_VITAMINS_AND_COFACTORS",86,-0.315245988857757,-1.69277046148183,0.000526074298175131,0.00133959125411605,0.000473837946267345,3720,"tags=35%, list=19%, signal=29%","Akr1b8/Spr/Pcx/Acp5/Ldlr/Abcc1/Slc23a2/Aldh1l1/Gch1/Rbp1/Pts/Parp9/Agrn/Nampt/Parp14/Fasn/Sdc3/Gsto1/Sdc4/Idh1/Sdc1/Cyb5a/Akt1/Gpc3/Lrp1/Lrp10/Cyb5r3/Hsp90aa1/Calm1/Apoe","INRR_vs_ARR = Neonate_Reinfected_IFN - Adult_Reinfected","Reactome","INRR_vs_ARR = Neonate_Reinfected_IFN - Adult_Reinfected | Positive NES/logFC = higher in Neonate_Reinfected_IFN ; Negative NES/logFC = higher in Adult_Reinfected"
"REACTOME_UPTAKE_AND_ACTIONS_OF_BACTERIAL_TOXINS","REACTOME_UPTAKE_AND_ACTIONS_OF_BACTERIAL_TOXINS",13,-0.693968663255263,-2.23103674284711,0.000527918208167488,0.00134083082177244,0.000474276404036277,434,"tags=77%, list=2%, signal=75%","Hbegf/Antxr2/Map2k3/Txnrd1/Cd9/Furin/Hsp90aa1/Eef2/Calm1/Hsp90ab1","INRR_vs_ARR = Neonate_Reinfected_IFN - Adult_Reinfected","Reactome","INRR_vs_ARR = Neonate_Reinfected_IFN - Adult_Reinfected | Positive NES/logFC = higher in Neonate_Reinfected_IFN ; Negative NES/logFC = higher in Adult_Reinfected"
"REACTOME_SIGNALLING_TO_ERKS","REACTOME_SIGNALLING_TO_ERKS",19,-0.590816792186497,-2.120283836219,0.000547042942892902,0.00138584212199535,0.000490197724805516,3078,"tags=58%, list=15%, signal=49%","Braf/Rala/Sos1/Shc1/Src/Ralb/Mapk14/Mapk1/Hras/Ywhab/Grb2","INRR_vs_ARR = Neonate_Reinfected_IFN - Adult_Reinfected","Reactome","INRR_vs_ARR = Neonate_Reinfected_IFN - Adult_Reinfected | Positive NES/logFC = higher in Neonate_Reinfected_IFN ; Negative NES/logFC = higher in Adult_Reinfected"
"REACTOME_EARLY_SARS_COV_2_INFECTION_EVENTS","REACTOME_EARLY_SARS_COV_2_INFECTION_EVENTS",15,-0.641914791769707,-2.14462549423537,0.000553359138091786,0.00139469088886399,0.000493327695613515,2489,"tags=60%, list=12%, signal=53%","Nrp1/Agrn/Sdc3/Sdc4/Sdc1/Gpc3/Iscu/Ctsl/Furin","INRR_vs_ARR = Neonate_Reinfected_IFN - Adult_Reinfected","Reactome","INRR_vs_ARR = Neonate_Reinfected_IFN - Adult_Reinfected | Positive NES/logFC = higher in Neonate_Reinfected_IFN ; Negative NES/logFC = higher in Adult_Reinfected"
"REACTOME_DEVELOPMENTAL_LINEAGE_OF_PANCREATIC_DUCTAL_CELLS","REACTOME_DEVELOPMENTAL_LINEAGE_OF_PANCREATIC_DUCTAL_CELLS",31,-0.497351902253195,-2.08464721509256,0.000552498928675449,0.00139469088886399,0.000493327695613515,1058,"tags=35%, list=5%, signal=34%","Lamc2/Lamc1/Krt19/Col5a2/Anxa1/Anxa2/Cd74/Col1a2/Fn1/Col3a1/Col1a1","INRR_vs_ARR = Neonate_Reinfected_IFN - Adult_Reinfected","Reactome","INRR_vs_ARR = Neonate_Reinfected_IFN - Adult_Reinfected | Positive NES/logFC = higher in Neonate_Reinfected_IFN ; Negative NES/logFC = higher in Adult_Reinfected"
"REACTOME_RHO_GTPASES_ACTIVATE_FORMINS","REACTOME_RHO_GTPASES_ACTIVATE_FORMINS",55,-0.387247787370485,-1.9316288142374,0.00055906634556003,0.00140548994761656,0.000497147520358725,2974,"tags=44%, list=15%, signal=37%","Rhob/Cenpa/Xpo1/Bub1b/Daam1/Clip1/Ckap5/Src/Zwint/Clasp1/Dync1h1/Ppp2cb/Bub3/Nup98/Mapre1/Dynll2/Pafah1b1/Rac1/Cdc42/Actb/Actg1/Rhoa/Itgb1/Pfn1","INRR_vs_ARR = Neonate_Reinfected_IFN - Adult_Reinfected","Reactome","INRR_vs_ARR = Neonate_Reinfected_IFN - Adult_Reinfected | Positive NES/logFC = higher in Neonate_Reinfected_IFN ; Negative NES/logFC = higher in Adult_Reinfected"
"REACTOME_GAP_JUNCTION_TRAFFICKING_AND_REGULATION","REACTOME_GAP_JUNCTION_TRAFFICKING_AND_REGULATION",14,-0.673563181171947,-2.20358868842897,0.000592298477456206,0.0014852560805247,0.000525362261596208,2581,"tags=64%, list=13%, signal=56%","Src/Tjp1/Cltc/Dab2/Ap2m1/Cltb/Actb/Actg1/Clta","INRR_vs_ARR = Neonate_Reinfected_IFN - Adult_Reinfected","Reactome","INRR_vs_ARR = Neonate_Reinfected_IFN - Adult_Reinfected | Positive NES/logFC = higher in Neonate_Reinfected_IFN ; Negative NES/logFC = higher in Adult_Reinfected"
"REACTOME_NUCLEOTIDE_EXCISION_REPAIR","REACTOME_NUCLEOTIDE_EXCISION_REPAIR",57,-0.37245167565401,-1.87990308126983,0.000630671292437542,0.00157747654918555,0.000557982329351802,4078,"tags=40%, list=20%, signal=32%","Cul4a/Tcea1/Rfc5/Rad23a/Rpa3/Rfc2/Cetn2/Rad23b/Polr2g/Ercc3/Pole4/Gtf2h5/Pias1/Cdk7/Polr2a/Polr2e/Ube2i/Polr2f/Cops5/Pcna/Rbx1/Actb/Ddb1","INRR_vs_ARR = Neonate_Reinfected_IFN - Adult_Reinfected","Reactome","INRR_vs_ARR = Neonate_Reinfected_IFN - Adult_Reinfected | Positive NES/logFC = higher in Neonate_Reinfected_IFN ; Negative NES/logFC = higher in Adult_Reinfected"
"REACTOME_TRANSCRIPTIONAL_ACTIVATION_OF_MITOCHONDRIAL_BIOGENESIS","REACTOME_TRANSCRIPTIONAL_ACTIVATION_OF_MITOCHONDRIAL_BIOGENESIS",22,-0.572136102379686,-2.17746142332785,0.000636393102839658,0.00158776865051915,0.000561622833978645,2254,"tags=55%, list=11%, signal=48%","Acss2/Ssbp1/Ncoa6/Cycs/Mef2d/Helz2/Crebbp/Alas1/Idh2/Glud1/Atp5b/Calm1","INRR_vs_ARR = Neonate_Reinfected_IFN - Adult_Reinfected","Reactome","INRR_vs_ARR = Neonate_Reinfected_IFN - Adult_Reinfected | Positive NES/logFC = higher in Neonate_Reinfected_IFN ; Negative NES/logFC = higher in Adult_Reinfected"
"REACTOME_METABOLISM_OF_NUCLEOTIDES","REACTOME_METABOLISM_OF_NUCLEOTIDES",55,-0.382899083297571,-1.90993706449527,0.000647628615405588,0.00161173066000182,0.000570098635329856,3085,"tags=42%, list=15%, signal=35%","Impdh2/Tk2/Entpd7/Gmpr2/Rrm2/Cmpk1/Nme1/Guk1/Adsl/Ctps/Glrx/Nudt9/Gmps/Dut/Txnrd1/Rrm1/Xdh/Nt5c/Ak1/Paics/Samhd1/Txn1/Hprt","INRR_vs_ARR = Neonate_Reinfected_IFN - Adult_Reinfected","Reactome","INRR_vs_ARR = Neonate_Reinfected_IFN - Adult_Reinfected | Positive NES/logFC = higher in Neonate_Reinfected_IFN ; Negative NES/logFC = higher in Adult_Reinfected"
"REACTOME_REGULATION_OF_LOCALIZATION_OF_FOXO_TRANSCRIPTION_FACTORS","REACTOME_REGULATION_OF_LOCALIZATION_OF_FOXO_TRANSCRIPTION_FACTORS",11,-0.725937144481087,-2.22566424549411,0.000671961388998539,0.00166808505610692,0.00059003221673503,4629,"tags=91%, list=23%, signal=70%","Foxo4/Foxo1/Foxo3/Akt3/Ywhaq/Akt2/Ywhab/Ywhag/Akt1/Ywhaz","INRR_vs_ARR = Neonate_Reinfected_IFN - Adult_Reinfected","Reactome","INRR_vs_ARR = Neonate_Reinfected_IFN - Adult_Reinfected | Positive NES/logFC = higher in Neonate_Reinfected_IFN ; Negative NES/logFC = higher in Adult_Reinfected"
"REACTOME_SYNTHESIS_OF_SUBSTRATES_IN_N_GLYCAN_BIOSYTHESIS","REACTOME_SYNTHESIS_OF_SUBSTRATES_IN_N_GLYCAN_BIOSYTHESIS",22,-0.569530398885391,-2.16754451926279,0.000688738148341953,0.00170544684351341,0.00060324776480551,4017,"tags=64%, list=20%, signal=51%","Uap1/Pmm1/Gmppa/Gfpt2/Gfus/Pmm2/Gne/St6gal1/Nagk/Gmppb/St8sia4/Hk1/Gfpt1/St3gal4","INRR_vs_ARR = Neonate_Reinfected_IFN - Adult_Reinfected","Reactome","INRR_vs_ARR = Neonate_Reinfected_IFN - Adult_Reinfected | Positive NES/logFC = higher in Neonate_Reinfected_IFN ; Negative NES/logFC = higher in Adult_Reinfected"
"REACTOME_INTEGRATION_OF_ENERGY_METABOLISM","REACTOME_INTEGRATION_OF_ENERGY_METABOLISM",51,-0.386422392366448,-1.8480670032207,0.000700318780283841,0.00172978738730109,0.00061185746066904,1754,"tags=27%, list=9%, signal=25%","Tkt/Ppp2cb/Fasn/Adipor2/Acsl4/Gng12/Acly/Gng11/Taldo1/Adipor1/Cd36/Gnai2/Gnb2/Gnas","INRR_vs_ARR = Neonate_Reinfected_IFN - Adult_Reinfected","Reactome","INRR_vs_ARR = Neonate_Reinfected_IFN - Adult_Reinfected | Positive NES/logFC = higher in Neonate_Reinfected_IFN ; Negative NES/logFC = higher in Adult_Reinfected"
"REACTOME_ASSOCIATION_OF_TRIC_CCT_WITH_TARGET_PROTEINS_DURING_BIOSYNTHESIS","REACTOME_ASSOCIATION_OF_TRIC_CCT_WITH_TARGET_PROTEINS_DURING_BIOSYNTHESIS",22,-0.564630806693842,-2.14889742997274,0.000806804237023998,0.00198783687326611,0.000703134287155709,4048,"tags=68%, list=20%, signal=54%","Fbxo4/Kifc3/Arfgef2/Nop56/Trp53/Fbxo6/Cct6a/Lonp2/Cct7/Cct4/Cct5/Tcp1/Cct3/Cct2/Stat3","INRR_vs_ARR = Neonate_Reinfected_IFN - Adult_Reinfected","Reactome","INRR_vs_ARR = Neonate_Reinfected_IFN - Adult_Reinfected | Positive NES/logFC = higher in Neonate_Reinfected_IFN ; Negative NES/logFC = higher in Adult_Reinfected"
"REACTOME_ABORTIVE_ELONGATION_OF_HIV_1_TRANSCRIPT_IN_THE_ABSENCE_OF_TAT","REACTOME_ABORTIVE_ELONGATION_OF_HIV_1_TRANSCRIPT_IN_THE_ABSENCE_OF_TAT",18,-0.603048148156654,-2.14356889080369,0.000835236753227782,0.00204794430029921,0.000724395384295056,4099,"tags=78%, list=21%, signal=62%","Polr2i/Polr2c/Nelfcd/Nelfe/Polr2h/Polr2j/Supt4a/Ncbp2/Polr2g/Nelfb/Polr2a/Supt5/Polr2e/Polr2f","INRR_vs_ARR = Neonate_Reinfected_IFN - Adult_Reinfected","Reactome","INRR_vs_ARR = Neonate_Reinfected_IFN - Adult_Reinfected | Positive NES/logFC = higher in Neonate_Reinfected_IFN ; Negative NES/logFC = higher in Adult_Reinfected"
"REACTOME_NEURONAL_SYSTEM","REACTOME_NEURONAL_SYSTEM",110,-0.2945526138588,-1.70038471651873,0.000835345701437837,0.00204794430029921,0.000724395384295056,2827,"tags=27%, list=14%, signal=24%","Flot2/Slc38a1/Prkaca/Src/Prkar2a/Maoa/Rps6ka1/Tspan7/Mapk1/Hras/Gng12/Mdm2/Dlg1/Gng11/Ap2s1/Epb41l2/Gnai3/Ap2m1/Comt/Ap2b1/Rac1/Rtn3/Gls/Slc38a2/Glul/Aldh2/Gnai2/Hspa8/Gnb2/Calm1","INRR_vs_ARR = Neonate_Reinfected_IFN - Adult_Reinfected","Reactome","INRR_vs_ARR = Neonate_Reinfected_IFN - Adult_Reinfected | Positive NES/logFC = higher in Neonate_Reinfected_IFN ; Negative NES/logFC = higher in Adult_Reinfected"
"REACTOME_DEVELOPMENTAL_CELL_LINEAGES_OF_THE_EXOCRINE_PANCREAS","REACTOME_DEVELOPMENTAL_CELL_LINEAGES_OF_THE_EXOCRINE_PANCREAS",42,-0.410792830951852,-1.88037366417358,0.000849436933317894,0.00207733586662891,0.00073479171928489,1058,"tags=26%, list=5%, signal=25%","Lamc2/Lamc1/Krt19/Col5a2/Anxa1/Anxa2/Cd74/Col1a2/Fn1/Col3a1/Col1a1","INRR_vs_ARR = Neonate_Reinfected_IFN - Adult_Reinfected","Reactome","INRR_vs_ARR = Neonate_Reinfected_IFN - Adult_Reinfected | Positive NES/logFC = higher in Neonate_Reinfected_IFN ; Negative NES/logFC = higher in Adult_Reinfected"
"REACTOME_MITOCHONDRIAL_UNFOLDED_PROTEIN_RESPONSE_UPRMT","REACTOME_MITOCHONDRIAL_UNFOLDED_PROTEIN_RESPONSE_UPRMT",12,-0.689324182395178,-2.15566726640865,0.000862033281671372,0.00210293551183041,0.0007438467823649,4138,"tags=83%, list=21%, signal=66%","Lonp1/Foxo3/Dnaja1/Hspa9/Htra2/Hspd1/Atf5/Hspe1/Akt1/Cat","INRR_vs_ARR = Neonate_Reinfected_IFN - Adult_Reinfected","Reactome","INRR_vs_ARR = Neonate_Reinfected_IFN - Adult_Reinfected | Positive NES/logFC = higher in Neonate_Reinfected_IFN ; Negative NES/logFC = higher in Adult_Reinfected"
"REACTOME_DEVELOPMENTAL_LINEAGE_OF_MAMMARY_GLAND_LUMINAL_EPITHELIAL_CELLS","REACTOME_DEVELOPMENTAL_LINEAGE_OF_MAMMARY_GLAND_LUMINAL_EPITHELIAL_CELLS",21,-0.555568944045985,-2.08161696568259,0.000891147633054451,0.0021686055700931,0.000767075483987757,1509,"tags=43%, list=8%, signal=40%","Slpi/Krt19/Epcam/Muc1/Krt18/Cd44/Cdh1/Krt8/Itgb1","INRR_vs_ARR = Neonate_Reinfected_IFN - Adult_Reinfected","Reactome","INRR_vs_ARR = Neonate_Reinfected_IFN - Adult_Reinfected | Positive NES/logFC = higher in Neonate_Reinfected_IFN ; Negative NES/logFC = higher in Adult_Reinfected"
"REACTOME_P75_NTR_RECEPTOR_MEDIATED_SIGNALLING","REACTOME_P75_NTR_RECEPTOR_MEDIATED_SIGNALLING",49,-0.398954813360216,-1.8958850448465,0.000895753091958631,0.00217445713723619,0.000769145290392514,3078,"tags=43%, list=15%, signal=36%","Sos1/Ect2/Irak1/Arhgef2/Arhgef3/Net1/Hdac2/Arhgef12/Adam17/Myd88/Abr/Nfkb1/Akap13/Aph1a/Nfkbia/Rac1/Psenen/Ywhae/Rhoa/Sqstm1/Arhgdia","INRR_vs_ARR = Neonate_Reinfected_IFN - Adult_Reinfected","Reactome","INRR_vs_ARR = Neonate_Reinfected_IFN - Adult_Reinfected | Positive NES/logFC = higher in Neonate_Reinfected_IFN ; Negative NES/logFC = higher in Adult_Reinfected"
"REACTOME_MITOTIC_PROMETAPHASE","REACTOME_MITOTIC_PROMETAPHASE",85,-0.327315011994637,-1.76742702681154,0.000914236018744448,0.00221388526107724,0.000783091739481829,4065,"tags=42%, list=20%, signal=34%","Csnk1e/Rad21/Cenpa/Csnk2a2/Csnk2b/Xpo1/Ncapd2/Bub1b/Cetn2/Pcm1/Cdk1/Clip1/Ckap5/Nek2/Prkaca/Cntrl/Zwint/Clasp1/Odf2/Stag1/Dync1h1/Numa1/Ppp2cb/Csnk1d/Smc1a/Ywhag/Nek7/Bub3/Nup98/Mapre1/Dynll2/Pafah1b1/Tubb5/Smc3/Ywhae/Hsp90aa1","INRR_vs_ARR = Neonate_Reinfected_IFN - Adult_Reinfected","Reactome","INRR_vs_ARR = Neonate_Reinfected_IFN - Adult_Reinfected | Positive NES/logFC = higher in Neonate_Reinfected_IFN ; Negative NES/logFC = higher in Adult_Reinfected"
"REACTOME_SIGNALING_BY_ALK","REACTOME_SIGNALING_BY_ALK",19,-0.572264103537507,-2.05370318654708,0.000946620133637784,0.00228333457061434,0.000807657231455318,4459,"tags=68%, list=22%, signal=53%","Hdac1/Plcg1/Pik3cb/Prdm1/Shc1/Src/Dnmt1/Ptpn6/Il2rg/Hdac2/Cd274/Hif1a/Stat3","INRR_vs_ARR = Neonate_Reinfected_IFN - Adult_Reinfected","Reactome","INRR_vs_ARR = Neonate_Reinfected_IFN - Adult_Reinfected | Positive NES/logFC = higher in Neonate_Reinfected_IFN ; Negative NES/logFC = higher in Adult_Reinfected"
"REACTOME_OPIOID_SIGNALLING","REACTOME_OPIOID_SIGNALLING",40,-0.429552492255207,-1.93850361672536,0.000947537625457368,0.00228333457061434,0.000807657231455318,2838,"tags=32%, list=14%, signal=28%","Ppp3r1/Prkaca/Prkar2a/Mapk1/Ppp2cb/Grk2/Gng12/Gng11/Gnai3/Gnai2/Ppp1ca/Gnb2/Calm1","INRR_vs_ARR = Neonate_Reinfected_IFN - Adult_Reinfected","Reactome","INRR_vs_ARR = Neonate_Reinfected_IFN - Adult_Reinfected | Positive NES/logFC = higher in Neonate_Reinfected_IFN ; Negative NES/logFC = higher in Adult_Reinfected"
"REACTOME_RECYCLING_PATHWAY_OF_L1","REACTOME_RECYCLING_PATHWAY_OF_L1",22,-0.558890979465094,-2.12705253622249,0.000977344792647441,0.00234943225093837,0.000831037190828404,2791,"tags=64%, list=14%, signal=55%","Numb/Src/Rps6ka1/Cltc/Mapk1/Ap2s1/Ap2m1/Ap2b1/Dpysl2/Actb/Ezr/Actg1/Clta/Msn","INRR_vs_ARR = Neonate_Reinfected_IFN - Adult_Reinfected","Reactome","INRR_vs_ARR = Neonate_Reinfected_IFN - Adult_Reinfected | Positive NES/logFC = higher in Neonate_Reinfected_IFN ; Negative NES/logFC = higher in Adult_Reinfected"
"REACTOME_COOPERATION_OF_PREFOLDIN_AND_TRIC_CCT_IN_ACTIN_AND_TUBULIN_FOLDING","REACTOME_COOPERATION_OF_PREFOLDIN_AND_TRIC_CCT_IN_ACTIN_AND_TUBULIN_FOLDING",12,-0.68347930748325,-2.13738906604127,0.000988658378484876,0.00237086038335693,0.000838616713482317,2481,"tags=75%, list=12%, signal=66%","Vbp1/Cct6a/Cct7/Cct4/Cct5/Tcp1/Cct3/Cct2/Actb","INRR_vs_ARR = Neonate_Reinfected_IFN - Adult_Reinfected","Reactome","INRR_vs_ARR = Neonate_Reinfected_IFN - Adult_Reinfected | Positive NES/logFC = higher in Neonate_Reinfected_IFN ; Negative NES/logFC = higher in Adult_Reinfected"
"REACTOME_TRANSLATION_OF_SARS_COV_1_STRUCTURAL_PROTEINS","REACTOME_TRANSLATION_OF_SARS_COV_1_STRUCTURAL_PROTEINS",11,-0.708661036471662,-2.17269710337968,0.000992801388845648,0.00237503092537409,0.000840091910530789,2568,"tags=82%, list=13%, signal=71%","St6gal1/Parp9/Parp14/Gsk3b/Ube2i/St3gal4/Galnt1/Mgat1/Canx","INRR_vs_ARR = Neonate_Reinfected_IFN - Adult_Reinfected","Reactome","INRR_vs_ARR = Neonate_Reinfected_IFN - Adult_Reinfected | Positive NES/logFC = higher in Neonate_Reinfected_IFN ; Negative NES/logFC = higher in Adult_Reinfected"
"REACTOME_FORMATION_OF_THE_DYSTROPHIN_GLYCOPROTEIN_COMPLEX_DGC","REACTOME_FORMATION_OF_THE_DYSTROPHIN_GLYCOPROTEIN_COMPLEX_DGC",24,-0.52522417582442,-2.04066123723485,0.00104590156446208,0.00249601629393366,0.000882886649889172,2298,"tags=38%, list=12%, signal=33%","Lama4/Agrn/Sgce/Actg2/Lamc2/Lamc1/Actb/Actg1/Acta2","INRR_vs_ARR = Neonate_Reinfected_IFN - Adult_Reinfected","Reactome","INRR_vs_ARR = Neonate_Reinfected_IFN - Adult_Reinfected | Positive NES/logFC = higher in Neonate_Reinfected_IFN ; Negative NES/logFC = higher in Adult_Reinfected"
"REACTOME_FGFR2_ALTERNATIVE_SPLICING","REACTOME_FGFR2_ALTERNATIVE_SPLICING",16,-0.633945147212701,-2.14783374916674,0.00114073857607471,0.00271578244135378,0.00096062195879976,3507,"tags=44%, list=18%, signal=36%","Ncbp2/Polr2g/Tial1/Polr2a/Polr2e/Polr2f/Hnrnpa1","INRR_vs_ARR = Neonate_Reinfected_IFN - Adult_Reinfected","Reactome","INRR_vs_ARR = Neonate_Reinfected_IFN - Adult_Reinfected | Positive NES/logFC = higher in Neonate_Reinfected_IFN ; Negative NES/logFC = higher in Adult_Reinfected"
"REACTOME_INFLAMMASOMES","REACTOME_INFLAMMASOMES",15,-0.61132880215864,-2.04243826638622,0.001191443657846,0.00282967868738426,0.00100090914576132,1317,"tags=47%, list=7%, signal=44%","Hmox1/Nfkb1/Bcl2l1/Txn1/App/Txnip/Hsp90ab1","INRR_vs_ARR = Neonate_Reinfected_IFN - Adult_Reinfected","Reactome","INRR_vs_ARR = Neonate_Reinfected_IFN - Adult_Reinfected | Positive NES/logFC = higher in Neonate_Reinfected_IFN ; Negative NES/logFC = higher in Adult_Reinfected"
"REACTOME_AMINO_ACIDS_REGULATE_MTORC1","REACTOME_AMINO_ACIDS_REGULATE_MTORC1",19,-0.559717088745384,-2.00867529802332,0.00126446407132414,0.00299590048553537,0.00105970483826736,4126,"tags=63%, list=21%, signal=50%","Atp6v1c1/Atp6v1d/Mtor/Atp6v1f/Atp6v1h/Tcirg1/Atp6v1g1/Atp6v1e1/Atp6v0d1/Atp6v0e/Atp6v0b/Atp6v0c","INRR_vs_ARR = Neonate_Reinfected_IFN - Adult_Reinfected","Reactome","INRR_vs_ARR = Neonate_Reinfected_IFN - Adult_Reinfected | Positive NES/logFC = higher in Neonate_Reinfected_IFN ; Negative NES/logFC = higher in Adult_Reinfected"
"REACTOME_HSP90_CHAPERONE_CYCLE_FOR_STEROID_HORMONE_RECEPTORS_SHR_IN_THE_PRESENCE_OF_LIGAND","REACTOME_HSP90_CHAPERONE_CYCLE_FOR_STEROID_HORMONE_RECEPTORS_SHR_IN_THE_PRESENCE_OF_LIGAND",24,-0.518925400524663,-2.0161885126576,0.00130566463526624,0.0030861164106293,0.00109161586227245,2389,"tags=46%, list=12%, signal=40%","Stip1/Dnajb1/Dync1h1/Dctn4/Dynll2/Fkbp4/Ptges3/Hspa8/Capzb/Hsp90aa1/Hsp90ab1","INRR_vs_ARR = Neonate_Reinfected_IFN - Adult_Reinfected","Reactome","INRR_vs_ARR = Neonate_Reinfected_IFN - Adult_Reinfected | Positive NES/logFC = higher in Neonate_Reinfected_IFN ; Negative NES/logFC = higher in Adult_Reinfected"
"REACTOME_RHOJ_GTPASE_CYCLE","REACTOME_RHOJ_GTPASE_CYCLE",25,-0.509852640650543,-1.98903435472502,0.00134887306952598,0.00318063625940733,0.00112504926286302,4224,"tags=56%, list=21%, signal=44%","Gja1/Arhgap5/Cdc42bpa/Pak4/Snap23/Wasl/Vamp3/Cdc42ep1/Stom/Tmpo/Cav1/Slc1a5/Jup/Cdc42","INRR_vs_ARR = Neonate_Reinfected_IFN - Adult_Reinfected","Reactome","INRR_vs_ARR = Neonate_Reinfected_IFN - Adult_Reinfected | Positive NES/logFC = higher in Neonate_Reinfected_IFN ; Negative NES/logFC = higher in Adult_Reinfected"
"REACTOME_CARGO_TRAFFICKING_TO_THE_PERICILIARY_MEMBRANE","REACTOME_CARGO_TRAFFICKING_TO_THE_PERICILIARY_MEMBRANE",15,-0.604717850385486,-2.02035119829611,0.00139568541925496,0.0032831837957712,0.00116132220349035,1636,"tags=53%, list=8%, signal=49%","Pkd2/Arf4/Cct4/Cct5/Exoc4/Tcp1/Cct3/Cct2","INRR_vs_ARR = Neonate_Reinfected_IFN - Adult_Reinfected","Reactome","INRR_vs_ARR = Neonate_Reinfected_IFN - Adult_Reinfected | Positive NES/logFC = higher in Neonate_Reinfected_IFN ; Negative NES/logFC = higher in Adult_Reinfected"
"REACTOME_SUMOYLATION_OF_TRANSCRIPTION_COFACTORS","REACTOME_SUMOYLATION_OF_TRANSCRIPTION_COFACTORS",13,-0.650546751893275,-2.09143983476941,0.00143786235030641,0.00337436580071909,0.00119357494762278,2662,"tags=69%, list=13%, signal=60%","Cbx8/Pias2/Ncor2/Pias1/Trim28/Crebbp/Ube2i/Ctbp1/Npm1","INRR_vs_ARR = Neonate_Reinfected_IFN - Adult_Reinfected","Reactome","INRR_vs_ARR = Neonate_Reinfected_IFN - Adult_Reinfected | Positive NES/logFC = higher in Neonate_Reinfected_IFN ; Negative NES/logFC = higher in Adult_Reinfected"
"REACTOME_ACTIVATION_OF_BH3_ONLY_PROTEINS","REACTOME_ACTIVATION_OF_BH3_ONLY_PROTEINS",23,-0.498894458728028,-1.91298101725007,0.00152508647081711,0.00357058159518319,0.00126298006563053,2838,"tags=57%, list=14%, signal=49%","Ppp3r1/Akt3/Trp53/Ywhaq/Tfdp2/Akt2/Ywhab/Ywhag/Ywhah/Dynll2/Akt1/Ywhaz/Ywhae","INRR_vs_ARR = Neonate_Reinfected_IFN - Adult_Reinfected","Reactome","INRR_vs_ARR = Neonate_Reinfected_IFN - Adult_Reinfected | Positive NES/logFC = higher in Neonate_Reinfected_IFN ; Negative NES/logFC = higher in Adult_Reinfected"
"REACTOME_CELLULAR_SENESCENCE","REACTOME_CELLULAR_SENESCENCE",76,-0.333300026542584,-1.75473874328349,0.00155039737538772,0.00362125911792688,0.0012809056330191,3995,"tags=49%, list=20%, signal=39%","Cdkn1a/Rb1/Rela/Cdk6/Asf1a/Cbx8/Fos/H4c14/Rad50/Ezh2/Eed/Cdkn2c/Trp53/Id1/Cdkn2d/H1f0/Tfdp2/Map2k3/Mapk14/Sp1/Rps6ka1/Ets2/Mapk1/Ets1/H2az2/Ube2s/Mdm2/Nfkb1/Ube2c/Cdk4/Cdkn1b/Jun/Lmnb1/Txn1/Rbbp7/Stat3/Igfbp7","INRR_vs_ARR = Neonate_Reinfected_IFN - Adult_Reinfected","Reactome","INRR_vs_ARR = Neonate_Reinfected_IFN - Adult_Reinfected | Positive NES/logFC = higher in Neonate_Reinfected_IFN ; Negative NES/logFC = higher in Adult_Reinfected"
"REACTOME_LDL_CLEARANCE","REACTOME_LDL_CLEARANCE",12,-0.665510867698957,-2.08119783053747,0.00155638762715015,0.00362667682930272,0.00128282197669774,3508,"tags=75%, list=18%, signal=62%","Ldlr/Lsr/Npc1/Cltc/Ap2s1/Ap2m1/Ap2b1/Lipa/Clta","INRR_vs_ARR = Neonate_Reinfected_IFN - Adult_Reinfected","Reactome","INRR_vs_ARR = Neonate_Reinfected_IFN - Adult_Reinfected | Positive NES/logFC = higher in Neonate_Reinfected_IFN ; Negative NES/logFC = higher in Adult_Reinfected"
"REACTOME_REGULATION_OF_CDH1_GENE_TRANSCRIPTION","REACTOME_REGULATION_OF_CDH1_GENE_TRANSCRIPTION",26,-0.490790086857433,-1.92162715745252,0.00158468549198415,0.00367527996732474,0.00130001379624101,3368,"tags=54%, list=17%, signal=45%","Klf4/Klf9/H4c14/Ezh2/Eed/Sp1/Hdac2/Mapk1/Kmt5a/H2az2/Ctbp1/Rbbp7/Cdh1/Pkm","INRR_vs_ARR = Neonate_Reinfected_IFN - Adult_Reinfected","Reactome","INRR_vs_ARR = Neonate_Reinfected_IFN - Adult_Reinfected | Positive NES/logFC = higher in Neonate_Reinfected_IFN ; Negative NES/logFC = higher in Adult_Reinfected"
"REACTOME_SIGNALING_BY_NOTCH1","REACTOME_SIGNALING_BY_NOTCH1",47,-0.379699503550326,-1.79268529083256,0.00158458707774084,0.00367527996732474,0.00130001379624101,2791,"tags=40%, list=14%, signal=35%","Numb/Notch1/Tle3/Hdac2/Ncor2/Jag1/Adam17/Rbpj/Crebbp/Arrb1/Arrb2/Cul1/Adam10/Aph1a/Hes1/Psenen/Rbx1/Hif1a/Skp1","INRR_vs_ARR = Neonate_Reinfected_IFN - Adult_Reinfected","Reactome","INRR_vs_ARR = Neonate_Reinfected_IFN - Adult_Reinfected | Positive NES/logFC = higher in Neonate_Reinfected_IFN ; Negative NES/logFC = higher in Adult_Reinfected"
"REACTOME_ANCHORING_OF_THE_BASAL_BODY_TO_THE_PLASMA_MEMBRANE","REACTOME_ANCHORING_OF_THE_BASAL_BODY_TO_THE_PLASMA_MEMBRANE",37,-0.425845123840838,-1.85291057090408,0.00159248915312565,0.00368472900067482,0.00130335609229069,3278,"tags=49%, list=16%, signal=41%","Cetn2/Pcm1/Cdk1/Ckap5/Mark4/Nek2/Prkaca/Cntrl/Clasp1/Odf2/Dync1h1/Csnk1d/Ywhag/Mapre1/Pafah1b1/Tubb5/Ywhae/Hsp90aa1","INRR_vs_ARR = Neonate_Reinfected_IFN - Adult_Reinfected","Reactome","INRR_vs_ARR = Neonate_Reinfected_IFN - Adult_Reinfected | Positive NES/logFC = higher in Neonate_Reinfected_IFN ; Negative NES/logFC = higher in Adult_Reinfected"
"REACTOME_SUMOYLATION_OF_CHROMATIN_ORGANIZATION_PROTEINS","REACTOME_SUMOYLATION_OF_CHROMATIN_ORGANIZATION_PROTEINS",19,-0.544993253203029,-1.9558353806065,0.00168988040951903,0.00389184579161959,0.00137661709228394,3696,"tags=74%, list=19%, signal=60%","Nup93/Hdac1/Cbx8/Nupl1/H4c14/Nup205/Pias2/Nup153/Hdac2/Pias1/Rae1/Ube2i/Nup98/Cbx5","INRR_vs_ARR = Neonate_Reinfected_IFN - Adult_Reinfected","Reactome","INRR_vs_ARR = Neonate_Reinfected_IFN - Adult_Reinfected | Positive NES/logFC = higher in Neonate_Reinfected_IFN ; Negative NES/logFC = higher in Adult_Reinfected"
"REACTOME_RRNA_MODIFICATION_IN_THE_NUCLEUS_AND_CYTOSOL","REACTOME_RRNA_MODIFICATION_IN_THE_NUCLEUS_AND_CYTOSOL",19,-0.544367273246292,-1.9535889055543,0.00168988040951903,0.00389184579161959,0.00137661709228394,4790,"tags=53%, list=24%, signal=40%","Nhp2/Imp4/Wdr43/Rps2/Pno1/Nop56/Imp3/Rps9/Rps6/Rps14","INRR_vs_ARR = Neonate_Reinfected_IFN - Adult_Reinfected","Reactome","INRR_vs_ARR = Neonate_Reinfected_IFN - Adult_Reinfected | Positive NES/logFC = higher in Neonate_Reinfected_IFN ; Negative NES/logFC = higher in Adult_Reinfected"
"REACTOME_ION_HOMEOSTASIS","REACTOME_ION_HOMEOSTASIS",23,-0.494021510309961,-1.89429598746328,0.00174491318274252,0.00400924238267351,0.0014181424153501,997,"tags=35%, list=5%, signal=33%","Atp2b1/Atp1b3/Dmpk/Atp1b1/Atp1a1/Sri/Atp2a2/Calm1","INRR_vs_ARR = Neonate_Reinfected_IFN - Adult_Reinfected","Reactome","INRR_vs_ARR = Neonate_Reinfected_IFN - Adult_Reinfected | Positive NES/logFC = higher in Neonate_Reinfected_IFN ; Negative NES/logFC = higher in Adult_Reinfected"
"REACTOME_DEVELOPMENTAL_LINEAGE_OF_MAMMARY_GLAND_MYOEPITHELIAL_CELLS","REACTOME_DEVELOPMENTAL_LINEAGE_OF_MAMMARY_GLAND_MYOEPITHELIAL_CELLS",17,-0.585087193156209,-2.01844798397519,0.00178441767355895,0.00408102930897279,0.00144353476515978,833,"tags=41%, list=4%, signal=39%","Myh11/Epcam/Cd44/Cdh1/Acta2/Itgb1/Vim","INRR_vs_ARR = Neonate_Reinfected_IFN - Adult_Reinfected","Reactome","INRR_vs_ARR = Neonate_Reinfected_IFN - Adult_Reinfected | Positive NES/logFC = higher in Neonate_Reinfected_IFN ; Negative NES/logFC = higher in Adult_Reinfected"
"REACTOME_RESPIRATORY_SYNCYTIAL_VIRUS_RSV_ATTACHMENT_AND_ENTRY","REACTOME_RESPIRATORY_SYNCYTIAL_VIRUS_RSV_ATTACHMENT_AND_ENTRY",15,-0.593781636916015,-1.98381351055664,0.00178147706161079,0.00408102930897279,0.00144353476515978,2837,"tags=53%, list=14%, signal=46%","Rab5a/Agrn/Sdc3/Sdc4/Sdc1/Gpc3/Furin/Ncl","INRR_vs_ARR = Neonate_Reinfected_IFN - Adult_Reinfected","Reactome","INRR_vs_ARR = Neonate_Reinfected_IFN - Adult_Reinfected | Positive NES/logFC = higher in Neonate_Reinfected_IFN ; Negative NES/logFC = higher in Adult_Reinfected"
"REACTOME_INTERACTIONS_OF_REV_WITH_HOST_CELLULAR_PROTEINS","REACTOME_INTERACTIONS_OF_REV_WITH_HOST_CELLULAR_PROTEINS",15,-0.593560892387962,-1.98307600715487,0.00180417073197008,0.00411667594269385,0.0014561436319778,3586,"tags=67%, list=18%, signal=55%","Xpo1/Nupl1/Nup205/Nup153/Rae1/Ran/Ranbp1/Nup98/Npm1/Kpnb1","INRR_vs_ARR = Neonate_Reinfected_IFN - Adult_Reinfected","Reactome","INRR_vs_ARR = Neonate_Reinfected_IFN - Adult_Reinfected | Positive NES/logFC = higher in Neonate_Reinfected_IFN ; Negative NES/logFC = higher in Adult_Reinfected"
"REACTOME_RIP_MEDIATED_NFKB_ACTIVATION_VIA_ZBP1","REACTOME_RIP_MEDIATED_NFKB_ACTIVATION_VIA_ZBP1",13,-0.639012451182388,-2.05435826314869,0.00185434075612621,0.00422140245864675,0.00149318731756949,4534,"tags=77%, list=23%, signal=59%","Ripk1/Ikbkb/Ikbkg/Rela/Nfkb2/Chuk/Zbp1/Myd88/Nfkb1/Nfkbia","INRR_vs_ARR = Neonate_Reinfected_IFN - Adult_Reinfected","Reactome","INRR_vs_ARR = Neonate_Reinfected_IFN - Adult_Reinfected | Positive NES/logFC = higher in Neonate_Reinfected_IFN ; Negative NES/logFC = higher in Adult_Reinfected"
"REACTOME_COMPLEMENT_CASCADE","REACTOME_COMPLEMENT_CASCADE",38,-0.425094929486334,-1.89569922679395,0.0019629522559594,0.0044583835146848,0.00157701185475746,1072,"tags=32%, list=5%, signal=30%","Pros1/Cd55/Cr1l/C3ar1/C1s1/Cfh/Serping1/Cd81/C1qc/Clu/C3/C1qa","INRR_vs_ARR = Neonate_Reinfected_IFN - Adult_Reinfected","Reactome","INRR_vs_ARR = Neonate_Reinfected_IFN - Adult_Reinfected | Positive NES/logFC = higher in Neonate_Reinfected_IFN ; Negative NES/logFC = higher in Adult_Reinfected"
"REACTOME_CHK1_CHK2_CDS1_MEDIATED_INACTIVATION_OF_CYCLIN_B_CDK1_COMPLEX","REACTOME_CHK1_CHK2_CDS1_MEDIATED_INACTIVATION_OF_CYCLIN_B_CDK1_COMPLEX",13,-0.633414698708309,-2.03636207382733,0.00201299947504038,0.00455112924791737,0.00160981771820644,2981,"tags=54%, list=15%, signal=46%","Cdk1/Ywhaq/Ywhab/Ywhag/Ywhah/Ywhaz/Ywhae","INRR_vs_ARR = Neonate_Reinfected_IFN - Adult_Reinfected","Reactome","INRR_vs_ARR = Neonate_Reinfected_IFN - Adult_Reinfected | Positive NES/logFC = higher in Neonate_Reinfected_IFN ; Negative NES/logFC = higher in Adult_Reinfected"
"REACTOME_TRANSCRIPTION_COUPLED_NUCLEOTIDE_EXCISION_REPAIR_TC_NER","REACTOME_TRANSCRIPTION_COUPLED_NUCLEOTIDE_EXCISION_REPAIR_TC_NER",46,-0.365847903030623,-1.70970463432187,0.00200926459698077,0.00455112924791737,0.00160981771820644,4078,"tags=37%, list=20%, signal=29%","Cul4a/Tcea1/Rfc5/Rpa3/Rfc2/Polr2g/Ercc3/Pole4/Gtf2h5/Cdk7/Polr2a/Polr2e/Polr2f/Cops5/Pcna/Rbx1/Ddb1","INRR_vs_ARR = Neonate_Reinfected_IFN - Adult_Reinfected","Reactome","INRR_vs_ARR = Neonate_Reinfected_IFN - Adult_Reinfected | Positive NES/logFC = higher in Neonate_Reinfected_IFN ; Negative NES/logFC = higher in Adult_Reinfected"
"REACTOME_TAK1_DEPENDENT_IKK_AND_NF_KAPPA_B_ACTIVATION","REACTOME_TAK1_DEPENDENT_IKK_AND_NF_KAPPA_B_ACTIVATION",25,-0.501625546730961,-1.95693886057456,0.00202255030530703,0.00456228242384325,0.00161376280067756,4101,"tags=60%, list=21%, signal=48%","Nod1/Ikbkb/Ikbkg/Rela/Casp8/Nfkb2/Irak1/Trp53/Chuk/Traf2/Usp14/Nfkb1/Nfkbia/App/Ager","INRR_vs_ARR = Neonate_Reinfected_IFN - Adult_Reinfected","Reactome","INRR_vs_ARR = Neonate_Reinfected_IFN - Adult_Reinfected | Positive NES/logFC = higher in Neonate_Reinfected_IFN ; Negative NES/logFC = higher in Adult_Reinfected"
"REACTOME_CHAPERONE_MEDIATED_AUTOPHAGY","REACTOME_CHAPERONE_MEDIATED_AUTOPHAGY",11,-0.685569161425205,-2.10189929251817,0.00203136029782926,0.00457171748121939,0.00161710015316944,1088,"tags=45%, list=5%, signal=43%","Plin2/Hspa8/Hsp90aa1/Hsp90ab1/Vim","INRR_vs_ARR = Neonate_Reinfected_IFN - Adult_Reinfected","Reactome","INRR_vs_ARR = Neonate_Reinfected_IFN - Adult_Reinfected | Positive NES/logFC = higher in Neonate_Reinfected_IFN ; Negative NES/logFC = higher in Adult_Reinfected"
"REACTOME_ADP_SIGNALLING_THROUGH_P2Y_PURINOCEPTOR_12","REACTOME_ADP_SIGNALLING_THROUGH_P2Y_PURINOCEPTOR_12",10,-0.719055350495343,-2.07408820411329,0.00204741848200183,0.00459006440576084,0.00162358979619923,1371,"tags=50%, list=7%, signal=47%","Gng12/Gng11/Gnai3/Gnai2/Gnb2","INRR_vs_ARR = Neonate_Reinfected_IFN - Adult_Reinfected","Reactome","INRR_vs_ARR = Neonate_Reinfected_IFN - Adult_Reinfected | Positive NES/logFC = higher in Neonate_Reinfected_IFN ; Negative NES/logFC = higher in Adult_Reinfected"
"REACTOME_NCAM1_INTERACTIONS","REACTOME_NCAM1_INTERACTIONS",21,-0.534288363004361,-2.00188245386265,0.00204880405155924,0.00459006440576084,0.00162358979619923,2100,"tags=52%, list=11%, signal=47%","Col6a2/Agrn/Prnp/St8sia4/Col5a1/Col6a1/Col6a3/Col5a2/Col4a2/Col4a1/Col3a1","INRR_vs_ARR = Neonate_Reinfected_IFN - Adult_Reinfected","Reactome","INRR_vs_ARR = Neonate_Reinfected_IFN - Adult_Reinfected | Positive NES/logFC = higher in Neonate_Reinfected_IFN ; Negative NES/logFC = higher in Adult_Reinfected"
"REACTOME_SUMOYLATION","REACTOME_SUMOYLATION",78,-0.319887709213977,-1.69436393745097,0.00210212556840924,0.00469886891762065,0.00166207594358625,4000,"tags=42%, list=20%, signal=34%","Rad21/Ikbkg/Rela/Cbx8/Nupl1/Nfkb2/H4c14/Cetn2/Nup205/Smc6/Pias2/Eif2ak2/Trp53/Dnmt1/Nup153/Hdac2/Ncor2/Pias1/Rae1/Stag1/Trim28/Smc1a/Crebbp/Mdm2/Ube2i/Ctbp1/Nup98/Cbx5/Hnrnpc/Nfkbia/Pcna/Smc3/Npm1","INRR_vs_ARR = Neonate_Reinfected_IFN - Adult_Reinfected","Reactome","INRR_vs_ARR = Neonate_Reinfected_IFN - Adult_Reinfected | Positive NES/logFC = higher in Neonate_Reinfected_IFN ; Negative NES/logFC = higher in Adult_Reinfected"
"REACTOME_MECHANICAL_LOAD_ACTIVATES_SIGNALING_BY_PIEZO1_AND_INTEGRINS_IN_OSTEOCYTES","REACTOME_MECHANICAL_LOAD_ACTIVATES_SIGNALING_BY_PIEZO1_AND_INTEGRINS_IN_OSTEOCYTES",10,-0.716798381757907,-2.06757806239452,0.00211989161310241,0.00472788468114036,0.00167233935024355,4506,"tags=80%, list=23%, signal=62%","P2rx7/Panx1/Gja1/Itgb3/Itgav/Akt1/Spp1/Itgb1","INRR_vs_ARR = Neonate_Reinfected_IFN - Adult_Reinfected","Reactome","INRR_vs_ARR = Neonate_Reinfected_IFN - Adult_Reinfected | Positive NES/logFC = higher in Neonate_Reinfected_IFN ; Negative NES/logFC = higher in Adult_Reinfected"
"REACTOME_RNA_POLYMERASE_I_TRANSCRIPTION_INITIATION","REACTOME_RNA_POLYMERASE_I_TRANSCRIPTION_INITIATION",21,-0.532429516521764,-1.99491769023386,0.00212611641119652,0.00473108786995983,0.00167347237675971,2863,"tags=43%, list=14%, signal=37%","Ercc3/Polr1c/Gtf2h5/Polr1h/Hdac2/Cdk7/Polr2e/Polr2f/Rbbp7","INRR_vs_ARR = Neonate_Reinfected_IFN - Adult_Reinfected","Reactome","INRR_vs_ARR = Neonate_Reinfected_IFN - Adult_Reinfected | Positive NES/logFC = higher in Neonate_Reinfected_IFN ; Negative NES/logFC = higher in Adult_Reinfected"
"REACTOME_PLASMA_LIPOPROTEIN_ASSEMBLY_REMODELING_AND_CLEARANCE","REACTOME_PLASMA_LIPOPROTEIN_ASSEMBLY_REMODELING_AND_CLEARANCE",33,-0.445918819771025,-1.88138150821936,0.00213241586543689,0.00473444241584639,0.00167465894104092,2892,"tags=48%, list=14%, signal=42%","Lsr/Npc1/Prkaca/Bmp1/Cltc/Hdlbp/Sar1b/Scarb1/Abca1/Ap2s1/Ap2m1/Ap2b1/Lipa/Furin/Clta/Apoe","INRR_vs_ARR = Neonate_Reinfected_IFN - Adult_Reinfected","Reactome","INRR_vs_ARR = Neonate_Reinfected_IFN - Adult_Reinfected | Positive NES/logFC = higher in Neonate_Reinfected_IFN ; Negative NES/logFC = higher in Adult_Reinfected"
"REACTOME_B_WICH_COMPLEX_POSITIVELY_REGULATES_RRNA_EXPRESSION","REACTOME_B_WICH_COMPLEX_POSITIVELY_REGULATES_RRNA_EXPRESSION",21,-0.53176037206913,-1.99241052625354,0.00217765800366037,0.00482404956864675,0.00170635463114289,2552,"tags=48%, list=13%, signal=42%","Polr1c/Polr1h/H2az2/Polr2e/Mybbp1a/Gsk3b/Polr2f/Dek/Actb/Myo1c","INRR_vs_ARR = Neonate_Reinfected_IFN - Adult_Reinfected","Reactome","INRR_vs_ARR = Neonate_Reinfected_IFN - Adult_Reinfected | Positive NES/logFC = higher in Neonate_Reinfected_IFN ; Negative NES/logFC = higher in Adult_Reinfected"
"REACTOME_NUCLEAR_ENVELOPE_BREAKDOWN","REACTOME_NUCLEAR_ENVELOPE_BREAKDOWN",22,-0.533269577025771,-2.02954144543283,0.00220164182305416,0.00486626872746647,0.00172128832039087,3526,"tags=55%, list=18%, signal=45%","Nupl1/Lpin2/Cdk1/Nup205/Nup153/Rae1/Tmpo/Nek7/Nup98/Banf1/Lmnb1/Lmna","INRR_vs_ARR = Neonate_Reinfected_IFN - Adult_Reinfected","Reactome","INRR_vs_ARR = Neonate_Reinfected_IFN - Adult_Reinfected | Positive NES/logFC = higher in Neonate_Reinfected_IFN ; Negative NES/logFC = higher in Adult_Reinfected"
"REACTOME_ION_TRANSPORT_BY_P_TYPE_ATPASES","REACTOME_ION_TRANSPORT_BY_P_TYPE_ATPASES",17,-0.577692640768332,-1.9929380778718,0.00228073930208644,0.00502984471085135,0.00177914813978548,1605,"tags=53%, list=8%, signal=49%","Atp2b4/Atp2c1/Atp2b1/Atp1b3/Atp1b1/Atp1a1/Sri/Atp2a2/Calm1","INRR_vs_ARR = Neonate_Reinfected_IFN - Adult_Reinfected","Reactome","INRR_vs_ARR = Neonate_Reinfected_IFN - Adult_Reinfected | Positive NES/logFC = higher in Neonate_Reinfected_IFN ; Negative NES/logFC = higher in Adult_Reinfected"
"REACTOME_SIGNALING_BY_FGFR","REACTOME_SIGNALING_BY_FGFR",43,-0.390848201595826,-1.79918455561397,0.00230112278346778,0.00506349512264179,0.00179105090636807,3078,"tags=37%, list=15%, signal=32%","Cbl/Ncbp2/Sos1/Polr2g/Shc1/Tial1/Src/Fgfr1/Mapk1/Hras/Ppp2cb/Polr2a/Polr2e/Polr2f/Grb2/Hnrnpa1","INRR_vs_ARR = Neonate_Reinfected_IFN - Adult_Reinfected","Reactome","INRR_vs_ARR = Neonate_Reinfected_IFN - Adult_Reinfected | Positive NES/logFC = higher in Neonate_Reinfected_IFN ; Negative NES/logFC = higher in Adult_Reinfected"
"REACTOME_ABERRANT_REGULATION_OF_MITOTIC_G1_S_TRANSITION_IN_CANCER_DUE_TO_RB1_DEFECTS","REACTOME_ABERRANT_REGULATION_OF_MITOTIC_G1_S_TRANSITION_IN_CANCER_DUE_TO_RB1_DEFECTS",16,-0.605562992146462,-2.05167377256092,0.00241278126155645,0.00529739530315061,0.00187378568148945,4205,"tags=56%, list=21%, signal=44%","Ccnd3/Cdkn1a/Rb1/Cdk6/Ccnd2/Tfdp2/Cdk4/Cdkn1b/Ccnd1","INRR_vs_ARR = Neonate_Reinfected_IFN - Adult_Reinfected","Reactome","INRR_vs_ARR = Neonate_Reinfected_IFN - Adult_Reinfected | Positive NES/logFC = higher in Neonate_Reinfected_IFN ; Negative NES/logFC = higher in Adult_Reinfected"
"REACTOME_DEVELOPMENTAL_LINEAGE_OF_MAMMARY_GLAND_ALVEOLAR_CELLS","REACTOME_DEVELOPMENTAL_LINEAGE_OF_MAMMARY_GLAND_ALVEOLAR_CELLS",12,-0.649219699996464,-2.03025179114884,0.00241989768046625,0.00530123926452474,0.0018751453609868,1509,"tags=50%, list=8%, signal=46%","Slpi/Krt19/Epcam/Muc1/Krt18/Krt8","INRR_vs_ARR = Neonate_Reinfected_IFN - Adult_Reinfected","Reactome","INRR_vs_ARR = Neonate_Reinfected_IFN - Adult_Reinfected | Positive NES/logFC = higher in Neonate_Reinfected_IFN ; Negative NES/logFC = higher in Adult_Reinfected"
"REACTOME_PRE_NOTCH_PROCESSING_IN_GOLGI","REACTOME_PRE_NOTCH_PROCESSING_IN_GOLGI",12,-0.647118911692002,-2.02368216730967,0.0025379389296391,0.00553065936439403,0.00195629544958323,3214,"tags=75%, list=16%, signal=63%","Notch2/Notch1/Notch3/Lfng/St3gal4/B4galt1/Furin/Atp2a2/Tmed2","INRR_vs_ARR = Neonate_Reinfected_IFN - Adult_Reinfected","Reactome","INRR_vs_ARR = Neonate_Reinfected_IFN - Adult_Reinfected | Positive NES/logFC = higher in Neonate_Reinfected_IFN ; Negative NES/logFC = higher in Adult_Reinfected"
"REACTOME_PLASMA_LIPOPROTEIN_CLEARANCE","REACTOME_PLASMA_LIPOPROTEIN_CLEARANCE",19,-0.532179044048857,-1.90984860280526,0.00254141634760616,0.00553065936439403,0.00195629544958323,2892,"tags=58%, list=14%, signal=50%","Lsr/Npc1/Cltc/Hdlbp/Scarb1/Ap2s1/Ap2m1/Ap2b1/Lipa/Clta/Apoe","INRR_vs_ARR = Neonate_Reinfected_IFN - Adult_Reinfected","Reactome","INRR_vs_ARR = Neonate_Reinfected_IFN - Adult_Reinfected | Positive NES/logFC = higher in Neonate_Reinfected_IFN ; Negative NES/logFC = higher in Adult_Reinfected"
"REACTOME_PHASE_II_CONJUGATION_OF_COMPOUNDS","REACTOME_PHASE_II_CONJUGATION_OF_COMPOUNDS",33,-0.440822961732553,-1.85988151167959,0.00254034683625284,0.00553065936439403,0.00195629544958323,1637,"tags=30%, list=8%, signal=28%","Ugp2/Gclm/Ugdh/Gsto1/Cndp2/Comt/Gsta3/Gstm2/Mgst1/Akr1a1","INRR_vs_ARR = Neonate_Reinfected_IFN - Adult_Reinfected","Reactome","INRR_vs_ARR = Neonate_Reinfected_IFN - Adult_Reinfected | Positive NES/logFC = higher in Neonate_Reinfected_IFN ; Negative NES/logFC = higher in Adult_Reinfected"
"REACTOME_ENDOSOMAL_VACUOLAR_PATHWAY","REACTOME_ENDOSOMAL_VACUOLAR_PATHWAY",10,-0.708933633356972,-2.04489249044868,0.00255473148800892,0.00554741694539079,0.00196222291271014,632,"tags=60%, list=3%, signal=58%","H2-T23/Ctsl/B2m/H2-Q1/Ctss/H2-D1","INRR_vs_ARR = Neonate_Reinfected_IFN - Adult_Reinfected","Reactome","INRR_vs_ARR = Neonate_Reinfected_IFN - Adult_Reinfected | Positive NES/logFC = higher in Neonate_Reinfected_IFN ; Negative NES/logFC = higher in Adult_Reinfected"
"REACTOME_REGULATION_OF_LIPID_METABOLISM_BY_PPARALPHA","REACTOME_REGULATION_OF_LIPID_METABOLISM_BY_PPARALPHA",52,-0.360915468050708,-1.74978636355109,0.00257144266126213,0.00557145909940128,0.0019707270626478,2165,"tags=29%, list=11%, signal=26%","Sp1/Ncor2/Helz2/Acox1/Cpt1a/Med13l/Acsl1/Txnrd1/Crebbp/Srebf2/Abca1/Alas1/Plin2/Fads1/Cd36","INRR_vs_ARR = Neonate_Reinfected_IFN - Adult_Reinfected","Reactome","INRR_vs_ARR = Neonate_Reinfected_IFN - Adult_Reinfected | Positive NES/logFC = higher in Neonate_Reinfected_IFN ; Negative NES/logFC = higher in Adult_Reinfected"
"REACTOME_ATTACHMENT_AND_ENTRY","REACTOME_ATTACHMENT_AND_ENTRY",12,-0.645519753902149,-2.01868125164553,0.00261663315789151,0.00564461475981837,0.00199660355876806,2489,"tags=67%, list=12%, signal=58%","Nrp1/Agrn/Sdc3/Sdc4/Sdc1/Gpc3/Ctsl/Furin","INRR_vs_ARR = Neonate_Reinfected_IFN - Adult_Reinfected","Reactome","INRR_vs_ARR = Neonate_Reinfected_IFN - Adult_Reinfected | Positive NES/logFC = higher in Neonate_Reinfected_IFN ; Negative NES/logFC = higher in Adult_Reinfected"
"REACTOME_ACTIVATION_OF_KAINATE_RECEPTORS_UPON_GLUTAMATE_BINDING","REACTOME_ACTIVATION_OF_KAINATE_RECEPTORS_UPON_GLUTAMATE_BINDING",12,-0.645354541287709,-2.01816459571782,0.00261663315789151,0.00564461475981837,0.00199660355876806,1371,"tags=42%, list=7%, signal=39%","Gng12/Dlg1/Gng11/Gnb2/Calm1","INRR_vs_ARR = Neonate_Reinfected_IFN - Adult_Reinfected","Reactome","INRR_vs_ARR = Neonate_Reinfected_IFN - Adult_Reinfected | Positive NES/logFC = higher in Neonate_Reinfected_IFN ; Negative NES/logFC = higher in Adult_Reinfected"
"REACTOME_DAP12_INTERACTIONS","REACTOME_DAP12_INTERACTIONS",23,-0.481582068047171,-1.84659768875985,0.00265170292351014,0.00570780498568195,0.00201895509828085,3120,"tags=48%, list=16%, signal=40%","Lcp2/Sos1/Shc1/Klrd1/Fyn/Hras/Rac1/H2-T23/Grb2/B2m/H2-D1","INRR_vs_ARR = Neonate_Reinfected_IFN - Adult_Reinfected","Reactome","INRR_vs_ARR = Neonate_Reinfected_IFN - Adult_Reinfected | Positive NES/logFC = higher in Neonate_Reinfected_IFN ; Negative NES/logFC = higher in Adult_Reinfected"
"REACTOME_REGULATION_OF_PLK1_ACTIVITY_AT_G2_M_TRANSITION","REACTOME_REGULATION_OF_PLK1_ACTIVITY_AT_G2_M_TRANSITION",43,-0.388193770373617,-1.78696545971065,0.002667664404849,0.00572967919998003,0.00202669240826057,3278,"tags=44%, list=16%, signal=37%","Cetn2/Pcm1/Cdk1/Ckap5/Nek2/Prkaca/Cntrl/Clasp1/Odf2/Dync1h1/Csnk1d/Ywhag/Cul1/Mapre1/Pafah1b1/Tubb5/Skp1/Ywhae/Hsp90aa1","INRR_vs_ARR = Neonate_Reinfected_IFN - Adult_Reinfected","Reactome","INRR_vs_ARR = Neonate_Reinfected_IFN - Adult_Reinfected | Positive NES/logFC = higher in Neonate_Reinfected_IFN ; Negative NES/logFC = higher in Adult_Reinfected"
"REACTOME_REGULATION_OF_PD_L1_CD274_TRANSCRIPTION","REACTOME_REGULATION_OF_PD_L1_CD274_TRANSCRIPTION",31,-0.450964501674544,-1.89021473178733,0.00268801860558418,0.00574840342492893,0.00203331550935053,3809,"tags=58%, list=19%, signal=47%","Rela/Fos/Nfkb2/H4c14/Ezh2/Eed/Stat1/Cd274/H2az2/Crebbp/Nfkb1/Nfe2l2/Jun/Irf1/Rbbp7/Hif1a/Stat3/Ctnnb1","INRR_vs_ARR = Neonate_Reinfected_IFN - Adult_Reinfected","Reactome","INRR_vs_ARR = Neonate_Reinfected_IFN - Adult_Reinfected | Positive NES/logFC = higher in Neonate_Reinfected_IFN ; Negative NES/logFC = higher in Adult_Reinfected"
"REACTOME_CYCLIN_D_ASSOCIATED_EVENTS_IN_G1","REACTOME_CYCLIN_D_ASSOCIATED_EVENTS_IN_G1",36,-0.418352171665763,-1.78383712893251,0.00268664473843467,0.00574840342492893,0.00203331550935053,3103,"tags=56%, list=16%, signal=47%","Ccnd3/Cdkn1a/Rb1/Cdk6/E2f4/Ccnd2/Jak2/Cdkn2c/Cdkn2d/Src/Tfdp2/Abl1/Cdk7/Ppp2cb/Lyn/Cul1/Cdk4/Cdkn1b/Skp1/Ccnd1","INRR_vs_ARR = Neonate_Reinfected_IFN - Adult_Reinfected","Reactome","INRR_vs_ARR = Neonate_Reinfected_IFN - Adult_Reinfected | Positive NES/logFC = higher in Neonate_Reinfected_IFN ; Negative NES/logFC = higher in Adult_Reinfected"
"REACTOME_GLUCAGON_LIKE_PEPTIDE_1_GLP1_REGULATES_INSULIN_SECRETION","REACTOME_GLUCAGON_LIKE_PEPTIDE_1_GLP1_REGULATES_INSULIN_SECRETION",15,-0.577822688872136,-1.93049495913064,0.00275954375901313,0.00587592507307106,0.00207842225043639,2607,"tags=67%, list=13%, signal=58%","Gngt2/Prkar2b/Adcy6/Gnb4/Prkaca/Prkar2a/Gng12/Gng11/Gnb2/Gnas","INRR_vs_ARR = Neonate_Reinfected_IFN - Adult_Reinfected","Reactome","INRR_vs_ARR = Neonate_Reinfected_IFN - Adult_Reinfected | Positive NES/logFC = higher in Neonate_Reinfected_IFN ; Negative NES/logFC = higher in Adult_Reinfected"
"REACTOME_NEGATIVE_EPIGENETIC_REGULATION_OF_RRNA_EXPRESSION","REACTOME_NEGATIVE_EPIGENETIC_REGULATION_OF_RRNA_EXPRESSION",29,-0.454689523097242,-1.86794784078869,0.00275846372955065,0.00587592507307106,0.00207842225043639,3284,"tags=45%, list=16%, signal=38%","H4c14/Ercc3/Arid4b/Polr1c/Dnmt1/Gtf2h5/Polr1h/Baz2a/Hdac2/Cdk7/H2az2/Polr2e/Polr2f","INRR_vs_ARR = Neonate_Reinfected_IFN - Adult_Reinfected","Reactome","INRR_vs_ARR = Neonate_Reinfected_IFN - Adult_Reinfected | Positive NES/logFC = higher in Neonate_Reinfected_IFN ; Negative NES/logFC = higher in Adult_Reinfected"
"REACTOME_TRANSCRIPTIONAL_ACTIVITY_OF_SMAD2_SMAD3_SMAD4_HETEROTRIMER","REACTOME_TRANSCRIPTIONAL_ACTIVITY_OF_SMAD2_SMAD3_SMAD4_HETEROTRIMER",35,-0.417016736534008,-1.77528920986495,0.00278550152942153,0.00591844195928704,0.00209346125131398,3201,"tags=49%, list=16%, signal=41%","Tgif1/Nedd4l/E2f4/Ski/Stat1/Tfdp2/Sp1/Ncor2/Cdk9/Mapk1/Ppm1a/Serpine1/Smurf2/Smad7/Junb/Furin/Col1a2","INRR_vs_ARR = Neonate_Reinfected_IFN - Adult_Reinfected","Reactome","INRR_vs_ARR = Neonate_Reinfected_IFN - Adult_Reinfected | Positive NES/logFC = higher in Neonate_Reinfected_IFN ; Negative NES/logFC = higher in Adult_Reinfected"
"REACTOME_MTOR_SIGNALLING","REACTOME_MTOR_SIGNALLING",21,-0.52473860755,-1.96610123681486,0.00282294458044055,0.00598512713621301,0.00211704901898862,1937,"tags=62%, list=10%, signal=56%","Mtor/Cab39l/Tsc2/Ppm1a/Akt2/Ywhab/Fkbp1a/Akt1s1/Akt1/Cab39/Eif4e/Eif4g1/Rps6","INRR_vs_ARR = Neonate_Reinfected_IFN - Adult_Reinfected","Reactome","INRR_vs_ARR = Neonate_Reinfected_IFN - Adult_Reinfected | Positive NES/logFC = higher in Neonate_Reinfected_IFN ; Negative NES/logFC = higher in Adult_Reinfected"
"REACTOME_REPRODUCTION","REACTOME_REPRODUCTION",43,-0.385546715926555,-1.77478032118481,0.00287129909414123,0.00607461135976774,0.00214870122676634,3413,"tags=37%, list=17%, signal=31%","Cxcr4/Syne1/Rpa3/H4c14/Rad50/Stag1/Smc1a/H2az2/Ube2i/Cdk4/Pdpn/Lmnb1/B4galt1/Cd9/Smc3/Lmna","INRR_vs_ARR = Neonate_Reinfected_IFN - Adult_Reinfected","Reactome","INRR_vs_ARR = Neonate_Reinfected_IFN - Adult_Reinfected | Positive NES/logFC = higher in Neonate_Reinfected_IFN ; Negative NES/logFC = higher in Adult_Reinfected"
"REACTOME_SIGNALING_BY_KIT_IN_DISEASE","REACTOME_SIGNALING_BY_KIT_IN_DISEASE",14,-0.612967698689685,-2.00534816177863,0.00288458424685809,0.0060896778544782,0.00215403052172039,3078,"tags=64%, list=15%, signal=54%","Sos1/Jak2/Src/Stat1/Fyn/Hras/Lyn/Grb2/Stat3","INRR_vs_ARR = Neonate_Reinfected_IFN - Adult_Reinfected","Reactome","INRR_vs_ARR = Neonate_Reinfected_IFN - Adult_Reinfected | Positive NES/logFC = higher in Neonate_Reinfected_IFN ; Negative NES/logFC = higher in Adult_Reinfected"
"REACTOME_CYTOSOLIC_SENSORS_OF_PATHOGEN_ASSOCIATED_DNA","REACTOME_CYTOSOLIC_SENSORS_OF_PATHOGEN_ASSOCIATED_DNA",34,-0.425935671650575,-1.82186506060038,0.00302244857603385,0.00636711981475788,0.00225216682132923,4534,"tags=65%, list=23%, signal=50%","Polr3k/Polr2h/Mre11a/Polr3c/Ripk1/Trim21/Ikbkb/Ikbkg/Rela/Nfkb2/Tbk1/Polr1c/Chuk/Zbp1/Irf7/Crebbp/Myd88/Polr2e/Nfkb1/Nfkbia/Polr2f/Ctnnb1","INRR_vs_ARR = Neonate_Reinfected_IFN - Adult_Reinfected","Reactome","INRR_vs_ARR = Neonate_Reinfected_IFN - Adult_Reinfected | Positive NES/logFC = higher in Neonate_Reinfected_IFN ; Negative NES/logFC = higher in Adult_Reinfected"
"REACTOME_RNA_POLYMERASE_I_TRANSCRIPTION","REACTOME_RNA_POLYMERASE_I_TRANSCRIPTION",28,-0.463713536905623,-1.87117826786972,0.00304598604775846,0.00640305152167098,0.00226487652375321,3284,"tags=43%, list=16%, signal=36%","H4c14/Ercc3/Polr1c/Gtf2h5/Polr1h/Hdac2/Cdk7/H2az2/Polr2e/Cavin1/Polr2f/Rbbp7","INRR_vs_ARR = Neonate_Reinfected_IFN - Adult_Reinfected","Reactome","INRR_vs_ARR = Neonate_Reinfected_IFN - Adult_Reinfected | Positive NES/logFC = higher in Neonate_Reinfected_IFN ; Negative NES/logFC = higher in Adult_Reinfected"
"REACTOME_G_BETA_GAMMA_SIGNALLING_THROUGH_CDC42","REACTOME_G_BETA_GAMMA_SIGNALLING_THROUGH_CDC42",10,-0.705196105019093,-2.03411173006244,0.0030620462521306,0.00642314585372618,0.00227198425680491,1371,"tags=40%, list=7%, signal=37%","Gng12/Gng11/Cdc42/Gnb2","INRR_vs_ARR = Neonate_Reinfected_IFN - Adult_Reinfected","Reactome","INRR_vs_ARR = Neonate_Reinfected_IFN - Adult_Reinfected | Positive NES/logFC = higher in Neonate_Reinfected_IFN ; Negative NES/logFC = higher in Adult_Reinfected"
"REACTOME_INTERLEUKIN_27_SIGNALING","REACTOME_INTERLEUKIN_27_SIGNALING",10,-0.70151382809725,-2.02349034031461,0.00320699353376246,0.0067129440918587,0.00237449119805784,3076,"tags=70%, list=15%, signal=59%","Jak1/Jak2/Stat1/Crlf1/Stat3/Il6st/Canx","INRR_vs_ARR = Neonate_Reinfected_IFN - Adult_Reinfected","Reactome","INRR_vs_ARR = Neonate_Reinfected_IFN - Adult_Reinfected | Positive NES/logFC = higher in Neonate_Reinfected_IFN ; Negative NES/logFC = higher in Adult_Reinfected"
"REACTOME_RECRUITMENT_OF_NUMA_TO_MITOTIC_CENTROSOMES","REACTOME_RECRUITMENT_OF_NUMA_TO_MITOTIC_CENTROSOMES",41,-0.405574105841281,-1.84297661217192,0.00331203509033365,0.00691816209143689,0.00244708056078952,3278,"tags=44%, list=16%, signal=37%","Cetn2/Pcm1/Cdk1/Ckap5/Nek2/Prkaca/Cntrl/Clasp1/Odf2/Dync1h1/Numa1/Csnk1d/Ywhag/Mapre1/Pafah1b1/Tubb5/Ywhae/Hsp90aa1","INRR_vs_ARR = Neonate_Reinfected_IFN - Adult_Reinfected","Reactome","INRR_vs_ARR = Neonate_Reinfected_IFN - Adult_Reinfected | Positive NES/logFC = higher in Neonate_Reinfected_IFN ; Negative NES/logFC = higher in Adult_Reinfected"
"REACTOME_NEGATIVE_REGULATION_OF_MAPK_PATHWAY","REACTOME_NEGATIVE_REGULATION_OF_MAPK_PATHWAY",18,-0.552645359876019,-1.96440931739585,0.0034670997062709,0.00722678166623554,0.00255624495332431,1955,"tags=44%, list=10%, signal=40%","Mapk1/Hras/Ppp2cb/Ywhab/Mark3/Raf1/Pebp1/Dusp6","INRR_vs_ARR = Neonate_Reinfected_IFN - Adult_Reinfected","Reactome","INRR_vs_ARR = Neonate_Reinfected_IFN - Adult_Reinfected | Positive NES/logFC = higher in Neonate_Reinfected_IFN ; Negative NES/logFC = higher in Adult_Reinfected"
"REACTOME_NEPHRIN_FAMILY_INTERACTIONS","REACTOME_NEPHRIN_FAMILY_INTERACTIONS",15,-0.570508345744288,-1.90605787348206,0.00348932557898847,0.00725779720429602,0.00256721571684027,2171,"tags=40%, list=11%, signal=36%","Cd2ap/Fyn/Actn4/Sptan1/Actn1/Sptbn1","INRR_vs_ARR = Neonate_Reinfected_IFN - Adult_Reinfected","Reactome","INRR_vs_ARR = Neonate_Reinfected_IFN - Adult_Reinfected | Positive NES/logFC = higher in Neonate_Reinfected_IFN ; Negative NES/logFC = higher in Adult_Reinfected"
"REACTOME_MODULATION_OF_HOST_RESPONSES_BY_IFN_STIMULATED_GENES","REACTOME_MODULATION_OF_HOST_RESPONSES_BY_IFN_STIMULATED_GENES",15,-0.567434671832127,-1.89578878556338,0.00371738292666542,0.00771591246122991,0.00272925946849385,4497,"tags=73%, list=23%, signal=57%","Ifi44l/Ikbkb/Ikbkg/Trim25/Eif2ak3/Chuk/Ifi27/Uba7/Atf6/Isg15/Hspa5","INRR_vs_ARR = Neonate_Reinfected_IFN - Adult_Reinfected","Reactome","INRR_vs_ARR = Neonate_Reinfected_IFN - Adult_Reinfected | Positive NES/logFC = higher in Neonate_Reinfected_IFN ; Negative NES/logFC = higher in Adult_Reinfected"
"REACTOME_RECRUITMENT_OF_MITOTIC_CENTROSOME_PROTEINS_AND_COMPLEXES","REACTOME_RECRUITMENT_OF_MITOTIC_CENTROSOME_PROTEINS_AND_COMPLEXES",39,-0.403051384245617,-1.79260713449408,0.00373036173985324,0.00772661928506291,0.00273304666805975,3278,"tags=44%, list=16%, signal=37%","Cetn2/Pcm1/Cdk1/Ckap5/Nek2/Prkaca/Cntrl/Clasp1/Odf2/Dync1h1/Csnk1d/Ywhag/Mapre1/Pafah1b1/Tubb5/Ywhae/Hsp90aa1","INRR_vs_ARR = Neonate_Reinfected_IFN - Adult_Reinfected","Reactome","INRR_vs_ARR = Neonate_Reinfected_IFN - Adult_Reinfected | Positive NES/logFC = higher in Neonate_Reinfected_IFN ; Negative NES/logFC = higher in Adult_Reinfected"
"REACTOME_RNA_POLYMERASE_I_TRANSCRIPTION_TERMINATION","REACTOME_RNA_POLYMERASE_I_TRANSCRIPTION_TERMINATION",16,-0.592718806988271,-2.00815711424339,0.00373959128206045,0.00772953177128813,0.00273407686774735,2863,"tags=50%, list=14%, signal=43%","Ercc3/Polr1c/Gtf2h5/Polr1h/Cdk7/Polr2e/Cavin1/Polr2f","INRR_vs_ARR = Neonate_Reinfected_IFN - Adult_Reinfected","Reactome","INRR_vs_ARR = Neonate_Reinfected_IFN - Adult_Reinfected | Positive NES/logFC = higher in Neonate_Reinfected_IFN ; Negative NES/logFC = higher in Adult_Reinfected"
"REACTOME_THE_NLRP3_INFLAMMASOME","REACTOME_THE_NLRP3_INFLAMMASOME",13,-0.60828108826344,-1.95556014233971,0.00376685604282592,0.00776963208833405,0.00274826108387695,1317,"tags=46%, list=7%, signal=43%","Hmox1/Nfkb1/Txn1/App/Txnip/Hsp90ab1","INRR_vs_ARR = Neonate_Reinfected_IFN - Adult_Reinfected","Reactome","INRR_vs_ARR = Neonate_Reinfected_IFN - Adult_Reinfected | Positive NES/logFC = higher in Neonate_Reinfected_IFN ; Negative NES/logFC = higher in Adult_Reinfected"
"REACTOME_RAF_ACTIVATION","REACTOME_RAF_ACTIVATION",16,-0.589236479163896,-1.99635883601736,0.00378784340761898,0.00779074517598312,0.00275572916942936,3027,"tags=56%, list=15%, signal=48%","Jak2/Src/Map3k11/Hras/Ppp2cb/Ywhab/Mark3/Raf1/Calm1","INRR_vs_ARR = Neonate_Reinfected_IFN - Adult_Reinfected","Reactome","INRR_vs_ARR = Neonate_Reinfected_IFN - Adult_Reinfected | Positive NES/logFC = higher in Neonate_Reinfected_IFN ; Negative NES/logFC = higher in Adult_Reinfected"
"REACTOME_DEFECTIVE_INTRINSIC_PATHWAY_FOR_APOPTOSIS","REACTOME_DEFECTIVE_INTRINSIC_PATHWAY_FOR_APOPTOSIS",18,-0.547503929033865,-1.94613380947638,0.00379286278304442,0.00779074517598312,0.00275572916942936,2740,"tags=61%, list=14%, signal=53%","Prdx2/Trp53/Prdx1/C1qbp/Cast/Jun/Lmnb1/Capn2/App/Ywhae/Lmna","INRR_vs_ARR = Neonate_Reinfected_IFN - Adult_Reinfected","Reactome","INRR_vs_ARR = Neonate_Reinfected_IFN - Adult_Reinfected | Positive NES/logFC = higher in Neonate_Reinfected_IFN ; Negative NES/logFC = higher in Adult_Reinfected"
"REACTOME_INITIAL_TRIGGERING_OF_COMPLEMENT","REACTOME_INITIAL_TRIGGERING_OF_COMPLEMENT",13,-0.607696742994254,-1.95368153335476,0.00380671658332861,0.00780297922059889,0.00276005657494016,850,"tags=31%, list=4%, signal=29%","C1s1/C1qc/C3/C1qa","INRR_vs_ARR = Neonate_Reinfected_IFN - Adult_Reinfected","Reactome","INRR_vs_ARR = Neonate_Reinfected_IFN - Adult_Reinfected | Positive NES/logFC = higher in Neonate_Reinfected_IFN ; Negative NES/logFC = higher in Adult_Reinfected"
"REACTOME_INTERCONVERSION_OF_NUCLEOTIDE_DI_AND_TRIPHOSPHATES","REACTOME_INTERCONVERSION_OF_NUCLEOTIDE_DI_AND_TRIPHOSPHATES",20,-0.523880449411975,-1.91738196983755,0.00384548078260225,0.00784986572977485,0.00277664119143964,2985,"tags=55%, list=15%, signal=47%","Rrm2/Cmpk1/Nme1/Guk1/Ctps/Glrx/Dut/Txnrd1/Rrm1/Ak1/Txn1","INRR_vs_ARR = Neonate_Reinfected_IFN - Adult_Reinfected","Reactome","INRR_vs_ARR = Neonate_Reinfected_IFN - Adult_Reinfected | Positive NES/logFC = higher in Neonate_Reinfected_IFN ; Negative NES/logFC = higher in Adult_Reinfected"
"REACTOME_SNRNP_ASSEMBLY","REACTOME_SNRNP_ASSEMBLY",20,-0.523769436771828,-1.91697566791336,0.00384548078260225,0.00784986572977485,0.00277664119143964,3526,"tags=50%, list=18%, signal=41%","Nupl1/Ncbp2/Clns1a/Nup205/Nup153/Rae1/Snrpd3/Snrpg/Nup98/Snrpb","INRR_vs_ARR = Neonate_Reinfected_IFN - Adult_Reinfected","Reactome","INRR_vs_ARR = Neonate_Reinfected_IFN - Adult_Reinfected | Positive NES/logFC = higher in Neonate_Reinfected_IFN ; Negative NES/logFC = higher in Adult_Reinfected"
"REACTOME_PHASE_I_FUNCTIONALIZATION_OF_COMPOUNDS","REACTOME_PHASE_I_FUNCTIONALIZATION_OF_COMPOUNDS",55,-0.344117072996296,-1.71648870658297,0.00386831697093276,0.00788020034491045,0.00278737110005356,2419,"tags=31%, list=12%, signal=27%","Cbr3/Maoa/Fdx1/Adh5/Cyp2s1/Cyp4b1/Adh1/Acss1/Mtarc2/Ephx1/Cyb5b/Por/Ptges3/Ces1d/Aldh2/Cyb5r3/Hsp90ab1","INRR_vs_ARR = Neonate_Reinfected_IFN - Adult_Reinfected","Reactome","INRR_vs_ARR = Neonate_Reinfected_IFN - Adult_Reinfected | Positive NES/logFC = higher in Neonate_Reinfected_IFN ; Negative NES/logFC = higher in Adult_Reinfected"
"REACTOME_REGULATION_OF_RUNX1_EXPRESSION_AND_ACTIVITY","REACTOME_REGULATION_OF_RUNX1_EXPRESSION_AND_ACTIVITY",12,-0.625707171952561,-1.95672298083111,0.00399378702820841,0.00811905675693396,0.00287185898497984,5265,"tags=83%, list=26%, signal=61%","Pml/Ptpn11/Mov10/Ccnd3/Cdk6/Ccnd2/Runx1/Src/Ago2/Ccnd1","INRR_vs_ARR = Neonate_Reinfected_IFN - Adult_Reinfected","Reactome","INRR_vs_ARR = Neonate_Reinfected_IFN - Adult_Reinfected | Positive NES/logFC = higher in Neonate_Reinfected_IFN ; Negative NES/logFC = higher in Adult_Reinfected"
"REACTOME_THROMBIN_SIGNALLING_THROUGH_PROTEINASE_ACTIVATED_RECEPTORS_PARS","REACTOME_THROMBIN_SIGNALLING_THROUGH_PROTEINASE_ACTIVATED_RECEPTORS_PARS",16,-0.586377554936826,-1.98667267631063,0.00402910415412736,0.00817403471104278,0.00289130569365673,2581,"tags=50%, list=13%, signal=44%","Src/Mapk1/Arrb1/Arrb2/Gng12/Gng11/F2r/Gnb2","INRR_vs_ARR = Neonate_Reinfected_IFN - Adult_Reinfected","Reactome","INRR_vs_ARR = Neonate_Reinfected_IFN - Adult_Reinfected | Positive NES/logFC = higher in Neonate_Reinfected_IFN ; Negative NES/logFC = higher in Adult_Reinfected"
"REACTOME_SIGNALING_BY_FGFR_IN_DISEASE","REACTOME_SIGNALING_BY_FGFR_IN_DISEASE",33,-0.427128252184674,-1.80210199630268,0.00406228610356079,0.00822446448835669,0.00290914362895208,3507,"tags=36%, list=18%, signal=30%","Ncbp2/Sos1/Polr2g/Stat1/Cntrl/Fgfr1/Hras/Polr2a/Polr2e/Polr2f/Grb2/Stat3","INRR_vs_ARR = Neonate_Reinfected_IFN - Adult_Reinfected","Reactome","INRR_vs_ARR = Neonate_Reinfected_IFN - Adult_Reinfected | Positive NES/logFC = higher in Neonate_Reinfected_IFN ; Negative NES/logFC = higher in Adult_Reinfected"
"REACTOME_SIGNALLING_TO_RAS","REACTOME_SIGNALLING_TO_RAS",15,-0.563800460230561,-1.88364695155037,0.00421910967146284,0.0085244997043053,0.00301527157663473,3078,"tags=53%, list=15%, signal=45%","Rala/Sos1/Shc1/Src/Ralb/Mapk14/Hras/Grb2","INRR_vs_ARR = Neonate_Reinfected_IFN - Adult_Reinfected","Reactome","INRR_vs_ARR = Neonate_Reinfected_IFN - Adult_Reinfected | Positive NES/logFC = higher in Neonate_Reinfected_IFN ; Negative NES/logFC = higher in Adult_Reinfected"
"REACTOME_COMPLEX_IV_ASSEMBLY","REACTOME_COMPLEX_IV_ASSEMBLY",18,-0.543747545940478,-1.93278153243924,0.0042582392002727,0.00858600067320291,0.00303702559503875,2099,"tags=44%, list=11%, signal=40%","Cox6a1/Cox5b/Cox7a2/Cox6c/Cox5a/Ndufa4/Cox8a/Cox4i1","INRR_vs_ARR = Neonate_Reinfected_IFN - Adult_Reinfected","Reactome","INRR_vs_ARR = Neonate_Reinfected_IFN - Adult_Reinfected | Positive NES/logFC = higher in Neonate_Reinfected_IFN ; Negative NES/logFC = higher in Adult_Reinfected"
"REACTOME_RHOU_GTPASE_CYCLE","REACTOME_RHOU_GTPASE_CYCLE",19,-0.514393643513834,-1.84602154546058,0.00429899068363071,0.00865051485830375,0.00305984544316732,595,"tags=32%, list=3%, signal=31%","Src/Cltc/Grb2/Cdc42/Sptan1/Sptbn1","INRR_vs_ARR = Neonate_Reinfected_IFN - Adult_Reinfected","Reactome","INRR_vs_ARR = Neonate_Reinfected_IFN - Adult_Reinfected | Positive NES/logFC = higher in Neonate_Reinfected_IFN ; Negative NES/logFC = higher in Adult_Reinfected"
"REACTOME_SIGNALING_BY_CSF1_M_CSF_IN_MYELOID_CELLS","REACTOME_SIGNALING_BY_CSF1_M_CSF_IN_MYELOID_CELLS",17,-0.550147400984112,-1.89791184184936,0.00434649286245452,0.00872832306525419,0.00308736763015597,3078,"tags=82%, list=15%, signal=70%","Ptpn11/Gab2/Pik3cb/Cbl/Sos1/Shc1/Csf1/Pik3cd/Src/Stat1/Fyn/Lyn/Grb2/Stat3","INRR_vs_ARR = Neonate_Reinfected_IFN - Adult_Reinfected","Reactome","INRR_vs_ARR = Neonate_Reinfected_IFN - Adult_Reinfected | Positive NES/logFC = higher in Neonate_Reinfected_IFN ; Negative NES/logFC = higher in Adult_Reinfected"
"REACTOME_SIGNALING_BY_ERBB4","REACTOME_SIGNALING_BY_ERBB4",30,-0.429591354976623,-1.79601321069862,0.00437009971554965,0.00875792803035102,0.00309783944819576,1749,"tags=37%, list=9%, signal=34%","Hras/Adam17/Mxd4/Wwp1/Aph1a/Stmn1/Psenen/Grb2/Nedd4/Sparc/Apoe","INRR_vs_ARR = Neonate_Reinfected_IFN - Adult_Reinfected","Reactome","INRR_vs_ARR = Neonate_Reinfected_IFN - Adult_Reinfected | Positive NES/logFC = higher in Neonate_Reinfected_IFN ; Negative NES/logFC = higher in Adult_Reinfected"
"REACTOME_INFECTION_WITH_MYCOBACTERIUM_TUBERCULOSIS","REACTOME_INFECTION_WITH_MYCOBACTERIUM_TUBERCULOSIS",14,-0.591040124441679,-1.93361123207662,0.00480893151872958,0.00961786303745915,0.00340201420033714,3046,"tags=64%, list=15%, signal=55%","Atp6v1h/Rab5a/Eno1/Mapk1/Pgk1/Kpnb1/Sfpq/Coro1a/B2m","INRR_vs_ARR = Neonate_Reinfected_IFN - Adult_Reinfected","Reactome","INRR_vs_ARR = Neonate_Reinfected_IFN - Adult_Reinfected | Positive NES/logFC = higher in Neonate_Reinfected_IFN ; Negative NES/logFC = higher in Adult_Reinfected"
"REACTOME_ATF6_ATF6_ALPHA_ACTIVATES_CHAPERONES","REACTOME_ATF6_ATF6_ALPHA_ACTIVATES_CHAPERONES",10,-0.683180433744085,-1.97060835154551,0.00484336908925829,0.0096476787503774,0.00341256056373886,1707,"tags=60%, list=9%, signal=55%","Atf6/Atf4/Hspa5/Xbp1/Calr/Hsp90b1","INRR_vs_ARR = Neonate_Reinfected_IFN - Adult_Reinfected","Reactome","INRR_vs_ARR = Neonate_Reinfected_IFN - Adult_Reinfected | Positive NES/logFC = higher in Neonate_Reinfected_IFN ; Negative NES/logFC = higher in Adult_Reinfected"
"REACTOME_ATF6_ATF6_ALPHA_ACTIVATES_CHAPERONE_GENES","REACTOME_ATF6_ATF6_ALPHA_ACTIVATES_CHAPERONE_GENES",10,-0.683180433744085,-1.97060835154551,0.00484336908925829,0.0096476787503774,0.00341256056373886,1707,"tags=60%, list=9%, signal=55%","Atf6/Atf4/Hspa5/Xbp1/Calr/Hsp90b1","INRR_vs_ARR = Neonate_Reinfected_IFN - Adult_Reinfected","Reactome","INRR_vs_ARR = Neonate_Reinfected_IFN - Adult_Reinfected | Positive NES/logFC = higher in Neonate_Reinfected_IFN ; Negative NES/logFC = higher in Adult_Reinfected"
"REACTOME_ACTIVATION_OF_ANTERIOR_HOX_GENES_IN_HINDBRAIN_DEVELOPMENT_DURING_EARLY_EMBRYOGENESIS","REACTOME_ACTIVATION_OF_ANTERIOR_HOX_GENES_IN_HINDBRAIN_DEVELOPMENT_DURING_EARLY_EMBRYOGENESIS",36,-0.402542125865919,-1.71642371837081,0.00485596632898457,0.00965330932200554,0.00341455219998491,4201,"tags=53%, list=21%, signal=42%","Ctcf/Ncoa3/Ncoa6/Paxip1/H4c14/Ezh2/Polr2g/Cnot9/Eed/Pias2/Kmt2d/Cnot6/Polr2a/H2az2/Crebbp/Polr2e/Jun/Polr2f/Rbbp7","INRR_vs_ARR = Neonate_Reinfected_IFN - Adult_Reinfected","Reactome","INRR_vs_ARR = Neonate_Reinfected_IFN - Adult_Reinfected | Positive NES/logFC = higher in Neonate_Reinfected_IFN ; Negative NES/logFC = higher in Adult_Reinfected"
"REACTOME_RSV_HOST_INTERACTIONS","REACTOME_RSV_HOST_INTERACTIONS",36,-0.401790597469675,-1.71321923098563,0.00516674174397222,0.0102504836205714,0.00362578367998051,3934,"tags=50%, list=20%, signal=40%","Cd14/Med24/Stat2/Trim25/Jak1/Eif2ak2/Agrn/Med13l/Crebbp/Sdc3/Ifnar1/Isg15/Bcap31/Sdc4/Sdc1/Gpc3/Rbx1/Ifnar2","INRR_vs_ARR = Neonate_Reinfected_IFN - Adult_Reinfected","Reactome","INRR_vs_ARR = Neonate_Reinfected_IFN - Adult_Reinfected | Positive NES/logFC = higher in Neonate_Reinfected_IFN ; Negative NES/logFC = higher in Adult_Reinfected"
"REACTOME_REGULATION_OF_TP53_ACTIVITY","REACTOME_REGULATION_OF_TP53_ACTIVITY",72,-0.303973295150496,-1.62475426708137,0.00528007488558748,0.0104543366472153,0.00369789022680107,5047,"tags=49%, list=25%, signal=36%","Rfc3/Mre11a/Rpa1/Sgk1/Topbp1/Taf12/Taf6/Hipk2/Taf9/Hdac1/Dyrk2/Prdm1/Taf13/Csnk2a2/Csnk2b/Rfc5/Mtor/Rpa3/Taf10/Rfc2/Trp53inp1/Rad50/Cdk1/Ssrp1/Akt3/Trp53/Mapk14/Hdac2/Akt2/Kmt5a/Ppp2cb/Ccng1/Mdm2/Akt1/Rbbp7","INRR_vs_ARR = Neonate_Reinfected_IFN - Adult_Reinfected","Reactome","INRR_vs_ARR = Neonate_Reinfected_IFN - Adult_Reinfected | Positive NES/logFC = higher in Neonate_Reinfected_IFN ; Negative NES/logFC = higher in Adult_Reinfected"
"REACTOME_NETRIN_1_SIGNALING","REACTOME_NETRIN_1_SIGNALING",19,-0.503215348931009,-1.80590562859108,0.00529887772903354,0.0104705823925703,0.00370363664429292,3266,"tags=42%, list=16%, signal=35%","Wasl/Ablim1/Src/Fyn/Slit3/Rac1/Cdc42/Ezr","INRR_vs_ARR = Neonate_Reinfected_IFN - Adult_Reinfected","Reactome","INRR_vs_ARR = Neonate_Reinfected_IFN - Adult_Reinfected | Positive NES/logFC = higher in Neonate_Reinfected_IFN ; Negative NES/logFC = higher in Adult_Reinfected"
"REACTOME_SIGNALING_BY_FGFR2","REACTOME_SIGNALING_BY_FGFR2",38,-0.394849555509371,-1.76082080768058,0.00544822008433444,0.0107441944976496,0.00380041825401625,3078,"tags=39%, list=15%, signal=33%","Cbl/Ncbp2/Sos1/Polr2g/Shc1/Tial1/Src/Mapk1/Hras/Ppp2cb/Polr2a/Polr2e/Polr2f/Grb2/Hnrnpa1","INRR_vs_ARR = Neonate_Reinfected_IFN - Adult_Reinfected","Reactome","INRR_vs_ARR = Neonate_Reinfected_IFN - Adult_Reinfected | Positive NES/logFC = higher in Neonate_Reinfected_IFN ; Negative NES/logFC = higher in Adult_Reinfected"
"REACTOME_PEPTIDE_HORMONE_METABOLISM","REACTOME_PEPTIDE_HORMONE_METABOLISM",41,-0.395082994169826,-1.79530376233337,0.00546096775104758,0.0107478807530578,0.00380172215002683,945,"tags=27%, list=5%, signal=26%","Spcs3/Exoc4/Sec11a/Igf1/Kif5b/Ace/Ces1d/Spcs1/Ctsz/Ctsd/Ctnnb1","INRR_vs_ARR = Neonate_Reinfected_IFN - Adult_Reinfected","Reactome","INRR_vs_ARR = Neonate_Reinfected_IFN - Adult_Reinfected | Positive NES/logFC = higher in Neonate_Reinfected_IFN ; Negative NES/logFC = higher in Adult_Reinfected"
"REACTOME_SIGNALING_BY_ERBB2","REACTOME_SIGNALING_BY_ERBB2",27,-0.456378872640054,-1.82783284039485,0.0056486762204231,0.0110952129339523,0.00392457989992773,3437,"tags=48%, list=17%, signal=40%","Hbegf/Sos1/Shc1/Akt3/Src/Akt2/Fyn/Hras/Usp8/Akt1/Grb2/Rhoa/Hsp90aa1","INRR_vs_ARR = Neonate_Reinfected_IFN - Adult_Reinfected","Reactome","INRR_vs_ARR = Neonate_Reinfected_IFN - Adult_Reinfected | Positive NES/logFC = higher in Neonate_Reinfected_IFN ; Negative NES/logFC = higher in Adult_Reinfected"
"REACTOME_RHOV_GTPASE_CYCLE","REACTOME_RHOV_GTPASE_CYCLE",17,-0.533040318038671,-1.83889541235505,0.00577624172102463,0.0113232675007388,0.00400524697447823,2138,"tags=41%, list=11%, signal=37%","Map3k11/Cltc/Tpm4/Tpm3/Cdc42/Sptan1/Sptbn1","INRR_vs_ARR = Neonate_Reinfected_IFN - Adult_Reinfected","Reactome","INRR_vs_ARR = Neonate_Reinfected_IFN - Adult_Reinfected | Positive NES/logFC = higher in Neonate_Reinfected_IFN ; Negative NES/logFC = higher in Adult_Reinfected"
"REACTOME_SIGNALING_BY_FGFR2_IIIA_TM","REACTOME_SIGNALING_BY_FGFR2_IIIA_TM",14,-0.583242835494968,-1.90810209172621,0.00597742624186511,0.0116944497563618,0.00413654093235897,3507,"tags=71%, list=18%, signal=59%","Polr2i/Fgf2/Polr2c/Polr2h/Polr2j/Ncbp2/Polr2g/Polr2a/Polr2e/Polr2f","INRR_vs_ARR = Neonate_Reinfected_IFN - Adult_Reinfected","Reactome","INRR_vs_ARR = Neonate_Reinfected_IFN - Adult_Reinfected | Positive NES/logFC = higher in Neonate_Reinfected_IFN ; Negative NES/logFC = higher in Adult_Reinfected"
"REACTOME_INTEGRIN_SIGNALING","REACTOME_INTEGRIN_SIGNALING",17,-0.531061161386866,-1.83206766975441,0.00606266056388103,0.0118377641049693,0.00418723384066674,3078,"tags=47%, list=15%, signal=40%","Sos1/Shc1/Csk/Src/Vwf/Akt1/Grb2/Fn1","INRR_vs_ARR = Neonate_Reinfected_IFN - Adult_Reinfected","Reactome","INRR_vs_ARR = Neonate_Reinfected_IFN - Adult_Reinfected | Positive NES/logFC = higher in Neonate_Reinfected_IFN ; Negative NES/logFC = higher in Adult_Reinfected"
"REACTOME_DUAL_INCISION_IN_TC_NER","REACTOME_DUAL_INCISION_IN_TC_NER",42,-0.365038133044813,-1.67093493381098,0.00623591478259825,0.0121520390635248,0.00429839864595166,4078,"tags=38%, list=20%, signal=30%","Cul4a/Tcea1/Rfc5/Rpa3/Rfc2/Polr2g/Ercc3/Pole4/Gtf2h5/Cdk7/Polr2a/Polr2e/Polr2f/Pcna/Rbx1/Ddb1","INRR_vs_ARR = Neonate_Reinfected_IFN - Adult_Reinfected","Reactome","INRR_vs_ARR = Neonate_Reinfected_IFN - Adult_Reinfected | Positive NES/logFC = higher in Neonate_Reinfected_IFN ; Negative NES/logFC = higher in Adult_Reinfected"
"REACTOME_RNA_POLYMERASE_III_TRANSCRIPTION_TERMINATION","REACTOME_RNA_POLYMERASE_III_TRANSCRIPTION_TERMINATION",12,-0.608124899262893,-1.9017393741709,0.00628718761854041,0.0122278373368463,0.00432520988262622,2552,"tags=42%, list=13%, signal=36%","Polr1c/Polr2e/Ssb/Polr2f/Nfib","INRR_vs_ARR = Neonate_Reinfected_IFN - Adult_Reinfected","Reactome","INRR_vs_ARR = Neonate_Reinfected_IFN - Adult_Reinfected | Positive NES/logFC = higher in Neonate_Reinfected_IFN ; Negative NES/logFC = higher in Adult_Reinfected"
"REACTOME_CARGO_CONCENTRATION_IN_THE_ER","REACTOME_CARGO_CONCENTRATION_IN_THE_ER",18,-0.526692335076092,-1.8721578168259,0.00631369892016338,0.0122552741318692,0.00433491477922499,2200,"tags=39%, list=11%, signal=35%","Stx5a/Sar1b/Lman1/Tmed10/Ctsz/Ctsc/Tmed2","INRR_vs_ARR = Neonate_Reinfected_IFN - Adult_Reinfected","Reactome","INRR_vs_ARR = Neonate_Reinfected_IFN - Adult_Reinfected | Positive NES/logFC = higher in Neonate_Reinfected_IFN ; Negative NES/logFC = higher in Adult_Reinfected"
"REACTOME_DEVELOPMENTAL_LINEAGE_OF_PANCREATIC_ACINAR_CELLS","REACTOME_DEVELOPMENTAL_LINEAGE_OF_PANCREATIC_ACINAR_CELLS",11,0.699164875862179,1.73226380459694,0.00652688433604989,0.0126442386745437,0.00447249865752025,4826,"tags=82%, list=24%, signal=62%","Pdx1/Onecut1/Nkx6-1/Reg1/Cpb1/Foxa2/Gp2/Sox9/Cel","INRR_vs_ARR = Neonate_Reinfected_IFN - Adult_Reinfected","Reactome","INRR_vs_ARR = Neonate_Reinfected_IFN - Adult_Reinfected | Positive NES/logFC = higher in Neonate_Reinfected_IFN ; Negative NES/logFC = higher in Adult_Reinfected"
"REACTOME_FCERI_MEDIATED_CA_2_MOBILIZATION","REACTOME_FCERI_MEDIATED_CA_2_MOBILIZATION",14,-0.578831239064934,-1.89366937885995,0.00660661771283507,0.0127487076177364,0.00450945123491209,3120,"tags=64%, list=16%, signal=54%","Plcg1/Syk/Lcp2/Sos1/Shc1/Ppp3r1/Lyn/Grb2/Calm1","INRR_vs_ARR = Neonate_Reinfected_IFN - Adult_Reinfected","Reactome","INRR_vs_ARR = Neonate_Reinfected_IFN - Adult_Reinfected | Positive NES/logFC = higher in Neonate_Reinfected_IFN ; Negative NES/logFC = higher in Adult_Reinfected"
"REACTOME_REGULATION_OF_PTEN_GENE_TRANSCRIPTION","REACTOME_REGULATION_OF_PTEN_GENE_TRANSCRIPTION",20,-0.495039218185296,-1.81182419076024,0.00660288766727943,0.0127487076177364,0.00450945123491209,3696,"tags=70%, list=19%, signal=57%","Mta1/Rptor/Lamtor5/Hdac1/Cbx8/Mtor/Ezh2/Eed/Trp53/Hdac2/Mapk1/Pten/Jun/Rbbp7","INRR_vs_ARR = Neonate_Reinfected_IFN - Adult_Reinfected","Reactome","INRR_vs_ARR = Neonate_Reinfected_IFN - Adult_Reinfected | Positive NES/logFC = higher in Neonate_Reinfected_IFN ; Negative NES/logFC = higher in Adult_Reinfected"
"REACTOME_KSRP_KHSRP_BINDS_AND_DESTABILIZES_MRNA","REACTOME_KSRP_KHSRP_BINDS_AND_DESTABILIZES_MRNA",14,-0.5776718738673,-1.88987646958777,0.00669650229095441,0.0128718759989552,0.00455301814580558,3302,"tags=36%, list=17%, signal=30%","Exosc8/Mapk14/Akt1/Khsrp/Ywhaz","INRR_vs_ARR = Neonate_Reinfected_IFN - Adult_Reinfected","Reactome","INRR_vs_ARR = Neonate_Reinfected_IFN - Adult_Reinfected | Positive NES/logFC = higher in Neonate_Reinfected_IFN ; Negative NES/logFC = higher in Adult_Reinfected"
"REACTOME_REGULATION_OF_MITF_M_DEPENDENT_GENES_INVOLVED_IN_CELL_CYCLE_AND_PROLIFERATION","REACTOME_REGULATION_OF_MITF_M_DEPENDENT_GENES_INVOLVED_IN_CELL_CYCLE_AND_PROLIFERATION",14,-0.577119096603476,-1.88806803682329,0.00669650229095441,0.0128718759989552,0.00455301814580558,514,"tags=71%, list=3%, signal=70%","Tcf7/Cdc25b/Plk1/Tcf7l1/Met/Hdac1/Cdkn1a/Hint1/Ctnnb1/Ccnd1","INRR_vs_ARR = Neonate_Reinfected_IFN - Adult_Reinfected","Reactome","INRR_vs_ARR = Neonate_Reinfected_IFN - Adult_Reinfected | Positive NES/logFC = higher in Neonate_Reinfected_IFN ; Negative NES/logFC = higher in Adult_Reinfected"
"REACTOME_AURKA_ACTIVATION_BY_TPX2","REACTOME_AURKA_ACTIVATION_BY_TPX2",38,-0.38848531226242,-1.73243963875685,0.0067257154299875,0.0129029259122867,0.00456400106848411,3278,"tags=45%, list=16%, signal=37%","Cetn2/Pcm1/Cdk1/Ckap5/Nek2/Prkaca/Cntrl/Clasp1/Odf2/Dync1h1/Csnk1d/Ywhag/Mapre1/Pafah1b1/Tubb5/Ywhae/Hsp90aa1","INRR_vs_ARR = Neonate_Reinfected_IFN - Adult_Reinfected","Reactome","INRR_vs_ARR = Neonate_Reinfected_IFN - Adult_Reinfected | Positive NES/logFC = higher in Neonate_Reinfected_IFN ; Negative NES/logFC = higher in Adult_Reinfected"
"REACTOME_TP53_REGULATES_TRANSCRIPTION_OF_CELL_CYCLE_GENES","REACTOME_TP53_REGULATES_TRANSCRIPTION_OF_CELL_CYCLE_GENES",29,-0.433776140965864,-1.78203183654519,0.00678552146471976,0.0129924325719828,0.0045956612123357,3103,"tags=45%, list=16%, signal=38%","E2f4/Cdk1/Plk2/Cnot9/Trp53/Tfdp2/Cnot2/Cnot6/Cdkn1b/Bax/Pcna/Btg2/Npm1","INRR_vs_ARR = Neonate_Reinfected_IFN - Adult_Reinfected","Reactome","INRR_vs_ARR = Neonate_Reinfected_IFN - Adult_Reinfected | Positive NES/logFC = higher in Neonate_Reinfected_IFN ; Negative NES/logFC = higher in Adult_Reinfected"
"REACTOME_DISEASES_OF_IMMUNE_SYSTEM","REACTOME_DISEASES_OF_IMMUNE_SYSTEM",21,-0.490321252844047,-1.83714559550764,0.00681890439047519,0.0130310977520106,0.00460933779423346,4897,"tags=71%, list=25%, signal=54%","Tlr7/Ly96/Tlr1/Ikbkb/Ikbkg/Cd14/Rela/Nfkb2/S100a1/S100a9/Chuk/Myd88/Nfkb1/Nfkbia/Cd36","INRR_vs_ARR = Neonate_Reinfected_IFN - Adult_Reinfected","Reactome","INRR_vs_ARR = Neonate_Reinfected_IFN - Adult_Reinfected | Positive NES/logFC = higher in Neonate_Reinfected_IFN ; Negative NES/logFC = higher in Adult_Reinfected"
"REACTOME_VEGFR2_MEDIATED_CELL_PROLIFERATION","REACTOME_VEGFR2_MEDIATED_CELL_PROLIFERATION",11,-0.623646164152035,-1.91204841899214,0.00704544921248771,0.0134121460923658,0.00474412156687135,2581,"tags=55%, list=13%, signal=48%","Plcg1/Rasa1/Src/Hras/Vegfa/Calm1","INRR_vs_ARR = Neonate_Reinfected_IFN - Adult_Reinfected","Reactome","INRR_vs_ARR = Neonate_Reinfected_IFN - Adult_Reinfected | Positive NES/logFC = higher in Neonate_Reinfected_IFN ; Negative NES/logFC = higher in Adult_Reinfected"
"REACTOME_INTERLEUKIN_20_FAMILY_SIGNALING","REACTOME_INTERLEUKIN_20_FAMILY_SIGNALING",11,-0.623171156285827,-1.9105920835061,0.00704544921248771,0.0134121460923658,0.00474412156687135,4334,"tags=82%, list=22%, signal=64%","Ptpn11/Tyk2/Stat2/Jak1/Jak2/Stat1/Il10rb/Socs3/Stat3","INRR_vs_ARR = Neonate_Reinfected_IFN - Adult_Reinfected","Reactome","INRR_vs_ARR = Neonate_Reinfected_IFN - Adult_Reinfected | Positive NES/logFC = higher in Neonate_Reinfected_IFN ; Negative NES/logFC = higher in Adult_Reinfected"
"REACTOME_FORMATION_OF_TUBULIN_FOLDING_INTERMEDIATES_BY_CCT_TRIC","REACTOME_FORMATION_OF_TUBULIN_FOLDING_INTERMEDIATES_BY_CCT_TRIC",10,-0.662970459582905,-1.91231343866536,0.00710114446317931,0.0134921744800407,0.0047724290724201,2038,"tags=70%, list=10%, signal=63%","Cct6a/Cct7/Cct4/Cct5/Tcp1/Cct3/Cct2","INRR_vs_ARR = Neonate_Reinfected_IFN - Adult_Reinfected","Reactome","INRR_vs_ARR = Neonate_Reinfected_IFN - Adult_Reinfected | Positive NES/logFC = higher in Neonate_Reinfected_IFN ; Negative NES/logFC = higher in Adult_Reinfected"
"REACTOME_PLATELET_ADHESION_TO_EXPOSED_COLLAGEN","REACTOME_PLATELET_ADHESION_TO_EXPOSED_COLLAGEN",11,-0.621844356347081,-1.90652422280074,0.00711770959983834,0.0134976911413441,0.0047743804164993,1781,"tags=55%, list=9%, signal=50%","Fyn/Lyn/Vwf/Itgb1/Col1a2/Col1a1","INRR_vs_ARR = Neonate_Reinfected_IFN - Adult_Reinfected","Reactome","INRR_vs_ARR = Neonate_Reinfected_IFN - Adult_Reinfected | Positive NES/logFC = higher in Neonate_Reinfected_IFN ; Negative NES/logFC = higher in Adult_Reinfected"
"REACTOME_DISEASES_ASSOCIATED_WITH_GLYCOSAMINOGLYCAN_METABOLISM","REACTOME_DISEASES_ASSOCIATED_WITH_GLYCOSAMINOGLYCAN_METABOLISM",27,-0.448125797929326,-1.79477863500792,0.00743011099061274,0.0140631219515812,0.00497438364364474,2288,"tags=41%, list=11%, signal=36%","B3gat3/Ext1/Ext2/Agrn/Sdc3/Sdc4/Dcn/Sdc1/Gpc3/B4galt1/Bgn","INRR_vs_ARR = Neonate_Reinfected_IFN - Adult_Reinfected","Reactome","INRR_vs_ARR = Neonate_Reinfected_IFN - Adult_Reinfected | Positive NES/logFC = higher in Neonate_Reinfected_IFN ; Negative NES/logFC = higher in Adult_Reinfected"
"REACTOME_COMPLEX_III_ASSEMBLY","REACTOME_COMPLEX_III_ASSEMBLY",13,-0.580689970512901,-1.86685758163773,0.00757091462179065,0.0143022249451801,0.00505895874898762,2076,"tags=77%, list=10%, signal=69%","Uqcrq/Hspa9/Uqcrc2/Uqcrb/Cyc1/Uqcr11/Uqcrfs1/Iscu/Uqcrc1/Uqcrh","INRR_vs_ARR = Neonate_Reinfected_IFN - Adult_Reinfected","Reactome","INRR_vs_ARR = Neonate_Reinfected_IFN - Adult_Reinfected | Positive NES/logFC = higher in Neonate_Reinfected_IFN ; Negative NES/logFC = higher in Adult_Reinfected"
"REACTOME_PECAM1_INTERACTIONS","REACTOME_PECAM1_INTERACTIONS",10,-0.65687189765214,-1.89472236538575,0.00797799478892068,0.0150424787241482,0.00532080006010781,2581,"tags=90%, list=13%, signal=78%","Ptpn11/Plcg1/Itgb3/Src/Itgav/Ptpn6/Fyn/Lyn/Pecam1","INRR_vs_ARR = Neonate_Reinfected_IFN - Adult_Reinfected","Reactome","INRR_vs_ARR = Neonate_Reinfected_IFN - Adult_Reinfected | Positive NES/logFC = higher in Neonate_Reinfected_IFN ; Negative NES/logFC = higher in Adult_Reinfected"
"REACTOME_ALPHA_LINOLENIC_OMEGA3_AND_LINOLEIC_OMEGA6_ACID_METABOLISM","REACTOME_ALPHA_LINOLENIC_OMEGA3_AND_LINOLEIC_OMEGA6_ACID_METABOLISM",12,-0.595379550831972,-1.86188188604965,0.00802701782717907,0.0151060830728627,0.00534329808245303,2320,"tags=67%, list=12%, signal=59%","Acot8/Acaa1a/Hsd17b4/Fads2/Scp2/Acox1/Acsl1/Fads1","INRR_vs_ARR = Neonate_Reinfected_IFN - Adult_Reinfected","Reactome","INRR_vs_ARR = Neonate_Reinfected_IFN - Adult_Reinfected | Positive NES/logFC = higher in Neonate_Reinfected_IFN ; Negative NES/logFC = higher in Adult_Reinfected"
"REACTOME_FCERI_MEDIATED_MAPK_ACTIVATION","REACTOME_FCERI_MEDIATED_MAPK_ACTIVATION",20,-0.487101453004431,-1.78277228043284,0.00824078374375119,0.0154788865757152,0.00547516550515388,4455,"tags=70%, list=22%, signal=54%","Plcg1/Syk/Mapk9/Fos/Map3k1/Lcp2/Sos1/Shc1/Mapk1/Hras/Lyn/Jun/Rac1/Grb2","INRR_vs_ARR = Neonate_Reinfected_IFN - Adult_Reinfected","Reactome","INRR_vs_ARR = Neonate_Reinfected_IFN - Adult_Reinfected | Positive NES/logFC = higher in Neonate_Reinfected_IFN ; Negative NES/logFC = higher in Adult_Reinfected"
"REACTOME_DISEASES_ASSOCIATED_WITH_O_GLYCOSYLATION_OF_PROTEINS","REACTOME_DISEASES_ASSOCIATED_WITH_O_GLYCOSYLATION_OF_PROTEINS",15,-0.536895610473189,-1.7937583441401,0.00829654132948787,0.0155540471224554,0.0055017511662638,3271,"tags=53%, list=16%, signal=45%","Cfp/Notch2/Notch1/Notch3/Lfng/Muc1/Spon1/Thbs1","INRR_vs_ARR = Neonate_Reinfected_IFN - Adult_Reinfected","Reactome","INRR_vs_ARR = Neonate_Reinfected_IFN - Adult_Reinfected | Positive NES/logFC = higher in Neonate_Reinfected_IFN ; Negative NES/logFC = higher in Adult_Reinfected"
"REACTOME_NUCLEOTIDE_BINDING_DOMAIN_LEUCINE_RICH_REPEAT_CONTAINING_RECEPTOR_NLR_SIGNALING_PATHWAYS","REACTOME_NUCLEOTIDE_BINDING_DOMAIN_LEUCINE_RICH_REPEAT_CONTAINING_RECEPTOR_NLR_SIGNALING_PATHWAYS",39,-0.382187148090777,-1.69981157529525,0.00835449967236918,0.0156330410535999,0.00552969276560321,4101,"tags=49%, list=21%, signal=39%","Nod1/Ikbkb/Ikbkg/Rela/Bcl2/Casp8/Nfkb2/Casp4/Irak1/Chuk/Mapk14/Cyld/Hmox1/Nfkb1/Bcl2l1/Txn1/App/Txnip/Hsp90ab1","INRR_vs_ARR = Neonate_Reinfected_IFN - Adult_Reinfected","Reactome","INRR_vs_ARR = Neonate_Reinfected_IFN - Adult_Reinfected | Positive NES/logFC = higher in Neonate_Reinfected_IFN ; Negative NES/logFC = higher in Adult_Reinfected"
"REACTOME_CO_STIMULATION_BY_CD28","REACTOME_CO_STIMULATION_BY_CD28",31,-0.414732391453471,-1.73834808097711,0.00848942700078784,0.0158554893700915,0.0056083768068084,2655,"tags=35%, list=13%, signal=31%","Akt3/Pik3cd/Src/Akt2/Fyn/Ppp2cb/Lyn/Akt1/Rac1/Grb2/Cdc42","INRR_vs_ARR = Neonate_Reinfected_IFN - Adult_Reinfected","Reactome","INRR_vs_ARR = Neonate_Reinfected_IFN - Adult_Reinfected | Positive NES/logFC = higher in Neonate_Reinfected_IFN ; Negative NES/logFC = higher in Adult_Reinfected"
"REACTOME_TRAFFICKING_OF_AMPA_RECEPTORS","REACTOME_TRAFFICKING_OF_AMPA_RECEPTORS",12,-0.58514347945597,-1.82987145530399,0.00898069341018304,0.016741368092945,0.00592172832607898,1961,"tags=50%, list=10%, signal=45%","Tspan7/Mdm2/Dlg1/Ap2s1/Ap2m1/Ap2b1","INRR_vs_ARR = Neonate_Reinfected_IFN - Adult_Reinfected","Reactome","INRR_vs_ARR = Neonate_Reinfected_IFN - Adult_Reinfected | Positive NES/logFC = higher in Neonate_Reinfected_IFN ; Negative NES/logFC = higher in Adult_Reinfected"
"REACTOME_METAL_ION_SLC_TRANSPORTERS","REACTOME_METAL_ION_SLC_TRANSPORTERS",12,-0.585032698828594,-1.82952502008775,0.0091396396231719,0.0170055818223989,0.00601518555831712,2093,"tags=42%, list=10%, signal=37%","Slc11a2/Slc39a8/Cp/Sri/Calm1","INRR_vs_ARR = Neonate_Reinfected_IFN - Adult_Reinfected","Reactome","INRR_vs_ARR = Neonate_Reinfected_IFN - Adult_Reinfected | Positive NES/logFC = higher in Neonate_Reinfected_IFN ; Negative NES/logFC = higher in Adult_Reinfected"
"REACTOME_G_ALPHA_12_13_SIGNALLING_EVENTS","REACTOME_G_ALPHA_12_13_SIGNALLING_EVENTS",33,-0.401290328086906,-1.69308889693792,0.00921334085000488,0.0171104901500091,0.00605229355401983,3435,"tags=42%, list=17%, signal=35%","Itsn1/Sos1/Ect2/Rock1/Arhgef2/Arhgef3/Net1/Arhgef12/Gng12/Abr/Gng11/Akap13/Rhoa/Gnb2","INRR_vs_ARR = Neonate_Reinfected_IFN - Adult_Reinfected","Reactome","INRR_vs_ARR = Neonate_Reinfected_IFN - Adult_Reinfected | Positive NES/logFC = higher in Neonate_Reinfected_IFN ; Negative NES/logFC = higher in Adult_Reinfected"
"REACTOME_SIGNAL_AMPLIFICATION","REACTOME_SIGNAL_AMPLIFICATION",16,-0.548354099544834,-1.85784755459477,0.00926177240346189,0.0171681634795879,0.00607269366633623,2581,"tags=44%, list=13%, signal=38%","Src/Mapk14/Gng12/Gng11/Gnai3/Gnai2/Gnb2","INRR_vs_ARR = Neonate_Reinfected_IFN - Adult_Reinfected","Reactome","INRR_vs_ARR = Neonate_Reinfected_IFN - Adult_Reinfected | Positive NES/logFC = higher in Neonate_Reinfected_IFN ; Negative NES/logFC = higher in Adult_Reinfected"
"REACTOME_SIGNAL_REGULATORY_PROTEIN_FAMILY_INTERACTIONS","REACTOME_SIGNAL_REGULATORY_PROTEIN_FAMILY_INTERACTIONS",10,-0.650541272076359,-1.8764619132212,0.00929542747842051,0.0171982815518342,0.00608334697976662,5049,"tags=80%, list=25%, signal=60%","Ptpn11/Ptk2b/Skap2/Src/Ptpn6/Sirpa/Cd47/Grb2","INRR_vs_ARR = Neonate_Reinfected_IFN - Adult_Reinfected","Reactome","INRR_vs_ARR = Neonate_Reinfected_IFN - Adult_Reinfected | Positive NES/logFC = higher in Neonate_Reinfected_IFN ; Negative NES/logFC = higher in Adult_Reinfected"
"REACTOME_GLOBAL_GENOME_NUCLEOTIDE_EXCISION_REPAIR_GG_NER","REACTOME_GLOBAL_GENOME_NUCLEOTIDE_EXCISION_REPAIR_GG_NER",44,-0.351612445912223,-1.64558161821688,0.00946463305100755,0.0174786120642906,0.00618250501315201,3745,"tags=39%, list=19%, signal=31%","Rfc5/Rad23a/Rpa3/Rfc2/Cetn2/Rad23b/Ercc3/Pole4/Gtf2h5/Pias1/Cdk7/Ube2i/Cops5/Pcna/Rbx1/Actb/Ddb1","INRR_vs_ARR = Neonate_Reinfected_IFN - Adult_Reinfected","Reactome","INRR_vs_ARR = Neonate_Reinfected_IFN - Adult_Reinfected | Positive NES/logFC = higher in Neonate_Reinfected_IFN ; Negative NES/logFC = higher in Adult_Reinfected"
"REACTOME_NUCLEAR_IMPORT_OF_REV_PROTEIN","REACTOME_NUCLEAR_IMPORT_OF_REV_PROTEIN",13,-0.564431648446307,-1.81458877494916,0.00958089137102923,0.0176602997660016,0.00624677127883288,3526,"tags=62%, list=18%, signal=51%","Nupl1/Nup205/Nup153/Rae1/Ran/Nup98/Npm1/Kpnb1","INRR_vs_ARR = Neonate_Reinfected_IFN - Adult_Reinfected","Reactome","INRR_vs_ARR = Neonate_Reinfected_IFN - Adult_Reinfected | Positive NES/logFC = higher in Neonate_Reinfected_IFN ; Negative NES/logFC = higher in Adult_Reinfected"
"REACTOME_SIGNALING_BY_NTRK3_TRKC","REACTOME_SIGNALING_BY_NTRK3_TRKC",12,-0.580543374391159,-1.81548592210566,0.0102522648835599,0.0188626400464752,0.0066720610435007,3078,"tags=58%, list=15%, signal=49%","Sos1/Shc1/Src/Nelfb/Hras/Bax/Grb2","INRR_vs_ARR = Neonate_Reinfected_IFN - Adult_Reinfected","Reactome","INRR_vs_ARR = Neonate_Reinfected_IFN - Adult_Reinfected | Positive NES/logFC = higher in Neonate_Reinfected_IFN ; Negative NES/logFC = higher in Adult_Reinfected"
"REACTOME_CONSTITUTIVE_SIGNALING_BY_EGFRVIII","REACTOME_CONSTITUTIVE_SIGNALING_BY_EGFRVIII",10,-0.644422125583395,-1.85881146454356,0.0103201001472337,0.0189521541737302,0.00670372382876459,4455,"tags=70%, list=22%, signal=54%","Plcg1/Cbl/Sos1/Shc1/Hras/Grb2/Hsp90aa1","INRR_vs_ARR = Neonate_Reinfected_IFN - Adult_Reinfected","Reactome","INRR_vs_ARR = Neonate_Reinfected_IFN - Adult_Reinfected | Positive NES/logFC = higher in Neonate_Reinfected_IFN ; Negative NES/logFC = higher in Adult_Reinfected"
"REACTOME_SYNTHESIS_OF_PIPS_AT_THE_PLASMA_MEMBRANE","REACTOME_SYNTHESIS_OF_PIPS_AT_THE_PLASMA_MEMBRANE",16,-0.542081911683634,-1.83659710914435,0.0104284119379026,0.019115530602315,0.00676151306197377,2837,"tags=56%, list=14%, signal=48%","Inpp4b/Synj1/Synj2/Pik3cb/Rab5a/Pik3cd/Pten/Rab14/Arf1","INRR_vs_ARR = Neonate_Reinfected_IFN - Adult_Reinfected","Reactome","INRR_vs_ARR = Neonate_Reinfected_IFN - Adult_Reinfected | Positive NES/logFC = higher in Neonate_Reinfected_IFN ; Negative NES/logFC = higher in Adult_Reinfected"
"REACTOME_RNA_POLYMERASE_III_TRANSCRIPTION","REACTOME_RNA_POLYMERASE_III_TRANSCRIPTION",17,-0.511262307121007,-1.76376510229884,0.010458200422782,0.0191346333661271,0.00676827005918837,2552,"tags=29%, list=13%, signal=26%","Polr1c/Polr2e/Ssb/Polr2f/Nfib","INRR_vs_ARR = Neonate_Reinfected_IFN - Adult_Reinfected","Reactome","INRR_vs_ARR = Neonate_Reinfected_IFN - Adult_Reinfected | Positive NES/logFC = higher in Neonate_Reinfected_IFN ; Negative NES/logFC = higher in Adult_Reinfected"
"REACTOME_METABOLISM_OF_COFACTORS","REACTOME_METABOLISM_OF_COFACTORS",14,-0.554198045235521,-1.81308090728119,0.0105686366637067,0.0193009482878784,0.00682709869121632,2706,"tags=43%, list=14%, signal=37%","Gch1/Pts/Idh1/Akt1/Hsp90aa1/Calm1","INRR_vs_ARR = Neonate_Reinfected_IFN - Adult_Reinfected","Reactome","INRR_vs_ARR = Neonate_Reinfected_IFN - Adult_Reinfected | Positive NES/logFC = higher in Neonate_Reinfected_IFN ; Negative NES/logFC = higher in Adult_Reinfected"
"REACTOME_THE_ROLE_OF_NEF_IN_HIV_1_REPLICATION_AND_DISEASE_PATHOGENESIS","REACTOME_THE_ROLE_OF_NEF_IN_HIV_1_REPLICATION_AND_DISEASE_PATHOGENESIS",16,-0.540233617919929,-1.83033500943192,0.0106233299031417,0.0193650367976089,0.00684976797017491,1816,"tags=56%, list=9%, signal=51%","Dock2/Ap1g1/Fyn/Ap2s1/Ap2m1/Ap2b1/Rac1/Arf1/B2m","INRR_vs_ARR = Neonate_Reinfected_IFN - Adult_Reinfected","Reactome","INRR_vs_ARR = Neonate_Reinfected_IFN - Adult_Reinfected | Positive NES/logFC = higher in Neonate_Reinfected_IFN ; Negative NES/logFC = higher in Adult_Reinfected"
"REACTOME_SIGNALING_BY_ERBB2_ECD_MUTANTS","REACTOME_SIGNALING_BY_ERBB2_ECD_MUTANTS",10,-0.642481682613435,-1.85321432953584,0.0107592461327142,0.0195764895181003,0.00692456266781302,3078,"tags=60%, list=15%, signal=51%","Plcg1/Sos1/Shc1/Hras/Grb2/Hsp90aa1","INRR_vs_ARR = Neonate_Reinfected_IFN - Adult_Reinfected","Reactome","INRR_vs_ARR = Neonate_Reinfected_IFN - Adult_Reinfected | Positive NES/logFC = higher in Neonate_Reinfected_IFN ; Negative NES/logFC = higher in Adult_Reinfected"
"REACTOME_SIGNALING_BY_ERYTHROPOIETIN","REACTOME_SIGNALING_BY_ERYTHROPOIETIN",15,-0.518630628279626,-1.73273537510074,0.0107789577913427,0.0195764895181003,0.00692456266781302,3078,"tags=60%, list=15%, signal=51%","Plcg1/Pik3cb/Sos1/Jak2/Shc1/Pik3cd/Hras/Lyn/Grb2","INRR_vs_ARR = Neonate_Reinfected_IFN - Adult_Reinfected","Reactome","INRR_vs_ARR = Neonate_Reinfected_IFN - Adult_Reinfected | Positive NES/logFC = higher in Neonate_Reinfected_IFN ; Negative NES/logFC = higher in Adult_Reinfected"
"REACTOME_ROLE_OF_LAT2_NTAL_LAB_ON_CALCIUM_MOBILIZATION","REACTOME_ROLE_OF_LAT2_NTAL_LAB_ON_CALCIUM_MOBILIZATION",11,-0.60284432563438,-1.84827167388237,0.0108200938523084,0.0196151426166619,0.00693823497627504,4964,"tags=82%, list=25%, signal=62%","Gab2/Syk/Pik3cb/Lat2/Sos1/Shc1/Fyn/Lyn/Grb2","INRR_vs_ARR = Neonate_Reinfected_IFN - Adult_Reinfected","Reactome","INRR_vs_ARR = Neonate_Reinfected_IFN - Adult_Reinfected | Positive NES/logFC = higher in Neonate_Reinfected_IFN ; Negative NES/logFC = higher in Adult_Reinfected"
"REACTOME_DNA_REPAIR","REACTOME_DNA_REPAIR",126,-0.244889226196558,-1.44846917153187,0.0108969259307728,0.0197182469223509,0.00697470485640367,3751,"tags=31%, list=19%, signal=25%","Trim25/Rfc5/Kdm4b/Paxip1/Rad23a/Apex1/Rpa3/Usp1/Rfc2/H4c14/Cetn2/Rad50/Rad23b/Polr2g/Ercc3/Mpg/Trp53/Msh2/Rchy1/Pole4/Gtf2h5/Apbb1/Abl1/Pias1/Uba7/Cdk7/Polr2a/H2az2/Ppp4r2/Polr2e/Isg15/Ube2i/Ppp4c/Polr2f/Cops5/Pcna/Rbx1/Actb/Ddb1","INRR_vs_ARR = Neonate_Reinfected_IFN - Adult_Reinfected","Reactome","INRR_vs_ARR = Neonate_Reinfected_IFN - Adult_Reinfected | Positive NES/logFC = higher in Neonate_Reinfected_IFN ; Negative NES/logFC = higher in Adult_Reinfected"
"REACTOME_PLATELET_AGGREGATION_PLUG_FORMATION","REACTOME_PLATELET_AGGREGATION_PLUG_FORMATION",24,-0.441112786501871,-1.71386201568136,0.0114899367653561,0.0207533044317584,0.00734082364302555,1239,"tags=42%, list=6%, signal=39%","Sos1/Shc1/Csk/Src/Vwf/Akt1/Grb2/Col1a2/Fn1/Col1a1","INRR_vs_ARR = Neonate_Reinfected_IFN - Adult_Reinfected","Reactome","INRR_vs_ARR = Neonate_Reinfected_IFN - Adult_Reinfected | Positive NES/logFC = higher in Neonate_Reinfected_IFN ; Negative NES/logFC = higher in Adult_Reinfected"
"REACTOME_MICRORNA_MIRNA_BIOGENESIS","REACTOME_MICRORNA_MIRNA_BIOGENESIS",15,-0.514300711649665,-1.71826920340383,0.0115159631754475,0.0207623569659527,0.00734402569006637,3001,"tags=60%, list=15%, signal=51%","Polr2h/Polr2j/Dgcr8/Polr2g/Ago2/Polr2a/Polr2e/Ran/Polr2f","INRR_vs_ARR = Neonate_Reinfected_IFN - Adult_Reinfected","Reactome","INRR_vs_ARR = Neonate_Reinfected_IFN - Adult_Reinfected | Positive NES/logFC = higher in Neonate_Reinfected_IFN ; Negative NES/logFC = higher in Adult_Reinfected"
"REACTOME_MEIOSIS","REACTOME_MEIOSIS",35,-0.373700552517581,-1.59088712870144,0.0117054262860316,0.0210655030429858,0.00745125400625535,3388,"tags=34%, list=17%, signal=29%","Syne1/Rpa3/H4c14/Rad50/Stag1/Smc1a/H2az2/Ube2i/Cdk4/Lmnb1/Smc3/Lmna","INRR_vs_ARR = Neonate_Reinfected_IFN - Adult_Reinfected","Reactome","INRR_vs_ARR = Neonate_Reinfected_IFN - Adult_Reinfected | Positive NES/logFC = higher in Neonate_Reinfected_IFN ; Negative NES/logFC = higher in Adult_Reinfected"
"REACTOME_NEF_MEDIATES_DOWN_MODULATION_OF_CELL_SURFACE_RECEPTORS_BY_RECRUITING_THEM_TO_CLATHRIN_ADAPTERS","REACTOME_NEF_MEDIATES_DOWN_MODULATION_OF_CELL_SURFACE_RECEPTORS_BY_RECRUITING_THEM_TO_CLATHRIN_ADAPTERS",12,-0.569345748441564,-1.78046850020534,0.012159627793827,0.0218034705268623,0.00771228661295363,1812,"tags=67%, list=9%, signal=61%","Cd8b1/Atp6v1h/Ap1g1/Ap2s1/Ap2m1/Ap2b1/Arf1/B2m","INRR_vs_ARR = Neonate_Reinfected_IFN - Adult_Reinfected","Reactome","INRR_vs_ARR = Neonate_Reinfected_IFN - Adult_Reinfected | Positive NES/logFC = higher in Neonate_Reinfected_IFN ; Negative NES/logFC = higher in Adult_Reinfected"
"REACTOME_EPHRIN_SIGNALING","REACTOME_EPHRIN_SIGNALING",12,-0.568894585557659,-1.77905761533361,0.012159627793827,0.0218034705268623,0.00771228661295363,3335,"tags=50%, list=17%, signal=42%","Ephb4/Src/Fyn/Rac1/Sdcbp/Myl12a","INRR_vs_ARR = Neonate_Reinfected_IFN - Adult_Reinfected","Reactome","INRR_vs_ARR = Neonate_Reinfected_IFN - Adult_Reinfected | Positive NES/logFC = higher in Neonate_Reinfected_IFN ; Negative NES/logFC = higher in Adult_Reinfected"
"REACTOME_TRANSCRIPTIONAL_REGULATION_BY_SMALL_RNAS","REACTOME_TRANSCRIPTIONAL_REGULATION_BY_SMALL_RNAS",17,-0.503735521582115,-1.73779901506518,0.0121851976789657,0.0218097378746706,0.00771450348859006,3284,"tags=47%, list=16%, signal=39%","H4c14/Polr2g/Ago2/Polr2a/H2az2/Polr2e/Ran/Polr2f","INRR_vs_ARR = Neonate_Reinfected_IFN - Adult_Reinfected","Reactome","INRR_vs_ARR = Neonate_Reinfected_IFN - Adult_Reinfected | Positive NES/logFC = higher in Neonate_Reinfected_IFN ; Negative NES/logFC = higher in Adult_Reinfected"
"REACTOME_VIRAL_MESSENGER_RNA_SYNTHESIS","REACTOME_VIRAL_MESSENGER_RNA_SYNTHESIS",21,-0.471274954405355,-1.76578253897193,0.0122405113901688,0.0218691234240267,0.00773550924438192,3526,"tags=43%, list=18%, signal=35%","Nupl1/Polr2g/Nup205/Nup153/Rae1/Polr2a/Polr2e/Nup98/Polr2f","INRR_vs_ARR = Neonate_Reinfected_IFN - Adult_Reinfected","Reactome","INRR_vs_ARR = Neonate_Reinfected_IFN - Adult_Reinfected | Positive NES/logFC = higher in Neonate_Reinfected_IFN ; Negative NES/logFC = higher in Adult_Reinfected"
"REACTOME_GPCR_LIGAND_BINDING","REACTOME_GPCR_LIGAND_BINDING",149,0.362930401252895,1.42838372502187,0.0124291563669094,0.0221660766976651,0.00784054705265802,6233,"tags=47%, list=31%, signal=33%","Prok2/Calcb/Ccl4/Plppr4/Iapp/Fzd5/Bdkrb1/Tas2r108/Wnt1/Oxt/Htr1d/Oxtr/P2ry2/Adcyap1/Grm8/Adra2c/Cxcr3/Edn2/Adra1b/Cck/Vipr1/Ccl11/P2ry1/Ffar2/Sstr4/Cxcl3/Tshb/Fshb/Cxcl5/Ccl22/Chrm4/Fzd1/Gpr18/P2ry4/Calcr/Sst/Vip/Ghrl/Gpr183/Ptgfr/Npy4r/Adra2b/Gcg/Npy5r/Kel/Cxcl2/Hrh1/Gal/Avpr1a/Mtnr1a/Oprk1/Pomc/Xk/C5ar1/Tacr3/Bdkrb2/Brs3/Wnt7a/Lpar1/Gngt1/Ccr4/Insl5/Nmu/Wnt16/Tacr1/Gper1/Htr5a/Ccl20/Htr7/Pf4","INRR_vs_ARR = Neonate_Reinfected_IFN - Adult_Reinfected","Reactome","INRR_vs_ARR = Neonate_Reinfected_IFN - Adult_Reinfected | Positive NES/logFC = higher in Neonate_Reinfected_IFN ; Negative NES/logFC = higher in Adult_Reinfected"
"REACTOME_CLASS_A_1_RHODOPSIN_LIKE_RECEPTORS","REACTOME_CLASS_A_1_RHODOPSIN_LIKE_RECEPTORS",110,0.379588087752434,1.45574041496087,0.0126483427343756,0.0225163290478615,0.00796443771989134,6233,"tags=50%, list=31%, signal=35%","Prok2/Ccl4/Plppr4/Bdkrb1/Oxt/Htr1d/Oxtr/P2ry2/Adra2c/Cxcr3/Edn2/Adra1b/Cck/Ccl11/P2ry1/Ffar2/Sstr4/Cxcl3/Tshb/Fshb/Cxcl5/Ccl22/Chrm4/Gpr18/P2ry4/Sst/Ghrl/Gpr183/Ptgfr/Npy4r/Adra2b/Npy5r/Kel/Cxcl2/Hrh1/Gal/Avpr1a/Mtnr1a/Oprk1/Pomc/Xk/C5ar1/Tacr3/Bdkrb2/Brs3/Lpar1/Ccr4/Insl5/Nmu/Tacr1/Gper1/Htr5a/Ccl20/Htr7/Pf4","INRR_vs_ARR = Neonate_Reinfected_IFN - Adult_Reinfected","Reactome","INRR_vs_ARR = Neonate_Reinfected_IFN - Adult_Reinfected | Positive NES/logFC = higher in Neonate_Reinfected_IFN ; Negative NES/logFC = higher in Adult_Reinfected"
"REACTOME_MEIOTIC_SYNAPSIS","REACTOME_MEIOTIC_SYNAPSIS",18,-0.496977543474107,-1.76653490252059,0.0126897537173703,0.0225494184761903,0.00797614205635541,1954,"tags=56%, list=10%, signal=50%","Rad21/Syne1/H4c14/Stag1/Smc1a/H2az2/Ube2i/Lmnb1/Smc3/Lmna","INRR_vs_ARR = Neonate_Reinfected_IFN - Adult_Reinfected","Reactome","INRR_vs_ARR = Neonate_Reinfected_IFN - Adult_Reinfected | Positive NES/logFC = higher in Neonate_Reinfected_IFN ; Negative NES/logFC = higher in Adult_Reinfected"
"REACTOME_GLYCOSAMINOGLYCAN_PROTEIN_LINKAGE_REGION_BIOSYNTHESIS","REACTOME_GLYCOSAMINOGLYCAN_PROTEIN_LINKAGE_REGION_BIOSYNTHESIS",18,-0.494731822863366,-1.75855236107123,0.0128777466556621,0.0228184823817268,0.00807131488465085,2288,"tags=44%, list=11%, signal=39%","B3gat3/Agrn/Sdc3/Sdc4/Dcn/Sdc1/Gpc3/Bgn","INRR_vs_ARR = Neonate_Reinfected_IFN - Adult_Reinfected","Reactome","INRR_vs_ARR = Neonate_Reinfected_IFN - Adult_Reinfected | Positive NES/logFC = higher in Neonate_Reinfected_IFN ; Negative NES/logFC = higher in Adult_Reinfected"
"REACTOME_AMYLOID_FIBER_FORMATION","REACTOME_AMYLOID_FIBER_FORMATION",29,-0.411088577350117,-1.68882716980884,0.0128873615070886,0.0228184823817268,0.00807131488465085,1016,"tags=31%, list=5%, signal=29%","Adam10/Aph1a/Psenen/Furin/Gsn/H2az1/App/B2m/Apoe","INRR_vs_ARR = Neonate_Reinfected_IFN - Adult_Reinfected","Reactome","INRR_vs_ARR = Neonate_Reinfected_IFN - Adult_Reinfected | Positive NES/logFC = higher in Neonate_Reinfected_IFN ; Negative NES/logFC = higher in Adult_Reinfected"
"REACTOME_REGULATION_OF_IFNG_SIGNALING","REACTOME_REGULATION_OF_IFNG_SIGNALING",13,-0.548904933172474,-1.76467200765717,0.0129623132344277,0.0229101350189886,0.0081037341000471,3076,"tags=62%, list=15%, signal=52%","Jak1/Jak2/Stat1/Ptpn6/Pias1/Ifngr2/Socs3/Ifngr1","INRR_vs_ARR = Neonate_Reinfected_IFN - Adult_Reinfected","Reactome","INRR_vs_ARR = Neonate_Reinfected_IFN - Adult_Reinfected | Positive NES/logFC = higher in Neonate_Reinfected_IFN ; Negative NES/logFC = higher in Adult_Reinfected"
"REACTOME_RESPONSE_OF_MTB_TO_PHAGOCYTOSIS","REACTOME_RESPONSE_OF_MTB_TO_PHAGOCYTOSIS",11,-0.596490234361976,-1.82879054681082,0.013143840593692,0.0231894901902994,0.00820254713741679,3046,"tags=73%, list=15%, signal=62%","Atp6v1h/Rab5a/Eno1/Mapk1/Pgk1/Kpnb1/Sfpq/Coro1a","INRR_vs_ARR = Neonate_Reinfected_IFN - Adult_Reinfected","Reactome","INRR_vs_ARR = Neonate_Reinfected_IFN - Adult_Reinfected | Positive NES/logFC = higher in Neonate_Reinfected_IFN ; Negative NES/logFC = higher in Adult_Reinfected"
"REACTOME_REGULATION_OF_INSULIN_SECRETION","REACTOME_REGULATION_OF_INSULIN_SECRETION",35,-0.370119926500031,-1.57564398333909,0.0132157841141952,0.0232748568713456,0.00823274289504234,1422,"tags=26%, list=7%, signal=24%","Prkaca/Prkar2a/Acsl4/Gng12/Gng11/Cd36/Gnai2/Gnb2/Gnas","INRR_vs_ARR = Neonate_Reinfected_IFN - Adult_Reinfected","Reactome","INRR_vs_ARR = Neonate_Reinfected_IFN - Adult_Reinfected | Positive NES/logFC = higher in Neonate_Reinfected_IFN ; Negative NES/logFC = higher in Adult_Reinfected"
"REACTOME_SIGNALING_BY_HIPPO","REACTOME_SIGNALING_BY_HIPPO",10,-0.629011208069102,-1.8143592506647,0.0138332743078478,0.0243189946906648,0.00860207355348467,4130,"tags=70%, list=21%, signal=56%","Wwtr1/Dvl2/Lats1/Tjp1/Ywhab/Wwc1/Ywhae","INRR_vs_ARR = Neonate_Reinfected_IFN - Adult_Reinfected","Reactome","INRR_vs_ARR = Neonate_Reinfected_IFN - Adult_Reinfected | Positive NES/logFC = higher in Neonate_Reinfected_IFN ; Negative NES/logFC = higher in Adult_Reinfected"
"REACTOME_HS_GAG_DEGRADATION","REACTOME_HS_GAG_DEGRADATION",11,-0.59262064517645,-1.81692670107644,0.0138700124370778,0.0243402704934865,0.00860959919437194,2100,"tags=55%, list=11%, signal=49%","Agrn/Sdc3/Sdc4/Sdc1/Gpc3/Ctsl","INRR_vs_ARR = Neonate_Reinfected_IFN - Adult_Reinfected","Reactome","INRR_vs_ARR = Neonate_Reinfected_IFN - Adult_Reinfected | Positive NES/logFC = higher in Neonate_Reinfected_IFN ; Negative NES/logFC = higher in Adult_Reinfected"
"REACTOME_APOPTOTIC_FACTOR_MEDIATED_RESPONSE","REACTOME_APOPTOTIC_FACTOR_MEDIATED_RESPONSE",14,-0.53902848065081,-1.76345307449333,0.0140011119914758,0.0245267706517342,0.00867556771401637,2996,"tags=57%, list=15%, signal=49%","Cycs/Casp7/Diablo/Septin4/Mapk1/Bak1/C1qbp/Bax","INRR_vs_ARR = Neonate_Reinfected_IFN - Adult_Reinfected","Reactome","INRR_vs_ARR = Neonate_Reinfected_IFN - Adult_Reinfected | Positive NES/logFC = higher in Neonate_Reinfected_IFN ; Negative NES/logFC = higher in Adult_Reinfected"
"REACTOME_FOXO_MEDIATED_TRANSCRIPTION","REACTOME_FOXO_MEDIATED_TRANSCRIPTION",47,-0.326335022396728,-1.54073415704792,0.0145254564138002,0.0254002671448399,0.00898453941198259,2703,"tags=34%, list=14%, signal=30%","Pink1/Akt3/Ywhaq/Hdac2/Akt2/Ywhab/Ywhag/Crebbp/Cdkn1b/Cav1/Akt1/Cat/Txn1/Btg1/Txnip/Ywhaz","INRR_vs_ARR = Neonate_Reinfected_IFN - Adult_Reinfected","Reactome","INRR_vs_ARR = Neonate_Reinfected_IFN - Adult_Reinfected | Positive NES/logFC = higher in Neonate_Reinfected_IFN ; Negative NES/logFC = higher in Adult_Reinfected"
"REACTOME_LATE_ENDOSOMAL_MICROAUTOPHAGY","REACTOME_LATE_ENDOSOMAL_MICROAUTOPHAGY",13,-0.539288765611439,-1.73375703369652,0.0145725189190933,0.0254375418587706,0.00899772416057089,1591,"tags=38%, list=8%, signal=35%","Mvb12a/Plin2/Vps28/Hspa8/Vim","INRR_vs_ARR = Neonate_Reinfected_IFN - Adult_Reinfected","Reactome","INRR_vs_ARR = Neonate_Reinfected_IFN - Adult_Reinfected | Positive NES/logFC = higher in Neonate_Reinfected_IFN ; Negative NES/logFC = higher in Adult_Reinfected"
"REACTOME_SUMOYLATION_OF_DNA_DAMAGE_RESPONSE_AND_REPAIR_PROTEINS","REACTOME_SUMOYLATION_OF_DNA_DAMAGE_RESPONSE_AND_REPAIR_PROTEINS",27,-0.419714064498516,-1.6809874353475,0.014694671336329,0.025605529594873,0.00905714449765379,4000,"tags=56%, list=20%, signal=44%","Rad21/Cbx8/Nupl1/Cetn2/Nup205/Smc6/Pias2/Nup153/Pias1/Rae1/Stag1/Smc1a/Ube2i/Nup98/Smc3","INRR_vs_ARR = Neonate_Reinfected_IFN - Adult_Reinfected","Reactome","INRR_vs_ARR = Neonate_Reinfected_IFN - Adult_Reinfected | Positive NES/logFC = higher in Neonate_Reinfected_IFN ; Negative NES/logFC = higher in Adult_Reinfected"
"REACTOME_MATURATION_OF_TCA_ENZYMES_AND_REGULATION_OF_TCA_CYCLE","REACTOME_MATURATION_OF_TCA_ENZYMES_AND_REGULATION_OF_TCA_CYCLE",12,-0.558505343827451,-1.74656818743802,0.0150206798278347,0.0261275205455998,0.00924178225137348,3008,"tags=67%, list=15%, signal=57%","Sdhc/Sdhb/Aco2/Acat1/Sdha/Cs/Idh2/Iscu","INRR_vs_ARR = Neonate_Reinfected_IFN - Adult_Reinfected","Reactome","INRR_vs_ARR = Neonate_Reinfected_IFN - Adult_Reinfected | Positive NES/logFC = higher in Neonate_Reinfected_IFN ; Negative NES/logFC = higher in Adult_Reinfected"
"REACTOME_ACTIVATION_OF_GENE_EXPRESSION_BY_SREBF_SREBP","REACTOME_ACTIVATION_OF_GENE_EXPRESSION_BY_SREBF_SREBP",30,-0.394390225762576,-1.64884615910984,0.0151844937142066,0.0263660453244923,0.00932615283159114,2165,"tags=67%, list=11%, signal=60%","Mvk/Fdft1/Sc5d/Hmgcs1/Nfya/Hmgcr/Cyp51/Acaca/Nfyc/Pmvk/Ncoa6/Gpam/Sp1/Helz2/Sqle/Fasn/Crebbp/Srebf2/Scd1/Scd2","INRR_vs_ARR = Neonate_Reinfected_IFN - Adult_Reinfected","Reactome","INRR_vs_ARR = Neonate_Reinfected_IFN - Adult_Reinfected | Positive NES/logFC = higher in Neonate_Reinfected_IFN ; Negative NES/logFC = higher in Adult_Reinfected"
"REACTOME_DISSOLUTION_OF_FIBRIN_CLOT","REACTOME_DISSOLUTION_OF_FIBRIN_CLOT",12,-0.555900854943374,-1.73842338187844,0.0156564699870894,0.0270429936140635,0.00956560183237701,2895,"tags=58%, list=15%, signal=50%","Serpinb6a/Plau/Serpine1/Serpine2/Plat/S100a10/Anxa2","INRR_vs_ARR = Neonate_Reinfected_IFN - Adult_Reinfected","Reactome","INRR_vs_ARR = Neonate_Reinfected_IFN - Adult_Reinfected | Positive NES/logFC = higher in Neonate_Reinfected_IFN ; Negative NES/logFC = higher in Adult_Reinfected"
"REACTOME_FOXO_MEDIATED_TRANSCRIPTION_OF_CELL_CYCLE_GENES","REACTOME_FOXO_MEDIATED_TRANSCRIPTION_OF_CELL_CYCLE_GENES",12,-0.554802782626344,-1.73498946992463,0.0156564699870894,0.0270429936140635,0.00956560183237701,4694,"tags=75%, list=24%, signal=57%","Gadd45a/Foxo4/Foxo1/Cdkn1a/Foxo3/Klf4/Cdkn1b/Cav1/Btg1","INRR_vs_ARR = Neonate_Reinfected_IFN - Adult_Reinfected","Reactome","INRR_vs_ARR = Neonate_Reinfected_IFN - Adult_Reinfected | Positive NES/logFC = higher in Neonate_Reinfected_IFN ; Negative NES/logFC = higher in Adult_Reinfected"
"REACTOME_REGULATION_OF_ENDOGENOUS_RETROELEMENTS_BY_KRAB_ZFP_PROTEINS","REACTOME_REGULATION_OF_ENDOGENOUS_RETROELEMENTS_BY_KRAB_ZFP_PROTEINS",12,-0.55451174335831,-1.73407932657066,0.0156564699870894,0.0270429936140635,0.00956560183237701,2117,"tags=75%, list=11%, signal=67%","H2aj/Hdac1/H4c14/Hdac2/Trim28/H2az2/Ube2i/Cbx5/Rbbp7","INRR_vs_ARR = Neonate_Reinfected_IFN - Adult_Reinfected","Reactome","INRR_vs_ARR = Neonate_Reinfected_IFN - Adult_Reinfected | Positive NES/logFC = higher in Neonate_Reinfected_IFN ; Negative NES/logFC = higher in Adult_Reinfected"
"REACTOME_PI3K_AKT_SIGNALING_IN_CANCER","REACTOME_PI3K_AKT_SIGNALING_IN_CANCER",72,-0.279039196797793,-1.49148011655337,0.0157762630622599,0.0272023523656419,0.00962196993969008,3995,"tags=35%, list=20%, signal=28%","Cdkn1a/Foxo3/Pdgfa/Flt3l/Hbegf/Hgf/Mtor/Tsc2/Akt3/Pik3cd/Src/Chuk/Pdgfb/Fgfr1/Akt2/Fyn/Mdm2/Gsk3b/Pten/Rac2/Cdkn1b/Akt1s1/Akt1/Rac1/Grb2","INRR_vs_ARR = Neonate_Reinfected_IFN - Adult_Reinfected","Reactome","INRR_vs_ARR = Neonate_Reinfected_IFN - Adult_Reinfected | Positive NES/logFC = higher in Neonate_Reinfected_IFN ; Negative NES/logFC = higher in Adult_Reinfected"
"REACTOME_PIWI_INTERACTING_RNA_PIRNA_BIOGENESIS","REACTOME_PIWI_INTERACTING_RNA_PIRNA_BIOGENESIS",13,-0.532314558711416,-1.71133568721499,0.0160217056178185,0.0275774305756179,0.00975464196793643,1588,"tags=38%, list=8%, signal=35%","Polr2g/Polr2a/Polr2e/Polr2f/Hsp90aa1","INRR_vs_ARR = Neonate_Reinfected_IFN - Adult_Reinfected","Reactome","INRR_vs_ARR = Neonate_Reinfected_IFN - Adult_Reinfected | Positive NES/logFC = higher in Neonate_Reinfected_IFN ; Negative NES/logFC = higher in Adult_Reinfected"
"REACTOME_SLC_MEDIATED_TRANSMEMBRANE_TRANSPORT","REACTOME_SLC_MEDIATED_TRANSMEMBRANE_TRANSPORT",72,-0.277955529450403,-1.48568785396038,0.0162810928782233,0.027975164806408,0.00989532784543729,1407,"tags=28%, list=7%, signal=26%","Slc25a10/Slc35a3/Slc35b2/Runx1/Slc38a1/Slc25a4/Slc11a2/Slc6a14/Slc39a8/Slc12a2/Slc6a6/Slc1a5/Slc25a5/Cp/Slc38a2/Slco2a1/Sri/Slc3a2/Bsg/Calm1","INRR_vs_ARR = Neonate_Reinfected_IFN - Adult_Reinfected","Reactome","INRR_vs_ARR = Neonate_Reinfected_IFN - Adult_Reinfected | Positive NES/logFC = higher in Neonate_Reinfected_IFN ; Negative NES/logFC = higher in Adult_Reinfected"
"REACTOME_PLATELET_CALCIUM_HOMEOSTASIS","REACTOME_PLATELET_CALCIUM_HOMEOSTASIS",10,-0.617549684868851,-1.78129891663835,0.016328990525471,0.0280087545818843,0.0099072091638457,997,"tags=60%, list=5%, signal=57%","Atp2b4/Atp2b1/P2rx4/Sri/Atp2a2/Calm1","INRR_vs_ARR = Neonate_Reinfected_IFN - Adult_Reinfected","Reactome","INRR_vs_ARR = Neonate_Reinfected_IFN - Adult_Reinfected | Positive NES/logFC = higher in Neonate_Reinfected_IFN ; Negative NES/logFC = higher in Adult_Reinfected"
"REACTOME_GROWTH_HORMONE_RECEPTOR_SIGNALING","REACTOME_GROWTH_HORMONE_RECEPTOR_SIGNALING",17,-0.484721904043675,-1.67220537630937,0.0167905446026963,0.0287505339124158,0.0101695900904774,3504,"tags=59%, list=18%, signal=49%","Cish/Jak2/Socs2/Stat1/Ptpn6/Mapk1/Adam17/Lyn/Socs3/Stat3","INRR_vs_ARR = Neonate_Reinfected_IFN - Adult_Reinfected","Reactome","INRR_vs_ARR = Neonate_Reinfected_IFN - Adult_Reinfected | Positive NES/logFC = higher in Neonate_Reinfected_IFN ; Negative NES/logFC = higher in Adult_Reinfected"
"REACTOME_INTERACTIONS_OF_VPR_WITH_HOST_CELLULAR_PROTEINS","REACTOME_INTERACTIONS_OF_VPR_WITH_HOST_CELLULAR_PROTEINS",15,-0.500501402907246,-1.6721659671001,0.0172277792635485,0.0294481763190068,0.0104163589792353,3526,"tags=67%, list=18%, signal=55%","Nup93/Psip1/Nupl1/Nup205/Slc25a4/Nup153/Rae1/Nup98/Banf1/Slc25a5","INRR_vs_ARR = Neonate_Reinfected_IFN - Adult_Reinfected","Reactome","INRR_vs_ARR = Neonate_Reinfected_IFN - Adult_Reinfected | Positive NES/logFC = higher in Neonate_Reinfected_IFN ; Negative NES/logFC = higher in Adult_Reinfected"
"REACTOME_TRANSCRIPTIONAL_REGULATION_BY_THE_AP_2_TFAP2_FAMILY_OF_TRANSCRIPTION_FACTORS","REACTOME_TRANSCRIPTIONAL_REGULATION_BY_THE_AP_2_TFAP2_FAMILY_OF_TRANSCRIPTION_FACTORS",21,-0.457022535478132,-1.71238128723014,0.0172621551657579,0.0294559746179081,0.0104191173802956,1987,"tags=33%, list=10%, signal=30%","Hspd1/Crebbp/Ube2i/Vegfa/Dek/Npm1/Apoe","INRR_vs_ARR = Neonate_Reinfected_IFN - Adult_Reinfected","Reactome","INRR_vs_ARR = Neonate_Reinfected_IFN - Adult_Reinfected | Positive NES/logFC = higher in Neonate_Reinfected_IFN ; Negative NES/logFC = higher in Adult_Reinfected"
"REACTOME_SUMOYLATION_OF_UBIQUITINYLATION_PROTEINS","REACTOME_SUMOYLATION_OF_UBIQUITINYLATION_PROTEINS",16,-0.519709006207346,-1.76079673168241,0.0176404176389024,0.0299978186355173,0.0106107775271593,3526,"tags=56%, list=18%, signal=46%","Nupl1/Nup205/Pias2/Nup153/Pias1/Rae1/Mdm2/Ube2i/Nup98","INRR_vs_ARR = Neonate_Reinfected_IFN - Adult_Reinfected","Reactome","INRR_vs_ARR = Neonate_Reinfected_IFN - Adult_Reinfected | Positive NES/logFC = higher in Neonate_Reinfected_IFN ; Negative NES/logFC = higher in Adult_Reinfected"
"REACTOME_REGULATION_OF_ENDOGENOUS_RETROELEMENTS","REACTOME_REGULATION_OF_ENDOGENOUS_RETROELEMENTS",16,-0.519210570525532,-1.75910800989962,0.0176404176389024,0.0299978186355173,0.0106107775271593,2469,"tags=56%, list=12%, signal=49%","H4c14/Mtrex/Hdac2/Trim28/H2az2/Ube2i/Cbx5/Rbbp7/Actb","INRR_vs_ARR = Neonate_Reinfected_IFN - Adult_Reinfected","Reactome","INRR_vs_ARR = Neonate_Reinfected_IFN - Adult_Reinfected | Positive NES/logFC = higher in Neonate_Reinfected_IFN ; Negative NES/logFC = higher in Adult_Reinfected"
"REACTOME_DEVELOPMENTAL_LINEAGE_OF_MAMMARY_STEM_CELLS","REACTOME_DEVELOPMENTAL_LINEAGE_OF_MAMMARY_STEM_CELLS",12,-0.539980175423806,-1.68863593995225,0.0190084697739541,0.0322686737743413,0.0114140205551687,833,"tags=33%, list=4%, signal=32%","Epcam/Cd44/Cdh1/Itgb1","INRR_vs_ARR = Neonate_Reinfected_IFN - Adult_Reinfected","Reactome","INRR_vs_ARR = Neonate_Reinfected_IFN - Adult_Reinfected | Positive NES/logFC = higher in Neonate_Reinfected_IFN ; Negative NES/logFC = higher in Adult_Reinfected"
"REACTOME_P38MAPK_EVENTS","REACTOME_P38MAPK_EVENTS",11,-0.57629357498569,-1.76686923173008,0.0191199317608991,0.0324022171179559,0.0114612572801634,2581,"tags=64%, list=13%, signal=55%","Ralgds/Mapk13/Rala/Src/Ralb/Mapk14/Hras","INRR_vs_ARR = Neonate_Reinfected_IFN - Adult_Reinfected","Reactome","INRR_vs_ARR = Neonate_Reinfected_IFN - Adult_Reinfected | Positive NES/logFC = higher in Neonate_Reinfected_IFN ; Negative NES/logFC = higher in Adult_Reinfected"
"REACTOME_SARS_COV_1_ACTIVATES_MODULATES_INNATE_IMMUNE_RESPONSES","REACTOME_SARS_COV_1_ACTIVATES_MODULATES_INNATE_IMMUNE_RESPONSES",21,-0.451342148000781,-1.69109789644448,0.0197729853100875,0.0334515573396686,0.0118324281235563,1279,"tags=48%, list=6%, signal=45%","Rela/Trim25/Tbk1/Runx1/Nfkb1/Fkbp1a/Nfkbia/Kpnb1/Ppia/Ppib","INRR_vs_ARR = Neonate_Reinfected_IFN - Adult_Reinfected","Reactome","INRR_vs_ARR = Neonate_Reinfected_IFN - Adult_Reinfected | Positive NES/logFC = higher in Neonate_Reinfected_IFN ; Negative NES/logFC = higher in Adult_Reinfected"
"REACTOME_G_ALPHA_S_SIGNALLING_EVENTS","REACTOME_G_ALPHA_S_SIGNALLING_EVENTS",48,-0.324847873812297,-1.53277426558588,0.0200899625679156,0.0339297145591463,0.0120015610842069,1575,"tags=25%, list=8%, signal=23%","Grk2/Arrb1/Arrb2/Gng12/Gng11/Gnai3/Calcrl/Gnai2/Gnb2/Gnas/Itgb1/Fn1","INRR_vs_ARR = Neonate_Reinfected_IFN - Adult_Reinfected","Reactome","INRR_vs_ARR = Neonate_Reinfected_IFN - Adult_Reinfected | Positive NES/logFC = higher in Neonate_Reinfected_IFN ; Negative NES/logFC = higher in Adult_Reinfected"
"REACTOME_SLC_MEDIATED_TRANSPORT_OF_AMINO_ACIDS","REACTOME_SLC_MEDIATED_TRANSPORT_OF_AMINO_ACIDS",15,-0.493524568871086,-1.6488564931094,0.0201830844551633,0.0340288181598999,0.0120366158417715,2761,"tags=40%, list=14%, signal=34%","Slc38a1/Slc6a14/Slc6a6/Slc1a5/Slc38a2/Slc3a2","INRR_vs_ARR = Neonate_Reinfected_IFN - Adult_Reinfected","Reactome","INRR_vs_ARR = Neonate_Reinfected_IFN - Adult_Reinfected | Positive NES/logFC = higher in Neonate_Reinfected_IFN ; Negative NES/logFC = higher in Adult_Reinfected"
"REACTOME_CARDIAC_CONDUCTION","REACTOME_CARDIAC_CONDUCTION",43,-0.330476639497522,-1.52127722053588,0.0203363755100981,0.0342288569062639,0.0121073732078411,997,"tags=21%, list=5%, signal=20%","Atp2b1/Atp1b3/Dmpk/Atp1b1/Ces1d/Atp1a1/Sri/Atp2a2/Calm1","INRR_vs_ARR = Neonate_Reinfected_IFN - Adult_Reinfected","Reactome","INRR_vs_ARR = Neonate_Reinfected_IFN - Adult_Reinfected | Positive NES/logFC = higher in Neonate_Reinfected_IFN ; Negative NES/logFC = higher in Adult_Reinfected"
"REACTOME_DEFECTIVE_EXT2_CAUSES_EXOSTOSES_2","REACTOME_DEFECTIVE_EXT2_CAUSES_EXOSTOSES_2",10,-0.61086965790944,-1.76203062928032,0.0204479149594805,0.0342997283191286,0.0121324417237915,2233,"tags=70%, list=11%, signal=62%","Ext1/Ext2/Agrn/Sdc3/Sdc4/Sdc1/Gpc3","INRR_vs_ARR = Neonate_Reinfected_IFN - Adult_Reinfected","Reactome","INRR_vs_ARR = Neonate_Reinfected_IFN - Adult_Reinfected | Positive NES/logFC = higher in Neonate_Reinfected_IFN ; Negative NES/logFC = higher in Adult_Reinfected"
"REACTOME_DISEASES_OF_MITOTIC_CELL_CYCLE","REACTOME_DISEASES_OF_MITOTIC_CELL_CYCLE",23,-0.413410784301883,-1.58519897116576,0.0204139404072272,0.0342997283191286,0.0121324417237915,4205,"tags=52%, list=21%, signal=41%","Ccnd3/Cdkn1a/Rb1/Cdk6/Ccnd2/Tfdp2/Atrx/Ube2s/Ube2c/Cdk4/Cdkn1b/Ccnd1","INRR_vs_ARR = Neonate_Reinfected_IFN - Adult_Reinfected","Reactome","INRR_vs_ARR = Neonate_Reinfected_IFN - Adult_Reinfected | Positive NES/logFC = higher in Neonate_Reinfected_IFN ; Negative NES/logFC = higher in Adult_Reinfected"
"REACTOME_DEFECTIVE_B4GALT7_CAUSES_EDS_PROGEROID_TYPE","REACTOME_DEFECTIVE_B4GALT7_CAUSES_EDS_PROGEROID_TYPE",14,-0.527684726990149,-1.72634153403255,0.020515459837492,0.0343547022363425,0.0121518870045448,2100,"tags=50%, list=11%, signal=45%","Agrn/Sdc3/Sdc4/Dcn/Sdc1/Gpc3/Bgn","INRR_vs_ARR = Neonate_Reinfected_IFN - Adult_Reinfected","Reactome","INRR_vs_ARR = Neonate_Reinfected_IFN - Adult_Reinfected | Positive NES/logFC = higher in Neonate_Reinfected_IFN ; Negative NES/logFC = higher in Adult_Reinfected"
"REACTOME_ROS_AND_RNS_PRODUCTION_IN_PHAGOCYTES","REACTOME_ROS_AND_RNS_PRODUCTION_IN_PHAGOCYTES",20,-0.451645931968457,-1.65300645916221,0.0208836770645422,0.0349121369539217,0.0123490618673578,4126,"tags=65%, list=21%, signal=52%","Atp6v1c1/Atp6v0a1/Atp6v1d/Atp6v1f/Atp6v1h/Tcirg1/Atp6v1g1/Atp6v1e1/Atp6v0d1/Rac2/Atp6v0e/Atp6v0b/Atp6v0c","INRR_vs_ARR = Neonate_Reinfected_IFN - Adult_Reinfected","Reactome","INRR_vs_ARR = Neonate_Reinfected_IFN - Adult_Reinfected | Positive NES/logFC = higher in Neonate_Reinfected_IFN ; Negative NES/logFC = higher in Adult_Reinfected"
"REACTOME_PHOSPHORYLATION_OF_CD3_AND_TCR_ZETA_CHAINS","REACTOME_PHOSPHORYLATION_OF_CD3_AND_TCR_ZETA_CHAINS",12,-0.533158306987397,-1.66730246745892,0.0209252472061342,0.0349225409453726,0.0123527419495671,2716,"tags=50%, list=14%, signal=43%","Csk/Cd3g/H2-Eb1/Cd3e/Ptprc/H2-Ea","INRR_vs_ARR = Neonate_Reinfected_IFN - Adult_Reinfected","Reactome","INRR_vs_ARR = Neonate_Reinfected_IFN - Adult_Reinfected | Positive NES/logFC = higher in Neonate_Reinfected_IFN ; Negative NES/logFC = higher in Adult_Reinfected"
"REACTOME_SIGNALING_BY_FLT3_ITD_AND_TKD_MUTANTS","REACTOME_SIGNALING_BY_FLT3_ITD_AND_TKD_MUTANTS",10,-0.607548671353532,-1.75245136804976,0.0210363341578312,0.0350003083543283,0.0123802497055583,5049,"tags=70%, list=25%, signal=52%","Ptpn11/Gab2/Cdkn1a/Sos1/Hras/Bcl2l1/Grb2","INRR_vs_ARR = Neonate_Reinfected_IFN - Adult_Reinfected","Reactome","INRR_vs_ARR = Neonate_Reinfected_IFN - Adult_Reinfected | Positive NES/logFC = higher in Neonate_Reinfected_IFN ; Negative NES/logFC = higher in Adult_Reinfected"
"REACTOME_GENE_SILENCING_BY_RNA","REACTOME_GENE_SILENCING_BY_RNA",26,-0.41038655078748,-1.60681717533461,0.0210426955085739,0.0350003083543283,0.0123802497055583,2130,"tags=38%, list=11%, signal=34%","H4c14/Polr2g/Ago2/Tsn/Polr2a/H2az2/Polr2e/Ran/Polr2f/Hsp90aa1","INRR_vs_ARR = Neonate_Reinfected_IFN - Adult_Reinfected","Reactome","INRR_vs_ARR = Neonate_Reinfected_IFN - Adult_Reinfected | Positive NES/logFC = higher in Neonate_Reinfected_IFN ; Negative NES/logFC = higher in Adult_Reinfected"
"REACTOME_HDACS_DEACETYLATE_HISTONES","REACTOME_HDACS_DEACETYLATE_HISTONES",11,-0.570342338147104,-1.74862322358901,0.021455147713862,0.035566587149825,0.0125805528806114,3284,"tags=73%, list=16%, signal=61%","Mta1/Hdac1/H4c14/Arid4b/Arid4a/Hdac2/Ncor2/Rbbp7","INRR_vs_ARR = Neonate_Reinfected_IFN - Adult_Reinfected","Reactome","INRR_vs_ARR = Neonate_Reinfected_IFN - Adult_Reinfected | Positive NES/logFC = higher in Neonate_Reinfected_IFN ; Negative NES/logFC = higher in Adult_Reinfected"
"REACTOME_REGULATION_OF_TP53_ACTIVITY_THROUGH_ACETYLATION","REACTOME_REGULATION_OF_TP53_ACTIVITY_THROUGH_ACETYLATION",11,-0.570335556054235,-1.74860243024385,0.021455147713862,0.035566587149825,0.0125805528806114,2655,"tags=55%, list=13%, signal=47%","Akt3/Trp53/Hdac2/Akt2/Akt1/Rbbp7","INRR_vs_ARR = Neonate_Reinfected_IFN - Adult_Reinfected","Reactome","INRR_vs_ARR = Neonate_Reinfected_IFN - Adult_Reinfected | Positive NES/logFC = higher in Neonate_Reinfected_IFN ; Negative NES/logFC = higher in Adult_Reinfected"
"REACTOME_SYNTHESIS_SECRETION_AND_INACTIVATION_OF_GLUCAGON_LIKE_PEPTIDE_1_GLP_1","REACTOME_SYNTHESIS_SECRETION_AND_INACTIVATION_OF_GLUCAGON_LIKE_PEPTIDE_1_GLP_1",10,-0.604906638357978,-1.7448305229129,0.0222131733385854,0.0366387566920239,0.012959798872525,945,"tags=40%, list=5%, signal=38%","Spcs3/Sec11a/Spcs1/Ctnnb1","INRR_vs_ARR = Neonate_Reinfected_IFN - Adult_Reinfected","Reactome","INRR_vs_ARR = Neonate_Reinfected_IFN - Adult_Reinfected | Positive NES/logFC = higher in Neonate_Reinfected_IFN ; Negative NES/logFC = higher in Adult_Reinfected"
"REACTOME_BMAL1_CLOCK_NPAS2_ACTIVATES_CIRCADIAN_EXPRESSION","REACTOME_BMAL1_CLOCK_NPAS2_ACTIVATES_CIRCADIAN_EXPRESSION",10,-0.603379895369692,-1.74042668999443,0.0222131733385854,0.0366387566920239,0.012959798872525,1978,"tags=60%, list=10%, signal=54%","Ncoa6/Nampt/Helz2/Serpine1/Crebbp/Bhlhe40","INRR_vs_ARR = Neonate_Reinfected_IFN - Adult_Reinfected","Reactome","INRR_vs_ARR = Neonate_Reinfected_IFN - Adult_Reinfected | Positive NES/logFC = higher in Neonate_Reinfected_IFN ; Negative NES/logFC = higher in Adult_Reinfected"
"REACTOME_TBC_RABGAPS","REACTOME_TBC_RABGAPS",10,-0.602997143866291,-1.73932265763062,0.0222131733385854,0.0366387566920239,0.012959798872525,4016,"tags=60%, list=20%, signal=48%","Optn/Gga2/Tsc2/Rab5a/Gabarapl2/Arf6","INRR_vs_ARR = Neonate_Reinfected_IFN - Adult_Reinfected","Reactome","INRR_vs_ARR = Neonate_Reinfected_IFN - Adult_Reinfected | Positive NES/logFC = higher in Neonate_Reinfected_IFN ; Negative NES/logFC = higher in Adult_Reinfected"
"REACTOME_PI_METABOLISM","REACTOME_PI_METABOLISM",22,-0.432786655036033,-1.64711900184665,0.0225891955937758,0.0371968754110842,0.0131572156791817,2837,"tags=27%, list=14%, signal=23%","Rab5a/Pik3cd/Pten/Gde1/Rab14/Arf1","INRR_vs_ARR = Neonate_Reinfected_IFN - Adult_Reinfected","Reactome","INRR_vs_ARR = Neonate_Reinfected_IFN - Adult_Reinfected | Positive NES/logFC = higher in Neonate_Reinfected_IFN ; Negative NES/logFC = higher in Adult_Reinfected"
"REACTOME_REGULATION_OF_MECP2_EXPRESSION_AND_ACTIVITY","REACTOME_REGULATION_OF_MECP2_EXPRESSION_AND_ACTIVITY",15,-0.487137130857544,-1.62751618037269,0.0235159840044453,0.0386585560672079,0.0136742388816461,2607,"tags=60%, list=13%, signal=52%","Mov10/Hipk2/Hdac1/Prkaca/Lbr/Ago2/Hdac2/Ncor2/Calm1","INRR_vs_ARR = Neonate_Reinfected_IFN - Adult_Reinfected","Reactome","INRR_vs_ARR = Neonate_Reinfected_IFN - Adult_Reinfected | Positive NES/logFC = higher in Neonate_Reinfected_IFN ; Negative NES/logFC = higher in Adult_Reinfected"
"REACTOME_INCRETIN_SYNTHESIS_SECRETION_AND_INACTIVATION","REACTOME_INCRETIN_SYNTHESIS_SECRETION_AND_INACTIVATION",11,-0.561611591733042,-1.72185546514328,0.0237903676339657,0.0390446565155451,0.0138108096773503,945,"tags=36%, list=5%, signal=35%","Spcs3/Sec11a/Spcs1/Ctnnb1","INRR_vs_ARR = Neonate_Reinfected_IFN - Adult_Reinfected","Reactome","INRR_vs_ARR = Neonate_Reinfected_IFN - Adult_Reinfected | Positive NES/logFC = higher in Neonate_Reinfected_IFN ; Negative NES/logFC = higher in Adult_Reinfected"
"REACTOME_NUCLEAR_SIGNALING_BY_ERBB4","REACTOME_NUCLEAR_SIGNALING_BY_ERBB4",18,-0.46856391030394,-1.66553702975628,0.0243713080223501,0.0399317617347958,0.0141245950308462,1628,"tags=39%, list=8%, signal=36%","Adam17/Mxd4/Aph1a/Stmn1/Psenen/Sparc/Apoe","INRR_vs_ARR = Neonate_Reinfected_IFN - Adult_Reinfected","Reactome","INRR_vs_ARR = Neonate_Reinfected_IFN - Adult_Reinfected | Positive NES/logFC = higher in Neonate_Reinfected_IFN ; Negative NES/logFC = higher in Adult_Reinfected"
"REACTOME_SUMOYLATION_OF_RNA_BINDING_PROTEINS","REACTOME_SUMOYLATION_OF_RNA_BINDING_PROTEINS",13,-0.509131757669148,-1.63680540412584,0.0244344906724439,0.0399690012986334,0.0141377673462032,3696,"tags=62%, list=19%, signal=50%","Cbx8/Nupl1/Nup205/Nup153/Rae1/Ube2i/Nup98/Hnrnpc","INRR_vs_ARR = Neonate_Reinfected_IFN - Adult_Reinfected","Reactome","INRR_vs_ARR = Neonate_Reinfected_IFN - Adult_Reinfected | Positive NES/logFC = higher in Neonate_Reinfected_IFN ; Negative NES/logFC = higher in Adult_Reinfected"
"REACTOME_GABA_B_RECEPTOR_ACTIVATION","REACTOME_GABA_B_RECEPTOR_ACTIVATION",16,-0.498321506865461,-1.68833495309044,0.0248774357099658,0.0405592516195482,0.0143465496885681,1371,"tags=31%, list=7%, signal=29%","Gng12/Gng11/Gnai3/Gnai2/Gnb2","INRR_vs_ARR = Neonate_Reinfected_IFN - Adult_Reinfected","Reactome","INRR_vs_ARR = Neonate_Reinfected_IFN - Adult_Reinfected | Positive NES/logFC = higher in Neonate_Reinfected_IFN ; Negative NES/logFC = higher in Adult_Reinfected"
"REACTOME_FATTY_ACYL_COA_BIOSYNTHESIS","REACTOME_FATTY_ACYL_COA_BIOSYNTHESIS",17,-0.472859732515173,-1.63128296938039,0.0248764128518288,0.0405592516195482,0.0143465496885681,1710,"tags=47%, list=9%, signal=43%","Ppt1/Fasn/Acsl1/Acsl4/Acsl5/Acly/Scd1/Scd2","INRR_vs_ARR = Neonate_Reinfected_IFN - Adult_Reinfected","Reactome","INRR_vs_ARR = Neonate_Reinfected_IFN - Adult_Reinfected | Positive NES/logFC = higher in Neonate_Reinfected_IFN ; Negative NES/logFC = higher in Adult_Reinfected"
"REACTOME_CHONDROITIN_SULFATE_DERMATAN_SULFATE_METABOLISM","REACTOME_CHONDROITIN_SULFATE_DERMATAN_SULFATE_METABOLISM",13,-0.507699457583385,-1.6322007090044,0.0250817526085786,0.0408249943612449,0.0144405477604233,1095,"tags=46%, list=5%, signal=44%","Chpf2/Chst12/Chpf/Gusb/Dcn/Bgn","INRR_vs_ARR = Neonate_Reinfected_IFN - Adult_Reinfected","Reactome","INRR_vs_ARR = Neonate_Reinfected_IFN - Adult_Reinfected | Positive NES/logFC = higher in Neonate_Reinfected_IFN ; Negative NES/logFC = higher in Adult_Reinfected"
"REACTOME_REGULATED_NECROSIS","REACTOME_REGULATED_NECROSIS",33,-0.364985248776313,-1.53991369589021,0.0251417575845239,0.0408553560748513,0.0144512872542623,3448,"tags=42%, list=17%, signal=35%","Casp8/Irf2/Tnfsf10/Casp4/Cycs/Flot2/Trp53/Traf2/Bak1/Peli1/Bax/Irf1/Sdcbp/Hsp90aa1","INRR_vs_ARR = Neonate_Reinfected_IFN - Adult_Reinfected","Reactome","INRR_vs_ARR = Neonate_Reinfected_IFN - Adult_Reinfected | Positive NES/logFC = higher in Neonate_Reinfected_IFN ; Negative NES/logFC = higher in Adult_Reinfected"
"REACTOME_TNF_SIGNALING","REACTOME_TNF_SIGNALING",29,-0.3827861846285,-1.57255575670616,0.0259020022429958,0.0420216391068634,0.0148638229101627,4681,"tags=59%, list=23%, signal=45%","Map3k7/Ripk1/Madd/Ikbkb/Optn/Ikbkg/Casp8/Tbk1/Rnf31/Chuk/Traf2/Traf1/Cyld/Adam17/Tnfrsf1a/Sppl2a/Rack1","INRR_vs_ARR = Neonate_Reinfected_IFN - Adult_Reinfected","Reactome","INRR_vs_ARR = Neonate_Reinfected_IFN - Adult_Reinfected | Positive NES/logFC = higher in Neonate_Reinfected_IFN ; Negative NES/logFC = higher in Adult_Reinfected"
"REACTOME_ADIPOGENESIS","REACTOME_ADIPOGENESIS",45,-0.327871879375429,-1.52644589592447,0.0260929814386595,0.0422565228957856,0.0149469056055837,2117,"tags=27%, list=11%, signal=24%","Hdac2/Ncor2/Helz2/Med13l/Crebbp/Srebf2/Nfkb1/Cdk4/Cebpa/Rbbp7/Cd36/Hnrnpu","INRR_vs_ARR = Neonate_Reinfected_IFN - Adult_Reinfected","Reactome","INRR_vs_ARR = Neonate_Reinfected_IFN - Adult_Reinfected | Positive NES/logFC = higher in Neonate_Reinfected_IFN ; Negative NES/logFC = higher in Adult_Reinfected"
"REACTOME_CHROMOSOME_MAINTENANCE","REACTOME_CHROMOSOME_MAINTENANCE",50,-0.316981171624989,-1.51939875832684,0.0261323233697622,0.0422565228957856,0.0149469056055837,3844,"tags=30%, list=19%, signal=24%","Cenpa/Ruvbl2/Rfc5/Rpa3/Rfc2/H4c14/Polr2g/Atrx/Polr2a/H2az2/Polr2e/Polr2f/Rbbp7/Pcna/Npm1","INRR_vs_ARR = Neonate_Reinfected_IFN - Adult_Reinfected","Reactome","INRR_vs_ARR = Neonate_Reinfected_IFN - Adult_Reinfected | Positive NES/logFC = higher in Neonate_Reinfected_IFN ; Negative NES/logFC = higher in Adult_Reinfected"
"REACTOME_ADORA2B_MEDIATED_ANTI_INFLAMMATORY_CYTOKINES_PRODUCTION","REACTOME_ADORA2B_MEDIATED_ANTI_INFLAMMATORY_CYTOKINES_PRODUCTION",20,-0.445385848496717,-1.63009479832077,0.0262595154716305,0.0423236562577014,0.0149706519044927,2607,"tags=40%, list=13%, signal=35%","Prkaca/Prkar2a/Gng12/Gng11/Gnai3/Gnai2/Gnb2/Gnas","INRR_vs_ARR = Neonate_Reinfected_IFN - Adult_Reinfected","Reactome","INRR_vs_ARR = Neonate_Reinfected_IFN - Adult_Reinfected | Positive NES/logFC = higher in Neonate_Reinfected_IFN ; Negative NES/logFC = higher in Adult_Reinfected"
"REACTOME_REGULATION_OF_TP53_EXPRESSION_AND_DEGRADATION","REACTOME_REGULATION_OF_TP53_EXPRESSION_AND_DEGRADATION",20,-0.444133354344186,-1.62551071867419,0.0262595154716305,0.0423236562577014,0.0149706519044927,3412,"tags=50%, list=17%, signal=41%","Prdm1/Mtor/Cdk1/Akt3/Trp53/Akt2/Ppp2cb/Ccng1/Mdm2/Akt1","INRR_vs_ARR = Neonate_Reinfected_IFN - Adult_Reinfected","Reactome","INRR_vs_ARR = Neonate_Reinfected_IFN - Adult_Reinfected | Positive NES/logFC = higher in Neonate_Reinfected_IFN ; Negative NES/logFC = higher in Adult_Reinfected"
"REACTOME_INTERLEUKIN_35_SIGNALLING","REACTOME_INTERLEUKIN_35_SIGNALLING",12,-0.519712716326135,-1.62525516895084,0.0266755971697979,0.0429242508204566,0.0151830931945361,3076,"tags=50%, list=15%, signal=42%","Jak1/Jak2/Stat1/Stat3/Il6st/Canx","INRR_vs_ARR = Neonate_Reinfected_IFN - Adult_Reinfected","Reactome","INRR_vs_ARR = Neonate_Reinfected_IFN - Adult_Reinfected | Positive NES/logFC = higher in Neonate_Reinfected_IFN ; Negative NES/logFC = higher in Adult_Reinfected"
"REACTOME_NOTCH1_INTRACELLULAR_DOMAIN_REGULATES_TRANSCRIPTION","REACTOME_NOTCH1_INTRACELLULAR_DOMAIN_REGULATES_TRANSCRIPTION",30,-0.372995272019196,-1.55939924841144,0.0270453331699188,0.0434484376778533,0.0153685076806385,2757,"tags=37%, list=14%, signal=32%","Notch1/Tle3/Hdac2/Ncor2/Rbpj/Crebbp/Cul1/Hes1/Rbx1/Hif1a/Skp1","INRR_vs_ARR = Neonate_Reinfected_IFN - Adult_Reinfected","Reactome","INRR_vs_ARR = Neonate_Reinfected_IFN - Adult_Reinfected | Positive NES/logFC = higher in Neonate_Reinfected_IFN ; Negative NES/logFC = higher in Adult_Reinfected"
"REACTOME_GABA_RECEPTOR_ACTIVATION","REACTOME_GABA_RECEPTOR_ACTIVATION",18,-0.462554472825068,-1.64417614295095,0.0277718917108366,0.0445432289128354,0.0157557553793537,1371,"tags=28%, list=7%, signal=26%","Gng12/Gng11/Gnai3/Gnai2/Gnb2","INRR_vs_ARR = Neonate_Reinfected_IFN - Adult_Reinfected","Reactome","INRR_vs_ARR = Neonate_Reinfected_IFN - Adult_Reinfected | Positive NES/logFC = higher in Neonate_Reinfected_IFN ; Negative NES/logFC = higher in Adult_Reinfected"
"REACTOME_SIGNALING_BY_SCF_KIT","REACTOME_SIGNALING_BY_SCF_KIT",27,-0.394609702194451,-1.580442513995,0.028093798036023,0.0449865031759979,0.0159125495998629,3078,"tags=44%, list=15%, signal=38%","Sos1/Jak2/Src/Stat1/Fes/Ptpn6/Fyn/Hras/Lyn/Rac1/Grb2/Stat3","INRR_vs_ARR = Neonate_Reinfected_IFN - Adult_Reinfected","Reactome","INRR_vs_ARR = Neonate_Reinfected_IFN - Adult_Reinfected | Positive NES/logFC = higher in Neonate_Reinfected_IFN ; Negative NES/logFC = higher in Adult_Reinfected"
"REACTOME_REGULATION_OF_EXPRESSION_AND_FUNCTION_OF_TYPE_II_CLASSICAL_CADHERINS","REACTOME_REGULATION_OF_EXPRESSION_AND_FUNCTION_OF_TYPE_II_CLASSICAL_CADHERINS",18,-0.461113015744671,-1.63905240189575,0.0281497347885669,0.0450031358755729,0.0159184328901451,4057,"tags=50%, list=20%, signal=40%","Heyl/Cdh11/Ctnnd1/Ilf3/Sp1/Ago2/Jup/Ctnna1/Ctnnb1","INRR_vs_ARR = Neonate_Reinfected_IFN - Adult_Reinfected","Reactome","INRR_vs_ARR = Neonate_Reinfected_IFN - Adult_Reinfected | Positive NES/logFC = higher in Neonate_Reinfected_IFN ; Negative NES/logFC = higher in Adult_Reinfected"
"REACTOME_TELOMERE_MAINTENANCE","REACTOME_TELOMERE_MAINTENANCE",44,-0.324388692034029,-1.51817171142421,0.0284497355159541,0.0454092709043015,0.0160620902836438,5173,"tags=43%, list=26%, signal=32%","Polr2h/Rfc3/Rpa1/Nhp2/Polr2j/Pold2/H2aj/Ruvbl2/Rfc5/Rpa3/Rfc2/H4c14/Polr2g/Atrx/Polr2a/H2az2/Polr2e/Polr2f/Pcna","INRR_vs_ARR = Neonate_Reinfected_IFN - Adult_Reinfected","Reactome","INRR_vs_ARR = Neonate_Reinfected_IFN - Adult_Reinfected | Positive NES/logFC = higher in Neonate_Reinfected_IFN ; Negative NES/logFC = higher in Adult_Reinfected"
"REACTOME_SIGNALING_BY_NOTCH1_PEST_DOMAIN_MUTANTS_IN_CANCER","REACTOME_SIGNALING_BY_NOTCH1_PEST_DOMAIN_MUTANTS_IN_CANCER",36,-0.353252412250897,-1.50625432718339,0.0287179161660993,0.0457633889872679,0.0161873483313157,2117,"tags=36%, list=11%, signal=32%","Hdac2/Ncor2/Jag1/Adam17/Rbpj/Crebbp/Cul1/Adam10/Aph1a/Hes1/Psenen/Rbx1/Skp1","INRR_vs_ARR = Neonate_Reinfected_IFN - Adult_Reinfected","Reactome","INRR_vs_ARR = Neonate_Reinfected_IFN - Adult_Reinfected | Positive NES/logFC = higher in Neonate_Reinfected_IFN ; Negative NES/logFC = higher in Adult_Reinfected"
"REACTOME_O_LINKED_GLYCOSYLATION","REACTOME_O_LINKED_GLYCOSYLATION",18,-0.459612937244929,-1.63372028767629,0.0292832644668684,0.0465233000587341,0.0164561427865968,908,"tags=28%, list=5%, signal=27%","St3gal4/Muc1/Galnt1/Spon1/Thbs1","INRR_vs_ARR = Neonate_Reinfected_IFN - Adult_Reinfected","Reactome","INRR_vs_ARR = Neonate_Reinfected_IFN - Adult_Reinfected | Positive NES/logFC = higher in Neonate_Reinfected_IFN ; Negative NES/logFC = higher in Adult_Reinfected"
"REACTOME_BUTYRATE_RESPONSE_FACTOR_1_BRF1_BINDS_AND_DESTABILIZES_MRNA","REACTOME_BUTYRATE_RESPONSE_FACTOR_1_BRF1_BINDS_AND_DESTABILIZES_MRNA",13,-0.497100937899502,-1.59812757561015,0.0292889601584338,0.0465233000587341,0.0164561427865968,3362,"tags=38%, list=17%, signal=32%","Exosc7/Zfp36l1/Exosc8/Ywhab/Akt1","INRR_vs_ARR = Neonate_Reinfected_IFN - Adult_Reinfected","Reactome","INRR_vs_ARR = Neonate_Reinfected_IFN - Adult_Reinfected | Positive NES/logFC = higher in Neonate_Reinfected_IFN ; Negative NES/logFC = higher in Adult_Reinfected"
"REACTOME_SMAD2_SMAD3_SMAD4_HETEROTRIMER_REGULATES_TRANSCRIPTION","REACTOME_SMAD2_SMAD3_SMAD4_HETEROTRIMER_REGULATES_TRANSCRIPTION",25,-0.406850402616376,-1.58720258270142,0.0297277533641101,0.0471444949016705,0.0166758707728048,3201,"tags=44%, list=16%, signal=37%","Tgif1/E2f4/Tfdp2/Sp1/Cdk9/Mapk1/Serpine1/Smad7/Junb/Furin/Col1a2","INRR_vs_ARR = Neonate_Reinfected_IFN - Adult_Reinfected","Reactome","INRR_vs_ARR = Neonate_Reinfected_IFN - Adult_Reinfected | Positive NES/logFC = higher in Neonate_Reinfected_IFN ; Negative NES/logFC = higher in Adult_Reinfected"
"REACTOME_NUCLEAR_RNA_DECAY","REACTOME_NUCLEAR_RNA_DECAY",13,-0.494636591478697,-1.59020495935521,0.0302598551952878,0.047911437392539,0.0169471523698306,10096,"tags=100%, list=51%, signal=49%","Exosc1/Exosc9/Exosc10/Tent4a/Ncbp1/Exosc4/Exosc5/Ythdc1/Exosc7/Ncbp2/Exosc8/Mtrex","INRR_vs_ARR = Neonate_Reinfected_IFN - Adult_Reinfected","Reactome","INRR_vs_ARR = Neonate_Reinfected_IFN - Adult_Reinfected | Positive NES/logFC = higher in Neonate_Reinfected_IFN ; Negative NES/logFC = higher in Adult_Reinfected"
"REACTOME_G_ALPHA_Z_SIGNALLING_EVENTS","REACTOME_G_ALPHA_Z_SIGNALLING_EVENTS",25,-0.403319824687699,-1.57342911124658,0.0311321857844635,0.0492137592880798,0.0174078074617968,1371,"tags=24%, list=7%, signal=22%","Gng12/Gng11/Gnai3/Gnai2/Gnb2/Gnas","INRR_vs_ARR = Neonate_Reinfected_IFN - Adult_Reinfected","Reactome","INRR_vs_ARR = Neonate_Reinfected_IFN - Adult_Reinfected | Positive NES/logFC = higher in Neonate_Reinfected_IFN ; Negative NES/logFC = higher in Adult_Reinfected"
"REACTOME_TNFR1_INDUCED_NF_KAPPA_B_SIGNALING_PATHWAY","REACTOME_TNFR1_INDUCED_NF_KAPPA_B_SIGNALING_PATHWAY",19,-0.430783694776995,-1.54596774672247,0.032589893024311,0.0514358056038646,0.0181937859157075,2454,"tags=63%, list=12%, signal=55%","Map3k7/Ripk1/Ikbkb/Optn/Ikbkg/Rnf31/Chuk/Traf2/Traf1/Cyld/Tnfrsf1a/Rack1","INRR_vs_ARR = Neonate_Reinfected_IFN - Adult_Reinfected","Reactome","INRR_vs_ARR = Neonate_Reinfected_IFN - Adult_Reinfected | Positive NES/logFC = higher in Neonate_Reinfected_IFN ; Negative NES/logFC = higher in Adult_Reinfected"
"REACTOME_VISUAL_PHOTOTRANSDUCTION","REACTOME_VISUAL_PHOTOTRANSDUCTION",39,-0.336508265374229,-1.49665065275764,0.0331180579468069,0.0521860307040594,0.0184591542656592,2589,"tags=33%, list=13%, signal=29%","Rbp1/Dhrs3/Metap1/Nmt1/Agrn/Sdc3/Sdc4/Sdc1/Gpc3/Lrp1/Lrp10/Calm1/Apoe","INRR_vs_ARR = Neonate_Reinfected_IFN - Adult_Reinfected","Reactome","INRR_vs_ARR = Neonate_Reinfected_IFN - Adult_Reinfected | Positive NES/logFC = higher in Neonate_Reinfected_IFN ; Negative NES/logFC = higher in Adult_Reinfected"
"REACTOME_FLT3_SIGNALING_IN_DISEASE","REACTOME_FLT3_SIGNALING_IN_DISEASE",14,-0.506213839767248,-1.65609867406417,0.0332238834857945,0.0521863225500239,0.0184592574969187,3995,"tags=57%, list=20%, signal=46%","Cdkn1a/Cbl/Flt3l/Sos1/Hras/Bcl2l1/Grb2/Sptbn1","INRR_vs_ARR = Neonate_Reinfected_IFN - Adult_Reinfected","Reactome","INRR_vs_ARR = Neonate_Reinfected_IFN - Adult_Reinfected | Positive NES/logFC = higher in Neonate_Reinfected_IFN ; Negative NES/logFC = higher in Adult_Reinfected"
"REACTOME_NS1_MEDIATED_EFFECTS_ON_HOST_PATHWAYS","REACTOME_NS1_MEDIATED_EFFECTS_ON_HOST_PATHWAYS",14,-0.5046938190259,-1.65112586586229,0.0332238834857945,0.0521863225500239,0.0184592574969187,3526,"tags=57%, list=18%, signal=47%","Nupl1/Nup205/Eif2ak2/Nup153/Rae1/Isg15/Nup98/Kpnb1","INRR_vs_ARR = Neonate_Reinfected_IFN - Adult_Reinfected","Reactome","INRR_vs_ARR = Neonate_Reinfected_IFN - Adult_Reinfected | Positive NES/logFC = higher in Neonate_Reinfected_IFN ; Negative NES/logFC = higher in Adult_Reinfected"
"REACTOME_ONCOGENE_INDUCED_SENESCENCE","REACTOME_ONCOGENE_INDUCED_SENESCENCE",23,-0.394535126677264,-1.51282138890904,0.0334066129719739,0.0523900533592226,0.0185313208131919,2741,"tags=57%, list=14%, signal=49%","Rb1/Cdk6/Cdkn2c/Trp53/Id1/Cdkn2d/Tfdp2/Sp1/Ets2/Mapk1/Ets1/Mdm2/Cdk4","INRR_vs_ARR = Neonate_Reinfected_IFN - Adult_Reinfected","Reactome","INRR_vs_ARR = Neonate_Reinfected_IFN - Adult_Reinfected | Positive NES/logFC = higher in Neonate_Reinfected_IFN ; Negative NES/logFC = higher in Adult_Reinfected"
"REACTOME_INTERLEUKIN_17_SIGNALING","REACTOME_INTERLEUKIN_17_SIGNALING",44,-0.32039560336228,-1.49948365474552,0.0334999299281659,0.0524531390951314,0.0185536353926951,4369,"tags=52%, list=22%, signal=41%","Mapk9/Rps6ka3/Nod1/Ikbkb/Ikbkg/Fbxw11/Fos/Tnip2/Il17ra/Mef2a/Irak1/Map2k3/Chuk/Mapk14/Rps6ka1/Mapk1/Ppp2cb/Dusp3/Cul1/Nfkb1/Dusp6/Jun/Skp1","INRR_vs_ARR = Neonate_Reinfected_IFN - Adult_Reinfected","Reactome","INRR_vs_ARR = Neonate_Reinfected_IFN - Adult_Reinfected | Positive NES/logFC = higher in Neonate_Reinfected_IFN ; Negative NES/logFC = higher in Adult_Reinfected"
"REACTOME_PHOSPHOLIPID_METABOLISM","REACTOME_PHOSPHOLIPID_METABOLISM",55,-0.294689077360401,-1.46993716074043,0.0335857732140856,0.0525043416701212,0.0185717466806736,4363,"tags=42%, list=22%, signal=33%","Hadhb/Pik3cb/Lclat1/Gpam/Dgat1/Csnk2a2/Csnk2b/Pnpla8/Lpin2/Chpt1/Pgs1/Gpd2/Rab5a/Pik3cd/Agpat4/Mgll/Plaat3/Pten/Gde1/Hadha/Agpat3/Rab14/Arf1","INRR_vs_ARR = Neonate_Reinfected_IFN - Adult_Reinfected","Reactome","INRR_vs_ARR = Neonate_Reinfected_IFN - Adult_Reinfected | Positive NES/logFC = higher in Neonate_Reinfected_IFN ; Negative NES/logFC = higher in Adult_Reinfected"
"REACTOME_AZATHIOPRINE_ADME","REACTOME_AZATHIOPRINE_ADME",17,-0.459744479272084,-1.58603765077235,0.0341325922566495,0.0532748833326535,0.0188443013705955,2384,"tags=41%, list=12%, signal=36%","Nme1/Guk1/Gmps/Xdh/Rac1/Hprt/Gstm2","INRR_vs_ARR = Neonate_Reinfected_IFN - Adult_Reinfected","Reactome","INRR_vs_ARR = Neonate_Reinfected_IFN - Adult_Reinfected | Positive NES/logFC = higher in Neonate_Reinfected_IFN ; Negative NES/logFC = higher in Adult_Reinfected"
"REACTOME_TP53_REGULATES_TRANSCRIPTION_OF_GENES_INVOLVED_IN_G2_CELL_CYCLE_ARREST","REACTOME_TP53_REGULATES_TRANSCRIPTION_OF_GENES_INVOLVED_IN_G2_CELL_CYCLE_ARREST",11,-0.539576209747907,-1.65429677608463,0.0343218982253872,0.0534858603259977,0.0189189277948341,3103,"tags=55%, list=16%, signal=46%","E2f4/Cdk1/Trp53/Tfdp2/Bax/Pcna","INRR_vs_ARR = Neonate_Reinfected_IFN - Adult_Reinfected","Reactome","INRR_vs_ARR = Neonate_Reinfected_IFN - Adult_Reinfected | Positive NES/logFC = higher in Neonate_Reinfected_IFN ; Negative NES/logFC = higher in Adult_Reinfected"
"REACTOME_NR1H2_AND_NR1H3_MEDIATED_SIGNALING","REACTOME_NR1H2_AND_NR1H3_MEDIATED_SIGNALING",22,-0.407231902245654,-1.54986156930169,0.0359272493674157,0.0558994053149712,0.0197726428346158,2712,"tags=41%, list=14%, signal=35%","Rxrb/Kdm3a/Ago2/Ncor2/Fasn/Abca1/Scd1/Scd2/Apoe","INRR_vs_ARR = Neonate_Reinfected_IFN - Adult_Reinfected","Reactome","INRR_vs_ARR = Neonate_Reinfected_IFN - Adult_Reinfected | Positive NES/logFC = higher in Neonate_Reinfected_IFN ; Negative NES/logFC = higher in Adult_Reinfected"
"REACTOME_EGR2_AND_SOX10_MEDIATED_INITIATION_OF_SCHWANN_CELL_MYELINATION","REACTOME_EGR2_AND_SOX10_MEDIATED_INITIATION_OF_SCHWANN_CELL_MYELINATION",12,-0.49608490299264,-1.55136583635431,0.0382046725739833,0.0593493970174457,0.0209929680479352,3093,"tags=67%, list=15%, signal=56%","Hmgcr/Cyp51/Wwtr1/Nab2/Pmp22/Hdac2/Srebf2/Lamc1","INRR_vs_ARR = Neonate_Reinfected_IFN - Adult_Reinfected","Reactome","INRR_vs_ARR = Neonate_Reinfected_IFN - Adult_Reinfected | Positive NES/logFC = higher in Neonate_Reinfected_IFN ; Negative NES/logFC = higher in Adult_Reinfected"
"REACTOME_RMTS_METHYLATE_HISTONE_ARGININES","REACTOME_RMTS_METHYLATE_HISTONE_ARGININES",12,-0.494821806249544,-1.54741585697894,0.0388467529235605,0.0601576675367991,0.0212788681250983,4040,"tags=75%, list=20%, signal=60%","H2aj/Prmt3/Rps2/H4c14/Jak2/H2az2/Cdk4/Rbbp7/Ccnd1","INRR_vs_ARR = Neonate_Reinfected_IFN - Adult_Reinfected","Reactome","INRR_vs_ARR = Neonate_Reinfected_IFN - Adult_Reinfected | Positive NES/logFC = higher in Neonate_Reinfected_IFN ; Negative NES/logFC = higher in Adult_Reinfected"
"REACTOME_TRISTETRAPROLIN_TTP_ZFP36_BINDS_AND_DESTABILIZES_MRNA","REACTOME_TRISTETRAPROLIN_TTP_ZFP36_BINDS_AND_DESTABILIZES_MRNA",12,-0.494611798907323,-1.54675911815432,0.0388467529235605,0.0601576675367991,0.0212788681250983,10096,"tags=100%, list=51%, signal=49%","Exosc1/Exosc9/Mapkapk2/Dcp1a/Exosc4/Dcp2/Exosc5/Exosc7/Exosc8/Zfp36/Ywhab","INRR_vs_ARR = Neonate_Reinfected_IFN - Adult_Reinfected","Reactome","INRR_vs_ARR = Neonate_Reinfected_IFN - Adult_Reinfected | Positive NES/logFC = higher in Neonate_Reinfected_IFN ; Negative NES/logFC = higher in Adult_Reinfected"
"REACTOME_SYNTHESIS_OF_IP3_AND_IP4_IN_THE_CYTOSOL","REACTOME_SYNTHESIS_OF_IP3_AND_IP4_IN_THE_CYTOSOL",10,-0.56163713065719,-1.62002124994362,0.0393238057443713,0.060801126878621,0.0215064714720884,1144,"tags=60%, list=6%, signal=57%","Plcb1/Synj1/Itpk1/Plcg1/Pten/Calm1","INRR_vs_ARR = Neonate_Reinfected_IFN - Adult_Reinfected","Reactome","INRR_vs_ARR = Neonate_Reinfected_IFN - Adult_Reinfected | Positive NES/logFC = higher in Neonate_Reinfected_IFN ; Negative NES/logFC = higher in Adult_Reinfected"
"REACTOME_ADRENALINE_NORADRENALINE_INHIBITS_INSULIN_SECRETION","REACTOME_ADRENALINE_NORADRENALINE_INHIBITS_INSULIN_SECRETION",12,-0.49451055687682,-1.54644251221373,0.0394888335147707,0.0609608867384272,0.0215629814587234,1371,"tags=33%, list=7%, signal=31%","Gng12/Gng11/Gnai2/Gnb2","INRR_vs_ARR = Neonate_Reinfected_IFN - Adult_Reinfected","Reactome","INRR_vs_ARR = Neonate_Reinfected_IFN - Adult_Reinfected | Positive NES/logFC = higher in Neonate_Reinfected_IFN ; Negative NES/logFC = higher in Adult_Reinfected"
"REACTOME_TRANSCRIPTIONAL_REGULATION_BY_E2F6","REACTOME_TRANSCRIPTIONAL_REGULATION_BY_E2F6",16,-0.470001676888682,-1.5923861366002,0.0405518597811444,0.0624069119373375,0.0220744670394162,3004,"tags=38%, list=15%, signal=32%","Ezh2/Rrm2/Eed/Tfdp2/Cbx5/Rbbp7","INRR_vs_ARR = Neonate_Reinfected_IFN - Adult_Reinfected","Reactome","INRR_vs_ARR = Neonate_Reinfected_IFN - Adult_Reinfected | Positive NES/logFC = higher in Neonate_Reinfected_IFN ; Negative NES/logFC = higher in Adult_Reinfected"
"REACTOME_INHIBITION_OF_DNA_RECOMBINATION_AT_TELOMERE","REACTOME_INHIBITION_OF_DNA_RECOMBINATION_AT_TELOMERE",16,-0.469704933622026,-1.59138075749797,0.0405518597811444,0.0624069119373375,0.0220744670394162,3284,"tags=62%, list=16%, signal=52%","Polr2h/Polr2j/H2aj/H4c14/Polr2g/Atrx/Polr2a/H2az2/Polr2e/Polr2f","INRR_vs_ARR = Neonate_Reinfected_IFN - Adult_Reinfected","Reactome","INRR_vs_ARR = Neonate_Reinfected_IFN - Adult_Reinfected | Positive NES/logFC = higher in Neonate_Reinfected_IFN ; Negative NES/logFC = higher in Adult_Reinfected"
"REACTOME_SIGNAL_TRANSDUCTION_BY_L1","REACTOME_SIGNAL_TRANSDUCTION_BY_L1",16,-0.467639218950706,-1.584382026288,0.0413392500325148,0.0634210854536096,0.0224331987754085,3921,"tags=56%, list=20%, signal=45%","Itgb3/Csnk2a2/Csnk2b/Nrp1/Itgav/Fgfr1/Mapk1/Rac1/Itgb1","INRR_vs_ARR = Neonate_Reinfected_IFN - Adult_Reinfected","Reactome","INRR_vs_ARR = Neonate_Reinfected_IFN - Adult_Reinfected | Positive NES/logFC = higher in Neonate_Reinfected_IFN ; Negative NES/logFC = higher in Adult_Reinfected"
"REACTOME_RESOLUTION_OF_SISTER_CHROMATID_COHESION","REACTOME_RESOLUTION_OF_SISTER_CHROMATID_COHESION",46,-0.304544462737016,-1.42321733973409,0.0413156720048366,0.0634210854536096,0.0224331987754085,4000,"tags=41%, list=20%, signal=33%","Rad21/Cenpa/Xpo1/Bub1b/Cdk1/Clip1/Ckap5/Zwint/Clasp1/Stag1/Dync1h1/Ppp2cb/Smc1a/Bub3/Nup98/Mapre1/Dynll2/Pafah1b1/Smc3","INRR_vs_ARR = Neonate_Reinfected_IFN - Adult_Reinfected","Reactome","INRR_vs_ARR = Neonate_Reinfected_IFN - Adult_Reinfected | Positive NES/logFC = higher in Neonate_Reinfected_IFN ; Negative NES/logFC = higher in Adult_Reinfected"
"REACTOME_RNA_POLYMERASE_I_PROMOTER_ESCAPE","REACTOME_RNA_POLYMERASE_I_PROMOTER_ESCAPE",21,-0.421545527506949,-1.57945531561867,0.0418439469534981,0.0640958443256685,0.0226718733391455,3284,"tags=43%, list=16%, signal=36%","H4c14/Ercc3/Polr1c/Gtf2h5/Polr1h/Cdk7/H2az2/Polr2e/Polr2f","INRR_vs_ARR = Neonate_Reinfected_IFN - Adult_Reinfected","Reactome","INRR_vs_ARR = Neonate_Reinfected_IFN - Adult_Reinfected | Positive NES/logFC = higher in Neonate_Reinfected_IFN ; Negative NES/logFC = higher in Adult_Reinfected"
"REACTOME_G2_M_DNA_DAMAGE_CHECKPOINT","REACTOME_G2_M_DNA_DAMAGE_CHECKPOINT",39,-0.327221352229677,-1.45534627467813,0.0432109108770037,0.0660872754589468,0.0233762789818563,3305,"tags=36%, list=17%, signal=30%","Nsd2/Rfc5/Rpa3/Rfc2/H4c14/Rad50/Cdk1/Trp53/Ywhaq/Ywhab/Ywhag/Ywhah/Ywhaz/Ywhae","INRR_vs_ARR = Neonate_Reinfected_IFN - Adult_Reinfected","Reactome","INRR_vs_ARR = Neonate_Reinfected_IFN - Adult_Reinfected | Positive NES/logFC = higher in Neonate_Reinfected_IFN ; Negative NES/logFC = higher in Adult_Reinfected"
"REACTOME_RAF_INDEPENDENT_MAPK1_3_ACTIVATION","REACTOME_RAF_INDEPENDENT_MAPK1_3_ACTIVATION",14,-0.489206345562772,-1.60045798155734,0.04342287175482,0.0663088057090605,0.0234546382861795,4551,"tags=71%, list=23%, signal=55%","Dusp1/Dusp2/Tyk2/Jak1/Jak2/Cdk1/Mapk1/Pea15a/Dusp6/Il6st","INRR_vs_ARR = Neonate_Reinfected_IFN - Adult_Reinfected","Reactome","INRR_vs_ARR = Neonate_Reinfected_IFN - Adult_Reinfected | Positive NES/logFC = higher in Neonate_Reinfected_IFN ; Negative NES/logFC = higher in Adult_Reinfected"
"REACTOME_DEVELOPMENTAL_LINEAGE_OF_MULTIPOTENT_PANCREATIC_PROGENITOR_CELLS","REACTOME_DEVELOPMENTAL_LINEAGE_OF_MULTIPOTENT_PANCREATIC_PROGENITOR_CELLS",10,0.637838490613482,1.54675508877991,0.0447822610064511,0.0682791263493422,0.024151576761114,4064,"tags=50%, list=20%, signal=40%","Pdx1/Onecut1/Nkx6-1/Foxa2/Sox9","INRR_vs_ARR = Neonate_Reinfected_IFN - Adult_Reinfected","Reactome","INRR_vs_ARR = Neonate_Reinfected_IFN - Adult_Reinfected | Positive NES/logFC = higher in Neonate_Reinfected_IFN ; Negative NES/logFC = higher in Adult_Reinfected"
"REACTOME_INTERLEUKIN_6_SIGNALING","REACTOME_INTERLEUKIN_6_SIGNALING",10,-0.549580633247062,-1.58524473511198,0.0458283815481705,0.0697664729885862,0.0246776784915945,4334,"tags=80%, list=22%, signal=63%","Tyk2/Cbl/Jak1/Jak2/Stat1/Socs3/Stat3/Il6st","INRR_vs_ARR = Neonate_Reinfected_IFN - Adult_Reinfected","Reactome","INRR_vs_ARR = Neonate_Reinfected_IFN - Adult_Reinfected | Positive NES/logFC = higher in Neonate_Reinfected_IFN ; Negative NES/logFC = higher in Adult_Reinfected"
"REACTOME_INWARDLY_RECTIFYING_K_CHANNELS","REACTOME_INWARDLY_RECTIFYING_K_CHANNELS",11,-0.524235342887368,-1.60726292594215,0.046055631215839,0.0698970255625944,0.0247238573266368,1371,"tags=45%, list=7%, signal=42%","Gngt2/Gnb4/Gng12/Gng11/Gnb2","INRR_vs_ARR = Neonate_Reinfected_IFN - Adult_Reinfected","Reactome","INRR_vs_ARR = Neonate_Reinfected_IFN - Adult_Reinfected | Positive NES/logFC = higher in Neonate_Reinfected_IFN ; Negative NES/logFC = higher in Adult_Reinfected"
"REACTOME_MTORC1_MEDIATED_SIGNALLING","REACTOME_MTORC1_MEDIATED_SIGNALLING",11,-0.522961722942672,-1.6033581107735,0.046055631215839,0.0698970255625944,0.0247238573266368,1583,"tags=55%, list=8%, signal=50%","Ywhab/Fkbp1a/Akt1s1/Eif4e/Eif4g1/Rps6","INRR_vs_ARR = Neonate_Reinfected_IFN - Adult_Reinfected","Reactome","INRR_vs_ARR = Neonate_Reinfected_IFN - Adult_Reinfected | Positive NES/logFC = higher in Neonate_Reinfected_IFN ; Negative NES/logFC = higher in Adult_Reinfected"
"REACTOME_RHO_GTPASES_ACTIVATE_NADPH_OXIDASES","REACTOME_RHO_GTPASES_ACTIVATE_NADPH_OXIDASES",12,-0.488218525750223,-1.52676595670439,0.0465517331066342,0.0704335563696088,0.0249136380936609,2930,"tags=42%, list=15%, signal=36%","S100a9/Mapk14/Mapk1/Rac2/Rac1","INRR_vs_ARR = Neonate_Reinfected_IFN - Adult_Reinfected","Reactome","INRR_vs_ARR = Neonate_Reinfected_IFN - Adult_Reinfected | Positive NES/logFC = higher in Neonate_Reinfected_IFN ; Negative NES/logFC = higher in Adult_Reinfected"
"REACTOME_DNA_DAMAGE_RECOGNITION_IN_GG_NER","REACTOME_DNA_DAMAGE_RECOGNITION_IN_GG_NER",12,-0.487920703057793,-1.52583460010083,0.0465517331066342,0.0704335563696088,0.0249136380936609,582,"tags=67%, list=3%, signal=65%","Cul4a/Rad23a/Cetn2/Rad23b/Cops5/Rbx1/Actb/Ddb1","INRR_vs_ARR = Neonate_Reinfected_IFN - Adult_Reinfected","Reactome","INRR_vs_ARR = Neonate_Reinfected_IFN - Adult_Reinfected | Positive NES/logFC = higher in Neonate_Reinfected_IFN ; Negative NES/logFC = higher in Adult_Reinfected"
"REACTOME_DNA_DAMAGE_BYPASS","REACTOME_DNA_DAMAGE_BYPASS",28,-0.364649475375264,-1.47143466689686,0.0467673506948014,0.0706515940159997,0.0249907620001192,4078,"tags=46%, list=20%, signal=37%","Cul4a/Trim25/Rfc5/Rpa3/Usp1/Rfc2/Rchy1/Pole4/Uba7/Isg15/Pcna/Rbx1/Ddb1","INRR_vs_ARR = Neonate_Reinfected_IFN - Adult_Reinfected","Reactome","INRR_vs_ARR = Neonate_Reinfected_IFN - Adult_Reinfected | Positive NES/logFC = higher in Neonate_Reinfected_IFN ; Negative NES/logFC = higher in Adult_Reinfected"
"REACTOME_SIGNALING_BY_FGFR1_IN_DISEASE","REACTOME_SIGNALING_BY_FGFR1_IN_DISEASE",16,-0.460576130973497,-1.56045197682318,0.0468509932091479,0.0706698951002108,0.0249972354285851,3078,"tags=62%, list=15%, signal=53%","Gab2/Bcr/Plcg1/Sos1/Stat1/Cntrl/Fgfr1/Hras/Grb2/Stat3","INRR_vs_ARR = Neonate_Reinfected_IFN - Adult_Reinfected","Reactome","INRR_vs_ARR = Neonate_Reinfected_IFN - Adult_Reinfected | Positive NES/logFC = higher in Neonate_Reinfected_IFN ; Negative NES/logFC = higher in Adult_Reinfected"
"REACTOME_ADP_SIGNALLING_THROUGH_P2Y_PURINOCEPTOR_1","REACTOME_ADP_SIGNALLING_THROUGH_P2Y_PURINOCEPTOR_1",13,-0.474218401744637,-1.52456261276073,0.0478093873784654,0.0720056017224448,0.025469699309452,2581,"tags=38%, list=13%, signal=34%","Src/Mapk14/Gng12/Gng11/Gnb2","INRR_vs_ARR = Neonate_Reinfected_IFN - Adult_Reinfected","Reactome","INRR_vs_ARR = Neonate_Reinfected_IFN - Adult_Reinfected | Positive NES/logFC = higher in Neonate_Reinfected_IFN ; Negative NES/logFC = higher in Adult_Reinfected"
"REACTOME_GLYCOGEN_BREAKDOWN_GLYCOGENOLYSIS","REACTOME_GLYCOGEN_BREAKDOWN_GLYCOGENOLYSIS",10,-0.537863663554661,-1.55144757525465,0.0541069508553242,0.081366312701766,0.0287807541199513,3026,"tags=50%, list=15%, signal=42%","Pgm1/Pygl/Gaa/Pygb/Calm1","INRR_vs_ARR = Neonate_Reinfected_IFN - Adult_Reinfected","Reactome","INRR_vs_ARR = Neonate_Reinfected_IFN - Adult_Reinfected | Positive NES/logFC = higher in Neonate_Reinfected_IFN ; Negative NES/logFC = higher in Adult_Reinfected"
"REACTOME_DISEASES_OF_HEMOSTASIS","REACTOME_DISEASES_OF_HEMOSTASIS",15,-0.441234137705972,-1.47415512585769,0.0561958694348186,0.0843792082091196,0.0298464704085103,1239,"tags=27%, list=6%, signal=25%","Vwf/Serping1/Col1a2/Col1a1","INRR_vs_ARR = Neonate_Reinfected_IFN - Adult_Reinfected","Reactome","INRR_vs_ARR = Neonate_Reinfected_IFN - Adult_Reinfected | Positive NES/logFC = higher in Neonate_Reinfected_IFN ; Negative NES/logFC = higher in Adult_Reinfected"
"REACTOME_DOWNREGULATION_OF_TGF_BETA_RECEPTOR_SIGNALING","REACTOME_DOWNREGULATION_OF_TGF_BETA_RECEPTOR_SIGNALING",16,-0.450069628947872,-1.52485549069887,0.056299729280845,0.0844068778899467,0.0298562576810807,1195,"tags=62%, list=6%, signal=59%","Tgfbr1/Smurf1/Xpo1/Nedd4l/Usp15/Smurf2/Smad7/Pmepa1/Tgfbr2/Ppp1ca","INRR_vs_ARR = Neonate_Reinfected_IFN - Adult_Reinfected","Reactome","INRR_vs_ARR = Neonate_Reinfected_IFN - Adult_Reinfected | Positive NES/logFC = higher in Neonate_Reinfected_IFN ; Negative NES/logFC = higher in Adult_Reinfected"
"REACTOME_SIGNALING_BY_BMP","REACTOME_SIGNALING_BY_BMP",21,-0.41026265319677,-1.53718041375916,0.0570538300432642,0.0854078546708258,0.0302103214902133,1739,"tags=33%, list=9%, signal=30%","Bmpr1a/Smad6/Smurf2/Acvrl1/Smad7/Bmpr2/Fstl1","INRR_vs_ARR = Neonate_Reinfected_IFN - Adult_Reinfected","Reactome","INRR_vs_ARR = Neonate_Reinfected_IFN - Adult_Reinfected | Positive NES/logFC = higher in Neonate_Reinfected_IFN ; Negative NES/logFC = higher in Adult_Reinfected"
"REACTOME_MITOPHAGY","REACTOME_MITOPHAGY",19,-0.402301085614224,-1.4437512616465,0.058525231898438,0.0874779563020525,0.030942554328022,4486,"tags=63%, list=22%, signal=49%","Mfn2/Vdac1/Tomm22/Optn/Csnk2a2/Csnk2b/Tbk1/Pink1/Src/Vdac2/Vdac3/Sqstm1","INRR_vs_ARR = Neonate_Reinfected_IFN - Adult_Reinfected","Reactome","INRR_vs_ARR = Neonate_Reinfected_IFN - Adult_Reinfected | Positive NES/logFC = higher in Neonate_Reinfected_IFN ; Negative NES/logFC = higher in Adult_Reinfected"
"REACTOME_TRNA_PROCESSING","REACTOME_TRNA_PROCESSING",22,-0.382424578828214,-1.4554487372276,0.0618320726205812,0.0922810993189339,0.0326415139291349,3885,"tags=55%, list=19%, signal=44%","Clp1/Nup93/Xpot/Cstf2/Nupl1/Nup205/Hsd17b10/Nup153/Rae1/Ran/Nup98/Eprs","INRR_vs_ARR = Neonate_Reinfected_IFN - Adult_Reinfected","Reactome","INRR_vs_ARR = Neonate_Reinfected_IFN - Adult_Reinfected | Positive NES/logFC = higher in Neonate_Reinfected_IFN ; Negative NES/logFC = higher in Adult_Reinfected"
"REACTOME_DCC_MEDIATED_ATTRACTIVE_SIGNALING","REACTOME_DCC_MEDIATED_ATTRACTIVE_SIGNALING",10,-0.528280674801894,-1.52380580342363,0.0623971852061805,0.0929840406994062,0.0328901571619464,3266,"tags=60%, list=16%, signal=50%","Wasl/Ablim1/Src/Fyn/Rac1/Cdc42","INRR_vs_ARR = Neonate_Reinfected_IFN - Adult_Reinfected","Reactome","INRR_vs_ARR = Neonate_Reinfected_IFN - Adult_Reinfected | Positive NES/logFC = higher in Neonate_Reinfected_IFN ; Negative NES/logFC = higher in Adult_Reinfected"
"REACTOME_PERK_REGULATES_GENE_EXPRESSION","REACTOME_PERK_REGULATES_GENE_EXPRESSION",28,-0.356703123447231,-1.43936952354176,0.0634849529856444,0.0944625505268323,0.0334131331503391,1720,"tags=25%, list=9%, signal=23%","Herpud1/Atf6/Eif2s1/Atf4/Khsrp/Eif2s3x/Hspa5","INRR_vs_ARR = Neonate_Reinfected_IFN - Adult_Reinfected","Reactome","INRR_vs_ARR = Neonate_Reinfected_IFN - Adult_Reinfected | Positive NES/logFC = higher in Neonate_Reinfected_IFN ; Negative NES/logFC = higher in Adult_Reinfected"
"REACTOME_GLUCAGON_SIGNALING_IN_METABOLIC_REGULATION","REACTOME_GLUCAGON_SIGNALING_IN_METABOLIC_REGULATION",14,-0.475209047034679,-1.554665263714,0.0638567603364053,0.0948729010712307,0.0335582816488905,2607,"tags=43%, list=13%, signal=37%","Prkaca/Prkar2a/Gng12/Gng11/Gnb2/Gnas","INRR_vs_ARR = Neonate_Reinfected_IFN - Adult_Reinfected","Reactome","INRR_vs_ARR = Neonate_Reinfected_IFN - Adult_Reinfected | Positive NES/logFC = higher in Neonate_Reinfected_IFN ; Negative NES/logFC = higher in Adult_Reinfected"
"REACTOME_CO_INHIBITION_BY_CTLA4","REACTOME_CO_INHIBITION_BY_CTLA4",14,-0.474469785837289,-1.55224674135724,0.0645865439850326,0.0958130712570755,0.0338908370523642,2655,"tags=50%, list=13%, signal=43%","Akt3/Src/Akt2/Fyn/Ppp2cb/Lyn/Akt1","INRR_vs_ARR = Neonate_Reinfected_IFN - Adult_Reinfected","Reactome","INRR_vs_ARR = Neonate_Reinfected_IFN - Adult_Reinfected | Positive NES/logFC = higher in Neonate_Reinfected_IFN ; Negative NES/logFC = higher in Adult_Reinfected"
"REACTOME_INTERACTION_BETWEEN_L1_AND_ANKYRINS","REACTOME_INTERACTION_BETWEEN_L1_AND_ANKYRINS",16,-0.438105210922554,-1.48431952171654,0.0665358896808454,0.0984247941739005,0.0348146512526475,301,"tags=31%, list=2%, signal=31%","Nrcam/Actb/Actg1/Sptan1/Sptbn1","INRR_vs_ARR = Neonate_Reinfected_IFN - Adult_Reinfected","Reactome","INRR_vs_ARR = Neonate_Reinfected_IFN - Adult_Reinfected | Positive NES/logFC = higher in Neonate_Reinfected_IFN ; Negative NES/logFC = higher in Adult_Reinfected"
"REACTOME_ACTIVATION_OF_NMDA_RECEPTORS_AND_POSTSYNAPTIC_EVENTS","REACTOME_ACTIVATION_OF_NMDA_RECEPTORS_AND_POSTSYNAPTIC_EVENTS",26,-0.371272806090067,-1.45367220347611,0.0665463183281027,0.0984247941739005,0.0348146512526475,2607,"tags=35%, list=13%, signal=30%","Prkaca/Src/Prkar2a/Rps6ka1/Mapk1/Hras/Dlg1/Rac1/Calm1","INRR_vs_ARR = Neonate_Reinfected_IFN - Adult_Reinfected","Reactome","INRR_vs_ARR = Neonate_Reinfected_IFN - Adult_Reinfected | Positive NES/logFC = higher in Neonate_Reinfected_IFN ; Negative NES/logFC = higher in Adult_Reinfected"
"REACTOME_TRANSPORT_OF_MATURE_MRNAS_DERIVED_FROM_INTRONLESS_TRANSCRIPTS","REACTOME_TRANSPORT_OF_MATURE_MRNAS_DERIVED_FROM_INTRONLESS_TRANSCRIPTS",18,-0.420636007825637,-1.49517457848601,0.0672093478016837,0.099256854451515,0.0351089662027519,3972,"tags=56%, list=20%, signal=45%","Nxf1/Nupl1/Ncbp2/Wdr33/Nup205/Slbp/Nup153/Rae1/Nup98/Eif4e","INRR_vs_ARR = Neonate_Reinfected_IFN - Adult_Reinfected","Reactome","INRR_vs_ARR = Neonate_Reinfected_IFN - Adult_Reinfected | Positive NES/logFC = higher in Neonate_Reinfected_IFN ; Negative NES/logFC = higher in Adult_Reinfected"
"REACTOME_HEPARAN_SULFATE_HEPARIN_HS_GAG_METABOLISM","REACTOME_HEPARAN_SULFATE_HEPARIN_HS_GAG_METABOLISM",20,-0.410819912200391,-1.50358482242928,0.0685700440100296,0.101115229077476,0.0357663073233776,2233,"tags=40%, list=11%, signal=36%","Ext1/Ext2/Agrn/Sdc3/Sdc4/Sdc1/Gpc3/Ctsl","INRR_vs_ARR = Neonate_Reinfected_IFN - Adult_Reinfected","Reactome","INRR_vs_ARR = Neonate_Reinfected_IFN - Adult_Reinfected | Positive NES/logFC = higher in Neonate_Reinfected_IFN ; Negative NES/logFC = higher in Adult_Reinfected"
"REACTOME_SIGNALING_BY_TGFBR3","REACTOME_SIGNALING_BY_TGFBR3",32,-0.331213172856745,-1.39112201719482,0.0703045341375337,0.103518449668977,0.0366163704347968,2165,"tags=31%, list=11%, signal=28%","Sp1/Ago2/Arrb1/Arrb2/Timp1/Aph1a/Psenen/Timp2/Tgfbr2/Mmp14","INRR_vs_ARR = Neonate_Reinfected_IFN - Adult_Reinfected","Reactome","INRR_vs_ARR = Neonate_Reinfected_IFN - Adult_Reinfected | Positive NES/logFC = higher in Neonate_Reinfected_IFN ; Negative NES/logFC = higher in Adult_Reinfected"
"REACTOME_SIGNALING_BY_NTRK2_TRKB","REACTOME_SIGNALING_BY_NTRK2_TRKB",14,-0.471585120273061,-1.54280944343936,0.070424816103529,0.103541247485546,0.0366244344398052,3078,"tags=50%, list=15%, signal=42%","Sos1/Shc1/Src/Fyn/Hras/Rac1/Grb2","INRR_vs_ARR = Neonate_Reinfected_IFN - Adult_Reinfected","Reactome","INRR_vs_ARR = Neonate_Reinfected_IFN - Adult_Reinfected | Positive NES/logFC = higher in Neonate_Reinfected_IFN ; Negative NES/logFC = higher in Adult_Reinfected"
"REACTOME_RUNX2_REGULATES_BONE_DEVELOPMENT","REACTOME_RUNX2_REGULATES_BONE_DEVELOPMENT",15,-0.4312955846079,-1.44095060304062,0.0710819976352811,0.104197349649344,0.0368565097843407,2581,"tags=40%, list=13%, signal=35%","Src/Abl1/Mapk1/Smad6/Hes1/Col1a1","INRR_vs_ARR = Neonate_Reinfected_IFN - Adult_Reinfected","Reactome","INRR_vs_ARR = Neonate_Reinfected_IFN - Adult_Reinfected | Positive NES/logFC = higher in Neonate_Reinfected_IFN ; Negative NES/logFC = higher in Adult_Reinfected"
"REACTOME_NR1H3_NR1H2_REGULATE_GENE_EXPRESSION_LINKED_TO_CHOLESTEROL_TRANSPORT_AND_EFFLUX","REACTOME_NR1H3_NR1H2_REGULATE_GENE_EXPRESSION_LINKED_TO_CHOLESTEROL_TRANSPORT_AND_EFFLUX",15,-0.431028886332056,-1.44005956901402,0.0710819976352811,0.104197349649344,0.0368565097843407,3272,"tags=53%, list=16%, signal=45%","Mov10/Apoc1/Rxrb/Kdm3a/Ago2/Ncor2/Abca1/Apoe","INRR_vs_ARR = Neonate_Reinfected_IFN - Adult_Reinfected","Reactome","INRR_vs_ARR = Neonate_Reinfected_IFN - Adult_Reinfected | Positive NES/logFC = higher in Neonate_Reinfected_IFN ; Negative NES/logFC = higher in Adult_Reinfected"
"REACTOME_FORMATION_OF_INCISION_COMPLEX_IN_GG_NER","REACTOME_FORMATION_OF_INCISION_COMPLEX_IN_GG_NER",27,-0.3584117206603,-1.43546678577738,0.0738385492265738,0.108077757979044,0.0382290812369942,3493,"tags=41%, list=17%, signal=34%","Rad23a/Rpa3/Cetn2/Rad23b/Ercc3/Gtf2h5/Pias1/Cdk7/Ube2i/Rbx1/Ddb1","INRR_vs_ARR = Neonate_Reinfected_IFN - Adult_Reinfected","Reactome","INRR_vs_ARR = Neonate_Reinfected_IFN - Adult_Reinfected | Positive NES/logFC = higher in Neonate_Reinfected_IFN ; Negative NES/logFC = higher in Adult_Reinfected"
"REACTOME_SIGNALING_BY_FGFR2_IN_DISEASE","REACTOME_SIGNALING_BY_FGFR2_IN_DISEASE",25,-0.368231536112963,-1.4365428702837,0.0748037195859358,0.109328513240983,0.0386714962667871,3507,"tags=32%, list=18%, signal=26%","Ncbp2/Sos1/Polr2g/Hras/Polr2a/Polr2e/Polr2f/Grb2","INRR_vs_ARR = Neonate_Reinfected_IFN - Adult_Reinfected","Reactome","INRR_vs_ARR = Neonate_Reinfected_IFN - Adult_Reinfected | Positive NES/logFC = higher in Neonate_Reinfected_IFN ; Negative NES/logFC = higher in Adult_Reinfected"
"REACTOME_RND1_GTPASE_CYCLE","REACTOME_RND1_GTPASE_CYCLE",13,-0.450438261162343,-1.44811194546359,0.0751735626788117,0.109706765032003,0.0388052908487374,4452,"tags=54%, list=22%, signal=42%","Ccdc88a/Epha2/Arhgap5/Flot2/Stip1/Aldh3a2/Cav1","INRR_vs_ARR = Neonate_Reinfected_IFN - Adult_Reinfected","Reactome","INRR_vs_ARR = Neonate_Reinfected_IFN - Adult_Reinfected | Positive NES/logFC = higher in Neonate_Reinfected_IFN ; Negative NES/logFC = higher in Adult_Reinfected"
"REACTOME_FOXO_MEDIATED_TRANSCRIPTION_OF_CELL_DEATH_GENES","REACTOME_FOXO_MEDIATED_TRANSCRIPTION_OF_CELL_DEATH_GENES",13,0.536873509196414,1.38901042264939,0.0764248704663212,0.111368395310804,0.0393930398925922,390,"tags=15%, list=2%, signal=15%","Ddit3/Bcl2l11","INRR_vs_ARR = Neonate_Reinfected_IFN - Adult_Reinfected","Reactome","INRR_vs_ARR = Neonate_Reinfected_IFN - Adult_Reinfected | Positive NES/logFC = higher in Neonate_Reinfected_IFN ; Negative NES/logFC = higher in Adult_Reinfected"
"REACTOME_TGFBR3_PTM_REGULATION","REACTOME_TGFBR3_PTM_REGULATION",10,-0.517290289537044,-1.49210444911095,0.0766590079139843,0.111545066007388,0.039455531551729,1246,"tags=50%, list=6%, signal=47%","Timp1/Aph1a/Psenen/Timp2/Mmp14","INRR_vs_ARR = Neonate_Reinfected_IFN - Adult_Reinfected","Reactome","INRR_vs_ARR = Neonate_Reinfected_IFN - Adult_Reinfected | Positive NES/logFC = higher in Neonate_Reinfected_IFN ; Negative NES/logFC = higher in Adult_Reinfected"
"REACTOME_NEGATIVE_REGULATION_OF_THE_PI3K_AKT_NETWORK","REACTOME_NEGATIVE_REGULATION_OF_THE_PI3K_AKT_NETWORK",70,-0.2521821564405,-1.32695229857193,0.0782675373813424,0.113718127842303,0.0402241832981512,2655,"tags=24%, list=13%, signal=21%","Akt3/Irak1/Pik3cd/Src/Pdgfb/Fgfr1/Mapk1/Akt2/Fyn/Ppp2cb/Myd88/Ier3/Pten/Rac2/Akt1/Rac1/Grb2","INRR_vs_ARR = Neonate_Reinfected_IFN - Adult_Reinfected","Reactome","INRR_vs_ARR = Neonate_Reinfected_IFN - Adult_Reinfected | Positive NES/logFC = higher in Neonate_Reinfected_IFN ; Negative NES/logFC = higher in Adult_Reinfected"
"REACTOME_FGFR1_MUTANT_RECEPTOR_ACTIVATION","REACTOME_FGFR1_MUTANT_RECEPTOR_ACTIVATION",13,-0.446961872978327,-1.43693572068342,0.080402900400248,0.116649141843532,0.0412609365992462,2531,"tags=38%, list=13%, signal=34%","Stat1/Cntrl/Fgfr1/Grb2/Stat3","INRR_vs_ARR = Neonate_Reinfected_IFN - Adult_Reinfected","Reactome","INRR_vs_ARR = Neonate_Reinfected_IFN - Adult_Reinfected | Positive NES/logFC = higher in Neonate_Reinfected_IFN ; Negative NES/logFC = higher in Adult_Reinfected"
"REACTOME_VASOPRESSIN_REGULATES_RENAL_WATER_HOMEOSTASIS_VIA_AQUAPORINS","REACTOME_VASOPRESSIN_REGULATES_RENAL_WATER_HOMEOSTASIS_VIA_AQUAPORINS",16,-0.42795887525688,-1.44994329489483,0.0815042212039371,0.118073563855557,0.0417647807373161,2607,"tags=38%, list=13%, signal=33%","Prkaca/Prkar2a/Gng12/Gng11/Gnb2/Gnas","INRR_vs_ARR = Neonate_Reinfected_IFN - Adult_Reinfected","Reactome","INRR_vs_ARR = Neonate_Reinfected_IFN - Adult_Reinfected | Positive NES/logFC = higher in Neonate_Reinfected_IFN ; Negative NES/logFC = higher in Adult_Reinfected"
"REACTOME_G_PROTEIN_ACTIVATION","REACTOME_G_PROTEIN_ACTIVATION",10,-0.509527763807568,-1.46971373462904,0.0826014519233969,0.119313208333796,0.0422032656795441,1371,"tags=50%, list=7%, signal=47%","Gngt2/Gnb4/Gng12/Gng11/Gnb2","INRR_vs_ARR = Neonate_Reinfected_IFN - Adult_Reinfected","Reactome","INRR_vs_ARR = Neonate_Reinfected_IFN - Adult_Reinfected | Positive NES/logFC = higher in Neonate_Reinfected_IFN ; Negative NES/logFC = higher in Adult_Reinfected"
"REACTOME_CREB1_PHOSPHORYLATION_THROUGH_NMDA_RECEPTOR_MEDIATED_ACTIVATION_OF_RAS_SIGNALING","REACTOME_CREB1_PHOSPHORYLATION_THROUGH_NMDA_RECEPTOR_MEDIATED_ACTIVATION_OF_RAS_SIGNALING",10,-0.508482102602314,-1.46669756407996,0.0826014519233969,0.119313208333796,0.0422032656795441,2163,"tags=50%, list=11%, signal=45%","Rps6ka1/Mapk1/Hras/Dlg1/Calm1","INRR_vs_ARR = Neonate_Reinfected_IFN - Adult_Reinfected","Reactome","INRR_vs_ARR = Neonate_Reinfected_IFN - Adult_Reinfected | Positive NES/logFC = higher in Neonate_Reinfected_IFN ; Negative NES/logFC = higher in Adult_Reinfected"
"REACTOME_GLYCOSAMINOGLYCAN_METABOLISM","REACTOME_GLYCOSAMINOGLYCAN_METABOLISM",58,-0.256157373812107,-1.29767059448085,0.0831201550366223,0.119887172519975,0.0424062873179541,2288,"tags=26%, list=11%, signal=23%","B3gat3/Ext1/Ext2/Agrn/Sdc3/Gusb/Sdc4/Dcn/Sdc1/St3gal4/Gpc3/B4galt1/Ctsl/Cd44/Bgn","INRR_vs_ARR = Neonate_Reinfected_IFN - Adult_Reinfected","Reactome","INRR_vs_ARR = Neonate_Reinfected_IFN - Adult_Reinfected | Positive NES/logFC = higher in Neonate_Reinfected_IFN ; Negative NES/logFC = higher in Adult_Reinfected"
"REACTOME_NUCLEAR_EVENTS_KINASE_AND_TRANSCRIPTION_FACTOR_ACTIVATION","REACTOME_NUCLEAR_EVENTS_KINASE_AND_TRANSCRIPTION_FACTOR_ACTIVATION",36,-0.314708501703841,-1.34190461566086,0.0855807450648963,0.123256233417081,0.0435979858240687,3093,"tags=39%, list=15%, signal=33%","Nab2/Mef2a/Id1/Trib1/Mef2d/Mapk14/Rps6ka1/Mapk1/Ppp2cb/Dusp3/Dusp6/Id3/Junb/Id2","INRR_vs_ARR = Neonate_Reinfected_IFN - Adult_Reinfected","Reactome","INRR_vs_ARR = Neonate_Reinfected_IFN - Adult_Reinfected | Positive NES/logFC = higher in Neonate_Reinfected_IFN ; Negative NES/logFC = higher in Adult_Reinfected"
"REACTOME_DEACTIVATION_OF_THE_BETA_CATENIN_TRANSACTIVATING_COMPLEX","REACTOME_DEACTIVATION_OF_THE_BETA_CATENIN_TRANSACTIVATING_COMPLEX",20,-0.400966272977307,-1.46752088798616,0.0860322334930447,0.123726123276751,0.0437641944682308,2302,"tags=40%, list=12%, signal=35%","Apc/Xpo1/Tle3/Akt2/Ctbp1/Akt1/Ctnnb1/Ywhaz","INRR_vs_ARR = Neonate_Reinfected_IFN - Adult_Reinfected","Reactome","INRR_vs_ARR = Neonate_Reinfected_IFN - Adult_Reinfected | Positive NES/logFC = higher in Neonate_Reinfected_IFN ; Negative NES/logFC = higher in Adult_Reinfected"
"REACTOME_OXIDATIVE_STRESS_INDUCED_SENESCENCE","REACTOME_OXIDATIVE_STRESS_INDUCED_SENESCENCE",41,-0.299254861820042,-1.3598494170851,0.0865123726376168,0.124235790938903,0.0439444732492179,3800,"tags=46%, list=19%, signal=38%","Cdk6/Cbx8/Fos/H4c14/Ezh2/Eed/Cdkn2c/Trp53/Cdkn2d/Tfdp2/Map2k3/Mapk14/Mapk1/H2az2/Mdm2/Cdk4/Jun/Txn1/Rbbp7","INRR_vs_ARR = Neonate_Reinfected_IFN - Adult_Reinfected","Reactome","INRR_vs_ARR = Neonate_Reinfected_IFN - Adult_Reinfected | Positive NES/logFC = higher in Neonate_Reinfected_IFN ; Negative NES/logFC = higher in Adult_Reinfected"
"REACTOME_DRUG_ADME","REACTOME_DRUG_ADME",39,-0.303846799536967,-1.35138585781717,0.0881164251371738,0.126355628498589,0.0446942985952818,2384,"tags=26%, list=12%, signal=23%","Nme1/Guk1/Gmps/Xdh/Cndp2/Rac1/Hprt/Gstm2/Ces1d/Bsg","INRR_vs_ARR = Neonate_Reinfected_IFN - Adult_Reinfected","Reactome","INRR_vs_ARR = Neonate_Reinfected_IFN - Adult_Reinfected | Positive NES/logFC = higher in Neonate_Reinfected_IFN ; Negative NES/logFC = higher in Adult_Reinfected"
"REACTOME_CA2_PATHWAY","REACTOME_CA2_PATHWAY",33,-0.323221874427226,-1.36370933595411,0.089399667455667,0.12800995861768,0.0452794654390258,1371,"tags=24%, list=7%, signal=23%","Fzd4/Ppp3r1/Ago2/Gng12/Gng11/Ctnnb1/Gnb2/Calm1","INRR_vs_ARR = Neonate_Reinfected_IFN - Adult_Reinfected","Reactome","INRR_vs_ARR = Neonate_Reinfected_IFN - Adult_Reinfected | Positive NES/logFC = higher in Neonate_Reinfected_IFN ; Negative NES/logFC = higher in Adult_Reinfected"
"REACTOME_GLUCOSE_METABOLISM","REACTOME_GLUCOSE_METABOLISM",48,-0.282267030474564,-1.33185923385403,0.0910350269228108,0.13016296179412,0.0460410220707947,2607,"tags=31%, list=13%, signal=27%","Nup205/Prkaca/Eno1/Nup153/Rae1/Gapdh/Ppp2cb/Tpi1/Pgk1/Hk1/Pgam1/Gpi1/Nup98/Pkm/Aldoa","INRR_vs_ARR = Neonate_Reinfected_IFN - Adult_Reinfected","Reactome","INRR_vs_ARR = Neonate_Reinfected_IFN - Adult_Reinfected | Positive NES/logFC = higher in Neonate_Reinfected_IFN ; Negative NES/logFC = higher in Adult_Reinfected"
"REACTOME_METABOLISM_OF_FAT_SOLUBLE_VITAMINS","REACTOME_METABOLISM_OF_FAT_SOLUBLE_VITAMINS",27,-0.352041249866127,-1.40995255533326,0.0912121016933781,0.130227682764534,0.0460639150626735,2589,"tags=33%, list=13%, signal=29%","Rbp1/Agrn/Sdc3/Sdc4/Sdc1/Gpc3/Lrp1/Lrp10/Apoe","INRR_vs_ARR = Neonate_Reinfected_IFN - Adult_Reinfected","Reactome","INRR_vs_ARR = Neonate_Reinfected_IFN - Adult_Reinfected | Positive NES/logFC = higher in Neonate_Reinfected_IFN ; Negative NES/logFC = higher in Adult_Reinfected"
"REACTOME_GAMMA_CARBOXYLATION_HYPUSINYLATION_HYDROXYLATION_AND_ARYLSULFATASE_ACTIVATION","REACTOME_GAMMA_CARBOXYLATION_HYPUSINYLATION_HYDROXYLATION_AND_ARYLSULFATASE_ACTIVATION",18,-0.407551340383002,-1.44866438495954,0.0938714065586652,0.13383109621928,0.0473385083579811,361,"tags=22%, list=2%, signal=22%","Pros1/Furin/Rps6/Eef2","INRR_vs_ARR = Neonate_Reinfected_IFN - Adult_Reinfected","Reactome","INRR_vs_ARR = Neonate_Reinfected_IFN - Adult_Reinfected | Positive NES/logFC = higher in Neonate_Reinfected_IFN ; Negative NES/logFC = higher in Adult_Reinfected"
"REACTOME_G_PROTEIN_MEDIATED_EVENTS","REACTOME_G_PROTEIN_MEDIATED_EVENTS",27,-0.350294242862256,-1.40295565656009,0.0950728960999082,0.135348733928976,0.0478753245945238,2607,"tags=26%, list=13%, signal=23%","Prkaca/Prkar2a/Mapk1/Grk2/Gnai3/Gnai2/Calm1","INRR_vs_ARR = Neonate_Reinfected_IFN - Adult_Reinfected","Reactome","INRR_vs_ARR = Neonate_Reinfected_IFN - Adult_Reinfected | Positive NES/logFC = higher in Neonate_Reinfected_IFN ; Negative NES/logFC = higher in Adult_Reinfected"
"REACTOME_SENESCENCE_ASSOCIATED_SECRETORY_PHENOTYPE_SASP","REACTOME_SENESCENCE_ASSOCIATED_SECRETORY_PHENOTYPE_SASP",35,-0.309221060505812,-1.31639036059215,0.0962638193445815,0.136846983471146,0.0484052828813345,2741,"tags=51%, list=14%, signal=44%","Cdkn1a/Rela/Cdk6/Fos/H4c14/Cdkn2c/Cdkn2d/Rps6ka1/Mapk1/H2az2/Ube2s/Nfkb1/Ube2c/Cdk4/Cdkn1b/Jun/Stat3/Igfbp7","INRR_vs_ARR = Neonate_Reinfected_IFN - Adult_Reinfected","Reactome","INRR_vs_ARR = Neonate_Reinfected_IFN - Adult_Reinfected | Positive NES/logFC = higher in Neonate_Reinfected_IFN ; Negative NES/logFC = higher in Adult_Reinfected"
"REACTOME_INTRA_GOLGI_TRAFFIC","REACTOME_INTRA_GOLGI_TRAFFIC",11,-0.481381540637973,-1.47587665348721,0.0980392156862745,0.139170610773045,0.0492271923893574,2200,"tags=45%, list=11%, signal=40%","Cog2/Ykt6/Stx5a/Napa/Arf1","INRR_vs_ARR = Neonate_Reinfected_IFN - Adult_Reinfected","Reactome","INRR_vs_ARR = Neonate_Reinfected_IFN - Adult_Reinfected | Positive NES/logFC = higher in Neonate_Reinfected_IFN ; Negative NES/logFC = higher in Adult_Reinfected"
"REACTOME_HATS_ACETYLATE_HISTONES","REACTOME_HATS_ACETYLATE_HISTONES",17,-0.392588729199716,-1.35436211602906,0.103606756911258,0.146862949538484,0.0519481134101605,3767,"tags=53%, list=19%, signal=43%","Taf12/Taf9/Ruvbl2/Taf10/H4c14/Dr1/Crebbp/Rbbp7/Actb","INRR_vs_ARR = Neonate_Reinfected_IFN - Adult_Reinfected","Reactome","INRR_vs_ARR = Neonate_Reinfected_IFN - Adult_Reinfected | Positive NES/logFC = higher in Neonate_Reinfected_IFN ; Negative NES/logFC = higher in Adult_Reinfected"
"REACTOME_TP53_REGULATES_TRANSCRIPTION_OF_ADDITIONAL_CELL_CYCLE_GENES_WHOSE_EXACT_ROLE_IN_THE_P53_PATHWAY_REMAIN_UNCERTAIN","REACTOME_TP53_REGULATES_TRANSCRIPTION_OF_ADDITIONAL_CELL_CYCLE_GENES_WHOSE_EXACT_ROLE_IN_THE_P53_PATHWAY_REMAIN_UNCERTAIN",11,-0.473340017108069,-1.45122199635074,0.105882352941176,0.149873588403843,0.0530130314831407,2832,"tags=64%, list=14%, signal=55%","Plk2/Cnot9/Trp53/Cnot2/Cnot6/Btg2/Npm1","INRR_vs_ARR = Neonate_Reinfected_IFN - Adult_Reinfected","Reactome","INRR_vs_ARR = Neonate_Reinfected_IFN - Adult_Reinfected | Positive NES/logFC = higher in Neonate_Reinfected_IFN ; Negative NES/logFC = higher in Adult_Reinfected"
"REACTOME_CD209_DC_SIGN_SIGNALING","REACTOME_CD209_DC_SIGN_SIGNALING",14,-0.450127786559401,-1.47261092431455,0.106342591523268,0.150309700178811,0.0531672922004743,2607,"tags=57%, list=13%, signal=50%","Prkaca/Fyn/Hras/Crebbp/Raf1/Lyn/Nfkb1/Icam2","INRR_vs_ARR = Neonate_Reinfected_IFN - Adult_Reinfected","Reactome","INRR_vs_ARR = Neonate_Reinfected_IFN - Adult_Reinfected | Positive NES/logFC = higher in Neonate_Reinfected_IFN ; Negative NES/logFC = higher in Adult_Reinfected"
"REACTOME_INTERLEUKIN_15_SIGNALING","REACTOME_INTERLEUKIN_15_SIGNALING",11,-0.472259740249851,-1.4479099553609,0.109803921568627,0.15431902490726,0.0545854637430326,3078,"tags=64%, list=15%, signal=54%","Il2rb/Sos1/Jak1/Shc1/Il2rg/Grb2/Stat3","INRR_vs_ARR = Neonate_Reinfected_IFN - Adult_Reinfected","Reactome","INRR_vs_ARR = Neonate_Reinfected_IFN - Adult_Reinfected | Positive NES/logFC = higher in Neonate_Reinfected_IFN ; Negative NES/logFC = higher in Adult_Reinfected"
"REACTOME_MAP3K8_TPL2_DEPENDENT_MAPK1_3_ACTIVATION","REACTOME_MAP3K8_TPL2_DEPENDENT_MAPK1_3_ACTIVATION",11,-0.467881622696344,-1.43448700300822,0.109803921568627,0.15431902490726,0.0545854637430326,4061,"tags=73%, list=20%, signal=58%","Ikbkb/Ikbkg/Fbxw11/Tnip2/Chuk/Cul1/Nfkb1/Skp1","INRR_vs_ARR = Neonate_Reinfected_IFN - Adult_Reinfected","Reactome","INRR_vs_ARR = Neonate_Reinfected_IFN - Adult_Reinfected | Positive NES/logFC = higher in Neonate_Reinfected_IFN ; Negative NES/logFC = higher in Adult_Reinfected"
"REACTOME_PRC2_METHYLATES_HISTONES_AND_DNA","REACTOME_PRC2_METHYLATES_HISTONES_AND_DNA",11,-0.459384389669203,-1.40843517761546,0.109803921568627,0.15431902490726,0.0545854637430326,3284,"tags=64%, list=16%, signal=53%","H2aj/H4c14/Ezh2/Eed/Dnmt1/H2az2/Rbbp7","INRR_vs_ARR = Neonate_Reinfected_IFN - Adult_Reinfected","Reactome","INRR_vs_ARR = Neonate_Reinfected_IFN - Adult_Reinfected | Positive NES/logFC = higher in Neonate_Reinfected_IFN ; Negative NES/logFC = higher in Adult_Reinfected"
"REACTOME_CONSTITUTIVE_SIGNALING_BY_LIGAND_RESPONSIVE_EGFR_CANCER_VARIANTS","REACTOME_CONSTITUTIVE_SIGNALING_BY_LIGAND_RESPONSIVE_EGFR_CANCER_VARIANTS",11,-0.457799752533942,-1.40357680903514,0.109803921568627,0.15431902490726,0.0545854637430326,3847,"tags=64%, list=19%, signal=51%","Plcg1/Cbl/Sos1/Shc1/Hras/Grb2/Hsp90aa1","INRR_vs_ARR = Neonate_Reinfected_IFN - Adult_Reinfected","Reactome","INRR_vs_ARR = Neonate_Reinfected_IFN - Adult_Reinfected | Positive NES/logFC = higher in Neonate_Reinfected_IFN ; Negative NES/logFC = higher in Adult_Reinfected"
"REACTOME_SUMOYLATION_OF_SUMOYLATION_PROTEINS","REACTOME_SUMOYLATION_OF_SUMOYLATION_PROTEINS",11,-0.449326807143803,-1.37759944756215,0.113725490196078,0.159603386809269,0.0564546392719767,3526,"tags=55%, list=18%, signal=45%","Nupl1/Nup205/Nup153/Rae1/Ube2i/Nup98","INRR_vs_ARR = Neonate_Reinfected_IFN - Adult_Reinfected","Reactome","INRR_vs_ARR = Neonate_Reinfected_IFN - Adult_Reinfected | Positive NES/logFC = higher in Neonate_Reinfected_IFN ; Negative NES/logFC = higher in Adult_Reinfected"
"REACTOME_SLC_TRANSPORTER_DISORDERS","REACTOME_SLC_TRANSPORTER_DISORDERS",36,-0.301166647633868,-1.28416268500847,0.11600897090167,0.162577110994113,0.0575064999467776,2340,"tags=33%, list=12%, signal=29%","Slc35a3/Nup205/Nup153/Slc11a2/Rae1/Slc6a14/Hk1/Nup98/Cp/Slco2a1/Slc3a2/Bsg","INRR_vs_ARR = Neonate_Reinfected_IFN - Adult_Reinfected","Reactome","INRR_vs_ARR = Neonate_Reinfected_IFN - Adult_Reinfected | Positive NES/logFC = higher in Neonate_Reinfected_IFN ; Negative NES/logFC = higher in Adult_Reinfected"
"REACTOME_TRANSPORT_OF_THE_SLBP_DEPENDANT_MATURE_MRNA","REACTOME_TRANSPORT_OF_THE_SLBP_DEPENDANT_MATURE_MRNA",16,-0.412656853185113,-1.39809937814471,0.12106833722665,0.169427078158542,0.0599294587136543,3972,"tags=56%, list=20%, signal=45%","Nxf1/Nupl1/Ncbp2/Nup205/Slbp/Nup153/Rae1/Nup98/Eif4e","INRR_vs_ARR = Neonate_Reinfected_IFN - Adult_Reinfected","Reactome","INRR_vs_ARR = Neonate_Reinfected_IFN - Adult_Reinfected | Positive NES/logFC = higher in Neonate_Reinfected_IFN ; Negative NES/logFC = higher in Adult_Reinfected"
"REACTOME_SYNTHESIS_SECRETION_AND_DEACYLATION_OF_GHRELIN","REACTOME_SYNTHESIS_SECRETION_AND_DEACYLATION_OF_GHRELIN",12,-0.440904599904024,-1.37880497724543,0.124463519313305,0.173932046791436,0.0615229485774096,945,"tags=50%, list=5%, signal=48%","Klf4/Pla2g7/Spcs3/Sec11a/Igf1/Spcs1","INRR_vs_ARR = Neonate_Reinfected_IFN - Adult_Reinfected","Reactome","INRR_vs_ARR = Neonate_Reinfected_IFN - Adult_Reinfected | Positive NES/logFC = higher in Neonate_Reinfected_IFN ; Negative NES/logFC = higher in Adult_Reinfected"
"REACTOME_INOSITOL_PHOSPHATE_METABOLISM","REACTOME_INOSITOL_PHOSPHATE_METABOLISM",18,-0.384135237961634,-1.36543051906053,0.127450779567229,0.177855042672913,0.0629105840266429,1144,"tags=56%, list=6%, signal=52%","Plcb1/Inpp4b/Synj1/Itpk1/Plcg1/Ip6k1/Ip6k2/Pten/Nudt4/Calm1","INRR_vs_ARR = Neonate_Reinfected_IFN - Adult_Reinfected","Reactome","INRR_vs_ARR = Neonate_Reinfected_IFN - Adult_Reinfected | Positive NES/logFC = higher in Neonate_Reinfected_IFN ; Negative NES/logFC = higher in Adult_Reinfected"
"REACTOME_INTERLEUKIN_37_SIGNALING","REACTOME_INTERLEUKIN_37_SIGNALING",10,-0.480079973266633,-1.38477268668874,0.130434782608696,0.180996580361505,0.0640218034093539,5484,"tags=90%, list=27%, signal=65%","Ptpn2/Casp1/Ptpn11/Il18r1/Il18bp/Ptpn14/Tbk1/Ptpn6/Stat3","INRR_vs_ARR = Neonate_Reinfected_IFN - Adult_Reinfected","Reactome","INRR_vs_ARR = Neonate_Reinfected_IFN - Adult_Reinfected | Positive NES/logFC = higher in Neonate_Reinfected_IFN ; Negative NES/logFC = higher in Adult_Reinfected"
"REACTOME_AGGREPHAGY","REACTOME_AGGREPHAGY",13,-0.420065914780208,-1.35046802530852,0.130434782608696,0.180996580361505,0.0640218034093539,1845,"tags=31%, list=9%, signal=28%","Dync1h1/Dynll2/Hsp90aa1/Vim","INRR_vs_ARR = Neonate_Reinfected_IFN - Adult_Reinfected","Reactome","INRR_vs_ARR = Neonate_Reinfected_IFN - Adult_Reinfected | Positive NES/logFC = higher in Neonate_Reinfected_IFN ; Negative NES/logFC = higher in Adult_Reinfected"
"REACTOME_EXPORT_OF_VIRAL_RIBONUCLEOPROTEINS_FROM_NUCLEUS","REACTOME_EXPORT_OF_VIRAL_RIBONUCLEOPROTEINS_FROM_NUCLEUS",13,-0.417320304413327,-1.3416411748549,0.130434782608696,0.180996580361505,0.0640218034093539,3586,"tags=54%, list=18%, signal=44%","Xpo1/Nupl1/Nup205/Nup153/Rae1/Ran/Nup98","INRR_vs_ARR = Neonate_Reinfected_IFN - Adult_Reinfected","Reactome","INRR_vs_ARR = Neonate_Reinfected_IFN - Adult_Reinfected | Positive NES/logFC = higher in Neonate_Reinfected_IFN ; Negative NES/logFC = higher in Adult_Reinfected"
"REACTOME_NUCLEAR_PORE_COMPLEX_NPC_DISASSEMBLY","REACTOME_NUCLEAR_PORE_COMPLEX_NPC_DISASSEMBLY",13,-0.414228136701626,-1.33170017874782,0.130434782608696,0.180996580361505,0.0640218034093539,3526,"tags=54%, list=18%, signal=44%","Nupl1/Cdk1/Nup205/Nup153/Rae1/Nek7/Nup98","INRR_vs_ARR = Neonate_Reinfected_IFN - Adult_Reinfected","Reactome","INRR_vs_ARR = Neonate_Reinfected_IFN - Adult_Reinfected | Positive NES/logFC = higher in Neonate_Reinfected_IFN ; Negative NES/logFC = higher in Adult_Reinfected"
"REACTOME_RNA_POLYMERASE_III_TRANSCRIPTION_INITIATION_FROM_TYPE_1_PROMOTER","REACTOME_RNA_POLYMERASE_III_TRANSCRIPTION_INITIATION_FROM_TYPE_1_PROMOTER",11,-0.432377332163794,-1.32563373575129,0.133333333333333,0.184759233286583,0.0653527226200143,2552,"tags=55%, list=13%, signal=48%","Polr3k/Polr2h/Polr3c/Polr1c/Polr2e/Polr2f","INRR_vs_ARR = Neonate_Reinfected_IFN - Adult_Reinfected","Reactome","INRR_vs_ARR = Neonate_Reinfected_IFN - Adult_Reinfected | Positive NES/logFC = higher in Neonate_Reinfected_IFN ; Negative NES/logFC = higher in Adult_Reinfected"
"REACTOME_RUNX2_REGULATES_OSTEOBLAST_DIFFERENTIATION","REACTOME_RUNX2_REGULATES_OSTEOBLAST_DIFFERENTIATION",13,-0.411209447154627,-1.32199540726288,0.134782608695652,0.18650590671051,0.0659705529809178,2581,"tags=38%, list=13%, signal=34%","Src/Abl1/Mapk1/Hes1/Col1a1","INRR_vs_ARR = Neonate_Reinfected_IFN - Adult_Reinfected","Reactome","INRR_vs_ARR = Neonate_Reinfected_IFN - Adult_Reinfected | Positive NES/logFC = higher in Neonate_Reinfected_IFN ; Negative NES/logFC = higher in Adult_Reinfected"
"REACTOME_EVASION_BY_RSV_OF_HOST_INTERFERON_RESPONSES","REACTOME_EVASION_BY_RSV_OF_HOST_INTERFERON_RESPONSES",13,-0.408799532794913,-1.31424778439701,0.139130434782609,0.192157729838672,0.0679697062715099,3825,"tags=77%, list=19%, signal=62%","Cul5/Tyk2/Stat2/Trim25/Jak1/Eif2ak2/Crebbp/Ifnar1/Rbx1/Ifnar2","INRR_vs_ARR = Neonate_Reinfected_IFN - Adult_Reinfected","Reactome","INRR_vs_ARR = Neonate_Reinfected_IFN - Adult_Reinfected | Positive NES/logFC = higher in Neonate_Reinfected_IFN ; Negative NES/logFC = higher in Adult_Reinfected"
"REACTOME_CELL_DEATH_SIGNALLING_VIA_NRAGE_NRIF_AND_NADE","REACTOME_CELL_DEATH_SIGNALLING_VIA_NRAGE_NRIF_AND_NADE",35,-0.295006753017543,-1.25587838469555,0.13925600664422,0.192157729838672,0.0679697062715099,3078,"tags=37%, list=15%, signal=31%","Sos1/Ect2/Arhgef2/Arhgef3/Net1/Arhgef12/Abr/Akap13/Aph1a/Rac1/Psenen/Ywhae/Sqstm1","INRR_vs_ARR = Neonate_Reinfected_IFN - Adult_Reinfected","Reactome","INRR_vs_ARR = Neonate_Reinfected_IFN - Adult_Reinfected | Positive NES/logFC = higher in Neonate_Reinfected_IFN ; Negative NES/logFC = higher in Adult_Reinfected"
"REACTOME_INTERLEUKIN_6_FAMILY_SIGNALING","REACTOME_INTERLEUKIN_6_FAMILY_SIGNALING",19,-0.362478186613079,-1.30083750194947,0.139896373056995,0.192503644262271,0.068092062534705,3154,"tags=53%, list=16%, signal=44%","Lifr/Jak1/Jak2/Osmr/Stat1/Cntfr/Crlf1/Socs3/Stat3/Il6st","INRR_vs_ARR = Neonate_Reinfected_IFN - Adult_Reinfected","Reactome","INRR_vs_ARR = Neonate_Reinfected_IFN - Adult_Reinfected | Positive NES/logFC = higher in Neonate_Reinfected_IFN ; Negative NES/logFC = higher in Adult_Reinfected"
"REACTOME_HS_GAG_BIOSYNTHESIS","REACTOME_HS_GAG_BIOSYNTHESIS",17,-0.372337200858713,-1.2844979025743,0.139896373056995,0.192503644262271,0.068092062534705,2233,"tags=41%, list=11%, signal=37%","Ext1/Ext2/Agrn/Sdc3/Sdc4/Sdc1/Gpc3","INRR_vs_ARR = Neonate_Reinfected_IFN - Adult_Reinfected","Reactome","INRR_vs_ARR = Neonate_Reinfected_IFN - Adult_Reinfected | Positive NES/logFC = higher in Neonate_Reinfected_IFN ; Negative NES/logFC = higher in Adult_Reinfected"
"REACTOME_ERK_MAPK_TARGETS","REACTOME_ERK_MAPK_TARGETS",14,-0.431117885474132,-1.41041927819938,0.141545167618121,0.194501565516972,0.0687987638521573,2772,"tags=50%, list=14%, signal=43%","Mef2a/Mapk14/Rps6ka1/Mapk1/Ppp2cb/Dusp3/Dusp6","INRR_vs_ARR = Neonate_Reinfected_IFN - Adult_Reinfected","Reactome","INRR_vs_ARR = Neonate_Reinfected_IFN - Adult_Reinfected | Positive NES/logFC = higher in Neonate_Reinfected_IFN ; Negative NES/logFC = higher in Adult_Reinfected"
"REACTOME_CD28_DEPENDENT_VAV1_PATHWAY","REACTOME_CD28_DEPENDENT_VAV1_PATHWAY",10,-0.464656628363084,-1.34028462647142,0.142292490118577,0.194986102964153,0.068970153616129,1781,"tags=40%, list=9%, signal=36%","Fyn/Rac1/Grb2/Cdc42","INRR_vs_ARR = Neonate_Reinfected_IFN - Adult_Reinfected","Reactome","INRR_vs_ARR = Neonate_Reinfected_IFN - Adult_Reinfected | Positive NES/logFC = higher in Neonate_Reinfected_IFN ; Negative NES/logFC = higher in Adult_Reinfected"
"REACTOME_NOTCH_HLH_TRANSCRIPTION_PATHWAY","REACTOME_NOTCH_HLH_TRANSCRIPTION_PATHWAY",18,-0.376443598897891,-1.33809015118654,0.142131979695431,0.194986102964153,0.068970153616129,3898,"tags=50%, list=20%, signal=40%","Hdac1/Maml1/Notch2/Notch1/Hdac2/Ncor2/Notch3/Rbpj/Crebbp","INRR_vs_ARR = Neonate_Reinfected_IFN - Adult_Reinfected","Reactome","INRR_vs_ARR = Neonate_Reinfected_IFN - Adult_Reinfected | Positive NES/logFC = higher in Neonate_Reinfected_IFN ; Negative NES/logFC = higher in Adult_Reinfected"
"REACTOME_FLT3_SIGNALING","REACTOME_FLT3_SIGNALING",24,-0.332126099321029,-1.29041443245561,0.145817697480044,0.199540007077955,0.0705809528551897,3887,"tags=62%, list=19%, signal=50%","Sla/Syk/Foxo3/Cbl/Flt3l/Sos1/Socs2/Csk/Akt3/Akt2/Fyn/Hras/Cdkn1b/Akt1/Grb2","INRR_vs_ARR = Neonate_Reinfected_IFN - Adult_Reinfected","Reactome","INRR_vs_ARR = Neonate_Reinfected_IFN - Adult_Reinfected | Positive NES/logFC = higher in Neonate_Reinfected_IFN ; Negative NES/logFC = higher in Adult_Reinfected"
"REACTOME_TRANSCRIPTIONAL_REGULATION_OF_WHITE_ADIPOCYTE_DIFFERENTIATION","REACTOME_TRANSCRIPTIONAL_REGULATION_OF_WHITE_ADIPOCYTE_DIFFERENTIATION",35,-0.293171528188566,-1.24806561712262,0.146649942753872,0.200401304897408,0.0708856096590022,2110,"tags=43%, list=11%, signal=38%","Ccnd3/Ncoa3/Med24/Ncoa6/Rela/Klf4/Ncor2/Helz2/Med13l/Crebbp/Srebf2/Nfkb1/Cdk4/Cebpa/Cd36","INRR_vs_ARR = Neonate_Reinfected_IFN - Adult_Reinfected","Reactome","INRR_vs_ARR = Neonate_Reinfected_IFN - Adult_Reinfected | Positive NES/logFC = higher in Neonate_Reinfected_IFN ; Negative NES/logFC = higher in Adult_Reinfected"
"REACTOME_AQUAPORIN_MEDIATED_TRANSPORT","REACTOME_AQUAPORIN_MEDIATED_TRANSPORT",18,-0.371549158410145,-1.32069258450884,0.147208121827411,0.200886221499285,0.0710571335369301,2607,"tags=33%, list=13%, signal=29%","Prkaca/Prkar2a/Gng12/Gng11/Gnb2/Gnas","INRR_vs_ARR = Neonate_Reinfected_IFN - Adult_Reinfected","Reactome","INRR_vs_ARR = Neonate_Reinfected_IFN - Adult_Reinfected | Positive NES/logFC = higher in Neonate_Reinfected_IFN ; Negative NES/logFC = higher in Adult_Reinfected"
"REACTOME_TNFR1_INDUCED_PROAPOPTOTIC_SIGNALING","REACTOME_TNFR1_INDUCED_PROAPOPTOTIC_SIGNALING",14,-0.425470263987523,-1.39194286028894,0.148879050115717,0.202519081910618,0.0716347061520619,4534,"tags=57%, list=23%, signal=44%","Ripk1/Optn/Casp8/Tbk1/Rnf31/Traf2/Cyld/Tnfrsf1a","INRR_vs_ARR = Neonate_Reinfected_IFN - Adult_Reinfected","Reactome","INRR_vs_ARR = Neonate_Reinfected_IFN - Adult_Reinfected | Positive NES/logFC = higher in Neonate_Reinfected_IFN ; Negative NES/logFC = higher in Adult_Reinfected"
"REACTOME_PLASMA_LIPOPROTEIN_ASSEMBLY","REACTOME_PLASMA_LIPOPROTEIN_ASSEMBLY",11,-0.418633199615771,-1.28349534315074,0.149019607843137,0.202519081910618,0.0716347061520619,2607,"tags=45%, list=13%, signal=40%","Prkaca/Bmp1/Sar1b/Abca1/Apoe","INRR_vs_ARR = Neonate_Reinfected_IFN - Adult_Reinfected","Reactome","INRR_vs_ARR = Neonate_Reinfected_IFN - Adult_Reinfected | Positive NES/logFC = higher in Neonate_Reinfected_IFN ; Negative NES/logFC = higher in Adult_Reinfected"
"REACTOME_REGULATION_OF_BETA_CELL_DEVELOPMENT","REACTOME_REGULATION_OF_BETA_CELL_DEVELOPMENT",29,0.406554307513718,1.26232338626076,0.148711943793911,0.202519081910618,0.0716347061520619,3583,"tags=34%, list=18%, signal=28%","Pdx1/Iapp/Onecut1/Nkx6-1/Insm1/Neurog3/Nkx2-2/Foxa2/Hnf4a/Pklr","INRR_vs_ARR = Neonate_Reinfected_IFN - Adult_Reinfected","Reactome","INRR_vs_ARR = Neonate_Reinfected_IFN - Adult_Reinfected | Positive NES/logFC = higher in Neonate_Reinfected_IFN ; Negative NES/logFC = higher in Adult_Reinfected"
"REACTOME_RND3_GTPASE_CYCLE","REACTOME_RND3_GTPASE_CYCLE",14,-0.423593289572769,-1.38580226397305,0.151827054732461,0.206051002851198,0.0728840112365199,4452,"tags=57%, list=22%, signal=44%","Ccdc88a/Epha2/Arhgap5/Picalm/Flot2/Rock1/Cav1/Ckap4","INRR_vs_ARR = Neonate_Reinfected_IFN - Adult_Reinfected","Reactome","INRR_vs_ARR = Neonate_Reinfected_IFN - Adult_Reinfected | Positive NES/logFC = higher in Neonate_Reinfected_IFN ; Negative NES/logFC = higher in Adult_Reinfected"
"REACTOME_HEME_SIGNALING","REACTOME_HEME_SIGNALING",18,-0.365519645698664,-1.29926033914909,0.152284263959391,0.206388001086253,0.0730032136806263,4766,"tags=56%, list=24%, signal=42%","Rora/Ly96/Bach1/Ncoa6/Xpo1/Mef2d/Helz2/Crebbp/Hmox1/Nfe2l2","INRR_vs_ARR = Neonate_Reinfected_IFN - Adult_Reinfected","Reactome","INRR_vs_ARR = Neonate_Reinfected_IFN - Adult_Reinfected | Positive NES/logFC = higher in Neonate_Reinfected_IFN ; Negative NES/logFC = higher in Adult_Reinfected"
"REACTOME_DISEASES_OF_BRANCHED_CHAIN_AMINO_ACID_CATABOLISM","REACTOME_DISEASES_OF_BRANCHED_CHAIN_AMINO_ACID_CATABOLISM",10,-0.458670730701726,-1.32301852905361,0.154150197628458,0.208447894501012,0.0737318356854207,4488,"tags=60%, list=22%, signal=47%","Mccc1/Mccc2/Auh/Echs1/Dld/Acat1","INRR_vs_ARR = Neonate_Reinfected_IFN - Adult_Reinfected","Reactome","INRR_vs_ARR = Neonate_Reinfected_IFN - Adult_Reinfected | Positive NES/logFC = higher in Neonate_Reinfected_IFN ; Negative NES/logFC = higher in Adult_Reinfected"
"REACTOME_STRIATED_MUSCLE_CONTRACTION","REACTOME_STRIATED_MUSCLE_CONTRACTION",27,-0.32577031070803,-1.30473540305054,0.154226124372712,0.208447894501012,0.0737318356854207,1156,"tags=22%, list=6%, signal=21%","Tpm4/Des/Tpm3/Tpm2/Tpm1/Vim","INRR_vs_ARR = Neonate_Reinfected_IFN - Adult_Reinfected","Reactome","INRR_vs_ARR = Neonate_Reinfected_IFN - Adult_Reinfected | Positive NES/logFC = higher in Neonate_Reinfected_IFN ; Negative NES/logFC = higher in Adult_Reinfected"
"REACTOME_GLUCAGON_TYPE_LIGAND_RECEPTORS","REACTOME_GLUCAGON_TYPE_LIGAND_RECEPTORS",12,-0.416145400902395,-1.30137755457057,0.15450643776824,0.208541476113417,0.073764937214633,1371,"tags=33%, list=7%, signal=31%","Gng12/Gng11/Gnb2/Gnas","INRR_vs_ARR = Neonate_Reinfected_IFN - Adult_Reinfected","Reactome","INRR_vs_ARR = Neonate_Reinfected_IFN - Adult_Reinfected | Positive NES/logFC = higher in Neonate_Reinfected_IFN ; Negative NES/logFC = higher in Adult_Reinfected"
"REACTOME_REGULATION_OF_GENE_EXPRESSION_IN_BETA_CELLS","REACTOME_REGULATION_OF_GENE_EXPRESSION_IN_BETA_CELLS",17,0.467314561818398,1.29045932315503,0.1557478368356,0.209930235734751,0.0742561669123559,6636,"tags=65%, list=33%, signal=43%","Pdx1/Iapp/Nkx6-1/Nkx2-2/Foxa2/Hnf4a/Pklr/Ins2/Pax6/Neurod1/Slc2a2","INRR_vs_ARR = Neonate_Reinfected_IFN - Adult_Reinfected","Reactome","INRR_vs_ARR = Neonate_Reinfected_IFN - Adult_Reinfected | Positive NES/logFC = higher in Neonate_Reinfected_IFN ; Negative NES/logFC = higher in Adult_Reinfected"
"REACTOME_P75NTR_SIGNALS_VIA_NF_KB","REACTOME_P75NTR_SIGNALS_VIA_NF_KB",10,-0.45505604356862,-1.31259209951773,0.158102766798419,0.212524535505902,0.0751738182271036,2650,"tags=70%, list=13%, signal=61%","Ikbkb/Rela/Irak1/Myd88/Nfkb1/Nfkbia/Sqstm1","INRR_vs_ARR = Neonate_Reinfected_IFN - Adult_Reinfected","Reactome","INRR_vs_ARR = Neonate_Reinfected_IFN - Adult_Reinfected | Positive NES/logFC = higher in Neonate_Reinfected_IFN ; Negative NES/logFC = higher in Adult_Reinfected"
"REACTOME_PYROPTOSIS","REACTOME_PYROPTOSIS",16,-0.375226273543921,-1.27128294527555,0.157894736842105,0.212524535505902,0.0751738182271036,3307,"tags=44%, list=17%, signal=37%","Irf2/Casp4/Cycs/Trp53/Bak1/Bax/Irf1","INRR_vs_ARR = Neonate_Reinfected_IFN - Adult_Reinfected","Reactome","INRR_vs_ARR = Neonate_Reinfected_IFN - Adult_Reinfected | Positive NES/logFC = higher in Neonate_Reinfected_IFN ; Negative NES/logFC = higher in Adult_Reinfected"
"REACTOME_TYPE_I_HEMIDESMOSOME_ASSEMBLY","REACTOME_TYPE_I_HEMIDESMOSOME_ASSEMBLY",10,-0.452752959155396,-1.30594893886083,0.162055335968379,0.217246501949469,0.076844064188391,1058,"tags=50%, list=5%, signal=47%","Itga6/Itgb4/Lamc2/Cd151/Plec","INRR_vs_ARR = Neonate_Reinfected_IFN - Adult_Reinfected","Reactome","INRR_vs_ARR = Neonate_Reinfected_IFN - Adult_Reinfected | Positive NES/logFC = higher in Neonate_Reinfected_IFN ; Negative NES/logFC = higher in Adult_Reinfected"
"REACTOME_RNA_POLYMERASE_III_CHAIN_ELONGATION","REACTOME_RNA_POLYMERASE_III_CHAIN_ELONGATION",10,-0.451788752542859,-1.30316772103106,0.162055335968379,0.217246501949469,0.076844064188391,2552,"tags=60%, list=13%, signal=52%","Polr3k/Polr2h/Polr3c/Polr1c/Polr2e/Polr2f","INRR_vs_ARR = Neonate_Reinfected_IFN - Adult_Reinfected","Reactome","INRR_vs_ARR = Neonate_Reinfected_IFN - Adult_Reinfected | Positive NES/logFC = higher in Neonate_Reinfected_IFN ; Negative NES/logFC = higher in Adult_Reinfected"
"REACTOME_TICAM1_RIP1_MEDIATED_IKK_COMPLEX_RECRUITMENT","REACTOME_TICAM1_RIP1_MEDIATED_IKK_COMPLEX_RECRUITMENT",11,0.510432287259378,1.26465645864531,0.163319946452477,0.218645131565104,0.0773387850837573,850,"tags=18%, list=4%, signal=17%","Ube2d1/Ubc","INRR_vs_ARR = Neonate_Reinfected_IFN - Adult_Reinfected","Reactome","INRR_vs_ARR = Neonate_Reinfected_IFN - Adult_Reinfected | Positive NES/logFC = higher in Neonate_Reinfected_IFN ; Negative NES/logFC = higher in Adult_Reinfected"
"REACTOME_CLASS_I_PEROXISOMAL_MEMBRANE_PROTEIN_IMPORT","REACTOME_CLASS_I_PEROXISOMAL_MEMBRANE_PROTEIN_IMPORT",15,-0.387346800988541,-1.29411852657317,0.164179104477612,0.219497909639893,0.0776404282979377,1225,"tags=33%, list=6%, signal=31%","Slc25a17/Pex13/Aldh3a2/Abcd3/Fis1","INRR_vs_ARR = Neonate_Reinfected_IFN - Adult_Reinfected","Reactome","INRR_vs_ARR = Neonate_Reinfected_IFN - Adult_Reinfected | Positive NES/logFC = higher in Neonate_Reinfected_IFN ; Negative NES/logFC = higher in Adult_Reinfected"
"REACTOME_DOWNREGULATION_OF_SMAD2_3_SMAD4_TRANSCRIPTIONAL_ACTIVITY","REACTOME_DOWNREGULATION_OF_SMAD2_3_SMAD4_TRANSCRIPTIONAL_ACTIVITY",20,-0.348974128813919,-1.27723167237605,0.166666666666667,0.222522522522522,0.078710289236605,3201,"tags=50%, list=16%, signal=42%","Tgif1/Nedd4l/Ski/Stat1/Ncor2/Mapk1/Ppm1a/Serpine1/Smurf2/Smad7","INRR_vs_ARR = Neonate_Reinfected_IFN - Adult_Reinfected","Reactome","INRR_vs_ARR = Neonate_Reinfected_IFN - Adult_Reinfected | Positive NES/logFC = higher in Neonate_Reinfected_IFN ; Negative NES/logFC = higher in Adult_Reinfected"
"REACTOME_DNA_DAMAGE_TELOMERE_STRESS_INDUCED_SENESCENCE","REACTOME_DNA_DAMAGE_TELOMERE_STRESS_INDUCED_SENESCENCE",22,-0.335683853372114,-1.27756077288538,0.167630057803468,0.223506743737958,0.0790584262955486,3995,"tags=50%, list=20%, signal=40%","H2aj/Cdkn1a/Rb1/Asf1a/H4c14/Rad50/Trp53/H1f0/H2az2/Cdkn1b/Lmnb1","INRR_vs_ARR = Neonate_Reinfected_IFN - Adult_Reinfected","Reactome","INRR_vs_ARR = Neonate_Reinfected_IFN - Adult_Reinfected | Positive NES/logFC = higher in Neonate_Reinfected_IFN ; Negative NES/logFC = higher in Adult_Reinfected"
"REACTOME_TRNA_PROCESSING_IN_THE_NUCLEUS","REACTOME_TRNA_PROCESSING_IN_THE_NUCLEUS",16,-0.369564061890794,-1.25209912576533,0.168421052631579,0.224258760107817,0.0793244282503677,5108,"tags=62%, list=26%, signal=47%","Clp1/Nup93/Xpot/Cstf2/Nupl1/Nup205/Nup153/Rae1/Ran/Nup98","INRR_vs_ARR = Neonate_Reinfected_IFN - Adult_Reinfected","Reactome","INRR_vs_ARR = Neonate_Reinfected_IFN - Adult_Reinfected | Positive NES/logFC = higher in Neonate_Reinfected_IFN ; Negative NES/logFC = higher in Adult_Reinfected"
"REACTOME_RECOGNITION_OF_DNA_DAMAGE_BY_PCNA_CONTAINING_REPLICATION_COMPLEX","REACTOME_RECOGNITION_OF_DNA_DAMAGE_BY_PCNA_CONTAINING_REPLICATION_COMPLEX",21,-0.339492451222868,-1.27201718843413,0.169491525423729,0.225077455804629,0.0796140159036191,4078,"tags=57%, list=20%, signal=46%","Rfc3/Rpa1/Pold2/Cul4a/Rfc5/Rpa3/Usp1/Rfc2/Pole4/Pcna/Rbx1/Ddb1","INRR_vs_ARR = Neonate_Reinfected_IFN - Adult_Reinfected","Reactome","INRR_vs_ARR = Neonate_Reinfected_IFN - Adult_Reinfected | Positive NES/logFC = higher in Neonate_Reinfected_IFN ; Negative NES/logFC = higher in Adult_Reinfected"
"REACTOME_MITOTIC_SPINDLE_CHECKPOINT","REACTOME_MITOTIC_SPINDLE_CHECKPOINT",42,-0.276458463576411,-1.26546807777155,0.169309498147785,0.225077455804629,0.0796140159036191,2974,"tags=38%, list=15%, signal=32%","Cenpa/Xpo1/Bub1b/Clip1/Ckap5/Zwint/Clasp1/Dync1h1/Ppp2cb/Ube2s/Ube2c/Bub3/Nup98/Mapre1/Dynll2/Pafah1b1","INRR_vs_ARR = Neonate_Reinfected_IFN - Adult_Reinfected","Reactome","INRR_vs_ARR = Neonate_Reinfected_IFN - Adult_Reinfected | Positive NES/logFC = higher in Neonate_Reinfected_IFN ; Negative NES/logFC = higher in Adult_Reinfected"
"REACTOME_TRIGLYCERIDE_CATABOLISM","REACTOME_TRIGLYCERIDE_CATABOLISM",12,-0.40947927483654,-1.28053112248402,0.171673819742489,0.227669441483999,0.080530848681747,2977,"tags=42%, list=15%, signal=35%","Gpd2/Prkaca/Mgll/Cav1/Ppp1ca","INRR_vs_ARR = Neonate_Reinfected_IFN - Adult_Reinfected","Reactome","INRR_vs_ARR = Neonate_Reinfected_IFN - Adult_Reinfected | Positive NES/logFC = higher in Neonate_Reinfected_IFN ; Negative NES/logFC = higher in Adult_Reinfected"
"REACTOME_LISTERIA_MONOCYTOGENES_ENTRY_INTO_HOST_CELLS","REACTOME_LISTERIA_MONOCYTOGENES_ENTRY_INTO_HOST_CELLS",11,-0.413005734660764,-1.26624199327279,0.172549019607843,0.228523366451138,0.0808328975727444,595,"tags=55%, list=3%, signal=53%","Cbl/Ctnnd1/Src/Grb2/Cdh1/Ctnnb1","INRR_vs_ARR = Neonate_Reinfected_IFN - Adult_Reinfected","Reactome","INRR_vs_ARR = Neonate_Reinfected_IFN - Adult_Reinfected | Positive NES/logFC = higher in Neonate_Reinfected_IFN ; Negative NES/logFC = higher in Adult_Reinfected"
"REACTOME_HCMV_LATE_EVENTS","REACTOME_HCMV_LATE_EVENTS",19,-0.349052722887913,-1.25265709457671,0.176165803108808,0.232689590202544,0.0823065671715794,4368,"tags=63%, list=22%, signal=49%","Nup93/Vps37b/Tsg101/Nupl1/H4c14/Nup205/Chmp1a/Nup153/Rae1/Mvb12a/Nup98/Vps28","INRR_vs_ARR = Neonate_Reinfected_IFN - Adult_Reinfected","Reactome","INRR_vs_ARR = Neonate_Reinfected_IFN - Adult_Reinfected | Positive NES/logFC = higher in Neonate_Reinfected_IFN ; Negative NES/logFC = higher in Adult_Reinfected"
"REACTOME_ACTIVATED_NOTCH1_TRANSMITS_SIGNAL_TO_THE_NUCLEUS","REACTOME_ACTIVATED_NOTCH1_TRANSMITS_SIGNAL_TO_THE_NUCLEUS",19,-0.346394457939222,-1.24311729090553,0.176165803108808,0.232689590202544,0.0823065671715794,2791,"tags=47%, list=14%, signal=41%","Numb/Notch1/Jag1/Adam17/Arrb1/Arrb2/Adam10/Aph1a/Psenen","INRR_vs_ARR = Neonate_Reinfected_IFN - Adult_Reinfected","Reactome","INRR_vs_ARR = Neonate_Reinfected_IFN - Adult_Reinfected | Positive NES/logFC = higher in Neonate_Reinfected_IFN ; Negative NES/logFC = higher in Adult_Reinfected"
"REACTOME_SLC_MEDIATED_TRANSPORT_OF_ORGANIC_ANIONS","REACTOME_SLC_MEDIATED_TRANSPORT_OF_ORGANIC_ANIONS",10,-0.444782836451958,-1.28295941868947,0.177865612648221,0.234621128566679,0.0829897876455758,368,"tags=50%, list=2%, signal=49%","Slc25a1/Slc25a11/Slc25a10/Slco2a1/Bsg","INRR_vs_ARR = Neonate_Reinfected_IFN - Adult_Reinfected","Reactome","INRR_vs_ARR = Neonate_Reinfected_IFN - Adult_Reinfected | Positive NES/logFC = higher in Neonate_Reinfected_IFN ; Negative NES/logFC = higher in Adult_Reinfected"
"REACTOME_CASPASE_ACTIVATION_VIA_EXTRINSIC_APOPTOTIC_SIGNALLING_PATHWAY","REACTOME_CASPASE_ACTIVATION_VIA_EXTRINSIC_APOPTOTIC_SIGNALLING_PATHWAY",13,-0.375501599504257,-1.20719840801184,0.178260869565217,0.234828985507246,0.0830633104500381,4668,"tags=54%, list=23%, signal=41%","Ly96/Ripk1/Cd14/Casp8/Tnfsf10/Dapk2/Traf2","INRR_vs_ARR = Neonate_Reinfected_IFN - Adult_Reinfected","Reactome","INRR_vs_ARR = Neonate_Reinfected_IFN - Adult_Reinfected | Positive NES/logFC = higher in Neonate_Reinfected_IFN ; Negative NES/logFC = higher in Adult_Reinfected"
"REACTOME_SIGNALING_BY_FGFR3","REACTOME_SIGNALING_BY_FGFR3",22,-0.321142627854551,-1.22221911994527,0.179190751445087,0.235739630396466,0.0833854222156686,4455,"tags=45%, list=22%, signal=35%","Plcg1/Braf/Cbl/Sos1/Shc1/Src/Mapk1/Hras/Ppp2cb/Grb2","INRR_vs_ARR = Neonate_Reinfected_IFN - Adult_Reinfected","Reactome","INRR_vs_ARR = Neonate_Reinfected_IFN - Adult_Reinfected | Positive NES/logFC = higher in Neonate_Reinfected_IFN ; Negative NES/logFC = higher in Adult_Reinfected"
"REACTOME_NOTCH3_INTRACELLULAR_DOMAIN_REGULATES_TRANSCRIPTION","REACTOME_NOTCH3_INTRACELLULAR_DOMAIN_REGULATES_TRANSCRIPTION",16,-0.391510554473774,-1.3264547977865,0.179717137324508,0.23611772829337,0.0835191623624535,4057,"tags=62%, list=20%, signal=50%","Heyl/Maml1/Ikzf1/Notch1/Stat1/Notch3/Rbpj/Crebbp/Hes1/Wwc1","INRR_vs_ARR = Neonate_Reinfected_IFN - Adult_Reinfected","Reactome","INRR_vs_ARR = Neonate_Reinfected_IFN - Adult_Reinfected | Positive NES/logFC = higher in Neonate_Reinfected_IFN ; Negative NES/logFC = higher in Adult_Reinfected"
"REACTOME_NPAS4_REGULATES_EXPRESSION_OF_TARGET_GENES","REACTOME_NPAS4_REGULATES_EXPRESSION_OF_TARGET_GENES",12,-0.401650948795984,-1.25605023725269,0.180257510729614,0.236513174768736,0.0836590390189862,3606,"tags=58%, list=18%, signal=48%","Fos/Xpo1/Plk2/Nampt/Mapk1/Crebbp/Mdm2","INRR_vs_ARR = Neonate_Reinfected_IFN - Adult_Reinfected","Reactome","INRR_vs_ARR = Neonate_Reinfected_IFN - Adult_Reinfected | Positive NES/logFC = higher in Neonate_Reinfected_IFN ; Negative NES/logFC = higher in Adult_Reinfected"
"REACTOME_RIPK1_MEDIATED_REGULATED_NECROSIS","REACTOME_RIPK1_MEDIATED_REGULATED_NECROSIS",17,-0.362096368152767,-1.24916882962359,0.181347150259067,0.237627300339468,0.0840531256261488,3448,"tags=41%, list=17%, signal=34%","Casp8/Tnfsf10/Flot2/Traf2/Peli1/Sdcbp/Hsp90aa1","INRR_vs_ARR = Neonate_Reinfected_IFN - Adult_Reinfected","Reactome","INRR_vs_ARR = Neonate_Reinfected_IFN - Adult_Reinfected | Positive NES/logFC = higher in Neonate_Reinfected_IFN ; Negative NES/logFC = higher in Adult_Reinfected"
"REACTOME_REGULATION_OF_ENDOGENOUS_RETROELEMENTS_BY_PIWI_INTERACTING_RNAS_PIRNAS","REACTOME_REGULATION_OF_ENDOGENOUS_RETROELEMENTS_BY_PIWI_INTERACTING_RNAS_PIRNAS",12,-0.399107703058581,-1.24809695238822,0.184549356223176,0.241502998607282,0.0854240310437008,2117,"tags=58%, list=11%, signal=52%","H2aj/Hdac1/H4c14/Hdac2/H2az2/Rbbp7/Actb","INRR_vs_ARR = Neonate_Reinfected_IFN - Adult_Reinfected","Reactome","INRR_vs_ARR = Neonate_Reinfected_IFN - Adult_Reinfected | Positive NES/logFC = higher in Neonate_Reinfected_IFN ; Negative NES/logFC = higher in Adult_Reinfected"
"REACTOME_PEROXISOMAL_LIPID_METABOLISM","REACTOME_PEROXISOMAL_LIPID_METABOLISM",22,-0.31720295478735,-1.20722533422073,0.184971098265896,0.241734715723155,0.0855059936289021,4904,"tags=50%, list=25%, signal=38%","Acox3/Acot8/Crot/Acaa1a/Slc25a17/Eci2/Hsd17b4/Scp2/Acox1/Aldh3a2/Phyh","INRR_vs_ARR = Neonate_Reinfected_IFN - Adult_Reinfected","Reactome","INRR_vs_ARR = Neonate_Reinfected_IFN - Adult_Reinfected | Positive NES/logFC = higher in Neonate_Reinfected_IFN ; Negative NES/logFC = higher in Adult_Reinfected"
"REACTOME_MAPK_TARGETS_NUCLEAR_EVENTS_MEDIATED_BY_MAP_KINASES","REACTOME_MAPK_TARGETS_NUCLEAR_EVENTS_MEDIATED_BY_MAP_KINASES",21,-0.354922963269464,-1.3298325433232,0.186087972828315,0.242873074180152,0.085908651851492,2772,"tags=52%, list=14%, signal=45%","Mapk9/Rps6ka3/Fos/Mef2a/Mapk14/Rps6ka1/Mapk1/Ppp2cb/Dusp3/Dusp6/Jun","INRR_vs_ARR = Neonate_Reinfected_IFN - Adult_Reinfected","Reactome","INRR_vs_ARR = Neonate_Reinfected_IFN - Adult_Reinfected | Positive NES/logFC = higher in Neonate_Reinfected_IFN ; Negative NES/logFC = higher in Adult_Reinfected"
"REACTOME_INTERLEUKIN_3_INTERLEUKIN_5_AND_GM_CSF_SIGNALING","REACTOME_INTERLEUKIN_3_INTERLEUKIN_5_AND_GM_CSF_SIGNALING",30,-0.299719213073852,-1.25305050938496,0.186666666666667,0.242986385595081,0.0859487321729885,3078,"tags=40%, list=15%, signal=34%","Sos1/Jak1/Jak2/Shc1/Pik3cd/Prkaca/Ptpn6/Il2rg/Fyn/Lyn/Grb2/Ywhaz","INRR_vs_ARR = Neonate_Reinfected_IFN - Adult_Reinfected","Reactome","INRR_vs_ARR = Neonate_Reinfected_IFN - Adult_Reinfected | Positive NES/logFC = higher in Neonate_Reinfected_IFN ; Negative NES/logFC = higher in Adult_Reinfected"
"REACTOME_ESTROGEN_DEPENDENT_NUCLEAR_EVENTS_DOWNSTREAM_OF_ESR_MEMBRANE_SIGNALING","REACTOME_ESTROGEN_DEPENDENT_NUCLEAR_EVENTS_DOWNSTREAM_OF_ESR_MEMBRANE_SIGNALING",19,-0.34560167265366,-1.24027219603213,0.186528497409326,0.242986385595081,0.0859487321729885,3887,"tags=58%, list=19%, signal=47%","Foxo3/Fos/Xpo1/Bcl2/Hbegf/Akt3/Mapk1/Akt2/Cdkn1b/Akt1/Ccnd1","INRR_vs_ARR = Neonate_Reinfected_IFN - Adult_Reinfected","Reactome","INRR_vs_ARR = Neonate_Reinfected_IFN - Adult_Reinfected | Positive NES/logFC = higher in Neonate_Reinfected_IFN ; Negative NES/logFC = higher in Adult_Reinfected"
"REACTOME_SUMOYLATION_OF_TRANSCRIPTION_FACTORS","REACTOME_SUMOYLATION_OF_TRANSCRIPTION_FACTORS",10,-0.443721450145513,-1.27989788967548,0.189723320158103,0.246640316205534,0.0872411943109281,2662,"tags=50%, list=13%, signal=43%","Pias2/Trp53/Pias1/Mdm2/Ube2i","INRR_vs_ARR = Neonate_Reinfected_IFN - Adult_Reinfected","Reactome","INRR_vs_ARR = Neonate_Reinfected_IFN - Adult_Reinfected | Positive NES/logFC = higher in Neonate_Reinfected_IFN ; Negative NES/logFC = higher in Adult_Reinfected"
"REACTOME_SIGNALING_BY_ERBB2_IN_CANCER","REACTOME_SIGNALING_BY_ERBB2_IN_CANCER",14,-0.383175042278773,-1.25357236330032,0.190243902439024,0.246992083587065,0.0873656208724754,3437,"tags=43%, list=17%, signal=36%","Hbegf/Sos1/Shc1/Hras/Grb2/Hsp90aa1","INRR_vs_ARR = Neonate_Reinfected_IFN - Adult_Reinfected","Reactome","INRR_vs_ARR = Neonate_Reinfected_IFN - Adult_Reinfected | Positive NES/logFC = higher in Neonate_Reinfected_IFN ; Negative NES/logFC = higher in Adult_Reinfected"
"REACTOME_DISASSEMBLY_OF_THE_DESTRUCTION_COMPLEX_AND_RECRUITMENT_OF_AXIN_TO_THE_MEMBRANE","REACTOME_DISASSEMBLY_OF_THE_DESTRUCTION_COMPLEX_AND_RECRUITMENT_OF_AXIN_TO_THE_MEMBRANE",14,0.472087737641665,1.25205738229766,0.191969887076537,0.24890583783677,0.0880425507796799,764,"tags=21%, list=4%, signal=21%","Peg12/Fzd5/Wnt1","INRR_vs_ARR = Neonate_Reinfected_IFN - Adult_Reinfected","Reactome","INRR_vs_ARR = Neonate_Reinfected_IFN - Adult_Reinfected | Positive NES/logFC = higher in Neonate_Reinfected_IFN ; Negative NES/logFC = higher in Adult_Reinfected"
"REACTOME_TRIGLYCERIDE_METABOLISM","REACTOME_TRIGLYCERIDE_METABOLISM",16,-0.38658787100327,-1.30977653194457,0.195620910510277,0.253307286479886,0.089599423728236,4284,"tags=56%, list=21%, signal=44%","Fabp5/Gpam/Dgat1/Lpin2/Gpd2/Prkaca/Mgll/Cav1/Ppp1ca","INRR_vs_ARR = Neonate_Reinfected_IFN - Adult_Reinfected","Reactome","INRR_vs_ARR = Neonate_Reinfected_IFN - Adult_Reinfected | Positive NES/logFC = higher in Neonate_Reinfected_IFN ; Negative NES/logFC = higher in Adult_Reinfected"
"REACTOME_REGULATION_OF_PYRUVATE_METABOLISM","REACTOME_REGULATION_OF_PYRUVATE_METABOLISM",17,-0.348005548667984,-1.20055797894304,0.196891191709845,0.254618452106448,0.0900632070097388,3128,"tags=35%, list=16%, signal=30%","Gstz1/Pdk3/Dld/Dlat/Ldha/Pkm","INRR_vs_ARR = Neonate_Reinfected_IFN - Adult_Reinfected","Reactome","INRR_vs_ARR = Neonate_Reinfected_IFN - Adult_Reinfected | Positive NES/logFC = higher in Neonate_Reinfected_IFN ; Negative NES/logFC = higher in Adult_Reinfected"
"REACTOME_IKK_COMPLEX_RECRUITMENT_MEDIATED_BY_RIP1","REACTOME_IKK_COMPLEX_RECRUITMENT_MEDIATED_BY_RIP1",12,0.49039537820909,1.23928862123656,0.197659297789337,0.255277629040346,0.0902963699567386,850,"tags=17%, list=4%, signal=16%","Ube2d1/Ubc","INRR_vs_ARR = Neonate_Reinfected_IFN - Adult_Reinfected","Reactome","INRR_vs_ARR = Neonate_Reinfected_IFN - Adult_Reinfected | Positive NES/logFC = higher in Neonate_Reinfected_IFN ; Negative NES/logFC = higher in Adult_Reinfected"
"REACTOME_PINK1_PRKN_MEDIATED_MITOPHAGY","REACTOME_PINK1_PRKN_MEDIATED_MITOPHAGY",16,-0.353846080991676,-1.19884592240489,0.2,0.257963446475196,0.0912463927442628,4486,"tags=56%, list=22%, signal=44%","Mfn2/Vdac1/Tomm22/Optn/Tbk1/Pink1/Vdac2/Vdac3/Sqstm1","INRR_vs_ARR = Neonate_Reinfected_IFN - Adult_Reinfected","Reactome","INRR_vs_ARR = Neonate_Reinfected_IFN - Adult_Reinfected | Positive NES/logFC = higher in Neonate_Reinfected_IFN ; Negative NES/logFC = higher in Adult_Reinfected"
"REACTOME_METABOLISM_OF_STEROIDS","REACTOME_METABOLISM_OF_STEROIDS",88,-0.213078650252861,-1.12928787670177,0.20795476332373,0.267873932417008,0.0947519130219974,2320,"tags=22%, list=12%, signal=19%","Hsd17b4/Fdx1/Sp1/Helz2/Scp2/Sqle/Fasn/Hsd17b11/Crebbp/Ebp/Srebf2/Sar1b/Ran/Ube2i/Scd1/Scd2/Tspo/Kpnb1/Lgmn","INRR_vs_ARR = Neonate_Reinfected_IFN - Adult_Reinfected","Reactome","INRR_vs_ARR = Neonate_Reinfected_IFN - Adult_Reinfected | Positive NES/logFC = higher in Neonate_Reinfected_IFN ; Negative NES/logFC = higher in Adult_Reinfected"
"REACTOME_SPRY_REGULATION_OF_FGF_SIGNALING","REACTOME_SPRY_REGULATION_OF_FGF_SIGNALING",10,-0.429403291951972,-1.23859769909433,0.209486166007905,0.268446604430364,0.0949544775952277,4444,"tags=70%, list=22%, signal=54%","Ptpn11/Braf/Cbl/Src/Mapk1/Ppp2cb/Grb2","INRR_vs_ARR = Neonate_Reinfected_IFN - Adult_Reinfected","Reactome","INRR_vs_ARR = Neonate_Reinfected_IFN - Adult_Reinfected | Positive NES/logFC = higher in Neonate_Reinfected_IFN ; Negative NES/logFC = higher in Adult_Reinfected"
"REACTOME_UNWINDING_OF_DNA","REACTOME_UNWINDING_OF_DNA",10,-0.428884059406898,-1.23709999228193,0.209486166007905,0.268446604430364,0.0949544775952277,3672,"tags=50%, list=18%, signal=41%","Mcm5/Gins2/Mcm7/Mcm2/Mcm6","INRR_vs_ARR = Neonate_Reinfected_IFN - Adult_Reinfected","Reactome","INRR_vs_ARR = Neonate_Reinfected_IFN - Adult_Reinfected | Positive NES/logFC = higher in Neonate_Reinfected_IFN ; Negative NES/logFC = higher in Adult_Reinfected"
"REACTOME_ERCC6_CSB_AND_EHMT2_G9A_POSITIVELY_REGULATE_RRNA_EXPRESSION","REACTOME_ERCC6_CSB_AND_EHMT2_G9A_POSITIVELY_REGULATE_RRNA_EXPRESSION",10,-0.424625683447034,-1.22481686645449,0.209486166007905,0.268446604430364,0.0949544775952277,5185,"tags=80%, list=26%, signal=59%","Mta1/Cbx3/H2aj/Hdac1/H4c14/Hdac2/H2az2/Rbbp7","INRR_vs_ARR = Neonate_Reinfected_IFN - Adult_Reinfected","Reactome","INRR_vs_ARR = Neonate_Reinfected_IFN - Adult_Reinfected | Positive NES/logFC = higher in Neonate_Reinfected_IFN ; Negative NES/logFC = higher in Adult_Reinfected"
"REACTOME_SIGNALING_BY_EGFR","REACTOME_SIGNALING_BY_EGFR",29,-0.289326887596283,-1.18860784670424,0.209459459459459,0.268446604430364,0.0949544775952277,3437,"tags=41%, list=17%, signal=34%","Hbegf/Sos1/Shc1/Lrig1/Csk/Src/Hras/Adam17/Adam10/Pxn/Grb2/Cdc42","INRR_vs_ARR = Neonate_Reinfected_IFN - Adult_Reinfected","Reactome","INRR_vs_ARR = Neonate_Reinfected_IFN - Adult_Reinfected | Positive NES/logFC = higher in Neonate_Reinfected_IFN ; Negative NES/logFC = higher in Adult_Reinfected"
"REACTOME_GENERATION_OF_SECOND_MESSENGER_MOLECULES","REACTOME_GENERATION_OF_SECOND_MESSENGER_MOLECULES",20,-0.330475917983403,-1.20952894370867,0.211111111111111,0.270178468624065,0.0955670696603339,1993,"tags=25%, list=10%, signal=23%","Cd3g/H2-Eb1/Cd3e/Vasp/H2-Ea","INRR_vs_ARR = Neonate_Reinfected_IFN - Adult_Reinfected","Reactome","INRR_vs_ARR = Neonate_Reinfected_IFN - Adult_Reinfected | Positive NES/logFC = higher in Neonate_Reinfected_IFN ; Negative NES/logFC = higher in Adult_Reinfected"
"REACTOME_FCGR3A_MEDIATED_IL10_SYNTHESIS","REACTOME_FCGR3A_MEDIATED_IL10_SYNTHESIS",19,-0.33305946847804,-1.19526157152751,0.212435233160622,0.271521358813317,0.0960420745003424,2607,"tags=37%, list=13%, signal=32%","Prkaca/Src/Prkar2a/Cd3g/Fyn/Lyn/Calm1","INRR_vs_ARR = Neonate_Reinfected_IFN - Adult_Reinfected","Reactome","INRR_vs_ARR = Neonate_Reinfected_IFN - Adult_Reinfected | Positive NES/logFC = higher in Neonate_Reinfected_IFN ; Negative NES/logFC = higher in Adult_Reinfected"
"REACTOME_TP53_REGULATES_TRANSCRIPTION_OF_GENES_INVOLVED_IN_CYTOCHROME_C_RELEASE","REACTOME_TP53_REGULATES_TRANSCRIPTION_OF_GENES_INVOLVED_IN_CYTOCHROME_C_RELEASE",10,-0.420792130425742,-1.21375912646851,0.213438735177866,0.272451512087508,0.096371086738816,3282,"tags=50%, list=16%, signal=42%","Trp53inp1/Bnip3l/Trp53/Crebbp/Bax","INRR_vs_ARR = Neonate_Reinfected_IFN - Adult_Reinfected","Reactome","INRR_vs_ARR = Neonate_Reinfected_IFN - Adult_Reinfected | Positive NES/logFC = higher in Neonate_Reinfected_IFN ; Negative NES/logFC = higher in Adult_Reinfected"
"REACTOME_PLASMA_LIPOPROTEIN_REMODELING","REACTOME_PLASMA_LIPOPROTEIN_REMODELING",11,-0.397238170468491,-1.21789992381393,0.215686274509804,0.274965211891208,0.097260228369786,361,"tags=18%, list=2%, signal=18%","Furin/Apoe","INRR_vs_ARR = Neonate_Reinfected_IFN - Adult_Reinfected","Reactome","INRR_vs_ARR = Neonate_Reinfected_IFN - Adult_Reinfected | Positive NES/logFC = higher in Neonate_Reinfected_IFN ; Negative NES/logFC = higher in Adult_Reinfected"
"REACTOME_REGULATION_OF_NF_KAPPA_B_SIGNALING","REACTOME_REGULATION_OF_NF_KAPPA_B_SIGNALING",10,-0.420062378823198,-1.21165418532632,0.217391304347826,0.276070191125517,0.0976510797503427,4061,"tags=70%, list=20%, signal=56%","Ikbkb/Ikbkg/Casp8/Trp53/Chuk/Traf2/Usp14","INRR_vs_ARR = Neonate_Reinfected_IFN - Adult_Reinfected","Reactome","INRR_vs_ARR = Neonate_Reinfected_IFN - Adult_Reinfected | Positive NES/logFC = higher in Neonate_Reinfected_IFN ; Negative NES/logFC = higher in Adult_Reinfected"
"REACTOME_SIGNALING_BY_FGFR1","REACTOME_SIGNALING_BY_FGFR1",24,-0.304010750556652,-1.18117745320814,0.216867469879518,0.276070191125517,0.0976510797503427,3078,"tags=46%, list=15%, signal=39%","Plcg1/Braf/Cbl/Sos1/Shc1/Src/Fgfr1/Mapk1/Hras/Ppp2cb/Grb2","INRR_vs_ARR = Neonate_Reinfected_IFN - Adult_Reinfected","Reactome","INRR_vs_ARR = Neonate_Reinfected_IFN - Adult_Reinfected | Positive NES/logFC = higher in Neonate_Reinfected_IFN ; Negative NES/logFC = higher in Adult_Reinfected"
"REACTOME_CONDENSATION_OF_PROPHASE_CHROMOSOMES","REACTOME_CONDENSATION_OF_PROPHASE_CHROMOSOMES",13,-0.362177228023103,-1.16436194590077,0.217391304347826,0.276070191125517,0.0976510797503427,4527,"tags=54%, list=23%, signal=42%","H2aj/Ncaph2/Rb1/H4c14/Cdk1/Kmt5a/H2az2","INRR_vs_ARR = Neonate_Reinfected_IFN - Adult_Reinfected","Reactome","INRR_vs_ARR = Neonate_Reinfected_IFN - Adult_Reinfected | Positive NES/logFC = higher in Neonate_Reinfected_IFN ; Negative NES/logFC = higher in Adult_Reinfected"
"REACTOME_RETROGRADE_TRANSPORT_AT_THE_TRANS_GOLGI_NETWORK","REACTOME_RETROGRADE_TRANSPORT_AT_THE_TRANS_GOLGI_NETWORK",14,-0.366649610584973,-1.1995087574356,0.219512195121951,0.278405710886377,0.0984771958387782,4374,"tags=50%, list=22%, signal=39%","Cog2/Rab9/Igf2r/Vamp3/Napa/M6pr/Naa38","INRR_vs_ARR = Neonate_Reinfected_IFN - Adult_Reinfected","Reactome","INRR_vs_ARR = Neonate_Reinfected_IFN - Adult_Reinfected | Positive NES/logFC = higher in Neonate_Reinfected_IFN ; Negative NES/logFC = higher in Adult_Reinfected"
"REACTOME_GLUCONEOGENESIS","REACTOME_GLUCONEOGENESIS",21,-0.325592345823905,-1.21993599215174,0.220338983050847,0.27909604519774,0.0987213797204877,2585,"tags=33%, list=13%, signal=29%","Eno1/Gapdh/Tpi1/Pgk1/Pgam1/Gpi1/Aldoa","INRR_vs_ARR = Neonate_Reinfected_IFN - Adult_Reinfected","Reactome","INRR_vs_ARR = Neonate_Reinfected_IFN - Adult_Reinfected | Positive NES/logFC = higher in Neonate_Reinfected_IFN ; Negative NES/logFC = higher in Adult_Reinfected"
"REACTOME_SIGNALING_BY_LEPTIN","REACTOME_SIGNALING_BY_LEPTIN",10,-0.41158373117425,-1.18719784401212,0.221343873517787,0.280009919379735,0.0990446337460815,859,"tags=50%, list=4%, signal=48%","Ptpn11/Lepr/Jak2/Socs3/Stat3","INRR_vs_ARR = Neonate_Reinfected_IFN - Adult_Reinfected","Reactome","INRR_vs_ARR = Neonate_Reinfected_IFN - Adult_Reinfected | Positive NES/logFC = higher in Neonate_Reinfected_IFN ; Negative NES/logFC = higher in Adult_Reinfected"
"REACTOME_ENERGY_DEPENDENT_REGULATION_OF_MTOR_BY_LKB1_AMPK","REACTOME_ENERGY_DEPENDENT_REGULATION_OF_MTOR_BY_LKB1_AMPK",12,-0.379407040067735,-1.18648867660084,0.223175965665236,0.281606454760221,0.0996093575329144,3412,"tags=58%, list=17%, signal=48%","Rptor/Lamtor5/Mtor/Cab39l/Tsc2/Ppm1a/Cab39","INRR_vs_ARR = Neonate_Reinfected_IFN - Adult_Reinfected","Reactome","INRR_vs_ARR = Neonate_Reinfected_IFN - Adult_Reinfected | Positive NES/logFC = higher in Neonate_Reinfected_IFN ; Negative NES/logFC = higher in Adult_Reinfected"
"REACTOME_DNA_STRAND_ELONGATION","REACTOME_DNA_STRAND_ELONGATION",29,-0.285745776998365,-1.17389598845987,0.222972972972973,0.281606454760221,0.0996093575329144,3745,"tags=41%, list=19%, signal=34%","Rfc3/Rpa1/Pold2/Rfc5/Mcm5/Gins2/Mcm7/Rpa3/Rfc2/Mcm2/Mcm6/Pcna","INRR_vs_ARR = Neonate_Reinfected_IFN - Adult_Reinfected","Reactome","INRR_vs_ARR = Neonate_Reinfected_IFN - Adult_Reinfected | Positive NES/logFC = higher in Neonate_Reinfected_IFN ; Negative NES/logFC = higher in Adult_Reinfected"
"REACTOME_SYNTHESIS_OF_BILE_ACIDS_AND_BILE_SALTS_VIA_24_HYDROXYCHOLESTEROL","REACTOME_SYNTHESIS_OF_BILE_ACIDS_AND_BILE_SALTS_VIA_24_HYDROXYCHOLESTEROL",12,0.474850018226588,1.20000361041591,0.23146944083225,0.291698734110029,0.103179181466577,10422,"tags=92%, list=52%, signal=44%","Slc27a5/Cyp8b1/Slc27a2/Akr1c18/Akr1c6/Cyp39a1/Cyp46a1/Akr1d1/Akr1c20/Cyp27a1/Amacr","INRR_vs_ARR = Neonate_Reinfected_IFN - Adult_Reinfected","Reactome","INRR_vs_ARR = Neonate_Reinfected_IFN - Adult_Reinfected | Positive NES/logFC = higher in Neonate_Reinfected_IFN ; Negative NES/logFC = higher in Adult_Reinfected"
"REACTOME_RNA_POLYMERASE_III_TRANSCRIPTION_INITIATION_FROM_TYPE_3_PROMOTER","REACTOME_RNA_POLYMERASE_III_TRANSCRIPTION_INITIATION_FROM_TYPE_3_PROMOTER",14,-0.357361271241666,-1.16912158651633,0.239024390243902,0.30020440859621,0.106187794218988,12835,"tags=50%, list=64%, signal=18%","Brf2/Polr3k/Polr2h/Polr3c/Polr1c/Polr2e/Polr2f","INRR_vs_ARR = Neonate_Reinfected_IFN - Adult_Reinfected","Reactome","INRR_vs_ARR = Neonate_Reinfected_IFN - Adult_Reinfected | Positive NES/logFC = higher in Neonate_Reinfected_IFN ; Negative NES/logFC = higher in Adult_Reinfected"
"REACTOME_REGULATION_OF_IFNA_IFNB_SIGNALING","REACTOME_REGULATION_OF_IFNA_IFNB_SIGNALING",13,-0.355627770884196,-1.14330612552113,0.239130434782609,0.30020440859621,0.106187794218988,3076,"tags=62%, list=15%, signal=52%","Tyk2/Stat2/Jak1/Stat1/Ptpn6/Ifnar1/Socs3/Ifnar2","INRR_vs_ARR = Neonate_Reinfected_IFN - Adult_Reinfected","Reactome","INRR_vs_ARR = Neonate_Reinfected_IFN - Adult_Reinfected | Positive NES/logFC = higher in Neonate_Reinfected_IFN ; Negative NES/logFC = higher in Adult_Reinfected"
"REACTOME_DOWNSTREAM_SIGNALING_OF_ACTIVATED_FGFR3","REACTOME_DOWNSTREAM_SIGNALING_OF_ACTIVATED_FGFR3",13,-0.352033798763321,-1.13175188066975,0.239130434782609,0.30020440859621,0.106187794218988,3078,"tags=46%, list=15%, signal=39%","Ptpn11/Plcg1/Sos1/Shc1/Hras/Grb2","INRR_vs_ARR = Neonate_Reinfected_IFN - Adult_Reinfected","Reactome","INRR_vs_ARR = Neonate_Reinfected_IFN - Adult_Reinfected | Positive NES/logFC = higher in Neonate_Reinfected_IFN ; Negative NES/logFC = higher in Adult_Reinfected"
"REACTOME_PEPTIDE_LIGAND_BINDING_RECEPTORS","REACTOME_PEPTIDE_LIGAND_BINDING_RECEPTORS",78,0.314128303409727,1.15253867839352,0.241232731137088,0.302459312643963,0.106985395054119,7890,"tags=56%, list=40%, signal=34%","Prok2/Ccl4/Bdkrb1/Oxt/Oxtr/Cxcr3/Edn2/Cck/Ccl11/Sstr4/Cxcl3/Cxcl5/Ccl22/Sst/Ghrl/Npy4r/Npy5r/Kel/Cxcl2/Gal/Avpr1a/Oprk1/Pomc/Xk/C5ar1/Tacr3/Bdkrb2/Brs3/Ccr4/Insl5/Nmu/Tacr1/Gper1/Ccl20/Pf4/Ccl19/F2/Cxcl1/Npy1r/Penk/Npffr2/Fpr1/F2rl2/Cxcr6","INRR_vs_ARR = Neonate_Reinfected_IFN - Adult_Reinfected","Reactome","INRR_vs_ARR = Neonate_Reinfected_IFN - Adult_Reinfected | Positive NES/logFC = higher in Neonate_Reinfected_IFN ; Negative NES/logFC = higher in Adult_Reinfected"
"REACTOME_TGFBR3_EXPRESSION","REACTOME_TGFBR3_EXPRESSION",13,0.463903277751114,1.20022030675715,0.243523316062176,0.30494427917545,0.107864373200777,1988,"tags=23%, list=10%, signal=21%","Myog/Rara/Smad3","INRR_vs_ARR = Neonate_Reinfected_IFN - Adult_Reinfected","Reactome","INRR_vs_ARR = Neonate_Reinfected_IFN - Adult_Reinfected | Positive NES/logFC = higher in Neonate_Reinfected_IFN ; Negative NES/logFC = higher in Adult_Reinfected"
"REACTOME_E3_UBIQUITIN_LIGASES_UBIQUITINATE_TARGET_PROTEINS","REACTOME_E3_UBIQUITIN_LIGASES_UBIQUITINATE_TARGET_PROTEINS",17,0.431267989012005,1.19091901402195,0.248454882571075,0.310138605502005,0.109701701498685,1961,"tags=24%, list=10%, signal=21%","Ube2d1/H2-Q10/Ubc/Pex12","INRR_vs_ARR = Neonate_Reinfected_IFN - Adult_Reinfected","Reactome","INRR_vs_ARR = Neonate_Reinfected_IFN - Adult_Reinfected | Positive NES/logFC = higher in Neonate_Reinfected_IFN ; Negative NES/logFC = higher in Adult_Reinfected"
"REACTOME_STIMULI_SENSING_CHANNELS","REACTOME_STIMULI_SENSING_CHANNELS",21,-0.317829403738013,-1.19084964360259,0.248587570621469,0.310138605502005,0.109701701498685,1782,"tags=33%, list=9%, signal=30%","Nedd4l/Ano1/Stom/Raf1/Wwp1/Sri/Calm1","INRR_vs_ARR = Neonate_Reinfected_IFN - Adult_Reinfected","Reactome","INRR_vs_ARR = Neonate_Reinfected_IFN - Adult_Reinfected | Positive NES/logFC = higher in Neonate_Reinfected_IFN ; Negative NES/logFC = higher in Adult_Reinfected"
"REACTOME_DEFECTIVE_PYROPTOSIS","REACTOME_DEFECTIVE_PYROPTOSIS",14,-0.353043930915043,-1.15499723623446,0.248780487804878,0.310138605502005,0.109701701498685,3284,"tags=43%, list=16%, signal=36%","H4c14/Ezh2/Eed/Dnmt1/H2az2/Rbbp7","INRR_vs_ARR = Neonate_Reinfected_IFN - Adult_Reinfected","Reactome","INRR_vs_ARR = Neonate_Reinfected_IFN - Adult_Reinfected | Positive NES/logFC = higher in Neonate_Reinfected_IFN ; Negative NES/logFC = higher in Adult_Reinfected"
"REACTOME_IRAK4_DEFICIENCY_TLR2_4","REACTOME_IRAK4_DEFICIENCY_TLR2_4",12,-0.361008899462155,-1.12895367278242,0.248927038626609,0.310138605502005,0.109701701498685,4668,"tags=58%, list=23%, signal=45%","Ly96/Tlr1/Cd14/S100a1/S100a9/Myd88/Cd36","INRR_vs_ARR = Neonate_Reinfected_IFN - Adult_Reinfected","Reactome","INRR_vs_ARR = Neonate_Reinfected_IFN - Adult_Reinfected | Positive NES/logFC = higher in Neonate_Reinfected_IFN ; Negative NES/logFC = higher in Adult_Reinfected"
"REACTOME_OVARIAN_TUMOR_DOMAIN_PROTEASES","REACTOME_OVARIAN_TUMOR_DOMAIN_PROTEASES",19,-0.320724685711214,-1.15099532711868,0.253886010362694,0.315918612390859,0.111746195731691,4101,"tags=63%, list=21%, signal=50%","Ripk1/Nod1/Ikbkg/Trim25/Apc/Tnip2/Cdk1/Trp53/Vcpip1/Tnip1/Pten/Rhoa","INRR_vs_ARR = Neonate_Reinfected_IFN - Adult_Reinfected","Reactome","INRR_vs_ARR = Neonate_Reinfected_IFN - Adult_Reinfected | Positive NES/logFC = higher in Neonate_Reinfected_IFN ; Negative NES/logFC = higher in Adult_Reinfected"
"REACTOME_SUMOYLATION_OF_DNA_REPLICATION_PROTEINS","REACTOME_SUMOYLATION_OF_DNA_REPLICATION_PROTEINS",20,-0.320310486520303,-1.17232386185298,0.255555555555556,0.31759608665269,0.112339549082349,3526,"tags=35%, list=18%, signal=29%","Nupl1/Nup205/Nup153/Rae1/Ube2i/Nup98/Pcna","INRR_vs_ARR = Neonate_Reinfected_IFN - Adult_Reinfected","Reactome","INRR_vs_ARR = Neonate_Reinfected_IFN - Adult_Reinfected | Positive NES/logFC = higher in Neonate_Reinfected_IFN ; Negative NES/logFC = higher in Adult_Reinfected"
"REACTOME_PYRUVATE_METABOLISM","REACTOME_PYRUVATE_METABOLISM",27,-0.288869516122898,-1.15694485396312,0.258064516129032,0.320311233587291,0.113299946250779,3128,"tags=37%, list=16%, signal=31%","Glo1/Pcx/Gstz1/Pdk3/Dld/Mpc2/Dlat/Ldha/Ldhb/Pkm","INRR_vs_ARR = Neonate_Reinfected_IFN - Adult_Reinfected","Reactome","INRR_vs_ARR = Neonate_Reinfected_IFN - Adult_Reinfected | Positive NES/logFC = higher in Neonate_Reinfected_IFN ; Negative NES/logFC = higher in Adult_Reinfected"
"REACTOME_EGFR_DOWNREGULATION","REACTOME_EGFR_DOWNREGULATION",16,0.433986888351399,1.19038814388381,0.258620689655172,0.32034862230638,0.113313171325078,2418,"tags=31%, list=12%, signal=27%","Ubc/Ereg/Sh3gl2/Tgfa/Stam","INRR_vs_ARR = Neonate_Reinfected_IFN - Adult_Reinfected","Reactome","INRR_vs_ARR = Neonate_Reinfected_IFN - Adult_Reinfected | Positive NES/logFC = higher in Neonate_Reinfected_IFN ; Negative NES/logFC = higher in Adult_Reinfected"
"REACTOME_FORMATION_OF_THE_BETA_CATENIN_TCF_TRANSACTIVATING_COMPLEX","REACTOME_FORMATION_OF_THE_BETA_CATENIN_TCF_TRANSACTIVATING_COMPLEX",17,-0.33625290635972,-1.16001342857349,0.259067357512953,0.32034862230638,0.113313171325078,2302,"tags=41%, list=12%, signal=36%","H2aj/Hdac1/H4c14/Tle3/H2az2/Crebbp/Ctnnb1","INRR_vs_ARR = Neonate_Reinfected_IFN - Adult_Reinfected","Reactome","INRR_vs_ARR = Neonate_Reinfected_IFN - Adult_Reinfected | Positive NES/logFC = higher in Neonate_Reinfected_IFN ; Negative NES/logFC = higher in Adult_Reinfected"
"REACTOME_EARLY_PHASE_OF_HIV_LIFE_CYCLE","REACTOME_EARLY_PHASE_OF_HIV_LIFE_CYCLE",11,-0.375387883087889,-1.15090871975928,0.258823529411765,0.32034862230638,0.113313171325078,2139,"tags=36%, list=11%, signal=32%","Cxcr4/Ccr5/Banf1/Ppia","INRR_vs_ARR = Neonate_Reinfected_IFN - Adult_Reinfected","Reactome","INRR_vs_ARR = Neonate_Reinfected_IFN - Adult_Reinfected | Positive NES/logFC = higher in Neonate_Reinfected_IFN ; Negative NES/logFC = higher in Adult_Reinfected"
"REACTOME_REGULATION_OF_SIGNALING_BY_CBL","REACTOME_REGULATION_OF_SIGNALING_BY_CBL",10,-0.398749079035334,-1.15017677103507,0.260869565217391,0.322173913043478,0.11395881006865,4450,"tags=70%, list=22%, signal=54%","Syk/Pik3cb/Cbl/Pik3cd/Fyn/Lyn/Grb2","INRR_vs_ARR = Neonate_Reinfected_IFN - Adult_Reinfected","Reactome","INRR_vs_ARR = Neonate_Reinfected_IFN - Adult_Reinfected | Positive NES/logFC = higher in Neonate_Reinfected_IFN ; Negative NES/logFC = higher in Adult_Reinfected"
"REACTOME_GLYCOGEN_METABOLISM","REACTOME_GLYCOGEN_METABOLISM",16,-0.335813512120866,-1.1377507942614,0.263157894736842,0.324594257178527,0.114814930090849,3026,"tags=38%, list=15%, signal=32%","Pgm1/Pygl/Gaa/Pygb/Ugp2/Calm1","INRR_vs_ARR = Neonate_Reinfected_IFN - Adult_Reinfected","Reactome","INRR_vs_ARR = Neonate_Reinfected_IFN - Adult_Reinfected | Positive NES/logFC = higher in Neonate_Reinfected_IFN ; Negative NES/logFC = higher in Adult_Reinfected"
"REACTOME_MITOCHONDRIAL_FATTY_ACID_BETA_OXIDATION","REACTOME_MITOCHONDRIAL_FATTY_ACID_BETA_OXIDATION",17,-0.334270991276273,-1.15317616986849,0.264248704663212,0.325533316966651,0.115147092726324,3164,"tags=71%, list=16%, signal=59%","Eci1/Acads/Mcee/Hadhb/Acaa2/Acadvl/Hadh/Acadl/Ndufab1/Echs1/Dbi/Hadha","INRR_vs_ARR = Neonate_Reinfected_IFN - Adult_Reinfected","Reactome","INRR_vs_ARR = Neonate_Reinfected_IFN - Adult_Reinfected | Positive NES/logFC = higher in Neonate_Reinfected_IFN ; Negative NES/logFC = higher in Adult_Reinfected"
"REACTOME_SHC_MEDIATED_CASCADE_FGFR3","REACTOME_SHC_MEDIATED_CASCADE_FGFR3",10,-0.39720815470241,-1.14573203255959,0.264822134387352,0.325833460491536,0.11525325898486,3078,"tags=40%, list=15%, signal=34%","Sos1/Shc1/Hras/Grb2","INRR_vs_ARR = Neonate_Reinfected_IFN - Adult_Reinfected","Reactome","INRR_vs_ARR = Neonate_Reinfected_IFN - Adult_Reinfected | Positive NES/logFC = higher in Neonate_Reinfected_IFN ; Negative NES/logFC = higher in Adult_Reinfected"
"REACTOME_DOWNSTREAM_SIGNALING_OF_ACTIVATED_FGFR1","REACTOME_DOWNSTREAM_SIGNALING_OF_ACTIVATED_FGFR1",13,-0.346735336253154,-1.11471787731096,0.269565217391304,0.331256759679862,0.117171579175063,3078,"tags=38%, list=15%, signal=33%","Sos1/Shc1/Fgfr1/Hras/Grb2","INRR_vs_ARR = Neonate_Reinfected_IFN - Adult_Reinfected","Reactome","INRR_vs_ARR = Neonate_Reinfected_IFN - Adult_Reinfected | Positive NES/logFC = higher in Neonate_Reinfected_IFN ; Negative NES/logFC = higher in Adult_Reinfected"
"REACTOME_NOTCH2_ACTIVATION_AND_TRANSMISSION_OF_SIGNAL_TO_THE_NUCLEUS","REACTOME_NOTCH2_ACTIVATION_AND_TRANSMISSION_OF_SIGNAL_TO_THE_NUCLEUS",13,0.452489370264231,1.17069000550209,0.270725388601036,0.33226917259357,0.117529688153703,1029,"tags=23%, list=5%, signal=22%","Ncstn/Ubc/Dll1","INRR_vs_ARR = Neonate_Reinfected_IFN - Adult_Reinfected","Reactome","INRR_vs_ARR = Neonate_Reinfected_IFN - Adult_Reinfected | Positive NES/logFC = higher in Neonate_Reinfected_IFN ; Negative NES/logFC = higher in Adult_Reinfected"
"REACTOME_SIGNALING_BY_FGFR4","REACTOME_SIGNALING_BY_FGFR4",21,-0.30636344087742,-1.14788874185622,0.27683615819209,0.339347548751595,0.12003343936238,4455,"tags=48%, list=22%, signal=37%","Plcg1/Braf/Cbl/Sos1/Shc1/Src/Mapk1/Hras/Ppp2cb/Grb2","INRR_vs_ARR = Neonate_Reinfected_IFN - Adult_Reinfected","Reactome","INRR_vs_ARR = Neonate_Reinfected_IFN - Adult_Reinfected | Positive NES/logFC = higher in Neonate_Reinfected_IFN ; Negative NES/logFC = higher in Adult_Reinfected"
"REACTOME_MYOGENESIS","REACTOME_MYOGENESIS",17,-0.328076672538927,-1.13180685891152,0.27979274611399,0.342546757324191,0.121165057992362,2772,"tags=41%, list=14%, signal=35%","Mef2a/Mef2d/Mapk14/Abl1/Cdc42/Ctnna1/Ctnnb1","INRR_vs_ARR = Neonate_Reinfected_IFN - Adult_Reinfected","Reactome","INRR_vs_ARR = Neonate_Reinfected_IFN - Adult_Reinfected | Positive NES/logFC = higher in Neonate_Reinfected_IFN ; Negative NES/logFC = higher in Adult_Reinfected"
"REACTOME_REGULATION_OF_MITF_M_DEPENDENT_GENES_INVOLVED_IN_PIGMENTATION","REACTOME_REGULATION_OF_MITF_M_DEPENDENT_GENES_INVOLVED_IN_PIGMENTATION",14,-0.344327980027384,-1.12648265687231,0.28780487804878,0.351919826128954,0.124480483991917,2222,"tags=36%, list=11%, signal=32%","Mapk14/Irf4/Akt2/Actb/Ctnnb1","INRR_vs_ARR = Neonate_Reinfected_IFN - Adult_Reinfected","Reactome","INRR_vs_ARR = Neonate_Reinfected_IFN - Adult_Reinfected | Positive NES/logFC = higher in Neonate_Reinfected_IFN ; Negative NES/logFC = higher in Adult_Reinfected"
"REACTOME_NEUROTRANSMITTER_RELEASE_CYCLE","REACTOME_NEUROTRANSMITTER_RELEASE_CYCLE",16,-0.325041584463627,-1.1012550345454,0.294736842105263,0.359950556242274,0.127321100226332,469,"tags=25%, list=2%, signal=24%","Maoa/Gls/Slc38a2/Hspa8","INRR_vs_ARR = Neonate_Reinfected_IFN - Adult_Reinfected","Reactome","INRR_vs_ARR = Neonate_Reinfected_IFN - Adult_Reinfected | Positive NES/logFC = higher in Neonate_Reinfected_IFN ; Negative NES/logFC = higher in Adult_Reinfected"
"REACTOME_NOTCH3_ACTIVATION_AND_TRANSMISSION_OF_SIGNAL_TO_THE_NUCLEUS","REACTOME_NOTCH3_ACTIVATION_AND_TRANSMISSION_OF_SIGNAL_TO_THE_NUCLEUS",14,0.433636313860773,1.1500776332679,0.296110414052698,0.361181591461809,0.127756539916174,1029,"tags=21%, list=5%, signal=20%","Ncstn/Ubc/Dll1","INRR_vs_ARR = Neonate_Reinfected_IFN - Adult_Reinfected","Reactome","INRR_vs_ARR = Neonate_Reinfected_IFN - Adult_Reinfected | Positive NES/logFC = higher in Neonate_Reinfected_IFN ; Negative NES/logFC = higher in Adult_Reinfected"
"REACTOME_E2F_MEDIATED_REGULATION_OF_DNA_REPLICATION","REACTOME_E2F_MEDIATED_REGULATION_OF_DNA_REPLICATION",14,-0.342439843782777,-1.12030554418692,0.297560975609756,0.362503383356892,0.128224081903354,9833,"tags=93%, list=49%, signal=47%","Orc6/Orc5/Ppp2r1b/Tfdp1/Prim2/Pola1/Orc2/Pola2/E2f1/Rb1/Cdk1/Tfdp2/Ppp2cb","INRR_vs_ARR = Neonate_Reinfected_IFN - Adult_Reinfected","Reactome","INRR_vs_ARR = Neonate_Reinfected_IFN - Adult_Reinfected | Positive NES/logFC = higher in Neonate_Reinfected_IFN ; Negative NES/logFC = higher in Adult_Reinfected"
"REACTOME_TRANSCRIPTIONAL_REGULATION_BY_VENTX","REACTOME_TRANSCRIPTIONAL_REGULATION_BY_VENTX",18,-0.312006775475543,-1.10904580284958,0.299492385786802,0.364406991573104,0.1288974229728,1363,"tags=28%, list=7%, signal=26%","Ube2s/Nfkb1/Ube2c/Ctnnb1/Ccnd1","INRR_vs_ARR = Neonate_Reinfected_IFN - Adult_Reinfected","Reactome","INRR_vs_ARR = Neonate_Reinfected_IFN - Adult_Reinfected | Positive NES/logFC = higher in Neonate_Reinfected_IFN ; Negative NES/logFC = higher in Adult_Reinfected"
"REACTOME_DUAL_INCISION_IN_GG_NER","REACTOME_DUAL_INCISION_IN_GG_NER",30,-0.267233231390022,-1.11723480548224,0.313333333333333,0.380779007790078,0.134688504779785,4078,"tags=33%, list=20%, signal=27%","Cul4a/Rfc5/Rpa3/Rfc2/Ercc3/Pole4/Gtf2h5/Pcna/Rbx1/Ddb1","INRR_vs_ARR = Neonate_Reinfected_IFN - Adult_Reinfected","Reactome","INRR_vs_ARR = Neonate_Reinfected_IFN - Adult_Reinfected | Positive NES/logFC = higher in Neonate_Reinfected_IFN ; Negative NES/logFC = higher in Adult_Reinfected"
"REACTOME_INACTIVATION_OF_CSF3_G_CSF_SIGNALING","REACTOME_INACTIVATION_OF_CSF3_G_CSF_SIGNALING",16,0.414642028195445,1.13732688145209,0.315270935960591,0.382663003352659,0.135354908494654,1944,"tags=25%, list=10%, signal=23%","Ube2d1/Socs1/Ubc/Csf3","INRR_vs_ARR = Neonate_Reinfected_IFN - Adult_Reinfected","Reactome","INRR_vs_ARR = Neonate_Reinfected_IFN - Adult_Reinfected | Positive NES/logFC = higher in Neonate_Reinfected_IFN ; Negative NES/logFC = higher in Adult_Reinfected"
"REACTOME_SIGNALING_BY_WNT_IN_CANCER","REACTOME_SIGNALING_BY_WNT_IN_CANCER",14,-0.335160789438766,-1.09649182891375,0.317073170731707,0.384378273230585,0.135961630846531,1737,"tags=43%, list=9%, signal=39%","Apc/Fzd4/Ppp2cb/Gsk3b/Ctbp1/Ctnnb1","INRR_vs_ARR = Neonate_Reinfected_IFN - Adult_Reinfected","Reactome","INRR_vs_ARR = Neonate_Reinfected_IFN - Adult_Reinfected | Positive NES/logFC = higher in Neonate_Reinfected_IFN ; Negative NES/logFC = higher in Adult_Reinfected"
"REACTOME_EXTENSION_OF_TELOMERES","REACTOME_EXTENSION_OF_TELOMERES",28,-0.272535741158766,-1.09973704774084,0.322368421052632,0.389620632541999,0.137815949290372,14531,"tags=86%, list=73%, signal=23%","Fen1/Wrn/Ccna2/Cdk2/Prim2/Rpa2/Dscc1/Pola1/Dkc1/Pold3/Pif1/Ccna1/Pold1/Pola2/Rfc4/Rfc3/Rpa1/Nhp2/Pold2/Ruvbl2/Rfc5/Rpa3/Rfc2/Pcna","INRR_vs_ARR = Neonate_Reinfected_IFN - Adult_Reinfected","Reactome","INRR_vs_ARR = Neonate_Reinfected_IFN - Adult_Reinfected | Positive NES/logFC = higher in Neonate_Reinfected_IFN ; Negative NES/logFC = higher in Adult_Reinfected"
"REACTOME_DOWNREGULATION_OF_ERBB2_SIGNALING","REACTOME_DOWNREGULATION_OF_ERBB2_SIGNALING",14,-0.33259257612907,-1.08808981711009,0.321951219512195,0.389620632541999,0.137815949290372,2655,"tags=43%, list=13%, signal=37%","Hbegf/Akt3/Akt2/Usp8/Akt1/Hsp90aa1","INRR_vs_ARR = Neonate_Reinfected_IFN - Adult_Reinfected","Reactome","INRR_vs_ARR = Neonate_Reinfected_IFN - Adult_Reinfected | Positive NES/logFC = higher in Neonate_Reinfected_IFN ; Negative NES/logFC = higher in Adult_Reinfected"
"REACTOME_SIGNALING_BY_TYPE_1_INSULIN_LIKE_GROWTH_FACTOR_1_RECEPTOR_IGF1R","REACTOME_SIGNALING_BY_TYPE_1_INSULIN_LIKE_GROWTH_FACTOR_1_RECEPTOR_IGF1R",27,-0.269809709616533,-1.08060884817395,0.32258064516129,0.389620632541999,0.137815949290372,3078,"tags=44%, list=15%, signal=38%","Ptpn11/Igf1r/Gab2/Pik3cb/Flt3l/Sos1/Shc1/Fgfr1/Akt2/Hras/Grb2/Igf1","INRR_vs_ARR = Neonate_Reinfected_IFN - Adult_Reinfected","Reactome","INRR_vs_ARR = Neonate_Reinfected_IFN - Adult_Reinfected | Positive NES/logFC = higher in Neonate_Reinfected_IFN ; Negative NES/logFC = higher in Adult_Reinfected"
"REACTOME_O_LINKED_GLYCOSYLATION_OF_MUCINS","REACTOME_O_LINKED_GLYCOSYLATION_OF_MUCINS",10,-0.382152553777448,-1.10230471606331,0.324110671936759,0.390513833992095,0.138131890992303,908,"tags=40%, list=5%, signal=38%","St6gal1/St3gal4/Muc1/Galnt1","INRR_vs_ARR = Neonate_Reinfected_IFN - Adult_Reinfected","Reactome","INRR_vs_ARR = Neonate_Reinfected_IFN - Adult_Reinfected | Positive NES/logFC = higher in Neonate_Reinfected_IFN ; Negative NES/logFC = higher in Adult_Reinfected"
"REACTOME_SHC_MEDIATED_CASCADE_FGFR1","REACTOME_SHC_MEDIATED_CASCADE_FGFR1",10,-0.38207515359711,-1.10208145814454,0.324110671936759,0.390513833992095,0.138131890992303,3078,"tags=50%, list=15%, signal=42%","Sos1/Shc1/Fgfr1/Hras/Grb2","INRR_vs_ARR = Neonate_Reinfected_IFN - Adult_Reinfected","Reactome","INRR_vs_ARR = Neonate_Reinfected_IFN - Adult_Reinfected | Positive NES/logFC = higher in Neonate_Reinfected_IFN ; Negative NES/logFC = higher in Adult_Reinfected"
"REACTOME_CA_DEPENDENT_EVENTS","REACTOME_CA_DEPENDENT_EVENTS",18,-0.303253641907174,-1.07793229247473,0.3248730964467,0.390955687319537,0.138288182601839,2607,"tags=28%, list=13%, signal=24%","Prkaca/Prkar2a/Mapk1/Grk2/Calm1","INRR_vs_ARR = Neonate_Reinfected_IFN - Adult_Reinfected","Reactome","INRR_vs_ARR = Neonate_Reinfected_IFN - Adult_Reinfected | Positive NES/logFC = higher in Neonate_Reinfected_IFN ; Negative NES/logFC = higher in Adult_Reinfected"
"REACTOME_TRANSCRIPTIONAL_REGULATION_OF_BROWN_AND_BEIGE_ADIPOCYTE_DIFFERENTIATION","REACTOME_TRANSCRIPTIONAL_REGULATION_OF_BROWN_AND_BEIGE_ADIPOCYTE_DIFFERENTIATION",14,-0.326840994246105,-1.06927328863562,0.326829268292683,0.392831285977093,0.138951616177706,580,"tags=21%, list=3%, signal=21%","Hdac2/Rbbp7/Hnrnpu","INRR_vs_ARR = Neonate_Reinfected_IFN - Adult_Reinfected","Reactome","INRR_vs_ARR = Neonate_Reinfected_IFN - Adult_Reinfected | Positive NES/logFC = higher in Neonate_Reinfected_IFN ; Negative NES/logFC = higher in Adult_Reinfected"
"REACTOME_IL_6_TYPE_CYTOKINE_RECEPTOR_LIGAND_INTERACTIONS","REACTOME_IL_6_TYPE_CYTOKINE_RECEPTOR_LIGAND_INTERACTIONS",13,-0.330324354899687,-1.06195828696575,0.334782608695652,0.40190184373184,0.14216003848175,3154,"tags=54%, list=16%, signal=45%","Lifr/Jak1/Jak2/Osmr/Cntfr/Crlf1/Il6st","INRR_vs_ARR = Neonate_Reinfected_IFN - Adult_Reinfected","Reactome","INRR_vs_ARR = Neonate_Reinfected_IFN - Adult_Reinfected | Positive NES/logFC = higher in Neonate_Reinfected_IFN ; Negative NES/logFC = higher in Adult_Reinfected"
"REACTOME_ARACHIDONATE_METABOLISM","REACTOME_ARACHIDONATE_METABOLISM",30,-0.252630474780876,-1.05618435956703,0.346666666666667,0.415663430420712,0.147027763583717,816,"tags=23%, list=4%, signal=22%","Cbr1/Hpgd/Cyp4b1/Ptgr1/Ptges3/Gpx4/Gpx1","INRR_vs_ARR = Neonate_Reinfected_IFN - Adult_Reinfected","Reactome","INRR_vs_ARR = Neonate_Reinfected_IFN - Adult_Reinfected | Positive NES/logFC = higher in Neonate_Reinfected_IFN ; Negative NES/logFC = higher in Adult_Reinfected"
"REACTOME_FOXO_MEDIATED_TRANSCRIPTION_OF_OXIDATIVE_STRESS_METABOLIC_AND_NEURONAL_GENES","REACTOME_FOXO_MEDIATED_TRANSCRIPTION_OF_OXIDATIVE_STRESS_METABOLIC_AND_NEURONAL_GENES",18,0.397198395341802,1.10234168513853,0.354037267080745,0.423986448334274,0.149971767363072,6115,"tags=50%, list=31%, signal=35%","Igfbp1/Smad3/Nr3c1/Abca6/Pomc/Pck1/Ins2/G6pc/Ppargc1a","INRR_vs_ARR = Neonate_Reinfected_IFN - Adult_Reinfected","Reactome","INRR_vs_ARR = Neonate_Reinfected_IFN - Adult_Reinfected | Positive NES/logFC = higher in Neonate_Reinfected_IFN ; Negative NES/logFC = higher in Adult_Reinfected"
"REACTOME_NUCLEOTIDE_CATABOLISM","REACTOME_NUCLEOTIDE_CATABOLISM",14,-0.321509087683858,-1.05182974463447,0.35609756097561,0.425937518455088,0.150661896576911,1935,"tags=36%, list=10%, signal=32%","Entpd7/Nudt9/Xdh/Nt5c/Samhd1","INRR_vs_ARR = Neonate_Reinfected_IFN - Adult_Reinfected","Reactome","INRR_vs_ARR = Neonate_Reinfected_IFN - Adult_Reinfected | Positive NES/logFC = higher in Neonate_Reinfected_IFN ; Negative NES/logFC = higher in Adult_Reinfected"
"REACTOME_ACTIVATION_OF_MATRIX_METALLOPROTEINASES","REACTOME_ACTIVATION_OF_MATRIX_METALLOPROTEINASES",31,-0.252455985138919,-1.05816759515554,0.357142857142857,0.426671273104163,0.150921439026829,539,"tags=19%, list=3%, signal=19%","Timp1/Mmp2/Timp2/Ctsl/Furin/Mmp14","INRR_vs_ARR = Neonate_Reinfected_IFN - Adult_Reinfected","Reactome","INRR_vs_ARR = Neonate_Reinfected_IFN - Adult_Reinfected | Positive NES/logFC = higher in Neonate_Reinfected_IFN ; Negative NES/logFC = higher in Adult_Reinfected"
"REACTOME_INSULIN_RECEPTOR_SIGNALLING_CASCADE","REACTOME_INSULIN_RECEPTOR_SIGNALLING_CASCADE",25,-0.265347018583876,-1.03517034885563,0.358490566037736,0.427764105368699,0.151307993801841,3078,"tags=32%, list=15%, signal=27%","Flt3l/Sos1/Shc1/Fgfr1/Mapk1/Akt2/Hras/Grb2","INRR_vs_ARR = Neonate_Reinfected_IFN - Adult_Reinfected","Reactome","INRR_vs_ARR = Neonate_Reinfected_IFN - Adult_Reinfected | Positive NES/logFC = higher in Neonate_Reinfected_IFN ; Negative NES/logFC = higher in Adult_Reinfected"
"REACTOME_MISCELLANEOUS_TRANSPORT_AND_BINDING_EVENTS","REACTOME_MISCELLANEOUS_TRANSPORT_AND_BINDING_EVENTS",10,0.455206859788104,1.10387431487172,0.360480640854473,0.42894693376749,0.151726381856815,1501,"tags=30%, list=8%, signal=28%","Rhcg/Add2/Dmtn","INRR_vs_ARR = Neonate_Reinfected_IFN - Adult_Reinfected","Reactome","INRR_vs_ARR = Neonate_Reinfected_IFN - Adult_Reinfected | Positive NES/logFC = higher in Neonate_Reinfected_IFN ; Negative NES/logFC = higher in Adult_Reinfected"
"REACTOME_LANOSTEROL_BIOSYNTHESIS","REACTOME_LANOSTEROL_BIOSYNTHESIS",11,-0.341419406575782,-1.04676413338336,0.36078431372549,0.42894693376749,0.151726381856815,13152,"tags=100%, list=66%, signal=34%","Lss/Idi1/Mvd/Fdps/Mvk/Fdft1/Hmgcs1/Hmgcr/Pmvk/Sqle","INRR_vs_ARR = Neonate_Reinfected_IFN - Adult_Reinfected","Reactome","INRR_vs_ARR = Neonate_Reinfected_IFN - Adult_Reinfected | Positive NES/logFC = higher in Neonate_Reinfected_IFN ; Negative NES/logFC = higher in Adult_Reinfected"
"REACTOME_TRANSLESION_SYNTHESIS_BY_POLH","REACTOME_TRANSLESION_SYNTHESIS_BY_POLH",12,-0.33143713091592,-1.03647629407879,0.360515021459227,0.42894693376749,0.151726381856815,3745,"tags=58%, list=19%, signal=47%","Rfc3/Rpa1/Rfc5/Rpa3/Rfc2/Rchy1/Pcna","INRR_vs_ARR = Neonate_Reinfected_IFN - Adult_Reinfected","Reactome","INRR_vs_ARR = Neonate_Reinfected_IFN - Adult_Reinfected | Positive NES/logFC = higher in Neonate_Reinfected_IFN ; Negative NES/logFC = higher in Adult_Reinfected"
"REACTOME_KERATAN_SULFATE_BIOSYNTHESIS","REACTOME_KERATAN_SULFATE_BIOSYNTHESIS",14,0.416493613778389,1.10461226215302,0.363864491844417,0.431570369678612,0.152654339157574,5190,"tags=50%, list=26%, signal=37%","B4galt2/B4galt5/B3gnt3/Chst1/B4galt4/Omd/Chst5","INRR_vs_ARR = Neonate_Reinfected_IFN - Adult_Reinfected","Reactome","INRR_vs_ARR = Neonate_Reinfected_IFN - Adult_Reinfected | Positive NES/logFC = higher in Neonate_Reinfected_IFN ; Negative NES/logFC = higher in Adult_Reinfected"
"REACTOME_INTERLEUKIN_7_SIGNALING","REACTOME_INTERLEUKIN_7_SIGNALING",14,0.416444149901625,1.10448107549613,0.363864491844417,0.431570369678612,0.152654339157574,538,"tags=14%, list=3%, signal=14%","Crlf2/Socs1","INRR_vs_ARR = Neonate_Reinfected_IFN - Adult_Reinfected","Reactome","INRR_vs_ARR = Neonate_Reinfected_IFN - Adult_Reinfected | Positive NES/logFC = higher in Neonate_Reinfected_IFN ; Negative NES/logFC = higher in Adult_Reinfected"
"REACTOME_CARDIOGENESIS","REACTOME_CARDIOGENESIS",13,0.426938212120906,1.10458351232651,0.365284974093264,0.432735676743579,0.153066529596067,3482,"tags=38%, list=17%, signal=32%","Hey1/Srf/Hey2/Eomes/Lef1","INRR_vs_ARR = Neonate_Reinfected_IFN - Adult_Reinfected","Reactome","INRR_vs_ARR = Neonate_Reinfected_IFN - Adult_Reinfected | Positive NES/logFC = higher in Neonate_Reinfected_IFN ; Negative NES/logFC = higher in Adult_Reinfected"
"REACTOME_OTHER_INTERLEUKIN_SIGNALING","REACTOME_OTHER_INTERLEUKIN_SIGNALING",13,-0.320336802252737,-1.02984934875816,0.378260869565217,0.447570945066389,0.158314035544472,3076,"tags=62%, list=15%, signal=52%","Stx3/Il16/Tyk2/Jak1/Stx4a/Csf1/Il10rb/Sdc1","INRR_vs_ARR = Neonate_Reinfected_IFN - Adult_Reinfected","Reactome","INRR_vs_ARR = Neonate_Reinfected_IFN - Adult_Reinfected | Positive NES/logFC = higher in Neonate_Reinfected_IFN ; Negative NES/logFC = higher in Adult_Reinfected"
"REACTOME_G_ALPHA_I_SIGNALLING_EVENTS","REACTOME_G_ALPHA_I_SIGNALLING_EVENTS",114,-0.185211412056643,-1.08931532071959,0.386028666634315,0.456215696931464,0.161371842511449,1371,"tags=14%, list=7%, signal=13%","Ppp2cb/Grk2/Gng12/Gng11/C3ar1/Ccl5/Gnai3/Cxcl16/Gnai2/Anxa1/App/Ppp1ca/Gnb2/Gnas/Calm1/C3","INRR_vs_ARR = Neonate_Reinfected_IFN - Adult_Reinfected","Reactome","INRR_vs_ARR = Neonate_Reinfected_IFN - Adult_Reinfected | Positive NES/logFC = higher in Neonate_Reinfected_IFN ; Negative NES/logFC = higher in Adult_Reinfected"
"REACTOME_NEGATIVE_REGULATORS_OF_DDX58_IFIH1_SIGNALING","REACTOME_NEGATIVE_REGULATORS_OF_DDX58_IFIH1_SIGNALING",13,0.419004004266937,1.08405596306984,0.392487046632124,0.462784109919033,0.163695210412443,850,"tags=15%, list=4%, signal=15%","Ube2d1/Ubc","INRR_vs_ARR = Neonate_Reinfected_IFN - Adult_Reinfected","Reactome","INRR_vs_ARR = Neonate_Reinfected_IFN - Adult_Reinfected | Positive NES/logFC = higher in Neonate_Reinfected_IFN ; Negative NES/logFC = higher in Adult_Reinfected"
"REACTOME_FANCONI_ANEMIA_PATHWAY","REACTOME_FANCONI_ANEMIA_PATHWAY",10,0.442562569571456,1.07321197554222,0.392523364485981,0.462784109919033,0.163695210412443,2916,"tags=30%, list=15%, signal=26%","Ubc/Ercc1/Ube2t","INRR_vs_ARR = Neonate_Reinfected_IFN - Adult_Reinfected","Reactome","INRR_vs_ARR = Neonate_Reinfected_IFN - Adult_Reinfected | Positive NES/logFC = higher in Neonate_Reinfected_IFN ; Negative NES/logFC = higher in Adult_Reinfected"
"REACTOME_KERATAN_SULFATE_KERATIN_METABOLISM","REACTOME_KERATAN_SULFATE_KERATIN_METABOLISM",15,0.402090980007523,1.07981953583653,0.393258426966292,0.463098123769603,0.163806282859054,5190,"tags=47%, list=26%, signal=35%","B4galt2/B4galt5/B3gnt3/Chst1/B4galt4/Omd/Chst5","INRR_vs_ARR = Neonate_Reinfected_IFN - Adult_Reinfected","Reactome","INRR_vs_ARR = Neonate_Reinfected_IFN - Adult_Reinfected | Positive NES/logFC = higher in Neonate_Reinfected_IFN ; Negative NES/logFC = higher in Adult_Reinfected"
"REACTOME_TELOMERE_C_STRAND_LAGGING_STRAND_SYNTHESIS","REACTOME_TELOMERE_C_STRAND_LAGGING_STRAND_SYNTHESIS",21,-0.272440076221041,-1.02078399246635,0.401129943502825,0.471805219262846,0.166886141908443,14531,"tags=33%, list=73%, signal=9%","Rfc3/Rpa1/Pold2/Rfc5/Rpa3/Rfc2/Pcna","INRR_vs_ARR = Neonate_Reinfected_IFN - Adult_Reinfected","Reactome","INRR_vs_ARR = Neonate_Reinfected_IFN - Adult_Reinfected | Positive NES/logFC = higher in Neonate_Reinfected_IFN ; Negative NES/logFC = higher in Adult_Reinfected"
"REACTOME_TRANSPORT_OF_VITAMINS_NUCLEOSIDES_AND_RELATED_MOLECULES","REACTOME_TRANSPORT_OF_VITAMINS_NUCLEOSIDES_AND_RELATED_MOLECULES",14,0.401786238779447,1.06560578947141,0.40276035131744,0.473159604163652,0.167365212638326,1321,"tags=21%, list=7%, signal=20%","Slc5a6/Slc29a2/Slc27a1","INRR_vs_ARR = Neonate_Reinfected_IFN - Adult_Reinfected","Reactome","INRR_vs_ARR = Neonate_Reinfected_IFN - Adult_Reinfected | Positive NES/logFC = higher in Neonate_Reinfected_IFN ; Negative NES/logFC = higher in Adult_Reinfected"
"REACTOME_FORMATION_OF_THE_CORNIFIED_ENVELOPE","REACTOME_FORMATION_OF_THE_CORNIFIED_ENVELOPE",26,-0.25205435420828,-0.986887276599548,0.409090909090909,0.479456486573924,0.169592535204073,861,"tags=19%, list=4%, signal=18%","Krt19/Jup/Krt18/Furin/Krt8","INRR_vs_ARR = Neonate_Reinfected_IFN - Adult_Reinfected","Reactome","INRR_vs_ARR = Neonate_Reinfected_IFN - Adult_Reinfected | Positive NES/logFC = higher in Neonate_Reinfected_IFN ; Negative NES/logFC = higher in Adult_Reinfected"
"REACTOME_KERATINIZATION","REACTOME_KERATINIZATION",26,-0.25205435420828,-0.986887276599548,0.409090909090909,0.479456486573924,0.169592535204073,861,"tags=19%, list=4%, signal=18%","Krt19/Jup/Krt18/Furin/Krt8","INRR_vs_ARR = Neonate_Reinfected_IFN - Adult_Reinfected","Reactome","INRR_vs_ARR = Neonate_Reinfected_IFN - Adult_Reinfected | Positive NES/logFC = higher in Neonate_Reinfected_IFN ; Negative NES/logFC = higher in Adult_Reinfected"
"REACTOME_NGF_STIMULATED_TRANSCRIPTION","REACTOME_NGF_STIMULATED_TRANSCRIPTION",21,-0.262743922159934,-0.984454246155332,0.412429378531073,0.48279647628993,0.170773950701318,3093,"tags=38%, list=15%, signal=32%","Fos/Nab2/Id1/Trib1/Mef2d/Id3/Junb/Id2","INRR_vs_ARR = Neonate_Reinfected_IFN - Adult_Reinfected","Reactome","INRR_vs_ARR = Neonate_Reinfected_IFN - Adult_Reinfected | Positive NES/logFC = higher in Neonate_Reinfected_IFN ; Negative NES/logFC = higher in Adult_Reinfected"
"REACTOME_SIGNALING_BY_NOTCH3","REACTOME_SIGNALING_BY_NOTCH3",29,0.334810932501361,1.03956510178651,0.420374707259953,0.491515042334715,0.173857867094742,1463,"tags=17%, list=7%, signal=16%","Ncstn/Hey1/Ubc/Dll1/Hey2","INRR_vs_ARR = Neonate_Reinfected_IFN - Adult_Reinfected","Reactome","INRR_vs_ARR = Neonate_Reinfected_IFN - Adult_Reinfected | Positive NES/logFC = higher in Neonate_Reinfected_IFN ; Negative NES/logFC = higher in Adult_Reinfected"
"REACTOME_ROLE_OF_PHOSPHOLIPIDS_IN_PHAGOCYTOSIS","REACTOME_ROLE_OF_PHOSPHOLIPIDS_IN_PHAGOCYTOSIS",10,0.430995767941641,1.045162540544,0.425901201602136,0.497388164518807,0.175935297912043,528,"tags=10%, list=3%, signal=10%","Cd247","INRR_vs_ARR = Neonate_Reinfected_IFN - Adult_Reinfected","Reactome","INRR_vs_ARR = Neonate_Reinfected_IFN - Adult_Reinfected | Positive NES/logFC = higher in Neonate_Reinfected_IFN ; Negative NES/logFC = higher in Adult_Reinfected"
"REACTOME_GLYCEROPHOSPHOLIPID_BIOSYNTHESIS","REACTOME_GLYCEROPHOSPHOLIPID_BIOSYNTHESIS",34,-0.242654349591956,-1.03791138133875,0.430894308943089,0.502032520325203,0.177578091570389,4072,"tags=47%, list=20%, signal=38%","Hadhb/Lclat1/Gpam/Dgat1/Csnk2a2/Csnk2b/Pnpla8/Lpin2/Chpt1/Pgs1/Gpd2/Agpat4/Mgll/Plaat3/Hadha/Agpat3","INRR_vs_ARR = Neonate_Reinfected_IFN - Adult_Reinfected","Reactome","INRR_vs_ARR = Neonate_Reinfected_IFN - Adult_Reinfected | Positive NES/logFC = higher in Neonate_Reinfected_IFN ; Negative NES/logFC = higher in Adult_Reinfected"
"REACTOME_SHC_MEDIATED_CASCADE_FGFR4","REACTOME_SHC_MEDIATED_CASCADE_FGFR4",10,-0.345116440484526,-0.995475435599528,0.430830039525692,0.502032520325203,0.177578091570389,3078,"tags=40%, list=15%, signal=34%","Sos1/Shc1/Hras/Grb2","INRR_vs_ARR = Neonate_Reinfected_IFN - Adult_Reinfected","Reactome","INRR_vs_ARR = Neonate_Reinfected_IFN - Adult_Reinfected | Positive NES/logFC = higher in Neonate_Reinfected_IFN ; Negative NES/logFC = higher in Adult_Reinfected"
"REACTOME_NEGATIVE_REGULATION_OF_MET_ACTIVITY","REACTOME_NEGATIVE_REGULATION_OF_MET_ACTIVITY",13,0.399381773239747,1.03328891469527,0.446891191709845,0.520057122979183,0.183953723448848,2418,"tags=23%, list=12%, signal=20%","Ubc/Sh3gl2/Stam","INRR_vs_ARR = Neonate_Reinfected_IFN - Adult_Reinfected","Reactome","INRR_vs_ARR = Neonate_Reinfected_IFN - Adult_Reinfected | Positive NES/logFC = higher in Neonate_Reinfected_IFN ; Negative NES/logFC = higher in Adult_Reinfected"
"REACTOME_DOWNSTREAM_SIGNALING_OF_ACTIVATED_FGFR4","REACTOME_DOWNSTREAM_SIGNALING_OF_ACTIVATED_FGFR4",13,-0.307783853129448,-0.989492928925344,0.447826086956522,0.520531969309463,0.184121685287387,3078,"tags=46%, list=15%, signal=39%","Ptpn11/Plcg1/Sos1/Shc1/Hras/Grb2","INRR_vs_ARR = Neonate_Reinfected_IFN - Adult_Reinfected","Reactome","INRR_vs_ARR = Neonate_Reinfected_IFN - Adult_Reinfected | Positive NES/logFC = higher in Neonate_Reinfected_IFN ; Negative NES/logFC = higher in Adult_Reinfected"
"REACTOME_CLASS_B_2_SECRETIN_FAMILY_RECEPTORS","REACTOME_CLASS_B_2_SECRETIN_FAMILY_RECEPTORS",36,0.3162307926847,1.02666698191145,0.449095022624434,0.521010496943928,0.184290949270599,3933,"tags=28%, list=20%, signal=22%","Calcb/Iapp/Fzd5/Wnt1/Adcyap1/Vipr1/Fzd1/Calcr/Vip/Gcg","INRR_vs_ARR = Neonate_Reinfected_IFN - Adult_Reinfected","Reactome","INRR_vs_ARR = Neonate_Reinfected_IFN - Adult_Reinfected | Positive NES/logFC = higher in Neonate_Reinfected_IFN ; Negative NES/logFC = higher in Adult_Reinfected"
"REACTOME_BILE_ACID_AND_BILE_SALT_METABOLISM","REACTOME_BILE_ACID_AND_BILE_SALT_METABOLISM",26,0.335850224946963,1.0173444762616,0.449292452830189,0.521010496943928,0.184290949270599,8938,"tags=65%, list=45%, signal=36%","Slc27a5/Cyp8b1/Slc27a2/Nr1h4/Akr1c18/Akr1c6/Cyp7a1/Abcb11/Slco1a5/Fabp6/Alb/Cyp39a1/Cyp46a1/Akr1d1/Akr1c20/Acox2/Abcc3","INRR_vs_ARR = Neonate_Reinfected_IFN - Adult_Reinfected","Reactome","INRR_vs_ARR = Neonate_Reinfected_IFN - Adult_Reinfected | Positive NES/logFC = higher in Neonate_Reinfected_IFN ; Negative NES/logFC = higher in Adult_Reinfected"
"REACTOME_LAGGING_STRAND_SYNTHESIS","REACTOME_LAGGING_STRAND_SYNTHESIS",19,-0.272412755716005,-0.977616700072052,0.450777202072539,0.522119432177806,0.184683199960613,14531,"tags=37%, list=73%, signal=10%","Rfc3/Rpa1/Pold2/Rfc5/Rpa3/Rfc2/Pcna","INRR_vs_ARR = Neonate_Reinfected_IFN - Adult_Reinfected","Reactome","INRR_vs_ARR = Neonate_Reinfected_IFN - Adult_Reinfected | Positive NES/logFC = higher in Neonate_Reinfected_IFN ; Negative NES/logFC = higher in Adult_Reinfected"
"REACTOME_FRS_MEDIATED_FGFR3_SIGNALING","REACTOME_FRS_MEDIATED_FGFR3_SIGNALING",10,-0.339110095412381,-0.978150358391788,0.454545454545455,0.525703385789223,0.185950909953145,3078,"tags=30%, list=15%, signal=25%","Sos1/Hras/Grb2","INRR_vs_ARR = Neonate_Reinfected_IFN - Adult_Reinfected","Reactome","INRR_vs_ARR = Neonate_Reinfected_IFN - Adult_Reinfected | Positive NES/logFC = higher in Neonate_Reinfected_IFN ; Negative NES/logFC = higher in Adult_Reinfected"
"REACTOME_REGULATION_OF_PYRUVATE_DEHYDROGENASE_PDH_COMPLEX","REACTOME_REGULATION_OF_PYRUVATE_DEHYDROGENASE_PDH_COMPLEX",12,-0.312156138050561,-0.976180418429553,0.454935622317597,0.525703385789223,0.185950909953145,3128,"tags=33%, list=16%, signal=28%","Gstz1/Pdk3/Dld/Dlat","INRR_vs_ARR = Neonate_Reinfected_IFN - Adult_Reinfected","Reactome","INRR_vs_ARR = Neonate_Reinfected_IFN - Adult_Reinfected | Positive NES/logFC = higher in Neonate_Reinfected_IFN ; Negative NES/logFC = higher in Adult_Reinfected"
"REACTOME_FRS_MEDIATED_FGFR1_SIGNALING","REACTOME_FRS_MEDIATED_FGFR1_SIGNALING",10,-0.335988791657829,-0.969147074716463,0.458498023715415,0.529200989989287,0.187188076578354,3078,"tags=40%, list=15%, signal=34%","Sos1/Fgfr1/Hras/Grb2","INRR_vs_ARR = Neonate_Reinfected_IFN - Adult_Reinfected","Reactome","INRR_vs_ARR = Neonate_Reinfected_IFN - Adult_Reinfected | Positive NES/logFC = higher in Neonate_Reinfected_IFN ; Negative NES/logFC = higher in Adult_Reinfected"
"REACTOME_SYNTHESIS_OF_BILE_ACIDS_AND_BILE_SALTS_VIA_27_HYDROXYCHOLESTEROL","REACTOME_SYNTHESIS_OF_BILE_ACIDS_AND_BILE_SALTS_VIA_27_HYDROXYCHOLESTEROL",11,0.417274480034443,1.03384695556154,0.460508701472557,0.530901513482948,0.187789582864201,10010,"tags=73%, list=50%, signal=36%","Cyp8b1/Nr1h4/Akr1c18/Akr1c6/Cyp7a1/Akr1d1/Akr1c20/Cyp27a1","INRR_vs_ARR = Neonate_Reinfected_IFN - Adult_Reinfected","Reactome","INRR_vs_ARR = Neonate_Reinfected_IFN - Adult_Reinfected | Positive NES/logFC = higher in Neonate_Reinfected_IFN ; Negative NES/logFC = higher in Adult_Reinfected"
"REACTOME_CD28_DEPENDENT_PI3K_AKT_SIGNALING","REACTOME_CD28_DEPENDENT_PI3K_AKT_SIGNALING",20,-0.267735339470314,-0.979900878463632,0.461111111111111,0.530976430976431,0.187816082552925,3412,"tags=30%, list=17%, signal=25%","Mtor/Akt3/Pik3cd/Akt2/Fyn/Akt1","INRR_vs_ARR = Neonate_Reinfected_IFN - Adult_Reinfected","Reactome","INRR_vs_ARR = Neonate_Reinfected_IFN - Adult_Reinfected | Positive NES/logFC = higher in Neonate_Reinfected_IFN ; Negative NES/logFC = higher in Adult_Reinfected"
"REACTOME_RESOLUTION_OF_D_LOOP_STRUCTURES","REACTOME_RESOLUTION_OF_D_LOOP_STRUCTURES",13,0.389943795629333,1.00887078073068,0.47020725388601,0.538749914797901,0.190565706065313,7039,"tags=38%, list=35%, signal=25%","Rad51c/Rad51ap1/Brca2/Xrcc3/Bard1","INRR_vs_ARR = Neonate_Reinfected_IFN - Adult_Reinfected","Reactome","INRR_vs_ARR = Neonate_Reinfected_IFN - Adult_Reinfected | Positive NES/logFC = higher in Neonate_Reinfected_IFN ; Negative NES/logFC = higher in Adult_Reinfected"
"REACTOME_RESOLUTION_OF_D_LOOP_STRUCTURES_THROUGH_SYNTHESIS_DEPENDENT_STRAND_ANNEALING_SDSA","REACTOME_RESOLUTION_OF_D_LOOP_STRUCTURES_THROUGH_SYNTHESIS_DEPENDENT_STRAND_ANNEALING_SDSA",13,0.389943795629333,1.00887078073068,0.47020725388601,0.538749914797901,0.190565706065313,7039,"tags=38%, list=35%, signal=25%","Rad51c/Rad51ap1/Brca2/Xrcc3/Bard1","INRR_vs_ARR = Neonate_Reinfected_IFN - Adult_Reinfected","Reactome","INRR_vs_ARR = Neonate_Reinfected_IFN - Adult_Reinfected | Positive NES/logFC = higher in Neonate_Reinfected_IFN ; Negative NES/logFC = higher in Adult_Reinfected"
"REACTOME_MISMATCH_REPAIR","REACTOME_MISMATCH_REPAIR",13,-0.304611196189496,-0.979293168359387,0.469565217391304,0.538749914797901,0.190565706065313,3305,"tags=38%, list=17%, signal=32%","Rpa1/Pold2/Rpa3/Msh2/Pcna","INRR_vs_ARR = Neonate_Reinfected_IFN - Adult_Reinfected","Reactome","INRR_vs_ARR = Neonate_Reinfected_IFN - Adult_Reinfected | Positive NES/logFC = higher in Neonate_Reinfected_IFN ; Negative NES/logFC = higher in Adult_Reinfected"
"REACTOME_CYTOSOLIC_TRNA_AMINOACYLATION","REACTOME_CYTOSOLIC_TRNA_AMINOACYLATION",11,-0.313658776188791,-0.961652298351318,0.470588235294118,0.538749914797901,0.190565706065313,4437,"tags=73%, list=22%, signal=57%","Dars/Farsa/Kars/Tars/Aimp2/Iars/Rars/Eprs","INRR_vs_ARR = Neonate_Reinfected_IFN - Adult_Reinfected","Reactome","INRR_vs_ARR = Neonate_Reinfected_IFN - Adult_Reinfected | Positive NES/logFC = higher in Neonate_Reinfected_IFN ; Negative NES/logFC = higher in Adult_Reinfected"
"REACTOME_TRNA_AMINOACYLATION","REACTOME_TRNA_AMINOACYLATION",11,-0.313658776188791,-0.961652298351318,0.470588235294118,0.538749914797901,0.190565706065313,4437,"tags=73%, list=22%, signal=57%","Dars/Farsa/Kars/Tars/Aimp2/Iars/Rars/Eprs","INRR_vs_ARR = Neonate_Reinfected_IFN - Adult_Reinfected","Reactome","INRR_vs_ARR = Neonate_Reinfected_IFN - Adult_Reinfected | Positive NES/logFC = higher in Neonate_Reinfected_IFN ; Negative NES/logFC = higher in Adult_Reinfected"
"REACTOME_BRANCHED_CHAIN_AMINO_ACID_CATABOLISM","REACTOME_BRANCHED_CHAIN_AMINO_ACID_CATABOLISM",14,0.380853078928736,1.01008747108248,0.47176913425345,0.538853068950762,0.190602193577299,25,"tags=7%, list=0%, signal=7%","Bcat1","INRR_vs_ARR = Neonate_Reinfected_IFN - Adult_Reinfected","Reactome","INRR_vs_ARR = Neonate_Reinfected_IFN - Adult_Reinfected | Positive NES/logFC = higher in Neonate_Reinfected_IFN ; Negative NES/logFC = higher in Adult_Reinfected"
"REACTOME_RUNX1_REGULATES_GENES_INVOLVED_IN_MEGAKARYOCYTE_DIFFERENTIATION_AND_PLATELET_FUNCTION","REACTOME_RUNX1_REGULATES_GENES_INVOLVED_IN_MEGAKARYOCYTE_DIFFERENTIATION_AND_PLATELET_FUNCTION",19,-0.268414867458801,-0.963269345760423,0.471502590673575,0.538853068950762,0.190602193577299,3284,"tags=32%, list=16%, signal=26%","H4c14/Runx1/Kmt2d/H2az2/Myl9/Thbs1","INRR_vs_ARR = Neonate_Reinfected_IFN - Adult_Reinfected","Reactome","INRR_vs_ARR = Neonate_Reinfected_IFN - Adult_Reinfected | Positive NES/logFC = higher in Neonate_Reinfected_IFN ; Negative NES/logFC = higher in Adult_Reinfected"
"REACTOME_DEPOSITION_OF_NEW_CENPA_CONTAINING_NUCLEOSOMES_AT_THE_CENTROMERE","REACTOME_DEPOSITION_OF_NEW_CENPA_CONTAINING_NUCLEOSOMES_AT_THE_CENTROMERE",11,-0.311531695307904,-0.955130841363127,0.474509803921569,0.540733202162064,0.191267231107826,1548,"tags=55%, list=8%, signal=50%","H2aj/Cenpa/H4c14/H2az2/Rbbp7/Npm1","INRR_vs_ARR = Neonate_Reinfected_IFN - Adult_Reinfected","Reactome","INRR_vs_ARR = Neonate_Reinfected_IFN - Adult_Reinfected | Positive NES/logFC = higher in Neonate_Reinfected_IFN ; Negative NES/logFC = higher in Adult_Reinfected"
"REACTOME_PROCESSIVE_SYNTHESIS_ON_THE_C_STRAND_OF_THE_TELOMERE","REACTOME_PROCESSIVE_SYNTHESIS_ON_THE_C_STRAND_OF_THE_TELOMERE",11,-0.311335275385245,-0.954528633854821,0.474509803921569,0.540733202162064,0.191267231107826,9898,"tags=36%, list=50%, signal=18%","Rpa1/Pold2/Rpa3/Pcna","INRR_vs_ARR = Neonate_Reinfected_IFN - Adult_Reinfected","Reactome","INRR_vs_ARR = Neonate_Reinfected_IFN - Adult_Reinfected | Positive NES/logFC = higher in Neonate_Reinfected_IFN ; Negative NES/logFC = higher in Adult_Reinfected"
"REACTOME_METABOLISM_OF_STEROID_HORMONES","REACTOME_METABOLISM_OF_STEROID_HORMONES",17,0.363275348361233,1.00316167837997,0.479604449938195,0.545909212602462,0.193098080741548,7553,"tags=59%, list=38%, signal=37%","Stard4/Hsd3b3/Cyp17a1/Stard3/Pomc/Hsd11b2/Srd5a1/Serpina6/Cyp11b2/Hsd17b2","INRR_vs_ARR = Neonate_Reinfected_IFN - Adult_Reinfected","Reactome","INRR_vs_ARR = Neonate_Reinfected_IFN - Adult_Reinfected | Positive NES/logFC = higher in Neonate_Reinfected_IFN ; Negative NES/logFC = higher in Adult_Reinfected"
"REACTOME_GAP_FILLING_DNA_REPAIR_SYNTHESIS_AND_LIGATION_IN_GG_NER","REACTOME_GAP_FILLING_DNA_REPAIR_SYNTHESIS_AND_LIGATION_IN_GG_NER",19,0.355498808407234,0.998704139570061,0.482076637824475,0.548091735524259,0.193870079047575,850,"tags=11%, list=4%, signal=10%","Pole3/Ubc","INRR_vs_ARR = Neonate_Reinfected_IFN - Adult_Reinfected","Reactome","INRR_vs_ARR = Neonate_Reinfected_IFN - Adult_Reinfected | Positive NES/logFC = higher in Neonate_Reinfected_IFN ; Negative NES/logFC = higher in Adult_Reinfected"
"REACTOME_REGULATION_OF_TP53_ACTIVITY_THROUGH_PHOSPHORYLATION","REACTOME_REGULATION_OF_TP53_ACTIVITY_THROUGH_PHOSPHORYLATION",50,-0.208001032030143,-0.997019817224965,0.485981308411215,0.551896014609518,0.195215722193011,5047,"tags=44%, list=25%, signal=33%","Rfc3/Mre11a/Rpa1/Topbp1/Taf12/Taf6/Hipk2/Taf9/Dyrk2/Taf13/Csnk2a2/Csnk2b/Rfc5/Rpa3/Taf10/Rfc2/Trp53inp1/Rad50/Ssrp1/Trp53/Mapk14/Mdm2","INRR_vs_ARR = Neonate_Reinfected_IFN - Adult_Reinfected","Reactome","INRR_vs_ARR = Neonate_Reinfected_IFN - Adult_Reinfected | Positive NES/logFC = higher in Neonate_Reinfected_IFN ; Negative NES/logFC = higher in Adult_Reinfected"
"REACTOME_SIGNALING_BY_CSF3_G_CSF","REACTOME_SIGNALING_BY_CSF3_G_CSF",20,0.349957561119248,0.998562450899191,0.492700729927007,0.558884410066456,0.19768764558072,1944,"tags=20%, list=10%, signal=18%","Ube2d1/Socs1/Ubc/Csf3","INRR_vs_ARR = Neonate_Reinfected_IFN - Adult_Reinfected","Reactome","INRR_vs_ARR = Neonate_Reinfected_IFN - Adult_Reinfected | Positive NES/logFC = higher in Neonate_Reinfected_IFN ; Negative NES/logFC = higher in Adult_Reinfected"
"REACTOME_FGFR2_MUTANT_RECEPTOR_ACTIVATION","REACTOME_FGFR2_MUTANT_RECEPTOR_ACTIVATION",20,-0.257357053406234,-0.941916757087432,0.494444444444444,0.560219164118247,0.198159772519985,3507,"tags=25%, list=18%, signal=21%","Ncbp2/Polr2g/Polr2a/Polr2e/Polr2f","INRR_vs_ARR = Neonate_Reinfected_IFN - Adult_Reinfected","Reactome","INRR_vs_ARR = Neonate_Reinfected_IFN - Adult_Reinfected | Positive NES/logFC = higher in Neonate_Reinfected_IFN ; Negative NES/logFC = higher in Adult_Reinfected"
"REACTOME_G0_AND_EARLY_G1","REACTOME_G0_AND_EARLY_G1",19,-0.262973777532584,-0.9437427257074,0.49740932642487,0.56293289176148,0.199119667659079,10066,"tags=89%, list=50%, signal=44%","Cdc6/Mybl2/Ccne1/Myc/Tfdp1/E2f5/Ccna2/Cdk2/Top2a/Ccna1/E2f1/Hdac1/E2f4/Dyrk1a/Cdk1/Tfdp2/Pcna","INRR_vs_ARR = Neonate_Reinfected_IFN - Adult_Reinfected","Reactome","INRR_vs_ARR = Neonate_Reinfected_IFN - Adult_Reinfected | Positive NES/logFC = higher in Neonate_Reinfected_IFN ; Negative NES/logFC = higher in Adult_Reinfected"
"REACTOME_EXPRESSION_OF_BMAL_ARNTL_CLOCK_AND_NPAS2","REACTOME_EXPRESSION_OF_BMAL_ARNTL_CLOCK_AND_NPAS2",12,-0.306450804470954,-0.958338594284101,0.502145922746781,0.5676432170181,0.200785795919464,13850,"tags=42%, list=69%, signal=13%","Rora/Ncoa6/Mef2d/Helz2/Crebbp","INRR_vs_ARR = Neonate_Reinfected_IFN - Adult_Reinfected","Reactome","INRR_vs_ARR = Neonate_Reinfected_IFN - Adult_Reinfected | Positive NES/logFC = higher in Neonate_Reinfected_IFN ; Negative NES/logFC = higher in Adult_Reinfected"
"REACTOME_TRANSCRIPTIONAL_REGULATION_BY_MECP2","REACTOME_TRANSCRIPTIONAL_REGULATION_BY_MECP2",34,-0.229312652392452,-0.980844613761631,0.504065040650406,0.56916144018583,0.20132281924323,2757,"tags=26%, list=14%, signal=23%","Notch1/Irak1/Prkaca/Lbr/Ago2/Hdac2/Ncor2/Pten/Calm1","INRR_vs_ARR = Neonate_Reinfected_IFN - Adult_Reinfected","Reactome","INRR_vs_ARR = Neonate_Reinfected_IFN - Adult_Reinfected | Positive NES/logFC = higher in Neonate_Reinfected_IFN ; Negative NES/logFC = higher in Adult_Reinfected"
"REACTOME_REGULATION_OF_GENE_EXPRESSION_IN_LATE_STAGE_BRANCHING_MORPHOGENESIS_PANCREATIC_BUD_PRECURSOR_CELLS","REACTOME_REGULATION_OF_GENE_EXPRESSION_IN_LATE_STAGE_BRANCHING_MORPHOGENESIS_PANCREATIC_BUD_PRECURSOR_CELLS",10,0.406469420015888,0.985686271830807,0.504672897196262,0.569197285878889,0.201335498520979,980,"tags=20%, list=5%, signal=19%","Onecut1/Neurog3","INRR_vs_ARR = Neonate_Reinfected_IFN - Adult_Reinfected","Reactome","INRR_vs_ARR = Neonate_Reinfected_IFN - Adult_Reinfected | Positive NES/logFC = higher in Neonate_Reinfected_IFN ; Negative NES/logFC = higher in Adult_Reinfected"
"REACTOME_NEGATIVE_REGULATION_OF_FGFR1_SIGNALING","REACTOME_NEGATIVE_REGULATION_OF_FGFR1_SIGNALING",16,-0.278973006800481,-0.945172688436965,0.510526315789474,0.575142531356899,0.203438440667473,2581,"tags=31%, list=13%, signal=27%","Src/Fgfr1/Mapk1/Ppp2cb/Grb2","INRR_vs_ARR = Neonate_Reinfected_IFN - Adult_Reinfected","Reactome","INRR_vs_ARR = Neonate_Reinfected_IFN - Adult_Reinfected | Positive NES/logFC = higher in Neonate_Reinfected_IFN ; Negative NES/logFC = higher in Adult_Reinfected"
"REACTOME_DIFFERENTIATION_OF_KERATINOCYTES_IN_INTERFOLLICULAR_EPIDERMIS_IN_MAMMALIAN_SKIN","REACTOME_DIFFERENTIATION_OF_KERATINOCYTES_IN_INTERFOLLICULAR_EPIDERMIS_IN_MAMMALIAN_SKIN",22,-0.245622938624158,-0.934802875249424,0.514450867052023,0.578903709165602,0.204768838102472,861,"tags=14%, list=4%, signal=13%","Krt19/Hopx/Itgb1","INRR_vs_ARR = Neonate_Reinfected_IFN - Adult_Reinfected","Reactome","INRR_vs_ARR = Neonate_Reinfected_IFN - Adult_Reinfected | Positive NES/logFC = higher in Neonate_Reinfected_IFN ; Negative NES/logFC = higher in Adult_Reinfected"
"REACTOME_SIGNALING_BY_EGFR_IN_CANCER","REACTOME_SIGNALING_BY_EGFR_IN_CANCER",16,-0.278399068053956,-0.943228158984914,0.515789473684211,0.579749715585893,0.205068086058509,3847,"tags=44%, list=19%, signal=35%","Cbl/Hbegf/Sos1/Shc1/Hras/Grb2/Hsp90aa1","INRR_vs_ARR = Neonate_Reinfected_IFN - Adult_Reinfected","Reactome","INRR_vs_ARR = Neonate_Reinfected_IFN - Adult_Reinfected | Positive NES/logFC = higher in Neonate_Reinfected_IFN ; Negative NES/logFC = higher in Adult_Reinfected"
"REACTOME_TNFS_BIND_THEIR_PHYSIOLOGICAL_RECEPTORS","REACTOME_TNFS_BIND_THEIR_PHYSIOLOGICAL_RECEPTORS",14,0.369866333813627,0.980948744884009,0.519447929736512,0.583198357476902,0.206287933818806,8947,"tags=71%, list=45%, signal=39%","Tnfrsf4/Edar/Lta/Cd70/Tnfsf15/Tnfrsf11b/Tnfsf9/Tnfrsf8/Fasl/Tnfsf11","INRR_vs_ARR = Neonate_Reinfected_IFN - Adult_Reinfected","Reactome","INRR_vs_ARR = Neonate_Reinfected_IFN - Adult_Reinfected | Positive NES/logFC = higher in Neonate_Reinfected_IFN ; Negative NES/logFC = higher in Adult_Reinfected"
"REACTOME_PARACETAMOL_ADME","REACTOME_PARACETAMOL_ADME",10,-0.323780382279609,-0.93393237550741,0.521739130434783,0.585105857967724,0.206962651657026,883,"tags=30%, list=4%, signal=29%","Abcc1/Cndp2/Gstm2","INRR_vs_ARR = Neonate_Reinfected_IFN - Adult_Reinfected","Reactome","INRR_vs_ARR = Neonate_Reinfected_IFN - Adult_Reinfected | Positive NES/logFC = higher in Neonate_Reinfected_IFN ; Negative NES/logFC = higher in Adult_Reinfected"
"REACTOME_METABOLISM_OF_WATER_SOLUBLE_VITAMINS_AND_COFACTORS","REACTOME_METABOLISM_OF_WATER_SOLUBLE_VITAMINS_AND_COFACTORS",46,-0.212539714667394,-0.993254661661611,0.522935779816514,0.585782937028022,0.207202146913811,4582,"tags=39%, list=23%, signal=30%","Acaca/Mccc1/Shmt2/Tcn2/Mocs2/Mccc2/Pcx/Acp5/Abcc1/Slc23a2/Aldh1l1/Parp9/Nampt/Parp14/Fasn/Gsto1/Cyb5a/Cyb5r3","INRR_vs_ARR = Neonate_Reinfected_IFN - Adult_Reinfected","Reactome","INRR_vs_ARR = Neonate_Reinfected_IFN - Adult_Reinfected | Positive NES/logFC = higher in Neonate_Reinfected_IFN ; Negative NES/logFC = higher in Adult_Reinfected"
"REACTOME_RORA_B_C_AND_NR1D1_REV_ERBA_REGULATE_GENE_EXPRESSION","REACTOME_RORA_B_C_AND_NR1D1_REV_ERBA_REGULATE_GENE_EXPRESSION",11,-0.298717447220408,-0.915843398892309,0.529411764705882,0.592365598561055,0.209530554786139,1929,"tags=45%, list=10%, signal=41%","Rora/Ncoa6/Helz2/Cpt1a/Crebbp","INRR_vs_ARR = Neonate_Reinfected_IFN - Adult_Reinfected","Reactome","INRR_vs_ARR = Neonate_Reinfected_IFN - Adult_Reinfected | Positive NES/logFC = higher in Neonate_Reinfected_IFN ; Negative NES/logFC = higher in Adult_Reinfected"
"REACTOME_G_ALPHA_Q_SIGNALLING_EVENTS","REACTOME_G_ALPHA_Q_SIGNALLING_EVENTS",76,0.26621993423427,0.974980552218561,0.53248136315229,0.594807100341101,0.21039415865464,6213,"tags=36%, list=31%, signal=25%","Prok2/Bdkrb1/Oxt/Oxtr/P2ry2/Edn2/Adra1b/Cck/P2ry1/Ffar2/Abhd6/Trio/Ghrl/Ptgfr/Gcg/Hrh1/Avpr1a/Tacr3/Bdkrb2/Brs3/Lpar1/Gngt1/Nmu/Tacr1/Kalrn/Rasgrp1/Pik3r3","INRR_vs_ARR = Neonate_Reinfected_IFN - Adult_Reinfected","Reactome","INRR_vs_ARR = Neonate_Reinfected_IFN - Adult_Reinfected | Positive NES/logFC = higher in Neonate_Reinfected_IFN ; Negative NES/logFC = higher in Adult_Reinfected"
"REACTOME_SIGNALING_BY_ACTIVIN","REACTOME_SIGNALING_BY_ACTIVIN",11,0.391688292964341,0.970454146097923,0.532797858099063,0.594807100341101,0.21039415865464,1988,"tags=18%, list=10%, signal=16%","Fstl3/Smad3","INRR_vs_ARR = Neonate_Reinfected_IFN - Adult_Reinfected","Reactome","INRR_vs_ARR = Neonate_Reinfected_IFN - Adult_Reinfected | Positive NES/logFC = higher in Neonate_Reinfected_IFN ; Negative NES/logFC = higher in Adult_Reinfected"
"REACTOME_REPRESSION_OF_WNT_TARGET_GENES","REACTOME_REPRESSION_OF_WNT_TARGET_GENES",11,-0.297596455948276,-0.912406530820656,0.537254901960784,0.599105917762139,0.2119147290614,9130,"tags=91%, list=46%, signal=49%","Myc/Tcf7l2/Axin2/Tle4/Tle1/Tcf7/Tcf7l1/Hdac1/Tle3/Ctbp1","INRR_vs_ARR = Neonate_Reinfected_IFN - Adult_Reinfected","Reactome","INRR_vs_ARR = Neonate_Reinfected_IFN - Adult_Reinfected | Positive NES/logFC = higher in Neonate_Reinfected_IFN ; Negative NES/logFC = higher in Adult_Reinfected"
"REACTOME_RESPONSE_OF_EIF2AK1_HRI_TO_HEME_DEFICIENCY","REACTOME_RESPONSE_OF_EIF2AK1_HRI_TO_HEME_DEFICIENCY",14,0.364417512687299,0.966497539796329,0.538268506900878,0.599559509377754,0.212075172718319,3974,"tags=36%, list=20%, signal=29%","Ddit3/Cebpb/Ppp1r15a/Chac1/Atf3","INRR_vs_ARR = Neonate_Reinfected_IFN - Adult_Reinfected","Reactome","INRR_vs_ARR = Neonate_Reinfected_IFN - Adult_Reinfected | Positive NES/logFC = higher in Neonate_Reinfected_IFN ; Negative NES/logFC = higher in Adult_Reinfected"
"REACTOME_PROTEIN_UBIQUITINATION","REACTOME_PROTEIN_UBIQUITINATION",21,0.334706809906817,0.968469321478361,0.540606060606061,0.601485121485121,0.212756296966823,2916,"tags=24%, list=15%, signal=20%","Ube2d1/H2-Q10/Ubc/Pex12/Ube2t","INRR_vs_ARR = Neonate_Reinfected_IFN - Adult_Reinfected","Reactome","INRR_vs_ARR = Neonate_Reinfected_IFN - Adult_Reinfected | Positive NES/logFC = higher in Neonate_Reinfected_IFN ; Negative NES/logFC = higher in Adult_Reinfected"
"REACTOME_IRS_MEDIATED_SIGNALLING","REACTOME_IRS_MEDIATED_SIGNALLING",22,-0.239660873097805,-0.912112176947061,0.543352601156069,0.603860933568275,0.213596665187159,2028,"tags=41%, list=10%, signal=37%","Ptpn11/Gab2/Pik3cb/Flt3l/Sos1/Fgfr1/Akt2/Hras/Grb2","INRR_vs_ARR = Neonate_Reinfected_IFN - Adult_Reinfected","Reactome","INRR_vs_ARR = Neonate_Reinfected_IFN - Adult_Reinfected | Positive NES/logFC = higher in Neonate_Reinfected_IFN ; Negative NES/logFC = higher in Adult_Reinfected"
"REACTOME_POST_TRANSLATIONAL_MODIFICATION_SYNTHESIS_OF_GPI_ANCHORED_PROTEINS","REACTOME_POST_TRANSLATIONAL_MODIFICATION_SYNTHESIS_OF_GPI_ANCHORED_PROTEINS",14,0.360477683691073,0.956048439795642,0.545796737766625,0.605215686771521,0.214075866192356,5547,"tags=43%, list=28%, signal=31%","Negr1/Vnn1/Gp2/Ntm/Ntng1/Lypd3","INRR_vs_ARR = Neonate_Reinfected_IFN - Adult_Reinfected","Reactome","INRR_vs_ARR = Neonate_Reinfected_IFN - Adult_Reinfected | Positive NES/logFC = higher in Neonate_Reinfected_IFN ; Negative NES/logFC = higher in Adult_Reinfected"
"REACTOME_GLYOXYLATE_METABOLISM_AND_GLYCINE_DEGRADATION","REACTOME_GLYOXYLATE_METABOLISM_AND_GLYCINE_DEGRADATION",10,-0.318361645184925,-0.918302231483681,0.545454545454545,0.605215686771521,0.214075866192356,2221,"tags=50%, list=11%, signal=44%","Got2/Grhpr/Dld/Dlst/Ogdh","INRR_vs_ARR = Neonate_Reinfected_IFN - Adult_Reinfected","Reactome","INRR_vs_ARR = Neonate_Reinfected_IFN - Adult_Reinfected | Positive NES/logFC = higher in Neonate_Reinfected_IFN ; Negative NES/logFC = higher in Adult_Reinfected"
"REACTOME_NRAGE_SIGNALS_DEATH_THROUGH_JNK","REACTOME_NRAGE_SIGNALS_DEATH_THROUGH_JNK",25,-0.233813119517211,-0.912150472951886,0.547169811320755,0.606058042135544,0.214373822702963,3435,"tags=40%, list=17%, signal=33%","Itsn1/Sos1/Ect2/Arhgef2/Arhgef3/Net1/Arhgef12/Abr/Akap13/Rac1","INRR_vs_ARR = Neonate_Reinfected_IFN - Adult_Reinfected","Reactome","INRR_vs_ARR = Neonate_Reinfected_IFN - Adult_Reinfected | Positive NES/logFC = higher in Neonate_Reinfected_IFN ; Negative NES/logFC = higher in Adult_Reinfected"
"REACTOME_HDR_THROUGH_MMEJ_ALT_NHEJ","REACTOME_HDR_THROUGH_MMEJ_ALT_NHEJ",10,-0.317546233649075,-0.915950207474906,0.549407114624506,0.607854680010092,0.215009326404592,13628,"tags=100%, list=68%, signal=32%","Rad52/Polq/Fen1/Rbbp8/Lig3/Parp2/Nbn/Mre11a/Rad50","INRR_vs_ARR = Neonate_Reinfected_IFN - Adult_Reinfected","Reactome","INRR_vs_ARR = Neonate_Reinfected_IFN - Adult_Reinfected | Positive NES/logFC = higher in Neonate_Reinfected_IFN ; Negative NES/logFC = higher in Adult_Reinfected"
"REACTOME_SIGNALING_BY_NOTCH2","REACTOME_SIGNALING_BY_NOTCH2",18,0.343740609069983,0.95398069754707,0.554037267080745,0.61229174482749,0.216578797445905,1029,"tags=17%, list=5%, signal=16%","Ncstn/Ubc/Dll1","INRR_vs_ARR = Neonate_Reinfected_IFN - Adult_Reinfected","Reactome","INRR_vs_ARR = Neonate_Reinfected_IFN - Adult_Reinfected | Positive NES/logFC = higher in Neonate_Reinfected_IFN ; Negative NES/logFC = higher in Adult_Reinfected"
"REACTOME_POLYMERASE_SWITCHING","REACTOME_POLYMERASE_SWITCHING",14,-0.278680715607796,-0.911715025052512,0.560975609756098,0.619266930099469,0.219046048149397,5047,"tags=36%, list=25%, signal=27%","Rfc3/Pold2/Rfc5/Rfc2/Pcna","INRR_vs_ARR = Neonate_Reinfected_IFN - Adult_Reinfected","Reactome","INRR_vs_ARR = Neonate_Reinfected_IFN - Adult_Reinfected | Positive NES/logFC = higher in Neonate_Reinfected_IFN ; Negative NES/logFC = higher in Adult_Reinfected"
"REACTOME_POLYMERASE_SWITCHING_ON_THE_C_STRAND_OF_THE_TELOMERE","REACTOME_POLYMERASE_SWITCHING_ON_THE_C_STRAND_OF_THE_TELOMERE",15,-0.272358131140967,-0.909943498882281,0.562189054726368,0.619913823738451,0.219274866270153,14531,"tags=33%, list=73%, signal=9%","Rfc3/Pold2/Rfc5/Rfc2/Pcna","INRR_vs_ARR = Neonate_Reinfected_IFN - Adult_Reinfected","Reactome","INRR_vs_ARR = Neonate_Reinfected_IFN - Adult_Reinfected | Positive NES/logFC = higher in Neonate_Reinfected_IFN ; Negative NES/logFC = higher in Adult_Reinfected"
"REACTOME_NEGATIVE_REGULATION_OF_FGFR3_SIGNALING","REACTOME_NEGATIVE_REGULATION_OF_FGFR3_SIGNALING",16,-0.266831068435354,-0.904035272817358,0.563157894736842,0.620289855072464,0.219407875435817,2581,"tags=38%, list=13%, signal=33%","Braf/Cbl/Src/Mapk1/Ppp2cb/Grb2","INRR_vs_ARR = Neonate_Reinfected_IFN - Adult_Reinfected","Reactome","INRR_vs_ARR = Neonate_Reinfected_IFN - Adult_Reinfected | Positive NES/logFC = higher in Neonate_Reinfected_IFN ; Negative NES/logFC = higher in Adult_Reinfected"
"REACTOME_INHIBITION_OF_REPLICATION_INITIATION_OF_DAMAGED_DNA_BY_RB1_E2F1","REACTOME_INHIBITION_OF_REPLICATION_INITIATION_OF_DAMAGED_DNA_BY_RB1_E2F1",10,-0.309459154758259,-0.892623331565255,0.565217391304348,0.621173284325579,0.219720360532807,9183,"tags=90%, list=46%, signal=49%","Ppp2r1b/Tfdp1/Prim2/Pola1/Pola2/E2f1/Rb1/Tfdp2/Ppp2cb","INRR_vs_ARR = Neonate_Reinfected_IFN - Adult_Reinfected","Reactome","INRR_vs_ARR = Neonate_Reinfected_IFN - Adult_Reinfected | Positive NES/logFC = higher in Neonate_Reinfected_IFN ; Negative NES/logFC = higher in Adult_Reinfected"
"REACTOME_POTASSIUM_CHANNELS","REACTOME_POTASSIUM_CHANNELS",21,-0.237067685247725,-0.888250001940208,0.564971751412429,0.621173284325579,0.219720360532807,1371,"tags=14%, list=7%, signal=13%","Gng12/Gng11/Gnb2","INRR_vs_ARR = Neonate_Reinfected_IFN - Adult_Reinfected","Reactome","INRR_vs_ARR = Neonate_Reinfected_IFN - Adult_Reinfected | Positive NES/logFC = higher in Neonate_Reinfected_IFN ; Negative NES/logFC = higher in Adult_Reinfected"
"REACTOME_APC_CDC20_MEDIATED_DEGRADATION_OF_NEK2A","REACTOME_APC_CDC20_MEDIATED_DEGRADATION_OF_NEK2A",11,0.381230517641246,0.944543768883301,0.571619812583668,0.626815066406952,0.22171596212136,850,"tags=18%, list=4%, signal=17%","Ube2d1/Ubc","INRR_vs_ARR = Neonate_Reinfected_IFN - Adult_Reinfected","Reactome","INRR_vs_ARR = Neonate_Reinfected_IFN - Adult_Reinfected | Positive NES/logFC = higher in Neonate_Reinfected_IFN ; Negative NES/logFC = higher in Adult_Reinfected"
"REACTOME_FORMATION_OF_FIBRIN_CLOT_CLOTTING_CASCADE","REACTOME_FORMATION_OF_FIBRIN_CLOT_CLOTTING_CASCADE",31,-0.218114596561103,-0.914225891631685,0.571428571428571,0.626815066406952,0.22171596212136,2347,"tags=26%, list=12%, signal=23%","Pros1/Thbd/Prcp/C1qbp/Serpine2/Vwf/F2r/Serping1","INRR_vs_ARR = Neonate_Reinfected_IFN - Adult_Reinfected","Reactome","INRR_vs_ARR = Neonate_Reinfected_IFN - Adult_Reinfected | Positive NES/logFC = higher in Neonate_Reinfected_IFN ; Negative NES/logFC = higher in Adult_Reinfected"
"REACTOME_JNK_C_JUN_KINASES_PHOSPHORYLATION_AND_ACTIVATION_MEDIATED_BY_ACTIVATED_HUMAN_TAK1","REACTOME_JNK_C_JUN_KINASES_PHOSPHORYLATION_AND_ACTIVATION_MEDIATED_BY_ACTIVATED_HUMAN_TAK1",12,0.367656829804825,0.929113417342927,0.573472041612484,0.628148976843829,0.222187790658589,1829,"tags=17%, list=9%, signal=15%","Ubc/Mapk8","INRR_vs_ARR = Neonate_Reinfected_IFN - Adult_Reinfected","Reactome","INRR_vs_ARR = Neonate_Reinfected_IFN - Adult_Reinfected | Positive NES/logFC = higher in Neonate_Reinfected_IFN ; Negative NES/logFC = higher in Adult_Reinfected"
"REACTOME_INTERLEUKIN_RECEPTOR_SHC_SIGNALING","REACTOME_INTERLEUKIN_RECEPTOR_SHC_SIGNALING",21,-0.235920873248894,-0.883953103528589,0.576271186440678,0.630515982506523,0.223025043886816,3078,"tags=38%, list=15%, signal=32%","Sos1/Jak1/Jak2/Shc1/Pik3cd/Ptpn6/Il2rg/Grb2","INRR_vs_ARR = Neonate_Reinfected_IFN - Adult_Reinfected","Reactome","INRR_vs_ARR = Neonate_Reinfected_IFN - Adult_Reinfected | Positive NES/logFC = higher in Neonate_Reinfected_IFN ; Negative NES/logFC = higher in Adult_Reinfected"
"REACTOME_PROCESSIVE_SYNTHESIS_ON_THE_LAGGING_STRAND","REACTOME_PROCESSIVE_SYNTHESIS_ON_THE_LAGGING_STRAND",14,-0.272344478419971,-0.890985773536713,0.580487804878049,0.63431528836285,0.224368927910149,14531,"tags=29%, list=73%, signal=8%","Rpa1/Pold2/Rpa3/Pcna","INRR_vs_ARR = Neonate_Reinfected_IFN - Adult_Reinfected","Reactome","INRR_vs_ARR = Neonate_Reinfected_IFN - Adult_Reinfected | Positive NES/logFC = higher in Neonate_Reinfected_IFN ; Negative NES/logFC = higher in Adult_Reinfected"
"REACTOME_TRANSCRIPTION_OF_E2F_TARGETS_UNDER_NEGATIVE_CONTROL_BY_P107_RBL1_AND_P130_RBL2_IN_COMPLEX_WITH_HDAC1","REACTOME_TRANSCRIPTION_OF_E2F_TARGETS_UNDER_NEGATIVE_CONTROL_BY_P107_RBL1_AND_P130_RBL2_IN_COMPLEX_WITH_HDAC1",10,-0.304054440884472,-0.877033636996531,0.58102766798419,0.63431528836285,0.224368927910149,9806,"tags=90%, list=49%, signal=46%","Mybl2/Tfdp1/E2f5/Ccna2/E2f1/Hdac1/E2f4/Cdk1/Tfdp2","INRR_vs_ARR = Neonate_Reinfected_IFN - Adult_Reinfected","Reactome","INRR_vs_ARR = Neonate_Reinfected_IFN - Adult_Reinfected | Positive NES/logFC = higher in Neonate_Reinfected_IFN ; Negative NES/logFC = higher in Adult_Reinfected"
"REACTOME_METABOLISM_OF_PORPHYRINS","REACTOME_METABOLISM_OF_PORPHYRINS",19,-0.251648215691452,-0.903098305938995,0.585492227979275,0.638483798282034,0.225843406168374,4259,"tags=47%, list=21%, signal=37%","Blvra/Fech/Ppox/Hmbs/Blvrb/Abcc1/Hmox2/Hmox1/Alas1","INRR_vs_ARR = Neonate_Reinfected_IFN - Adult_Reinfected","Reactome","INRR_vs_ARR = Neonate_Reinfected_IFN - Adult_Reinfected | Positive NES/logFC = higher in Neonate_Reinfected_IFN ; Negative NES/logFC = higher in Adult_Reinfected"
"REACTOME_DAG_AND_IP3_SIGNALING","REACTOME_DAG_AND_IP3_SIGNALING",19,-0.250798734676671,-0.900049745219944,0.590673575129534,0.643423916458632,0.227590816390652,2607,"tags=21%, list=13%, signal=18%","Prkaca/Prkar2a/Grk2/Calm1","INRR_vs_ARR = Neonate_Reinfected_IFN - Adult_Reinfected","Reactome","INRR_vs_ARR = Neonate_Reinfected_IFN - Adult_Reinfected | Positive NES/logFC = higher in Neonate_Reinfected_IFN ; Negative NES/logFC = higher in Adult_Reinfected"
"REACTOME_CHOLESTEROL_BIOSYNTHESIS","REACTOME_CHOLESTEROL_BIOSYNTHESIS",21,-0.234027862528585,-0.876860332642374,0.593220338983051,0.645486448144553,0.228320371600247,3095,"tags=57%, list=16%, signal=48%","Mvk/Fdft1/Sc5d/Hmgcs1/Hmgcr/Cyp51/Pmvk/Dhcr24/Lbr/Sqle/Ebp/Srebf2","INRR_vs_ARR = Neonate_Reinfected_IFN - Adult_Reinfected","Reactome","INRR_vs_ARR = Neonate_Reinfected_IFN - Adult_Reinfected | Positive NES/logFC = higher in Neonate_Reinfected_IFN ; Negative NES/logFC = higher in Adult_Reinfected"
"REACTOME_GAB1_SIGNALOSOME","REACTOME_GAB1_SIGNALOSOME",13,-0.28283225596999,-0.909276151132606,0.595652173913043,0.647419524561152,0.229004136111552,3437,"tags=38%, list=17%, signal=32%","Hbegf/Csk/Src/Pxn/Grb2","INRR_vs_ARR = Neonate_Reinfected_IFN - Adult_Reinfected","Reactome","INRR_vs_ARR = Neonate_Reinfected_IFN - Adult_Reinfected | Positive NES/logFC = higher in Neonate_Reinfected_IFN ; Negative NES/logFC = higher in Adult_Reinfected"
"REACTOME_SULFUR_AMINO_ACID_METABOLISM","REACTOME_SULFUR_AMINO_ACID_METABOLISM",13,0.351722413015112,0.909983616603904,0.601036269430052,0.652553663952628,0.230820175188869,2303,"tags=15%, list=12%, signal=14%","Cbs/Got1","INRR_vs_ARR = Neonate_Reinfected_IFN - Adult_Reinfected","Reactome","INRR_vs_ARR = Neonate_Reinfected_IFN - Adult_Reinfected | Positive NES/logFC = higher in Neonate_Reinfected_IFN ; Negative NES/logFC = higher in Adult_Reinfected"
"REACTOME_ENDOGENOUS_STEROLS","REACTOME_ENDOGENOUS_STEROLS",14,0.343089408678109,0.909931761984518,0.604767879548306,0.655884374307054,0.231998308406075,10010,"tags=71%, list=50%, signal=36%","Cyp8b1/Pomc/Nr1h4/Ahr/Cyp7a1/Cyp11b2/Cyp39a1/Cyp46a1/Fdxr/Cyp27a1","INRR_vs_ARR = Neonate_Reinfected_IFN - Adult_Reinfected","Reactome","INRR_vs_ARR = Neonate_Reinfected_IFN - Adult_Reinfected | Positive NES/logFC = higher in Neonate_Reinfected_IFN ; Negative NES/logFC = higher in Adult_Reinfected"
"REACTOME_INTERLEUKIN_10_SIGNALING","REACTOME_INTERLEUKIN_10_SIGNALING",41,0.27518638675658,0.911938788999264,0.608793686583991,0.659526493799324,0.233286592735324,2564,"tags=22%, list=13%, signal=19%","Ccl4/Il6/Csf2/Csf3/Il10/Cd80/Lif/Cxcl3/Ccl22","INRR_vs_ARR = Neonate_Reinfected_IFN - Adult_Reinfected","Reactome","INRR_vs_ARR = Neonate_Reinfected_IFN - Adult_Reinfected | Positive NES/logFC = higher in Neonate_Reinfected_IFN ; Negative NES/logFC = higher in Adult_Reinfected"
"REACTOME_CYTOCHROME_P450_ARRANGED_BY_SUBSTRATE_TYPE","REACTOME_CYTOCHROME_P450_ARRANGED_BY_SUBSTRATE_TYPE",28,0.297998623245909,0.918166527389027,0.610588235294118,0.66074608594807,0.233717984801576,10010,"tags=71%, list=50%, signal=36%","Cyp2c55/Cyp26a1/Cyp2e1/Cyp4f40/Cyp8b1/Pomc/Nr1h4/Cyp1a1/Ahr/Cyp7a1/Cyp11b2/Cyp4f14/Cyp39a1/Cyp46a1/Cyp4f15/Fdxr/Cyp1a2/Cyp2j9/Cyp26b1/Cyp27a1","INRR_vs_ARR = Neonate_Reinfected_IFN - Adult_Reinfected","Reactome","INRR_vs_ARR = Neonate_Reinfected_IFN - Adult_Reinfected | Positive NES/logFC = higher in Neonate_Reinfected_IFN ; Negative NES/logFC = higher in Adult_Reinfected"
"REACTOME_KINESINS","REACTOME_KINESINS",22,-0.230513906866616,-0.877300239671899,0.61271676300578,0.66232402828196,0.234276131887503,2948,"tags=23%, list=15%, signal=19%","Kif20a/Racgap1/Klc1/Kif1b/Kif5b","INRR_vs_ARR = Neonate_Reinfected_IFN - Adult_Reinfected","Reactome","INRR_vs_ARR = Neonate_Reinfected_IFN - Adult_Reinfected | Positive NES/logFC = higher in Neonate_Reinfected_IFN ; Negative NES/logFC = higher in Adult_Reinfected"
"REACTOME_BASE_EXCISION_REPAIR","REACTOME_BASE_EXCISION_REPAIR",30,-0.206505848102719,-0.863348917482725,0.62,0.669464480874317,0.236801840667242,3745,"tags=43%, list=19%, signal=35%","Rfc3/Rpa1/Pold2/H2aj/Rfc5/Apex1/Rpa3/Rfc2/H4c14/Mpg/Pole4/H2az2/Pcna","INRR_vs_ARR = Neonate_Reinfected_IFN - Adult_Reinfected","Reactome","INRR_vs_ARR = Neonate_Reinfected_IFN - Adult_Reinfected | Positive NES/logFC = higher in Neonate_Reinfected_IFN ; Negative NES/logFC = higher in Adult_Reinfected"
"REACTOME_REGULATION_OF_GLUCOKINASE_BY_GLUCOKINASE_REGULATORY_PROTEIN","REACTOME_REGULATION_OF_GLUCOKINASE_BY_GLUCOKINASE_REGULATORY_PROTEIN",12,-0.284734978035617,-0.890428462295099,0.630901287553648,0.680491781771839,0.240702398836832,3526,"tags=42%, list=18%, signal=34%","Nupl1/Nup205/Nup153/Rae1/Nup98","INRR_vs_ARR = Neonate_Reinfected_IFN - Adult_Reinfected","Reactome","INRR_vs_ARR = Neonate_Reinfected_IFN - Adult_Reinfected | Positive NES/logFC = higher in Neonate_Reinfected_IFN ; Negative NES/logFC = higher in Adult_Reinfected"
"REACTOME_ATF4_ACTIVATES_GENES_IN_RESPONSE_TO_ENDOPLASMIC_RETICULUM_STRESS","REACTOME_ATF4_ACTIVATES_GENES_IN_RESPONSE_TO_ENDOPLASMIC_RETICULUM_STRESS",23,0.304596204100597,0.897449067253824,0.638755980861244,0.687751740262501,0.24327037904022,1749,"tags=13%, list=9%, signal=12%","Ddit3/Cebpb/Igfbp1","INRR_vs_ARR = Neonate_Reinfected_IFN - Adult_Reinfected","Reactome","INRR_vs_ARR = Neonate_Reinfected_IFN - Adult_Reinfected | Positive NES/logFC = higher in Neonate_Reinfected_IFN ; Negative NES/logFC = higher in Adult_Reinfected"
"REACTOME_DOWNSTREAM_SIGNALING_OF_ACTIVATED_FGFR2","REACTOME_DOWNSTREAM_SIGNALING_OF_ACTIVATED_FGFR2",14,-0.256171474732067,-0.838075149885081,0.639024390243902,0.687751740262501,0.24327037904022,3078,"tags=29%, list=15%, signal=24%","Sos1/Shc1/Hras/Grb2","INRR_vs_ARR = Neonate_Reinfected_IFN - Adult_Reinfected","Reactome","INRR_vs_ARR = Neonate_Reinfected_IFN - Adult_Reinfected | Positive NES/logFC = higher in Neonate_Reinfected_IFN ; Negative NES/logFC = higher in Adult_Reinfected"
"REACTOME_FRS_MEDIATED_FGFR4_SIGNALING","REACTOME_FRS_MEDIATED_FGFR4_SIGNALING",10,-0.289892496166665,-0.836184038330345,0.640316205533597,0.688392177439819,0.243496913392308,3078,"tags=30%, list=15%, signal=25%","Sos1/Hras/Grb2","INRR_vs_ARR = Neonate_Reinfected_IFN - Adult_Reinfected","Reactome","INRR_vs_ARR = Neonate_Reinfected_IFN - Adult_Reinfected | Positive NES/logFC = higher in Neonate_Reinfected_IFN ; Negative NES/logFC = higher in Adult_Reinfected"
"REACTOME_NUCLEAR_RECEPTOR_TRANSCRIPTION_PATHWAY","REACTOME_NUCLEAR_RECEPTOR_TRANSCRIPTION_PATHWAY",27,0.296350721025576,0.903059634803803,0.642266824085006,0.689528365067797,0.243898803752939,7627,"tags=44%, list=38%, signal=28%","Nr0b2/Rara/Pgr/Hnf4a/Esr2/Nr3c1/Nr4a2/Nr1h4/Nr6a1/Nr4a3/Vdr/Thrb","INRR_vs_ARR = Neonate_Reinfected_IFN - Adult_Reinfected","Reactome","INRR_vs_ARR = Neonate_Reinfected_IFN - Adult_Reinfected | Positive NES/logFC = higher in Neonate_Reinfected_IFN ; Negative NES/logFC = higher in Adult_Reinfected"
"REACTOME_KIDNEY_DEVELOPMENT","REACTOME_KIDNEY_DEVELOPMENT",17,0.319512631298098,0.882313729578701,0.642768850432633,0.689528365067797,0.243898803752939,3985,"tags=35%, list=20%, signal=28%","Grem1/Dll1/Foxc2/Ret/Hnf4a/Hoxd11","INRR_vs_ARR = Neonate_Reinfected_IFN - Adult_Reinfected","Reactome","INRR_vs_ARR = Neonate_Reinfected_IFN - Adult_Reinfected | Positive NES/logFC = higher in Neonate_Reinfected_IFN ; Negative NES/logFC = higher in Adult_Reinfected"
"REACTOME_METABOLIC_DISORDERS_OF_BIOLOGICAL_OXIDATION_ENZYMES","REACTOME_METABOLIC_DISORDERS_OF_BIOLOGICAL_OXIDATION_ENZYMES",14,-0.254511480739387,-0.832644413634377,0.64390243902439,0.689995238347177,0.244063945377438,2488,"tags=29%, list=12%, signal=25%","Gclc/Maoa/Fdx1/Gclm","INRR_vs_ARR = Neonate_Reinfected_IFN - Adult_Reinfected","Reactome","INRR_vs_ARR = Neonate_Reinfected_IFN - Adult_Reinfected | Positive NES/logFC = higher in Neonate_Reinfected_IFN ; Negative NES/logFC = higher in Adult_Reinfected"
"REACTOME_INTRINSIC_PATHWAY_OF_FIBRIN_CLOT_FORMATION","REACTOME_INTRINSIC_PATHWAY_OF_FIBRIN_CLOT_FORMATION",19,-0.240665330180945,-0.863683660094567,0.647668393782383,0.693278844048748,0.245225416816732,2347,"tags=32%, list=12%, signal=28%","Pros1/Prcp/C1qbp/Serpine2/Vwf/Serping1","INRR_vs_ARR = Neonate_Reinfected_IFN - Adult_Reinfected","Reactome","INRR_vs_ARR = Neonate_Reinfected_IFN - Adult_Reinfected | Positive NES/logFC = higher in Neonate_Reinfected_IFN ; Negative NES/logFC = higher in Adult_Reinfected"
"REACTOME_BIOSYNTHESIS_OF_SPECIALIZED_PRORESOLVING_MEDIATORS_SPMS","REACTOME_BIOSYNTHESIS_OF_SPECIALIZED_PRORESOLVING_MEDIATORS_SPMS",12,-0.277677467745878,-0.868358086262346,0.652360515021459,0.69754565891905,0.246734667335526,816,"tags=25%, list=4%, signal=24%","Hpgd/Ptgr1/Gpx4","INRR_vs_ARR = Neonate_Reinfected_IFN - Adult_Reinfected","Reactome","INRR_vs_ARR = Neonate_Reinfected_IFN - Adult_Reinfected | Positive NES/logFC = higher in Neonate_Reinfected_IFN ; Negative NES/logFC = higher in Adult_Reinfected"
"REACTOME_SYNTHESIS_OF_PA","REACTOME_SYNTHESIS_OF_PA",13,-0.265522591774189,-0.853627389348429,0.669565217391304,0.71516803760282,0.252968025233471,4072,"tags=38%, list=20%, signal=31%","Lclat1/Gpam/Gpd2/Agpat4/Agpat3","INRR_vs_ARR = Neonate_Reinfected_IFN - Adult_Reinfected","Reactome","INRR_vs_ARR = Neonate_Reinfected_IFN - Adult_Reinfected | Positive NES/logFC = higher in Neonate_Reinfected_IFN ; Negative NES/logFC = higher in Adult_Reinfected"
"REACTOME_SYNTHESIS_OF_BILE_ACIDS_AND_BILE_SALTS","REACTOME_SYNTHESIS_OF_BILE_ACIDS_AND_BILE_SALTS",22,0.29776313911846,0.869382465286986,0.675512665862485,0.71996387688472,0.254664401369835,8902,"tags=59%, list=45%, signal=33%","Slc27a5/Cyp8b1/Slc27a2/Nr1h4/Akr1c18/Akr1c6/Cyp7a1/Abcb11/Cyp39a1/Cyp46a1/Akr1d1/Akr1c20/Acox2","INRR_vs_ARR = Neonate_Reinfected_IFN - Adult_Reinfected","Reactome","INRR_vs_ARR = Neonate_Reinfected_IFN - Adult_Reinfected | Positive NES/logFC = higher in Neonate_Reinfected_IFN ; Negative NES/logFC = higher in Adult_Reinfected"
"REACTOME_SYNTHESIS_OF_BILE_ACIDS_AND_BILE_SALTS_VIA_7ALPHA_HYDROXYCHOLESTEROL","REACTOME_SYNTHESIS_OF_BILE_ACIDS_AND_BILE_SALTS_VIA_7ALPHA_HYDROXYCHOLESTEROL",19,0.305401815686089,0.857966469492402,0.674907292954265,0.71996387688472,0.254664401369835,8902,"tags=58%, list=45%, signal=32%","Slc27a5/Cyp8b1/Slc27a2/Nr1h4/Akr1c18/Akr1c6/Cyp7a1/Abcb11/Akr1d1/Akr1c20/Acox2","INRR_vs_ARR = Neonate_Reinfected_IFN - Adult_Reinfected","Reactome","INRR_vs_ARR = Neonate_Reinfected_IFN - Adult_Reinfected | Positive NES/logFC = higher in Neonate_Reinfected_IFN ; Negative NES/logFC = higher in Adult_Reinfected"
"REACTOME_REGULATION_OF_KIT_SIGNALING","REACTOME_REGULATION_OF_KIT_SIGNALING",13,0.325125061125649,0.841170388987897,0.678756476683938,0.722641593710917,0.255611558823806,1030,"tags=15%, list=5%, signal=15%","Socs1/Sh2b3","INRR_vs_ARR = Neonate_Reinfected_IFN - Adult_Reinfected","Reactome","INRR_vs_ARR = Neonate_Reinfected_IFN - Adult_Reinfected | Positive NES/logFC = higher in Neonate_Reinfected_IFN ; Negative NES/logFC = higher in Adult_Reinfected"
"REACTOME_TERMINATION_OF_TRANSLESION_DNA_SYNTHESIS","REACTOME_TERMINATION_OF_TRANSLESION_DNA_SYNTHESIS",22,0.294825204573167,0.860804543972075,0.688781664656212,0.732525602454615,0.259107713631933,850,"tags=9%, list=4%, signal=9%","Pole3/Ubc","INRR_vs_ARR = Neonate_Reinfected_IFN - Adult_Reinfected","Reactome","INRR_vs_ARR = Neonate_Reinfected_IFN - Adult_Reinfected | Positive NES/logFC = higher in Neonate_Reinfected_IFN ; Negative NES/logFC = higher in Adult_Reinfected"
"REACTOME_NOTCH4_INTRACELLULAR_DOMAIN_REGULATES_TRANSCRIPTION","REACTOME_NOTCH4_INTRACELLULAR_DOMAIN_REGULATES_TRANSCRIPTION",15,0.309415119106812,0.830937541271059,0.709113607990012,0.752528726846544,0.266183184863683,2598,"tags=27%, list=13%, signal=23%","Hey1/Hey2/Smad3/Notch4","INRR_vs_ARR = Neonate_Reinfected_IFN - Adult_Reinfected","Reactome","INRR_vs_ARR = Neonate_Reinfected_IFN - Adult_Reinfected | Positive NES/logFC = higher in Neonate_Reinfected_IFN ; Negative NES/logFC = higher in Adult_Reinfected"
"REACTOME_ACTIVATED_PKN1_STIMULATES_TRANSCRIPTION_OF_AR_ANDROGEN_RECEPTOR_REGULATED_GENES_KLK2_AND_KLK3","REACTOME_ACTIVATED_PKN1_STIMULATES_TRANSCRIPTION_OF_AR_ANDROGEN_RECEPTOR_REGULATED_GENES_KLK2_AND_KLK3",13,0.318688730289495,0.82451817862196,0.708549222797927,0.752528726846544,0.266183184863683,9356,"tags=62%, list=47%, signal=33%","Klk1b21/H2ax/Klk1b3/H2bc3/Klk1b11/Klk1b1/Klk1b16/Ar","INRR_vs_ARR = Neonate_Reinfected_IFN - Adult_Reinfected","Reactome","INRR_vs_ARR = Neonate_Reinfected_IFN - Adult_Reinfected | Positive NES/logFC = higher in Neonate_Reinfected_IFN ; Negative NES/logFC = higher in Adult_Reinfected"
"REACTOME_CHEMOKINE_RECEPTORS_BIND_CHEMOKINES","REACTOME_CHEMOKINE_RECEPTORS_BIND_CHEMOKINES",35,0.262310011352595,0.84618577303848,0.710227272727273,0.752901872805306,0.266315173419307,2564,"tags=17%, list=13%, signal=15%","Ccl4/Cxcr3/Ccl11/Cxcl3/Cxcl5/Ccl22","INRR_vs_ARR = Neonate_Reinfected_IFN - Adult_Reinfected","Reactome","INRR_vs_ARR = Neonate_Reinfected_IFN - Adult_Reinfected | Positive NES/logFC = higher in Neonate_Reinfected_IFN ; Negative NES/logFC = higher in Adult_Reinfected"
"REACTOME_SHC1_EVENTS_IN_EGFR_SIGNALING","REACTOME_SHC1_EVENTS_IN_EGFR_SIGNALING",11,-0.265538099841637,-0.814118218260389,0.717647058823529,0.759952083727382,0.268808962068496,3437,"tags=45%, list=17%, signal=38%","Hbegf/Sos1/Shc1/Hras/Grb2","INRR_vs_ARR = Neonate_Reinfected_IFN - Adult_Reinfected","Reactome","INRR_vs_ARR = Neonate_Reinfected_IFN - Adult_Reinfected | Positive NES/logFC = higher in Neonate_Reinfected_IFN ; Negative NES/logFC = higher in Adult_Reinfected"
"REACTOME_RESOLUTION_OF_ABASIC_SITES_AP_SITES","REACTOME_RESOLUTION_OF_ABASIC_SITES_AP_SITES",25,-0.212292957680126,-0.828196134383414,0.723270440251572,0.765086932514511,0.270625252072041,3745,"tags=40%, list=19%, signal=33%","Rfc3/Rpa1/Pold2/Rfc5/Apex1/Rpa3/Rfc2/Mpg/Pole4/Pcna","INRR_vs_ARR = Neonate_Reinfected_IFN - Adult_Reinfected","Reactome","INRR_vs_ARR = Neonate_Reinfected_IFN - Adult_Reinfected | Positive NES/logFC = higher in Neonate_Reinfected_IFN ; Negative NES/logFC = higher in Adult_Reinfected"
"REACTOME_NEGATIVE_REGULATION_OF_FGFR4_SIGNALING","REACTOME_NEGATIVE_REGULATION_OF_FGFR4_SIGNALING",16,-0.24182789681079,-0.81932343917124,0.726315789473684,0.767486631016043,0.271474069355771,2581,"tags=38%, list=13%, signal=33%","Braf/Cbl/Src/Mapk1/Ppp2cb/Grb2","INRR_vs_ARR = Neonate_Reinfected_IFN - Adult_Reinfected","Reactome","INRR_vs_ARR = Neonate_Reinfected_IFN - Adult_Reinfected | Positive NES/logFC = higher in Neonate_Reinfected_IFN ; Negative NES/logFC = higher in Adult_Reinfected"
"REACTOME_MITOCHONDRIAL_TRANSLATION_ELONGATION","REACTOME_MITOCHONDRIAL_TRANSLATION_ELONGATION",19,0.289792312897943,0.814114634598783,0.735475896168109,0.776335668177448,0.274604135771269,1636,"tags=11%, list=8%, signal=10%","Mrpl34/Mrps12","INRR_vs_ARR = Neonate_Reinfected_IFN - Adult_Reinfected","Reactome","INRR_vs_ARR = Neonate_Reinfected_IFN - Adult_Reinfected | Positive NES/logFC = higher in Neonate_Reinfected_IFN ; Negative NES/logFC = higher in Adult_Reinfected"
"REACTOME_TIGHT_JUNCTION_INTERACTIONS","REACTOME_TIGHT_JUNCTION_INTERACTIONS",16,-0.236186290990184,-0.800209433118398,0.742105263157895,0.780403616108118,0.276043043413483,474,"tags=12%, list=2%, signal=12%","Cldn5/Cldn18","INRR_vs_ARR = Neonate_Reinfected_IFN - Adult_Reinfected","Reactome","INRR_vs_ARR = Neonate_Reinfected_IFN - Adult_Reinfected | Positive NES/logFC = higher in Neonate_Reinfected_IFN ; Negative NES/logFC = higher in Adult_Reinfected"
"REACTOME_PROTEIN_PROTEIN_INTERACTIONS_AT_SYNAPSES","REACTOME_PROTEIN_PROTEIN_INTERACTIONS_AT_SYNAPSES",19,-0.222108937562111,-0.797089717863102,0.740932642487047,0.780403616108118,0.276043043413483,1312,"tags=26%, list=7%, signal=25%","Sipa1l1/Flot2/Dlg1/Epb41l2/Rtn3","INRR_vs_ARR = Neonate_Reinfected_IFN - Adult_Reinfected","Reactome","INRR_vs_ARR = Neonate_Reinfected_IFN - Adult_Reinfected | Positive NES/logFC = higher in Neonate_Reinfected_IFN ; Negative NES/logFC = higher in Adult_Reinfected"
"REACTOME_TRANSCRIPTIONAL_REGULATION_BY_NPAS4","REACTOME_TRANSCRIPTIONAL_REGULATION_BY_NPAS4",19,-0.222050293208926,-0.796879258925936,0.740932642487047,0.780403616108118,0.276043043413483,3606,"tags=42%, list=18%, signal=35%","Fos/Xpo1/Plk2/Ago2/Nampt/Mapk1/Crebbp/Mdm2","INRR_vs_ARR = Neonate_Reinfected_IFN - Adult_Reinfected","Reactome","INRR_vs_ARR = Neonate_Reinfected_IFN - Adult_Reinfected | Positive NES/logFC = higher in Neonate_Reinfected_IFN ; Negative NES/logFC = higher in Adult_Reinfected"
"REACTOME_REGULATION_OF_TLR_BY_ENDOGENOUS_LIGAND","REACTOME_REGULATION_OF_TLR_BY_ENDOGENOUS_LIGAND",12,-0.252837667982206,-0.790678607401416,0.742489270386266,0.780403616108118,0.276043043413483,4897,"tags=58%, list=25%, signal=44%","Tlr7/Ly96/Tlr1/Cd14/S100a1/S100a9/Cd36","INRR_vs_ARR = Neonate_Reinfected_IFN - Adult_Reinfected","Reactome","INRR_vs_ARR = Neonate_Reinfected_IFN - Adult_Reinfected | Positive NES/logFC = higher in Neonate_Reinfected_IFN ; Negative NES/logFC = higher in Adult_Reinfected"
"REACTOME_INTERLEUKIN_2_FAMILY_SIGNALING","REACTOME_INTERLEUKIN_2_FAMILY_SIGNALING",32,-0.195959170455632,-0.823044307509976,0.75187969924812,0.787759430389335,0.278644929564521,3078,"tags=31%, list=15%, signal=26%","Sos1/Jak1/Jak2/Shc1/Pik3cd/Stat1/Ptpn6/Il2rg/Grb2/Stat3","INRR_vs_ARR = Neonate_Reinfected_IFN - Adult_Reinfected","Reactome","INRR_vs_ARR = Neonate_Reinfected_IFN - Adult_Reinfected | Positive NES/logFC = higher in Neonate_Reinfected_IFN ; Negative NES/logFC = higher in Adult_Reinfected"
"REACTOME_NUCLEOTIDE_SALVAGE","REACTOME_NUCLEOTIDE_SALVAGE",14,-0.240699864301078,-0.787459162119555,0.751219512195122,0.787759430389335,0.278644929564521,11812,"tags=79%, list=59%, signal=32%","Uck2/Dck/Aprt/Dguok/Upp1/Uck1/Ampd3/Ada/Tk2/Gmpr2/Hprt","INRR_vs_ARR = Neonate_Reinfected_IFN - Adult_Reinfected","Reactome","INRR_vs_ARR = Neonate_Reinfected_IFN - Adult_Reinfected | Positive NES/logFC = higher in Neonate_Reinfected_IFN ; Negative NES/logFC = higher in Adult_Reinfected"
"REACTOME_SHC1_EVENTS_IN_ERBB2_SIGNALING","REACTOME_SHC1_EVENTS_IN_ERBB2_SIGNALING",14,-0.239528360847535,-0.783626542061269,0.751219512195122,0.787759430389335,0.278644929564521,3437,"tags=36%, list=17%, signal=30%","Hbegf/Sos1/Shc1/Hras/Grb2","INRR_vs_ARR = Neonate_Reinfected_IFN - Adult_Reinfected","Reactome","INRR_vs_ARR = Neonate_Reinfected_IFN - Adult_Reinfected | Positive NES/logFC = higher in Neonate_Reinfected_IFN ; Negative NES/logFC = higher in Adult_Reinfected"
"REACTOME_DISEASES_OF_CARBOHYDRATE_METABOLISM","REACTOME_DISEASES_OF_CARBOHYDRATE_METABOLISM",14,0.296004265579513,0.785053913414159,0.754077791718946,0.789225485400761,0.279163500056523,3301,"tags=29%, list=17%, signal=24%","Ubc/Ppp1r3c/Aldob/Lct","INRR_vs_ARR = Neonate_Reinfected_IFN - Adult_Reinfected","Reactome","INRR_vs_ARR = Neonate_Reinfected_IFN - Adult_Reinfected | Positive NES/logFC = higher in Neonate_Reinfected_IFN ; Negative NES/logFC = higher in Adult_Reinfected"
"REACTOME_ANTIMICROBIAL_PEPTIDES","REACTOME_ANTIMICROBIAL_PEPTIDES",17,0.287053226637525,0.792679156229846,0.758961681087763,0.793496445412391,0.280674216787677,2176,"tags=18%, list=11%, signal=16%","Leap2/Chga/Prss2","INRR_vs_ARR = Neonate_Reinfected_IFN - Adult_Reinfected","Reactome","INRR_vs_ARR = Neonate_Reinfected_IFN - Adult_Reinfected | Positive NES/logFC = higher in Neonate_Reinfected_IFN ; Negative NES/logFC = higher in Adult_Reinfected"
"REACTOME_HOMOLOGOUS_DNA_PAIRING_AND_STRAND_EXCHANGE","REACTOME_HOMOLOGOUS_DNA_PAIRING_AND_STRAND_EXCHANGE",26,0.262008840907037,0.793667019489329,0.767688679245283,0.801772108979217,0.283601470467825,7410,"tags=31%, list=37%, signal=19%","Rad51c/Rad51ap1/Hus1/Rad1/Brca2/Xrcc3/Bard1/Rad17","INRR_vs_ARR = Neonate_Reinfected_IFN - Adult_Reinfected","Reactome","INRR_vs_ARR = Neonate_Reinfected_IFN - Adult_Reinfected | Positive NES/logFC = higher in Neonate_Reinfected_IFN ; Negative NES/logFC = higher in Adult_Reinfected"
"REACTOME_SIGNALING_BY_RETINOIC_ACID","REACTOME_SIGNALING_BY_RETINOIC_ACID",30,0.252425655110665,0.78932722220423,0.794600938967136,0.829002880358533,0.293233492732829,1653,"tags=13%, list=8%, signal=12%","Cyp26a1/Crabp2/Rara/Crabp1","INRR_vs_ARR = Neonate_Reinfected_IFN - Adult_Reinfected","Reactome","INRR_vs_ARR = Neonate_Reinfected_IFN - Adult_Reinfected | Positive NES/logFC = higher in Neonate_Reinfected_IFN ; Negative NES/logFC = higher in Adult_Reinfected"
"REACTOME_TRANSCRIPTIONAL_REGULATION_OF_GRANULOPOIESIS","REACTOME_TRANSCRIPTIONAL_REGULATION_OF_GRANULOPOIESIS",27,0.250277839618649,0.762663285121537,0.80047225501771,0.834247455651368,0.29508859500986,1431,"tags=11%, list=7%, signal=10%","Tal1/Cebpb/Rara","INRR_vs_ARR = Neonate_Reinfected_IFN - Adult_Reinfected","Reactome","INRR_vs_ARR = Neonate_Reinfected_IFN - Adult_Reinfected | Positive NES/logFC = higher in Neonate_Reinfected_IFN ; Negative NES/logFC = higher in Adult_Reinfected"
"REACTOME_TRANSLESION_SYNTHESIS_BY_Y_FAMILY_DNA_POLYMERASES_BYPASSES_LESIONS_ON_DNA_TEMPLATE","REACTOME_TRANSLESION_SYNTHESIS_BY_Y_FAMILY_DNA_POLYMERASES_BYPASSES_LESIONS_ON_DNA_TEMPLATE",24,0.258171133754973,0.767690689375741,0.807416267942584,0.839712918660287,0.297021829315167,850,"tags=8%, list=4%, signal=8%","Pole3/Ubc","INRR_vs_ARR = Neonate_Reinfected_IFN - Adult_Reinfected","Reactome","INRR_vs_ARR = Neonate_Reinfected_IFN - Adult_Reinfected | Positive NES/logFC = higher in Neonate_Reinfected_IFN ; Negative NES/logFC = higher in Adult_Reinfected"
"REACTOME_TRANSCRIPTION_OF_E2F_TARGETS_UNDER_NEGATIVE_CONTROL_BY_DREAM_COMPLEX","REACTOME_TRANSCRIPTION_OF_E2F_TARGETS_UNDER_NEGATIVE_CONTROL_BY_DREAM_COMPLEX",12,-0.24074693597238,-0.752868247796828,0.8068669527897,0.839712918660287,0.297021829315167,3103,"tags=33%, list=16%, signal=28%","Hdac1/E2f4/Tfdp2/Pcna","INRR_vs_ARR = Neonate_Reinfected_IFN - Adult_Reinfected","Reactome","INRR_vs_ARR = Neonate_Reinfected_IFN - Adult_Reinfected | Positive NES/logFC = higher in Neonate_Reinfected_IFN ; Negative NES/logFC = higher in Adult_Reinfected"
"REACTOME_INSULIN_PROCESSING","REACTOME_INSULIN_PROCESSING",11,0.294937632763357,0.730742924148525,0.815261044176707,0.846979928124696,0.299592303577029,6590,"tags=45%, list=33%, signal=30%","Cpe/Kif5c/Pcsk2/Ins2/Kif5a","INRR_vs_ARR = Neonate_Reinfected_IFN - Adult_Reinfected","Reactome","INRR_vs_ARR = Neonate_Reinfected_IFN - Adult_Reinfected | Positive NES/logFC = higher in Neonate_Reinfected_IFN ; Negative NES/logFC = higher in Adult_Reinfected"
"REACTOME_SIGNALING_BY_GPCR","REACTOME_SIGNALING_BY_GPCR",244,0.212111372922947,0.860808830753594,0.818731117824773,0.848799941669335,0.300236075681035,6233,"tags=33%, list=31%, signal=23%","Prok2/Calcb/Ccl4/Plppr4/Iapp/Fzd5/Bdkrb1/Tas2r108/Wnt1/Oxt/Htr1d/Oxtr/Adcy2/P2ry2/Adcyap1/Grm8/Adra2c/Cxcr3/Edn2/Adra1b/Cck/Vipr1/Ccl11/P2ry1/Ffar2/Tiam1/Sstr4/Camk2b/Cxcl3/Tshb/Fshb/Cxcl5/Abhd6/Ccl22/Chrm4/Fzd1/Gpr18/P2ry4/Trio/Calcr/Sst/Vip/Ghrl/Gpr183/Ptgfr/Npy4r/Adra2b/Gcg/Npy5r/Kel/Cxcl2/Hrh1/Gal/Avpr1a/Mtnr1a/Oprk1/Pomc/Xk/C5ar1/Tacr3/Adcy1/Bdkrb2/Brs3/Wnt7a/Lpar1/Gngt1/Ccr4/Insl5/Nmu/Wnt16/Tacr1/Gper1/Htr5a/Gpr83/Kalrn/Ccl20/Htr7/Rasgrp1/Pik3r3/Pf4","INRR_vs_ARR = Neonate_Reinfected_IFN - Adult_Reinfected","Reactome","INRR_vs_ARR = Neonate_Reinfected_IFN - Adult_Reinfected | Positive NES/logFC = higher in Neonate_Reinfected_IFN ; Negative NES/logFC = higher in Adult_Reinfected"
"REACTOME_NEGATIVE_REGULATION_OF_FGFR2_SIGNALING","REACTOME_NEGATIVE_REGULATION_OF_FGFR2_SIGNALING",17,-0.210927016841013,-0.727661136474363,0.818652849740933,0.848799941669335,0.300236075681035,2581,"tags=24%, list=13%, signal=21%","Src/Mapk1/Ppp2cb/Grb2","INRR_vs_ARR = Neonate_Reinfected_IFN - Adult_Reinfected","Reactome","INRR_vs_ARR = Neonate_Reinfected_IFN - Adult_Reinfected | Positive NES/logFC = higher in Neonate_Reinfected_IFN ; Negative NES/logFC = higher in Adult_Reinfected"
"REACTOME_RA_BIOSYNTHESIS_PATHWAY","REACTOME_RA_BIOSYNTHESIS_PATHWAY",13,0.285466769348183,0.738565623284663,0.825129533678757,0.854536665906301,0.302265260047829,7513,"tags=46%, list=38%, signal=29%","Cyp26a1/Crabp1/Adh4/Akr1c18/Rdh1/Aldh1a3","INRR_vs_ARR = Neonate_Reinfected_IFN - Adult_Reinfected","Reactome","INRR_vs_ARR = Neonate_Reinfected_IFN - Adult_Reinfected | Positive NES/logFC = higher in Neonate_Reinfected_IFN ; Negative NES/logFC = higher in Adult_Reinfected"
"REACTOME_HEME_BIOSYNTHESIS","REACTOME_HEME_BIOSYNTHESIS",13,0.285235981571453,0.73796852429988,0.826424870466321,0.854981960231126,0.302422768801123,3272,"tags=23%, list=16%, signal=19%","Cox10/Alad/Alas2","INRR_vs_ARR = Neonate_Reinfected_IFN - Adult_Reinfected","Reactome","INRR_vs_ARR = Neonate_Reinfected_IFN - Adult_Reinfected | Positive NES/logFC = higher in Neonate_Reinfected_IFN ; Negative NES/logFC = higher in Adult_Reinfected"
"REACTOME_INTERLEUKIN_2_SIGNALING","REACTOME_INTERLEUKIN_2_SIGNALING",10,-0.249587912105772,-0.719926976457705,0.83399209486166,0.861908148246151,0.304872688277991,4540,"tags=60%, list=23%, signal=46%","Ptk2b/Syk/Il2rb/Jak1/Shc1/Il2rg","INRR_vs_ARR = Neonate_Reinfected_IFN - Adult_Reinfected","Reactome","INRR_vs_ARR = Neonate_Reinfected_IFN - Adult_Reinfected | Positive NES/logFC = higher in Neonate_Reinfected_IFN ; Negative NES/logFC = higher in Adult_Reinfected"
"REACTOME_FRS_MEDIATED_FGFR2_SIGNALING","REACTOME_FRS_MEDIATED_FGFR2_SIGNALING",11,-0.234144579519372,-0.717868238144818,0.835294117647059,0.862351711844612,0.305029584841691,3078,"tags=27%, list=15%, signal=23%","Sos1/Hras/Grb2","INRR_vs_ARR = Neonate_Reinfected_IFN - Adult_Reinfected","Reactome","INRR_vs_ARR = Neonate_Reinfected_IFN - Adult_Reinfected | Positive NES/logFC = higher in Neonate_Reinfected_IFN ; Negative NES/logFC = higher in Adult_Reinfected"
"REACTOME_NONHOMOLOGOUS_END_JOINING_NHEJ","REACTOME_NONHOMOLOGOUS_END_JOINING_NHEJ",15,0.259603925453494,0.697169059299186,0.85518102372035,0.881961222793012,0.311965827793821,4405,"tags=20%, list=22%, signal=16%","Xrcc5/H2ax/H2bc3","INRR_vs_ARR = Neonate_Reinfected_IFN - Adult_Reinfected","Reactome","INRR_vs_ARR = Neonate_Reinfected_IFN - Adult_Reinfected | Positive NES/logFC = higher in Neonate_Reinfected_IFN ; Negative NES/logFC = higher in Adult_Reinfected"
"REACTOME_SYNTHESIS_OF_LEUKOTRIENES_LT_AND_EOXINS_EX","REACTOME_SYNTHESIS_OF_LEUKOTRIENES_LT_AND_EOXINS_EX",10,-0.246734399967929,-0.711696127662381,0.857707509881423,0.883644441879923,0.312561213194262,1666,"tags=40%, list=8%, signal=37%","Lta4h/Abcc1/Cyp4b1/Ptgr1","INRR_vs_ARR = Neonate_Reinfected_IFN - Adult_Reinfected","Reactome","INRR_vs_ARR = Neonate_Reinfected_IFN - Adult_Reinfected | Positive NES/logFC = higher in Neonate_Reinfected_IFN ; Negative NES/logFC = higher in Adult_Reinfected"
"REACTOME_PEROXISOMAL_PROTEIN_IMPORT","REACTOME_PEROXISOMAL_PROTEIN_IMPORT",46,0.220211909339736,0.743557136423224,0.861142217245241,0.886258865248227,0.313485982593662,2251,"tags=13%, list=11%, signal=12%","Ube2d1/Ubc/Acot3/Mlycd/Pex12/Gnpat","INRR_vs_ARR = Neonate_Reinfected_IFN - Adult_Reinfected","Reactome","INRR_vs_ARR = Neonate_Reinfected_IFN - Adult_Reinfected | Positive NES/logFC = higher in Neonate_Reinfected_IFN ; Negative NES/logFC = higher in Adult_Reinfected"
"REACTOME_MITOCHONDRIAL_TRANSLATION","REACTOME_MITOCHONDRIAL_TRANSLATION",22,0.243506388713825,0.710968406498883,0.863691194209891,0.887957231924425,0.314086725973694,1636,"tags=9%, list=8%, signal=8%","Mrpl34/Mrps12","INRR_vs_ARR = Neonate_Reinfected_IFN - Adult_Reinfected","Reactome","INRR_vs_ARR = Neonate_Reinfected_IFN - Adult_Reinfected | Positive NES/logFC = higher in Neonate_Reinfected_IFN ; Negative NES/logFC = higher in Adult_Reinfected"
"REACTOME_HDR_THROUGH_HOMOLOGOUS_RECOMBINATION_HRR","REACTOME_HDR_THROUGH_HOMOLOGOUS_RECOMBINATION_HRR",37,0.220158257322912,0.71799303273187,0.876557191392978,0.900247926295491,0.31843416953985,7410,"tags=27%, list=37%, signal=17%","Pole3/Ubc/Rad51c/Rad51ap1/Hus1/Rad1/Brca2/Xrcc3/Bard1/Rad17","INRR_vs_ARR = Neonate_Reinfected_IFN - Adult_Reinfected","Reactome","INRR_vs_ARR = Neonate_Reinfected_IFN - Adult_Reinfected | Positive NES/logFC = higher in Neonate_Reinfected_IFN ; Negative NES/logFC = higher in Adult_Reinfected"
"REACTOME_ACTIVATED_TAK1_MEDIATES_P38_MAPK_ACTIVATION","REACTOME_ACTIVATED_TAK1_MEDIATES_P38_MAPK_ACTIVATION",15,0.240063802013298,0.644693853257544,0.891385767790262,0.914526623651899,0.323484806150043,2724,"tags=13%, list=14%, signal=12%","Ubc/Map2k6","INRR_vs_ARR = Neonate_Reinfected_IFN - Adult_Reinfected","Reactome","INRR_vs_ARR = Neonate_Reinfected_IFN - Adult_Reinfected | Positive NES/logFC = higher in Neonate_Reinfected_IFN ; Negative NES/logFC = higher in Adult_Reinfected"
"REACTOME_RET_SIGNALING","REACTOME_RET_SIGNALING",22,-0.182902455871691,-0.696098428741056,0.895953757225434,0.918259659894946,0.32480524939817,3078,"tags=27%, list=15%, signal=23%","Sos1/Shc1/Pik3cd/Prkaca/Src/Grb2","INRR_vs_ARR = Neonate_Reinfected_IFN - Adult_Reinfected","Reactome","INRR_vs_ARR = Neonate_Reinfected_IFN - Adult_Reinfected | Positive NES/logFC = higher in Neonate_Reinfected_IFN ; Negative NES/logFC = higher in Adult_Reinfected"
"REACTOME_CYCLIN_A_B1_B2_ASSOCIATED_EVENTS_DURING_G2_M_TRANSITION","REACTOME_CYCLIN_A_B1_B2_ASSOCIATED_EVENTS_DURING_G2_M_TRANSITION",14,-0.200233684725625,-0.655072449085074,0.902439024390244,0.923947933779856,0.326817295988613,3586,"tags=29%, list=18%, signal=23%","Xpo1/Cdk1/Cdk7/Ppp2cb","INRR_vs_ARR = Neonate_Reinfected_IFN - Adult_Reinfected","Reactome","INRR_vs_ARR = Neonate_Reinfected_IFN - Adult_Reinfected | Positive NES/logFC = higher in Neonate_Reinfected_IFN ; Negative NES/logFC = higher in Adult_Reinfected"
"REACTOME_DEFECTS_OF_CONTACT_ACTIVATION_SYSTEM_CAS_AND_KALLIKREIN_KININ_SYSTEM_KKS","REACTOME_DEFECTS_OF_CONTACT_ACTIVATION_SYSTEM_CAS_AND_KALLIKREIN_KININ_SYSTEM_KKS",13,0.252923230353794,0.654368295462022,0.904145077720207,0.924736373486092,0.327096181544196,9395,"tags=77%, list=47%, signal=41%","Gp9/Gp1ba/F9/Klkb1/Tpst1/F2/F11/F12/F8/F10","INRR_vs_ARR = Neonate_Reinfected_IFN - Adult_Reinfected","Reactome","INRR_vs_ARR = Neonate_Reinfected_IFN - Adult_Reinfected | Positive NES/logFC = higher in Neonate_Reinfected_IFN ; Negative NES/logFC = higher in Adult_Reinfected"
"REACTOME_TRANSLESION_SYNTHESIS_BY_POLK","REACTOME_TRANSLESION_SYNTHESIS_BY_POLK",11,0.251175469420147,0.622316980301133,0.911646586345382,0.931444495666222,0.329468967143816,850,"tags=9%, list=4%, signal=9%","Ubc","INRR_vs_ARR = Neonate_Reinfected_IFN - Adult_Reinfected","Reactome","INRR_vs_ARR = Neonate_Reinfected_IFN - Adult_Reinfected | Positive NES/logFC = higher in Neonate_Reinfected_IFN ; Negative NES/logFC = higher in Adult_Reinfected"
"REACTOME_NEUREXINS_AND_NEUROLIGINS","REACTOME_NEUREXINS_AND_NEUROLIGINS",13,-0.202957393483709,-0.652486813987562,0.917391304347826,0.936345670140137,0.331202602265635,15915,"tags=100%, list=80%, signal=20%","Dlg4/Nlgn3/Epb41l3/Homer2/Nrxn2/Homer1/Syt12/Stxbp1/Epb41/Nlgn2/Sipa1l1/Epb41l2","INRR_vs_ARR = Neonate_Reinfected_IFN - Adult_Reinfected","Reactome","INRR_vs_ARR = Neonate_Reinfected_IFN - Adult_Reinfected | Positive NES/logFC = higher in Neonate_Reinfected_IFN ; Negative NES/logFC = higher in Adult_Reinfected"
"REACTOME_COMMON_PATHWAY_OF_FIBRIN_CLOT_FORMATION","REACTOME_COMMON_PATHWAY_OF_FIBRIN_CLOT_FORMATION",17,-0.184809159619217,-0.637559119421648,0.927461139896373,0.945646652443361,0.334492529950134,2347,"tags=24%, list=12%, signal=21%","Pros1/Thbd/Serpine2/F2r","INRR_vs_ARR = Neonate_Reinfected_IFN - Adult_Reinfected","Reactome","INRR_vs_ARR = Neonate_Reinfected_IFN - Adult_Reinfected | Positive NES/logFC = higher in Neonate_Reinfected_IFN ; Negative NES/logFC = higher in Adult_Reinfected"
"REACTOME_ABC_TRANSPORTERS_IN_LIPID_HOMEOSTASIS","REACTOME_ABC_TRANSPORTERS_IN_LIPID_HOMEOSTASIS",12,0.245013016382189,0.619177620242231,0.934980494148244,0.951349874581324,0.336509864011293,5221,"tags=33%, list=26%, signal=25%","Abca9/Abca6/Apoa1/Abcg8","INRR_vs_ARR = Neonate_Reinfected_IFN - Adult_Reinfected","Reactome","INRR_vs_ARR = Neonate_Reinfected_IFN - Adult_Reinfected | Positive NES/logFC = higher in Neonate_Reinfected_IFN ; Negative NES/logFC = higher in Adult_Reinfected"
"REACTOME_RESOLUTION_OF_AP_SITES_VIA_THE_MULTIPLE_NUCLEOTIDE_PATCH_REPLACEMENT_PATHWAY","REACTOME_RESOLUTION_OF_AP_SITES_VIA_THE_MULTIPLE_NUCLEOTIDE_PATCH_REPLACEMENT_PATHWAY",21,0.213912902277761,0.618953893952999,0.934545454545455,0.951349874581324,0.336509864011293,544,"tags=5%, list=3%, signal=5%","Pole3","INRR_vs_ARR = Neonate_Reinfected_IFN - Adult_Reinfected","Reactome","INRR_vs_ARR = Neonate_Reinfected_IFN - Adult_Reinfected | Positive NES/logFC = higher in Neonate_Reinfected_IFN ; Negative NES/logFC = higher in Adult_Reinfected"
"REACTOME_ACTIVATION_OF_THE_PRE_REPLICATIVE_COMPLEX","REACTOME_ACTIVATION_OF_THE_PRE_REPLICATIVE_COMPLEX",24,0.206379704487664,0.613685098356758,0.944976076555024,0.960531238309016,0.339757480416145,544,"tags=4%, list=3%, signal=4%","Pole3","INRR_vs_ARR = Neonate_Reinfected_IFN - Adult_Reinfected","Reactome","INRR_vs_ARR = Neonate_Reinfected_IFN - Adult_Reinfected | Positive NES/logFC = higher in Neonate_Reinfected_IFN ; Negative NES/logFC = higher in Adult_Reinfected"
"REACTOME_PCNA_DEPENDENT_LONG_PATCH_BASE_EXCISION_REPAIR","REACTOME_PCNA_DEPENDENT_LONG_PATCH_BASE_EXCISION_REPAIR",20,0.214137663549651,0.61101645999614,0.94647201946472,0.961063057791514,0.339945594701452,544,"tags=5%, list=3%, signal=5%","Pole3","INRR_vs_ARR = Neonate_Reinfected_IFN - Adult_Reinfected","Reactome","INRR_vs_ARR = Neonate_Reinfected_IFN - Adult_Reinfected | Positive NES/logFC = higher in Neonate_Reinfected_IFN ; Negative NES/logFC = higher in Adult_Reinfected"
"REACTOME_SUMOYLATION_OF_INTRACELLULAR_RECEPTORS","REACTOME_SUMOYLATION_OF_INTRACELLULAR_RECEPTORS",19,0.210045132313238,0.590080580234945,0.950556242274413,0.964219268344066,0.341062004144715,8337,"tags=42%, list=42%, signal=25%","Rara/Pgr/Nr3c1/Nr4a2/Nr1h4/Vdr/Thrb/Ppara","INRR_vs_ARR = Neonate_Reinfected_IFN - Adult_Reinfected","Reactome","INRR_vs_ARR = Neonate_Reinfected_IFN - Adult_Reinfected | Positive NES/logFC = higher in Neonate_Reinfected_IFN ; Negative NES/logFC = higher in Adult_Reinfected"
"REACTOME_DNA_DOUBLE_STRAND_BREAK_RESPONSE","REACTOME_DNA_DOUBLE_STRAND_BREAK_RESPONSE",19,0.206304048628905,0.579570739769485,0.954264524103832,0.966988051091883,0.342041373282021,4405,"tags=21%, list=22%, signal=16%","Ubc/Mapk8/H2ax/H2bc3","INRR_vs_ARR = Neonate_Reinfected_IFN - Adult_Reinfected","Reactome","INRR_vs_ARR = Neonate_Reinfected_IFN - Adult_Reinfected | Positive NES/logFC = higher in Neonate_Reinfected_IFN ; Negative NES/logFC = higher in Adult_Reinfected"
"REACTOME_NOD1_2_SIGNALING_PATHWAY","REACTOME_NOD1_2_SIGNALING_PATHWAY",25,-0.163294671370494,-0.637044285746999,0.962264150943396,0.974095267553356,0.344555325833917,4101,"tags=36%, list=21%, signal=29%","Nod1/Ikbkb/Ikbkg/Casp8/Casp4/Irak1/Chuk/Mapk14/Cyld","INRR_vs_ARR = Neonate_Reinfected_IFN - Adult_Reinfected","Reactome","INRR_vs_ARR = Neonate_Reinfected_IFN - Adult_Reinfected | Positive NES/logFC = higher in Neonate_Reinfected_IFN ; Negative NES/logFC = higher in Adult_Reinfected"
"REACTOME_TP53_REGULATES_TRANSCRIPTION_OF_CELL_DEATH_GENES","REACTOME_TP53_REGULATES_TRANSCRIPTION_OF_CELL_DEATH_GENES",21,0.198080827082625,0.573144012982556,0.964848484848485,0.975157060129252,0.34493090130291,1459,"tags=10%, list=7%, signal=9%","Igfbp3/Birc5","INRR_vs_ARR = Neonate_Reinfected_IFN - Adult_Reinfected","Reactome","INRR_vs_ARR = Neonate_Reinfected_IFN - Adult_Reinfected | Positive NES/logFC = higher in Neonate_Reinfected_IFN ; Negative NES/logFC = higher in Adult_Reinfected"
"REACTOME_PI_3K_CASCADE_FGFR2","REACTOME_PI_3K_CASCADE_FGFR2",10,0.227589886088203,0.551904313775708,0.965287049399199,0.975157060129252,0.34493090130291,7105,"tags=40%, list=36%, signal=26%","Fgf9/Fgf22/Fgf17/Fgf6","INRR_vs_ARR = Neonate_Reinfected_IFN - Adult_Reinfected","Reactome","INRR_vs_ARR = Neonate_Reinfected_IFN - Adult_Reinfected | Positive NES/logFC = higher in Neonate_Reinfected_IFN ; Negative NES/logFC = higher in Adult_Reinfected"
"REACTOME_G1_S_SPECIFIC_TRANSCRIPTION","REACTOME_G1_S_SPECIFIC_TRANSCRIPTION",20,0.192018395171061,0.547901747533346,0.968369829683698,0.977272105952496,0.345679031724088,2621,"tags=10%, list=13%, signal=9%","Tyms/Cdc25a","INRR_vs_ARR = Neonate_Reinfected_IFN - Adult_Reinfected","Reactome","INRR_vs_ARR = Neonate_Reinfected_IFN - Adult_Reinfected | Positive NES/logFC = higher in Neonate_Reinfected_IFN ; Negative NES/logFC = higher in Adult_Reinfected"
"REACTOME_ACTIVATION_OF_ATR_IN_RESPONSE_TO_REPLICATION_STRESS","REACTOME_ACTIVATION_OF_ATR_IN_RESPONSE_TO_REPLICATION_STRESS",27,-0.148086508742633,-0.593097972159386,0.974193548387097,0.982146148782094,0.347403069886698,10066,"tags=85%, list=50%, signal=42%","Cdc6/Chek1/Orc6/Orc5/Mcm4/Cdc7/Cdk2/Rpa2/Rad9a/Orc2/Rfc4/Cdc45/Mcm3/Rfc3/Dbf4/Rpa1/Rfc5/Mcm5/Mcm7/Rpa3/Rfc2/Mcm2/Mcm6","INRR_vs_ARR = Neonate_Reinfected_IFN - Adult_Reinfected","Reactome","INRR_vs_ARR = Neonate_Reinfected_IFN - Adult_Reinfected | Positive NES/logFC = higher in Neonate_Reinfected_IFN ; Negative NES/logFC = higher in Adult_Reinfected"
"REACTOME_DISEASES_OF_DNA_REPAIR","REACTOME_DISEASES_OF_DNA_REPAIR",28,0.173145163149088,0.533479287424819,0.978823529411765,0.985807999040595,0.348698333349113,7410,"tags=25%, list=37%, signal=16%","Rad51c/Rad51ap1/Hus1/Rad1/Brca2/Bard1/Rad17","INRR_vs_ARR = Neonate_Reinfected_IFN - Adult_Reinfected","Reactome","INRR_vs_ARR = Neonate_Reinfected_IFN - Adult_Reinfected | Positive NES/logFC = higher in Neonate_Reinfected_IFN ; Negative NES/logFC = higher in Adult_Reinfected"
"REACTOME_HDR_THROUGH_SINGLE_STRAND_ANNEALING_SSA","REACTOME_HDR_THROUGH_SINGLE_STRAND_ANNEALING_SSA",25,-0.124084662453606,-0.484078411753967,0.981132075471698,0.987126772470507,0.349164807649913,17490,"tags=36%, list=88%, signal=4%","Rfc3/Mre11a/Rpa1/Topbp1/Rfc5/Rpa3/Rfc2/Rad50/Abl1","INRR_vs_ARR = Neonate_Reinfected_IFN - Adult_Reinfected","Reactome","INRR_vs_ARR = Neonate_Reinfected_IFN - Adult_Reinfected | Positive NES/logFC = higher in Neonate_Reinfected_IFN ; Negative NES/logFC = higher in Adult_Reinfected"
"REACTOME_MEIOTIC_RECOMBINATION","REACTOME_MEIOTIC_RECOMBINATION",23,-0.145935336925983,-0.559580336885619,0.987951807228916,0.992976994447781,0.3512341382449,3305,"tags=22%, list=17%, signal=18%","Rpa3/H4c14/Rad50/H2az2/Cdk4","INRR_vs_ARR = Neonate_Reinfected_IFN - Adult_Reinfected","Reactome","INRR_vs_ARR = Neonate_Reinfected_IFN - Adult_Reinfected | Positive NES/logFC = higher in Neonate_Reinfected_IFN ; Negative NES/logFC = higher in Adult_Reinfected"
"REACTOME_DNA_DOUBLE_STRAND_BREAK_REPAIR","REACTOME_DNA_DOUBLE_STRAND_BREAK_REPAIR",71,0.150079298510916,0.543294819601754,0.992465016146394,0.996499426781135,0.352480087035305,4476,"tags=14%, list=22%, signal=11%","Pole3/Ubc/Xrcc5/Rad51c/Mapk8/Ercc1/Rad51ap1/H2ax/H2bc3/Hus1","INRR_vs_ARR = Neonate_Reinfected_IFN - Adult_Reinfected","Reactome","INRR_vs_ARR = Neonate_Reinfected_IFN - Adult_Reinfected | Positive NES/logFC = higher in Neonate_Reinfected_IFN ; Negative NES/logFC = higher in Adult_Reinfected"
"REACTOME_TNF_RECEPTOR_SUPERFAMILY_TNFSF_MEMBERS_MEDIATING_NON_CANONICAL_NF_KB_PATHWAY","REACTOME_TNF_RECEPTOR_SUPERFAMILY_TNFSF_MEMBERS_MEDIATING_NON_CANONICAL_NF_KB_PATHWAY",10,-0.174977063794391,-0.504714781353505,0.99604743083004,0.999081077827491,0.353393264264572,3021,"tags=30%, list=15%, signal=25%","Tnfrsf12a/Traf2/Ltb","INRR_vs_ARR = Neonate_Reinfected_IFN - Adult_Reinfected","Reactome","INRR_vs_ARR = Neonate_Reinfected_IFN - Adult_Reinfected | Positive NES/logFC = higher in Neonate_Reinfected_IFN ; Negative NES/logFC = higher in Adult_Reinfected"
"REACTOME_CONSTITUTIVE_SIGNALING_BY_ABERRANT_PI3K_IN_CANCER","REACTOME_CONSTITUTIVE_SIGNALING_BY_ABERRANT_PI3K_IN_CANCER",53,-0.124785845616757,-0.606132707422054,1,1,0.353718303856808,3718,"tags=23%, list=19%, signal=18%","Pdgfa/Flt3l/Hbegf/Hgf/Pik3cd/Src/Pdgfb/Fgfr1/Fyn/Rac2/Rac1/Grb2","INRR_vs_ARR = Neonate_Reinfected_IFN - Adult_Reinfected","Reactome","INRR_vs_ARR = Neonate_Reinfected_IFN - Adult_Reinfected | Positive NES/logFC = higher in Neonate_Reinfected_IFN ; Negative NES/logFC = higher in Adult_Reinfected"
"REACTOME_PROCESSING_OF_DNA_DOUBLE_STRAND_BREAK_ENDS","REACTOME_PROCESSING_OF_DNA_DOUBLE_STRAND_BREAK_ENDS",37,-0.116167132825369,-0.505459136087688,1,1,0.353718303856808,4027,"tags=24%, list=20%, signal=19%","Nsd2/Rfc5/Rpa3/Rfc2/H4c14/Rad50/Ppp4r2/Ube2i/Ppp4c","INRR_vs_ARR = Neonate_Reinfected_IFN - Adult_Reinfected","Reactome","INRR_vs_ARR = Neonate_Reinfected_IFN - Adult_Reinfected | Positive NES/logFC = higher in Neonate_Reinfected_IFN ; Negative NES/logFC = higher in Adult_Reinfected"
"REACTOME_HOMOLOGY_DIRECTED_REPAIR","REACTOME_HOMOLOGY_DIRECTED_REPAIR",60,0.122516642843245,0.432086481132557,1,1,0.353718303856808,4476,"tags=13%, list=22%, signal=10%","Pole3/Ubc/Rad51c/Ercc1/Rad51ap1/H2ax/H2bc3/Hus1","INRR_vs_ARR = Neonate_Reinfected_IFN - Adult_Reinfected","Reactome","INRR_vs_ARR = Neonate_Reinfected_IFN - Adult_Reinfected | Positive NES/logFC = higher in Neonate_Reinfected_IFN ; Negative NES/logFC = higher in Adult_Reinfected"
