"","feature","group","avgExpr","logFC","statistic","auc","pval","padj","pct_in","pct_out"
"Tpi1","Tpi1","neonate",1.4725991099583,0.586541040524118,36443.5,0.571635844587706,0.000489278725373693,0.0147821481575022,34.9442379182156,21.5189873417722
"Lamp3","Lamp3","neonate",0.722496003278727,0.581865771790003,36263.5,0.568812448041661,6.12599745295244e-07,0.000122152389211872,17.1003717472119,3.37552742616034
"Hcar2","Hcar2","neonate",0.680543638507973,0.533624519739172,35944,0.563800919172431,3.12245424747358e-06,0.000283007898611924,16.3568773234201,3.79746835443038
"H2-Ab1","H2-Ab1","neonate",2.23809061819058,0.522933450784884,35282.5,0.553424936865716,0.0206482726368054,0.126347881591176,47.2118959107807,35.8649789029536
"Il15ra","Il15ra","neonate",1.80324344037718,0.50934173331451,36010,0.564836164572648,0.00362655088903908,0.0531716358289994,41.635687732342,31.6455696202532
"Ifitm2","Ifitm2","neonate",1.36805175169485,0.507547847464788,35770.5,0.561079478612771,0.00230468882590635,0.0417777228987024,31.9702602230483,20.6751054852321
"Gstp1/2","Gstp1/2","neonate",1.28752737727153,0.477463486166616,35567.5,0.557895314730287,0.00340863120259111,0.0522831585997437,30.8550185873606,19.831223628692
"Ccl17","Ccl17","neonate",0.84408870553698,0.468830297370041,35437.5,0.555856195002588,0.000384637695050191,0.0135945317557427,19.7026022304833,8.43881856540084
"Eno1/b","Eno1/b","neonate",1.10763265769155,0.453574443106772,35407.5,0.555385628911581,0.00287124056258108,0.0489020824188747,26.7657992565056,16.0337552742616
"Acp5","Acp5","neonate",0.85355090376156,0.451545385787406,35369.5,0.554789578529638,0.000661581807936335,0.0178269476354737,20.4460966542751,9.28270042194093
"Ccrl2","Ccrl2","neonate",0.657155543304208,0.393085827511338,34866.5,0.546899753737079,0.00108162361539119,0.0237690858307017,15.9851301115242,6.75105485232067
"H2-D1","H2-D1","neonate",2.68956138396347,0.389388173100212,35450,0.556052264207175,0.022279861366294,0.131130120270188,57.6208178438662,51.4767932489451
"Apoc1","Apoc1","neonate",0.731831292890565,0.389269163947136,34927.5,0.547856571455461,0.00160218299510785,0.0307187778100485,17.8438661710037,8.0168776371308
"Lcn2","Lcn2","neonate",0.89278213046932,0.381236546666427,34691,0.544146942104685,0.00846232441292875,0.0795937494310374,20.817843866171,12.2362869198312
"Ccr7","Ccr7","neonate",0.728604239811207,0.380977192083508,34703,0.544335168541088,0.0032577586958681,0.0520728923408288,17.1003717472119,8.43881856540084
"Cd74","Cd74","neonate",3.38442016805453,0.380665719422315,33848.5,0.530931877715558,0.212782480067991,0.453299428691853,62.0817843866171,54.8523206751055
"Cd1d1","Cd1d1","neonate",1.25227506273313,0.380440510786873,34735.5,0.544844948473013,0.0229395585612396,0.132200808587028,29.368029739777,21.0970464135021
"Ramp1","Ramp1","neonate",0.738279980546761,0.376121600141723,34788,0.545668439132276,0.00350241759732878,0.0529077324929816,18.2156133828996,9.70464135021097
"Rnf43","Rnf43","neonate",0.563725394069779,0.374440296250202,34791,0.545715495741377,0.000478416332340564,0.0147821481575022,13.7546468401487,4.64135021097046
"Marcksl1","Marcksl1","neonate",0.782796816872765,0.363990124166635,34692,0.544162627641052,0.00551875795729945,0.0687091157491036,18.9591078066914,10.126582278481
"Clec10a","Clec10a","neonate",0.42330499886346,0.361401156348794,34675.5,0.543903816290998,5.30356249491444e-05,0.00311038341613511,10.4089219330855,1.68776371308017
"Ube2c","Ube2c","neonate",0.540819148733346,0.358383342778558,34680,0.543974401204649,0.000694826112408758,0.0182300430018824,13.3828996282528,4.64135021097046
"Ighm","Ighm","neonate",0.5949961464799,0.355241810179496,34431,0.540068702649287,0.00289390457644293,0.0489020824188747,13.7546468401487,5.90717299578059
"Dusp1","Dusp1","neonate",0.920168732148644,0.35470598721186,34644,0.54340972189544,0.0137233367296834,0.104538925704349,22.6765799256506,14.7679324894515
"Ccl9","Ccl9","neonate",0.463483357237412,0.351076511863018,34741.5,0.544939061691215,0.000160558353596996,0.00695985558853067,11.8959107806691,2.9535864978903
"Ccr9","Ccr9","neonate",0.518990923883502,0.340480742771811,34478.5,0.540813765626716,0.0013252911999989,0.0275274026333105,12.639405204461,4.64135021097046
"Ffar2","Ffar2","neonate",0.622040435639514,0.337602007736898,34575,0.542327419886123,0.00318089753184437,0.0520728923408288,15.6133828996283,7.17299578059072
"Itgae","Itgae","neonate",0.663977687527979,0.333953609619474,34430,0.54005301711292,0.00631032113304808,0.069639032123131,15.9851301115242,8.0168776371308
"Chek2","Chek2","neonate",0.45096115664587,0.33065921256179,34489.5,0.540986306526752,0.000420656210921056,0.0139798080762764,11.1524163568773,2.9535864978903
"Il17d","Il17d","neonate",0.385736106988008,0.330391763737276,34420,0.539896161749251,9.2063101404399e-05,0.00483089011053609,9.29368029739777,1.26582278481013
"Icos","Icos","neonate",0.443381392146803,0.327999857910022,34278,0.537668815585149,0.000881518407458653,0.0221156781977301,10.4089219330855,2.9535864978903
"Ifngr1","Ifngr1","neonate",0.674547935995168,0.32310981691298,34470,0.540680438567597,0.00657564655091009,0.0712599957745365,16.728624535316,8.43881856540084
"Sod2","Sod2","neonate",0.609212218521097,0.323107496537021,34397.5,0.539543237180995,0.00585784838382528,0.0687091157491036,15.2416356877323,7.59493670886076
"Tfeb","Tfeb","neonate",0.395649779187236,0.319632800011537,34418,0.539864790676517,0.000242620228741569,0.0100788486689727,10.0371747211896,2.10970464135021
"Slc2a1","Slc2a1","neonate",0.772001147311202,0.316804716345709,34372.5,0.539151098771823,0.0149744905704722,0.106700060927044,18.9591078066914,10.9704641350211
"Btg1","Btg1","neonate",0.782896151261615,0.315316112726907,34339.5,0.538633476071714,0.0181409374236144,0.116875618379087,19.3308550185874,11.8143459915612
"Pnoc","Pnoc","neonate",0.451971137618744,0.313634029006113,34240.5,0.53708060797139,0.00141960617340583,0.0283069470977123,10.7806691449814,3.37552742616034
"Phlda2","Phlda2","neonate",0.453541887296611,0.31332591373877,34244,0.537135507348674,0.00139657050969062,0.0283069470977123,10.7806691449814,3.37552742616034
"Hpgds","Hpgds","neonate",0.359835148628177,0.31325033547654,34330,0.538484463476229,0.000124259294753973,0.00581231948193693,8.92193308550186,1.26582278481013
"Chil1","Chil1","neonate",0.71582095772767,0.309648604732072,34242,0.53710413627594,0.017017160442378,0.114422361033353,17.4721189591078,10.126582278481
"Mxra8","Mxra8","neonate",0.457739590372657,0.307869654362398,34244,0.537135507348674,0.00181676542228929,0.0341757570947626,11.1524163568773,3.79746835443038
"Xcl1","Xcl1","neonate",0.498391998012531,0.307771507772002,34302,0.538045268457955,0.00249975348547119,0.0437237583335926,12.2676579925651,4.64135021097046
"H2-Aa","H2-Aa","neonate",1.40527811778903,0.307550474024087,34018.5,0.533598418897934,0.101223953577049,0.303063909058011,31.2267657992565,25.3164556962025
"Cd200r3","Cd200r3","neonate",0.348367498401938,0.306565437751967,34316,0.538264865967092,7.57721450807927e-05,0.00419693492475279,8.55018587360595,0.843881856540084
"Pttg1","Pttg1","neonate",0.609777514906698,0.30494159132153,34070.5,0.534414066789014,0.0156820017687795,0.11010532227798,14.4981412639405,8.0168776371308
"Ccr10","Ccr10","neonate",0.427935324810062,0.304814480454454,34370,0.539111884930905,0.000653386759086618,0.0178269476354737,10.7806691449814,2.9535864978903
"Tyms","Tyms","neonate",0.385593560335363,0.301719474911093,34294,0.53791978416702,0.000395427704028624,0.0135945317557427,9.66542750929368,2.10970464135021
"H2-DMb2","H2-DMb2","neonate",0.758973462830914,0.300383692818344,34151,0.535676752466551,0.0274488843483559,0.144796495742386,18.5873605947955,11.8143459915612
"Ifit3/b","Ifit3/b","neonate",0.399930132362378,0.300241751679464,34165,0.535896349975687,0.000951372990783389,0.0221156781977301,9.66542750929368,2.53164556962025
"Kras","Kras","neonate",0.639106989394335,0.29767263005391,34214,0.536664941257666,0.0124148420600352,0.101455717490616,15.6133828996283,8.43881856540084
"Celsr1","Celsr1","neonate",0.498507475016615,0.296488601978042,34194,0.536351230530328,0.00424507038511902,0.0571937185670765,12.2676579925651,5.06329113924051
"Myl7","Myl7","neonate",0.399545975427305,0.295451551291129,34164.5,0.535888507207504,0.000953835669510929,0.0221156781977301,9.66542750929368,2.53164556962025
"Fabp5","Fabp5","neonate",0.73985064735792,0.292843944977519,34202.5,0.536484557589447,0.0226222474287585,0.131130120270188,18.5873605947955,10.9704641350211
"Pecam1","Pecam1","neonate",0.957536746075786,0.290053758267364,34071.5,0.534429752325381,0.052556176971961,0.222972376344873,22.3048327137546,16.0337552742616
"Isg15","Isg15","neonate",0.504976919434568,0.287955732298597,34170,0.535974777657522,0.00552840001254922,0.0687091157491036,12.639405204461,5.48523206751055
"Fes","Fes","neonate",0.939286082174578,0.28744447797522,34083,0.5346101359936,0.0532134307205147,0.22480419673031,23.0483271375465,16.0337552742616
"Junb","Junb","neonate",0.979644615200532,0.287267296657855,34086,0.534657192602701,0.0575459800184653,0.229326619962073,23.7918215613383,17.2995780590717
"Ntrk2","Ntrk2","neonate",0.44983838408592,0.280731916498088,33975,0.532916098065973,0.00570563725836241,0.0687091157491036,10.7806691449814,4.21940928270042
"Il23a","Il23a","neonate",0.342747032894352,0.280690188267765,34077,0.534516022775399,0.000577933791149861,0.0169470585228356,8.55018587360595,1.68776371308017
"Rgs1","Rgs1","neonate",0.657282789068235,0.279937770898974,34125,0.535268928521011,0.0192569493783658,0.120592873251214,16.3568773234201,9.28270042194093
"Il10","Il10","neonate",0.601348742847608,0.276087319709879,34119,0.535174815302809,0.0149686075938133,0.106700060927044,15.2416356877323,8.0168776371308
"Tnfsf13b","Tnfsf13b","neonate",0.56894076990807,0.271054067017354,33980,0.532994525747808,0.0186366682483905,0.118348778621945,14.1263940520446,7.59493670886076
"Ccl8","Ccl8","neonate",0.417618604949206,0.271017119121557,34000.5,0.53331607924333,0.00414850331717808,0.056658326126391,10.4089219330855,3.79746835443038
"Saa1/2","Saa1/2","neonate",0.585539669873226,0.270475487531766,34062.5,0.534288582498079,0.0168767010414697,0.114422361033353,14.8698884758364,8.0168776371308
"Dusp6","Dusp6","neonate",0.927626349048875,0.26942950655026,33956.5,0.532625915643185,0.0673121688469214,0.248556416075484,22.6765799256506,16.0337552742616
"Dll1","Dll1","neonate",0.512170786972485,0.268512607788742,33921.5,0.532076921870343,0.0133672428864953,0.104538925704349,12.2676579925651,5.90717299578059
"Ptgds","Ptgds","neonate",0.418942331242446,0.267981129328748,33883.5,0.531480871488401,0.00608282271556997,0.069639032123131,10.0371747211896,3.79746835443038
"Apoe","Apoe","neonate",1.24475007277784,0.267080793256143,33890.5,0.531590670242969,0.110125621622411,0.314599555179209,28.6245353159851,22.3628691983122
"Il17re","Il17re","neonate",0.385349860139009,0.266315200270094,34014,0.533527833984283,0.00234714513859829,0.0417875661282589,9.66542750929368,2.9535864978903
"Bcl6","Bcl6","neonate",0.643374248311884,0.265998234761418,34004,0.533370978620614,0.025799863768003,0.141332220751094,15.9851301115242,9.28270042194093
"Cx3cr1","Cx3cr1","neonate",0.519920744987027,0.264851582877951,33737.5,0.529190783178831,0.0271557661936511,0.144796495742386,12.2676579925651,6.75105485232067
"Tlr1","Tlr1","neonate",0.695080519592982,0.262235228999652,33826,0.530578953147303,0.049231171975985,0.217227035941138,16.728624535316,10.9704641350211
"Gdf15","Gdf15","neonate",0.578460565393511,0.260841572109659,33889.5,0.531574984706602,0.0254880505067846,0.140395504725217,14.1263940520446,8.0168776371308
"Pcna","Pcna","neonate",0.994447882667566,0.260234530212445,33761.5,0.529567236051637,0.106483800419792,0.308508954582027,23.7918215613383,17.7215189873418
"Aif1","Aif1","neonate",0.70435464313464,0.259525735646484,33885,0.531504399792951,0.0440012253405145,0.199405553020423,17.1003717472119,10.9704641350211
"Cxcr5","Cxcr5","neonate",0.42232684323658,0.258445644557178,33770.5,0.529708405878939,0.0105837014119789,0.0924590054545174,10.0371747211896,4.21940928270042
"Hilpda","Hilpda","neonate",0.601878676033993,0.255961007852953,33930.5,0.532218091697646,0.0280319621486072,0.147094032958744,15.2416356877323,8.86075949367089
"Hmgb2","Hmgb2","neonate",1.16050376738371,0.255952953551537,33763,0.529590764356187,0.124468583148267,0.335366650592183,27.1375464684015,20.253164556962
"Wnt10b","Wnt10b","neonate",0.412607520390048,0.253459148868755,33792,0.530045644910828,0.00973294652479711,0.0882158880474793,10.0371747211896,4.21940928270042
"Prss2","Prss2","neonate",0.305040155680158,0.252648646951265,33843,0.53084560726554,0.000903210722349162,0.0221156781977301,7.43494423791822,1.26582278481013
"Ms4a1","Ms4a1","neonate",0.406498355465685,0.251046860472312,33859,0.531096575847411,0.00673264899707245,0.0714090537242685,10.0371747211896,3.79746835443038
"Nhej1","Nhej1","neonate",0.402526470292681,0.250820564911497,33873,0.531316173356548,0.00635404929366227,0.069639032123131,10.0371747211896,3.79746835443038
"Src","Src","neonate",0.35461707085094,0.250108515769365,33823.5,0.530539739306386,0.00432535900701727,0.0574984390666162,8.92193308550186,2.9535864978903
"Tnfrsf1a","Tnfrsf1a","neonate",0.73842180463709,0.247319068034955,33845,0.530876978338274,0.0563460516118423,0.227769840594829,18.2156133828996,12.2362869198312
"Pgf","Pgf","neonate",0.337423996859371,0.247308453249648,33695,0.528524147883237,0.00378656452239651,0.0539314975547045,7.80669144981413,2.10970464135021
"Sla","Sla","neonate",0.817462716871183,0.247284208572689,33751,0.529402537919784,0.0809697477082471,0.269989426304757,19.7026022304833,13.9240506329114
"Apoa1","Apoa1","neonate",0.319446977638149,0.247252950795125,33722.5,0.528955500133327,0.00329046360829711,0.0520728923408288,7.80669144981413,2.10970464135021
"Igkc","Igkc","neonate",0.746163124651968,0.246437864609471,33497,0.525418411682588,0.0852436350696134,0.274154529562595,14.8698884758364,9.70464135021097
"Cd209a","Cd209a","neonate",0.456159176158796,0.245814761748194,33800,0.530171129201763,0.0143277140509094,0.105172308273719,11.1524163568773,5.06329113924051
"Tnfsf13","Tnfsf13","neonate",0.432985300070401,0.245173666966059,33805,0.530249556883598,0.0101448283791483,0.0908773061922083,10.4089219330855,4.21940928270042
"Cfd","Cfd","neonate",0.571054333974562,0.244691423719049,33818,0.530453468856368,0.0311963788077859,0.15643037380011,14.1263940520446,8.0168776371308
"Cd9","Cd9","neonate",0.923331323577125,0.244416755138443,33727.5,0.529033927815162,0.103502438455614,0.305576379299466,21.9330855018587,16.8776371308017
"Myh6","Myh6","neonate",0.324030406393404,0.241922718152208,33938.5,0.532343575988581,0.00102627534873987,0.0232544664248557,8.17843866171004,1.68776371308017
"Adgrg5","Adgrg5","neonate",0.725744169581924,0.241827904357445,33739.5,0.529222154251565,0.066344455020486,0.246811274833674,17.4721189591078,11.8143459915612
"Ndufa4l2","Ndufa4l2","neonate",0.787074415374104,0.240238313883927,33716.5,0.528861386915126,0.0806470552732467,0.269989426304757,18.9591078066914,13.0801687763713
"Bax","Bax","neonate",0.855002702992853,0.239555852943941,33669.5,0.52812416670588,0.10285027982199,0.305408970667278,20.4460966542751,15.1898734177215
"Eif5a","Eif5a","neonate",1.4432815607827,0.239182913990619,33766,0.529637820965288,0.162008640886855,0.390151243874865,33.8289962825279,28.6919831223629
"Flt3","Flt3","neonate",0.692004704906727,0.238830337555016,33704.5,0.528673160478723,0.0651849116110731,0.245989303392597,16.728624535316,10.9704641350211
"Cxcl13","Cxcl13","neonate",0.379364392665971,0.238477868136765,33756,0.529480965601619,0.00747127308879033,0.0767923636033398,9.29368029739777,3.37552742616034
"Tnfrsf13c","Tnfrsf13c","neonate",0.385685462616111,0.238202721747417,33638,0.527630072310323,0.010978407181775,0.0931575476492377,8.92193308550186,3.37552742616034
"Pf4","Pf4","neonate",0.426274919838984,0.237683050539718,33641.5,0.527684971687607,0.021566679062971,0.130315024398679,10.4089219330855,5.06329113924051
"Ceacam1","Ceacam1","neonate",0.402545122253127,0.237570433034708,33569,0.526547770301005,0.0223636356662792,0.131130120270188,9.66542750929368,4.64135021097046
"Ephb6","Ephb6","neonate",0.359538898442994,0.237079199579075,33770.5,0.529708405878939,0.00550812262119505,0.0687091157491036,8.92193308550186,2.9535864978903
"Vtn","Vtn","neonate",0.356418630044994,0.234476260362898,33660.5,0.527982996878578,0.00793084439058783,0.077853315936982,8.55018587360595,2.9535864978903
"Fzd8","Fzd8","neonate",0.713312337617166,0.234348566764214,33557.5,0.526367386632786,0.0956936419719741,0.294464694586599,16.728624535316,12.2362869198312
"Tcap","Tcap","neonate",0.553381389048904,0.234079219500994,33741,0.529245682556115,0.0340683225185454,0.165688378297511,13.3828996282528,7.59493670886076
"Etv5","Etv5","neonate",0.490494284838294,0.23311945600737,33598.5,0.527010493623829,0.0390847706053154,0.18380903912028,11.8959107806691,6.75105485232067
"Tagln","Tagln","neonate",0.365924575070807,0.232477600339873,33758,0.529512336674353,0.00740805880050163,0.0767923636033398,9.29368029739777,3.37552742616034
"Vpreb3","Vpreb3","neonate",0.322919228265573,0.232407791599425,33685.5,0.528375135287751,0.0039731475114328,0.0550170565124792,7.80669144981413,2.10970464135021
"Mzb1","Mzb1","neonate",0.374433626492775,0.231699198294498,33645,0.527739871064891,0.010664779967171,0.0924590054545174,8.92193308550186,3.37552742616034
"Abl2","Abl2","neonate",0.510199038630039,0.230650950113326,33650.5,0.527826141514909,0.0385955335257546,0.183236890119892,12.639405204461,7.17299578059072
"Tnfsf8","Tnfsf8","neonate",0.358075087135156,0.228903516039091,33448,0.524649820400609,0.0193529184756211,0.120592873251214,8.17843866171004,3.37552742616034
"Mpo","Mpo","neonate",0.346166549142439,0.227731889951561,33668,0.52810063840133,0.00767222657975216,0.0777224125594847,8.55018587360595,2.9535864978903
"Rxra","Rxra","neonate",0.473125012443656,0.226565215449738,33655,0.52789672642856,0.0314471053982068,0.156763820410061,11.8959107806691,6.32911392405063
"Ccl19","Ccl19","neonate",0.493237196510911,0.2265009378513,33718.5,0.528892757987859,0.0273057634653007,0.144796495742386,12.2676579925651,6.32911392405063
"Slc40a1","Slc40a1","neonate",0.345863170666187,0.225898639730893,33568,0.526532084764639,0.0131802036164545,0.104538925704349,8.55018587360595,3.37552742616034
"Jak2","Jak2","neonate",0.557548248017472,0.225435848270156,33602.5,0.527073235769297,0.0554481683776221,0.22749721758226,13.7546468401487,8.43881856540084
"Tnfrsf13b","Tnfrsf13b","neonate",0.587142991510261,0.225169353936674,33579.5,0.526712468432858,0.0626984001886272,0.240424249954082,14.1263940520446,8.86075949367089
"Maml2","Maml2","neonate",0.663927427160688,0.223340284110897,33586.5,0.526822267187427,0.0788993407010583,0.266564731541517,15.9851301115242,10.5485232067511
"Rgs5","Rgs5","neonate",0.419584702400767,0.22294725035174,33604,0.527096764073848,0.0245074306922155,0.137269148315387,10.4089219330855,5.06329113924051
"Hsp90aa1","Hsp90aa1","neonate",0.632653829402028,0.22291476118471,33578.5,0.526696782896491,0.0783956550841826,0.266564731541517,15.6133828996283,10.5485232067511
"Nr1h3","Nr1h3","neonate",0.463873350599736,0.221617828063229,33470.5,0.525002744968864,0.0492410332223643,0.217227035941138,11.1524163568773,6.32911392405063
"Stat5b","Stat5b","neonate",0.758878489147566,0.221263550391902,33613.5,0.527245776669333,0.0974083656637649,0.29597787278224,18.5873605947955,13.0801687763713
"Mfap5","Mfap5","neonate",0.403373976162641,0.220974069213075,33520,0.525779179019027,0.0265557518854495,0.143113970971855,9.66542750929368,4.64135021097046
"St6gal1","St6gal1","neonate",0.332971051017675,0.220719404866226,33561.5,0.526430128778254,0.0108366025270744,0.0931387303404581,8.17843866171004,2.9535864978903
"Cxcl16","Cxcl16","neonate",0.806674996964983,0.217869890667349,33540,0.526092889746365,0.123247697107339,0.334140295455904,19.3308550185874,14.7679324894515
"Fkbp11","Fkbp11","neonate",0.338290926594844,0.217679099805776,33550,0.526249745110034,0.0113890237245307,0.0946238054446428,8.17843866171004,2.9535864978903
"Bag3","Bag3","neonate",0.488884479675076,0.217032268730096,33620,0.527347732655718,0.0384762868832732,0.183236890119892,12.2676579925651,6.75105485232067
"Col17a1","Col17a1","neonate",0.344408367052127,0.215612275793528,33741,0.529245682556115,0.00628622246861358,0.069639032123131,8.92193308550186,2.9535864978903
"Hspb1","Hspb1","neonate",0.49392260639722,0.215081352204335,33617,0.527300676046617,0.0388113137039683,0.183388055748135,12.2676579925651,6.75105485232067
"Ifnl2/3","Ifnl2/3","neonate",0.491427689291524,0.213883983278695,33452.5,0.52472040531426,0.0613665882922905,0.238064157694216,11.8959107806691,7.17299578059072
"Efna4","Efna4","neonate",0.479685772312308,0.213195019365608,33464,0.524900788982479,0.0548249159857553,0.227492518309617,11.5241635687732,6.75105485232067
"Cd5","Cd5","neonate",0.631727739502966,0.212700383105828,33521.5,0.525802707323577,0.0847936116874624,0.274154529562595,15.2416356877323,10.126582278481
"Glul","Glul","neonate",0.710254839242572,0.211911297669494,33575.5,0.52664972628739,0.0995544337186094,0.300604454146995,17.8438661710037,12.6582278481013
"Maf","Maf","neonate",0.319267126721479,0.211631805732474,33651.5,0.527841827051276,0.0063562205849598,0.069639032123131,8.17843866171004,2.53164556962025
"Gh","Gh","neonate",0.315897318115795,0.208186393242439,33459,0.524822361300645,0.0149829574019922,0.106700060927044,7.80669144981413,2.9535864978903
"Mmp19","Mmp19","neonate",0.322611925976607,0.208086134170961,33544.5,0.526163474660016,0.0116619787717484,0.0960908498796129,8.17843866171004,2.9535864978903
"Col5a3","Col5a3","neonate",0.274289340453963,0.207222792018636,33475.5,0.525081172650699,0.00584197927269642,0.0687091157491036,6.69144981412639,1.68776371308017
"Ndrg1","Ndrg1","neonate",0.397744006301986,0.20655997358148,33401.5,0.523920442959547,0.0420713831719597,0.194469360162858,9.66542750929368,5.06329113924051
"P2rx5","P2rx5","neonate",0.282536444942341,0.206329720404782,33479,0.525136072027983,0.0080430206033191,0.077853315936982,7.0631970260223,2.10970464135021
"Relt","Relt","neonate",0.690673689804137,0.205245908544228,33408,0.524022398945932,0.124627986021562,0.335366650592183,16.3568773234201,11.8143459915612
"Ccr6","Ccr6","neonate",0.505947949736608,0.205216980912203,33357,0.523222436591219,0.0815863052974755,0.27113848793861,11.8959107806691,7.59493670886076
"Cd28","Cd28","neonate",0.5325875271389,0.204369335036598,33410.5,0.524061612786849,0.0787347545303539,0.266564731541517,12.639405204461,8.0168776371308
"Cxcl10","Cxcl10","neonate",0.763388509385068,0.203400336140263,33483,0.525198814173451,0.123333629616623,0.334140295455904,18.2156133828996,13.0801687763713
"Itgb4","Itgb4","neonate",0.25728764426632,0.203083086236357,33477,0.525104700955249,0.00387719348384642,0.0544445338506321,6.31970260223048,1.26582278481013
"Igf1r","Igf1r","neonate",0.353528941018248,0.202896746362132,33516,0.525716436873559,0.0196274995569344,0.12154420533083,8.92193308550186,3.79746835443038
"Hck","Hck","neonate",0.518213797548794,0.202645556906947,33623,0.527394789264819,0.0507807718797102,0.219890629778046,13.7546468401487,8.0168776371308
"Hspa1a","Hspa1a","neonate",0.343576385497888,0.202597434362355,33416,0.524147883236867,0.0262324201939942,0.142597853131497,8.55018587360595,3.79746835443038
"Sorbs1","Sorbs1","neonate",0.732683955890734,0.200440906511005,33422.5,0.524249839223252,0.136043568376397,0.351770568821893,17.8438661710037,13.0801687763713
"Aqp3","Aqp3","neonate",0.423762207724161,0.19994535410786,33265.5,0.521787210013646,0.0737964835013929,0.260904588832939,10.0371747211896,5.90717299578059
"Eomes","Eomes","neonate",0.235073342801872,0.197892950289387,33498.5,0.525441939987138,0.00207736675404868,0.0383543454404913,5.94795539033457,0.843881856540084
"Celsr2","Celsr2","neonate",0.313792083554644,0.197255882515345,33326,0.522736184963845,0.0233980825591621,0.134068323629222,7.43494423791822,2.9535864978903
"Tnfrsf22","Tnfrsf22","neonate",0.34425417447498,0.197161685963699,33497,0.525418411682588,0.0175592991355095,0.114422361033353,8.55018587360595,3.37552742616034
"Top2a","Top2a","neonate",0.584983548586632,0.196099888174924,33374,0.523489090709457,0.111751883713699,0.317461794813837,14.4981412639405,10.126582278481
"Nod2","Nod2","neonate",0.463575793808272,0.196099161486777,33332,0.522830298182046,0.0754427375060937,0.263995294779847,11.1524163568773,6.75105485232067
"Tlr3","Tlr3","neonate",0.477753919086393,0.195980048497398,33425.5,0.524296895832353,0.0659470496941158,0.246251717397129,11.8959107806691,7.17299578059072
"Gpbar1","Gpbar1","neonate",0.30473192253332,0.195862255029538,33240,0.52138722883629,0.0299488938687966,0.15391261436696,7.0631970260223,2.9535864978903
"Ramp3","Ramp3","neonate",0.351289880159228,0.195311539140496,33390,0.523740059291327,0.0288739829103209,0.149934171674947,8.55018587360595,3.79746835443038
"Hey1","Hey1","neonate",0.320211042451753,0.195296215166316,33312.5,0.522524430222892,0.0247199304522894,0.137685869614148,7.43494423791822,2.9535864978903
"Ifitm3","Ifitm3","neonate",0.895886526004532,0.194923841960086,33309.5,0.522477373613791,0.205719275613117,0.448801133011549,21.5613382899628,16.8776371308017
"Il20ra","Il20ra","neonate",0.515791156292884,0.194779380714303,33358.5,0.52324596489577,0.0840048513859252,0.274153882533954,12.2676579925651,7.59493670886076
"Tacstd2","Tacstd2","neonate",0.385628806106443,0.194648709839306,33266,0.52179505278183,0.0543508626742268,0.227492518309617,8.92193308550186,4.64135021097046
"Cxcl17","Cxcl17","neonate",0.45565728720283,0.193986437662544,33352,0.523144008909385,0.0715139845526084,0.257398709743504,11.1524163568773,6.75105485232067
"Ptk6","Ptk6","neonate",0.320834741184852,0.19390744942206,33411.5,0.524077298323216,0.0182874588436685,0.116875618379087,7.80669144981413,2.9535864978903
"Il2","Il2","neonate",0.283775092492699,0.193804820893737,33336.5,0.522900883095697,0.0137406894869703,0.104538925704349,6.69144981412639,2.10970464135021
"Olr1","Olr1","neonate",0.303586238005182,0.192432182184388,33530,0.525936034382696,0.00970922921814012,0.0882158880474793,7.80669144981413,2.53164556962025
"Dhrs2","Dhrs2","neonate",0.474698364064793,0.19231368552967,33309.5,0.522477373613791,0.0859948376034794,0.275681199648453,11.5241635687732,7.17299578059072
"Cd83","Cd83","neonate",0.308047145059089,0.191410505117561,33427,0.524320424136903,0.0171451125405345,0.114422361033353,7.80669144981413,2.9535864978903
"Ramp2","Ramp2","neonate",0.525221690782572,0.190767436614007,33363,0.523316549809421,0.0937807161293126,0.29127530835179,13.0111524163569,8.43881856540084
"Cyp1b1","Cyp1b1","neonate",0.381586459816319,0.19024918141274,33356,0.523206751054852,0.0431674884159402,0.197421953902259,9.29368029739777,4.64135021097046
"Ldlr","Ldlr","neonate",0.452271427405155,0.189412775755246,33320.5,0.522649914513827,0.0777804090707195,0.266484769221675,11.1524163568773,6.75105485232067
"Cdh5","Cdh5","neonate",0.792127566950883,0.189158997898367,33286.5,0.522116606277352,0.189338072257299,0.426117512506834,18.9591078066914,14.7679324894515
"Lum","Lum","neonate",0.317351484596993,0.188625131577097,33304,0.522391103163773,0.0308938413659322,0.15643037380011,7.80669144981413,3.37552742616034
"Arg1","Arg1","neonate",0.429039387189361,0.188417775780485,33321.5,0.522665600050194,0.0658311525481526,0.246251717397129,10.4089219330855,5.90717299578059
"Csf2","Csf2","neonate",0.251789406120268,0.18766339050851,33360,0.52326949320032,0.00892515874283954,0.0823924376538057,6.31970260223048,1.68776371308017
"Tnfrsf18","Tnfrsf18","neonate",0.600527257435671,0.185356715618757,33136.5,0.519763775822314,0.180878509819093,0.415136633524888,14.1263940520446,10.5485232067511
"Clec4e","Clec4e","neonate",0.382258204751864,0.183852162174772,33247,0.521497027590858,0.0577341841629693,0.229326619962073,8.92193308550186,4.64135021097046
"Tek","Tek","neonate",0.42463323068183,0.183577171702735,33401,0.523912600191364,0.0497220921267342,0.217425113378746,10.4089219330855,5.48523206751055
"Birc5","Birc5","neonate",0.437465879892076,0.183245053438553,33286.5,0.522116606277352,0.0788673802808686,0.266564731541517,10.7806691449814,6.32911392405063
"Igf2","Igf2","neonate",0.311801904144093,0.183160959563859,33298,0.522296989945571,0.0316057176660387,0.15677064931861,7.80669144981413,3.37552742616034
"Cd163","Cd163","neonate",0.259478044832897,0.183124490005512,33235.5,0.521316643922639,0.0191470699348698,0.120592873251214,6.31970260223048,2.10970464135021
"Coro1b","Coro1b","neonate",0.785423905848784,0.18309985357896,33342,0.522987153545715,0.17453489563087,0.407084009113448,19.3308550185874,14.7679324894515
"Ccr1","Ccr1","neonate",0.344304641926613,0.182075578938327,33280.5,0.52202249305915,0.0457036523601874,0.205254691004986,8.55018587360595,4.21940928270042
"Ackr4","Ackr4","neonate",0.393256084726632,0.181841901988796,33228.5,0.52120684516807,0.0680806280645393,0.249736542049301,9.29368029739777,5.06329113924051
"Met","Met","neonate",0.214585783144592,0.181190866543955,33269.5,0.521849952159114,0.00512762664764655,0.0672663653645212,5.20446096654275,0.843881856540084
"Hspa1b","Hspa1b","neonate",0.320344908231477,0.1811286166376,33388.5,0.523716530986777,0.0244433678736415,0.137269148315387,8.17843866171004,3.37552742616034
"Rgcc","Rgcc","neonate",0.501080009915512,0.180660218431878,33409,0.524038084482299,0.076502293118816,0.263995294779847,12.639405204461,7.59493670886076
"Il1r1","Il1r1","neonate",0.290783736856559,0.18051620673072,33416.5,0.524155726005051,0.0142117636136717,0.105172308273719,7.43494423791822,2.53164556962025
"Calm3","Calm3","neonate",0.9499176471276,0.179546018740977,33292.5,0.522210719495553,0.230346710175169,0.474495186042653,23.4200743494424,19.4092827004219
"Clcf1","Clcf1","neonate",0.488588507959108,0.179515882729774,33183.5,0.520500996031559,0.127558519014962,0.338233626217864,11.8959107806691,8.0168776371308
"Tgfb2","Tgfb2","neonate",0.396135713318022,0.179003380767551,33329.5,0.522791084341129,0.0585448189625548,0.22979993899869,10.0371747211896,5.48523206751055
"Ifitm1","Ifitm1","neonate",0.927107432068236,0.177937922258136,33307.5,0.522446002541057,0.217040015087921,0.457241722955981,23.0483271375465,17.7215189873418
"Calm1","Calm1","neonate",0.518695339685299,0.177876057802969,33226.5,0.521175474095337,0.124954555825643,0.335366650592183,12.639405204461,8.43881856540084
"Hdac1","Hdac1","neonate",0.620272471969018,0.177838843867966,33330.5,0.522806769877496,0.135181200103591,0.351770568821893,15.6133828996283,10.9704641350211
"Inha","Inha","neonate",0.265441935302616,0.177370460198992,33219,0.521057832572585,0.0206566747235322,0.126347881591176,6.31970260223048,2.10970464135021
"Adgrl1","Adgrl1","neonate",0.299384973180786,0.177257066509916,33297,0.522281304409204,0.0263169558437266,0.142597853131497,7.43494423791822,2.9535864978903
"Ifna","Ifna","neonate",0.613527682080021,0.176794003248494,33019,0.517920725299202,0.231354193565218,0.474829351226079,14.1263940520446,11.3924050632911
"Wif1","Wif1","neonate",0.29164995921892,0.176567253574668,33305,0.52240678870014,0.0254818983089668,0.140395504725217,7.43494423791822,2.9535864978903
"Irf4","Irf4","neonate",0.365771885344445,0.175898223993414,33136.5,0.519763775822314,0.0850720457993073,0.274154529562595,8.92193308550186,5.06329113924051
"Gpnmb","Gpnmb","neonate",0.351100520450496,0.175040831305417,33264.5,0.521771524477279,0.0546118104889009,0.227492518309617,8.92193308550186,4.64135021097046
"Vegfb","Vegfb","neonate",0.548207842935453,0.174938855586186,33224.5,0.521144103022603,0.137721696485605,0.354181890947965,13.3828996282528,9.28270042194093
"Ms4a4a","Ms4a4a","neonate",0.330559696604688,0.174046392816159,33262,0.521732310636362,0.042326831650291,0.194469360162858,8.17843866171004,3.79746835443038
"Fos","Fos","neonate",0.372940298323497,0.173976235727853,33149.5,0.519967687795084,0.0819012704832472,0.271280952397998,8.92193308550186,5.06329113924051
"Epha2","Epha2","neonate",0.238400096033505,0.173685456466416,33241.5,0.52141075714084,0.0137814687020573,0.104538925704349,5.94795539033457,1.68776371308017
"Col4a2","Col4a2","neonate",0.617105431058391,0.173678684897993,33206.5,0.520861763367998,0.166291903498544,0.392874473431395,14.8698884758364,10.9704641350211
"Krt17","Krt17","neonate",0.224191237932031,0.173675504411322,33138,0.519787304126865,0.0138406601734946,0.104538925704349,5.20446096654275,1.26582278481013
"Tnfrsf11b","Tnfrsf11b","neonate",0.240942217087873,0.173118140398112,33233.5,0.521285272849905,0.0143464733452616,0.105172308273719,5.94795539033457,1.68776371308017
"Arhgdib","Arhgdib","neonate",0.983146125904608,0.172436384995826,33172,0.52032061236334,0.279103868167144,0.534100876319851,23.7918215613383,20.6751054852321
"Pdcd1lg2","Pdcd1lg2","neonate",0.228341561994677,0.172251020883653,33358,0.523238122127586,0.00614593920226711,0.069639032123131,5.94795539033457,1.26582278481013
"Cpa3","Cpa3","neonate",0.267670676078563,0.171751623318611,33212,0.520948033818016,0.0272060435168673,0.144796495742386,6.69144981412639,2.53164556962025
"Ccl26","Ccl26","neonate",0.52109252936089,0.170406158391984,33118.5,0.51948143616771,0.154645585951168,0.378824690892663,12.2676579925651,8.43881856540084
"Klf2","Klf2","neonate",0.766368665344288,0.170313507754129,33266.5,0.521802895550013,0.184731816992596,0.41835052208935,18.2156133828996,13.5021097046413
"Tnfsf4","Tnfsf4","neonate",0.200818104060448,0.168791582509009,33156,0.520069643781469,0.0079914177682047,0.077853315936982,4.83271375464684,0.843881856540084
"Jun","Jun","neonate",0.422777042863806,0.168732253249208,33196,0.520697065236146,0.0965555496527237,0.29597787278224,10.4089219330855,6.32911392405063
"Efna1","Efna1","neonate",0.316081358850201,0.16831467909812,33164.5,0.520202970840588,0.0552847950688005,0.22749721758226,7.80669144981413,3.79746835443038
"Acvr1","Acvr1","neonate",0.387758198827101,0.168271514909187,33191,0.520618637554311,0.0760881262623521,0.263995294779847,9.29368029739777,5.06329113924051
"Sox9","Sox9","neonate",0.212328189088862,0.168270347823532,33254.5,0.52161466911361,0.00562709437335436,0.0687091157491036,5.20446096654275,0.843881856540084
"Sst","Sst","neonate",0.262981740091329,0.167839507087853,33105,0.519269681426756,0.0381586386835505,0.182904628689903,6.31970260223048,2.53164556962025
"Pigr","Pigr","neonate",0.321345974838913,0.167796678313114,33156.5,0.520077486549653,0.0568162066679784,0.228410314709575,7.80669144981413,3.79746835443038
"Tigit","Tigit","neonate",0.619708613981177,0.166624714658112,33299,0.522312675481938,0.138733422848895,0.355571266273389,15.2416356877323,10.5485232067511
"Elane","Elane","neonate",0.460363689377666,0.166259830848368,33165,0.520210813608771,0.119121334029605,0.328986066558215,11.1524163568773,7.17299578059072
"Kdr","Kdr","neonate",0.577725175596245,0.165775688046475,33383,0.523630260536759,0.104673788122558,0.306940490465265,14.4981412639405,9.28270042194093
"Tpsab1","Tpsab1","neonate",0.244244512522003,0.165751378475323,33117,0.519457907863159,0.0287836787999257,0.149934171674947,5.94795539033457,2.10970464135021
"Cd55","Cd55","neonate",0.464674639664868,0.165329051568871,33088,0.519003027308519,0.154152639733696,0.37854724584851,11.5241635687732,8.0168776371308
"Stmn1","Stmn1","neonate",1.11232192647727,0.165027956561455,33078,0.51884617194485,0.333726224625803,0.596154938186768,26.7657992565056,22.3628691983122
"Kitl","Kitl","neonate",0.341355134216525,0.164849971848006,33050,0.518406976926576,0.0949264885465156,0.293008387247294,8.17843866171004,4.64135021097046
"Fkbp5","Fkbp5","neonate",0.285741475984039,0.164444022190191,33092.5,0.51907361222217,0.0572266993614174,0.229136623547523,7.0631970260223,3.37552742616034
"Twist2","Twist2","neonate",0.383155371172685,0.164206257844149,33030,0.518093266199238,0.128726345955763,0.339524251105545,9.29368029739777,5.90717299578059
"Ccl28","Ccl28","neonate",0.217326743455141,0.164016953853422,33129,0.519646134299562,0.0145332495802628,0.105763867383372,5.20446096654275,1.26582278481013
"Cacna1c","Cacna1c","neonate",0.330665995262013,0.163896988864533,33052.5,0.518446190767493,0.0848552857156979,0.274154529562595,7.80669144981413,4.21940928270042
"Chek1","Chek1","neonate",0.522193856887801,0.163867313749521,33120,0.51950496447226,0.167660337260376,0.395171054961218,13.0111524163569,9.28270042194093
"H2-DMa","H2-DMa","neonate",1.12306507386984,0.161098685726571,33151,0.519991216099635,0.312080428578235,0.57833492061803,27.5092936802974,23.6286919831224
"Il34","Il34","neonate",0.227879550452932,0.161006979998206,33116,0.519442222326792,0.0218949381214547,0.130882422302631,5.57620817843866,1.68776371308017
"Smarcb1","Smarcb1","neonate",0.52543539367628,0.159846337134165,33154.5,0.520046115476919,0.159361999372864,0.385640566443558,13.3828996282528,9.28270042194093
"Thsd4","Thsd4","neonate",0.208202396310487,0.158767151163026,33135,0.519740247517764,0.0140682221485649,0.105172308273719,5.20446096654275,1.26582278481013
"Fgf2","Fgf2","neonate",0.30745225490411,0.158405041694653,33149,0.519959845026901,0.05828383820436,0.229679789287537,7.80669144981413,3.79746835443038
"Ptges","Ptges","neonate",0.373790907795479,0.157435214680512,33197,0.520712750772513,0.0747576156518208,0.26336870249069,9.29368029739777,5.06329113924051
"Ffar4","Ffar4","neonate",0.3066399564705,0.157149660085903,32960.5,0.517003121421737,0.106755856901504,0.308508954582027,7.43494423791822,4.21940928270042
"Bcl2","Bcl2","neonate",0.60486919866121,0.156087491404981,33081,0.51889322855395,0.210004763342439,0.450533976507659,14.8698884758364,10.9704641350211
"Mmp7","Mmp7","neonate",0.264669979671376,0.155256341481281,33093,0.519081454990353,0.0484935841139285,0.216807638392766,6.69144981412639,2.9535864978903
"Angptl1","Angptl1","neonate",0.215204011172841,0.154330379906099,33011.5,0.51780308377645,0.0312233143292095,0.15643037380011,5.20446096654275,1.68776371308017
"Cd276","Cd276","neonate",0.333799782543898,0.154305353656003,33127.5,0.519622605995012,0.0791405822831386,0.266564731541517,8.55018587360595,4.64135021097046
"Ctsg","Ctsg","neonate",0.187819235419506,0.154082751423722,33037.5,0.51821090772199,0.0128222030960217,0.103932816965314,4.46096654275093,0.843881856540084
"Ly6d","Ly6d","neonate",0.715493513970541,0.153744100176975,33005,0.517701127790065,0.271442138687248,0.525763789840213,16.728624535316,13.5021097046413
"Col15a1","Col15a1","neonate",0.317312452454215,0.153696189024465,33039,0.51823443602654,0.088494492469774,0.280092092039253,7.80669144981413,4.21940928270042
"Spry2","Spry2","neonate",0.237155973572394,0.15327981336974,33099,0.519175568208555,0.0311855072666932,0.15643037380011,5.94795539033457,2.10970464135021
"Ighg1","Ighg1","neonate",0.310395678538793,0.152768156035652,33046,0.518344234781108,0.0770284639933696,0.264818546901343,7.43494423791822,3.79746835443038
"Lif","Lif","neonate",0.245103395843738,0.152309064146242,32985.5,0.51739525983091,0.0559346836819277,0.227619916860743,5.94795539033457,2.53164556962025
"H2az1","H2az1","neonate",1.24073384780913,0.150934509497245,33024.5,0.51800699574922,0.376349653808472,0.631684519944522,29.368029739777,26.1603375527426
"Il18","Il18","neonate",0.388706493225182,0.150042992583133,32994.5,0.517536429658212,0.150171604395901,0.371516351321868,9.66542750929368,6.32911392405063
"Cuzd1","Cuzd1","neonate",0.221773789170235,0.149510402769075,33002,0.517654071180964,0.0422941775655665,0.194469360162858,5.57620817843866,2.10970464135021
"C5ar2","C5ar2","neonate",0.247327580079666,0.149428388262804,32976,0.517246247235424,0.0580708977421897,0.229679789287537,5.94795539033457,2.53164556962025
"Epor","Epor","neonate",0.269879995730656,0.148461470741047,32958.5,0.516971750349003,0.0735870168252999,0.260904588832939,6.31970260223048,2.9535864978903
"Igfbp3","Igfbp3","neonate",0.314725794022167,0.148179071354942,33117.5,0.519465750631343,0.0731914984477366,0.260904588832939,8.17843866171004,4.21940928270042
"Il1r2","Il1r2","neonate",0.179919498279672,0.147896778590888,33032,0.518124637271972,0.0132538029380727,0.104538925704349,4.46096654275093,0.843881856540084
"Ddc","Ddc","neonate",0.292038078975498,0.147563626270835,33048,0.518375605853842,0.0765242128298653,0.263995294779847,7.43494423791822,3.79746835443038
"Il1rl1","Il1rl1","neonate",0.260937464614516,0.147393517629092,32967,0.517105077408122,0.0713514335034488,0.257398709743504,6.31970260223048,2.9535864978903
"Fgfr3","Fgfr3","neonate",0.558520907003534,0.146631405356326,32989,0.517450159208194,0.234195837313759,0.478469774184052,13.7546468401487,10.5485232067511
"Dusp4","Dusp4","neonate",0.432725096529593,0.145775898774625,33038,0.518218750490173,0.164070958473544,0.39153852795296,11.1524163568773,7.59493670886076
"Epha4","Epha4","neonate",0.187299815136131,0.144699333699524,32910,0.516211001835208,0.0321718165698008,0.158788619406393,4.46096654275093,1.26582278481013
"Epcam","Epcam","neonate",0.179710317453325,0.144300094736534,33027.5,0.51805405235832,0.0136164810657463,0.104538925704349,4.46096654275093,0.843881856540084
"Bcl2l1","Bcl2l1","neonate",1.14956225787991,0.144019705511377,33046,0.518344234781108,0.356281739601034,0.61243602479695,27.8810408921933,24.0506329113924
"Il1a","Il1a","neonate",0.244038207385298,0.143586481766451,32968,0.517120762944489,0.0599220398739488,0.23336825685284,5.94795539033457,2.53164556962025
"Il11","Il11","neonate",0.347862165250971,0.143233023993112,32906.5,0.516156102457924,0.15927004897541,0.385640566443558,8.55018587360595,5.48523206751055
"Ccl11","Ccl11","neonate",0.53582269854523,0.142819953930228,33039,0.51823443602654,0.2105805747769,0.450533976507659,13.7546468401487,10.126582278481
"Gcg","Gcg","neonate",0.349561813922011,0.142571926686808,33067,0.518673631044814,0.10374436613452,0.305576379299466,8.92193308550186,5.06329113924051
"Il17rb","Il17rb","neonate",0.209967419168078,0.142496739226305,32885,0.515818863426035,0.0491213473340837,0.217227035941138,4.83271375464684,1.68776371308017
"H2-Pa","H2-Pa","neonate",0.297868748398925,0.141986511108257,32933.5,0.51657961193983,0.115775765502084,0.324237185970723,7.43494423791822,4.21940928270042
"Dusp5","Dusp5","neonate",0.914412322421881,0.141670916735796,32913.5,0.516265901212492,0.367448576502692,0.619875178973238,21.5613382899628,18.5654008438819
"Meg3","Meg3","neonate",0.381949704579959,0.141118589983239,33052.5,0.518446190767493,0.125804540944309,0.335366650592183,9.66542750929368,5.90717299578059
"Prtn3","Prtn3","neonate",0.246403831083544,0.140312932229523,33067.5,0.518681473812997,0.0444483410759111,0.200520344129789,6.31970260223048,2.53164556962025
"Clec4a1","Clec4a1","neonate",0.378477451099623,0.140106183642134,32959.5,0.51698743588537,0.153794417688643,0.37854724584851,9.29368029739777,5.90717299578059
"Mki67","Mki67","neonate",0.565084744738561,0.139288949216369,32806,0.514579706053048,0.313358348191347,0.578670021603971,13.0111524163569,10.5485232067511
"Ptger4","Ptger4","neonate",0.584489936904748,0.138632087387627,33002,0.517654071180964,0.238373972050601,0.48205847590618,14.4981412639405,10.9704641350211
"Gper1","Gper1","neonate",0.308758497396759,0.13780387540709,32926.5,0.516469813185262,0.12957579978269,0.339965979956162,7.80669144981413,4.64135021097046
"Klra17","Klra17","neonate",0.202190981372401,0.13773319621523,32996.5,0.517567800730946,0.0335255258541523,0.164654922544777,5.20446096654275,1.68776371308017
"Mmp1a","Mmp1a","neonate",0.327265879198441,0.137470083121974,32896.5,0.515999247094254,0.140899920640483,0.358355121577073,7.80669144981413,4.64135021097046
"S100a9","S100a9","neonate",0.397617815932017,0.137195080337208,32942,0.516712938998949,0.17027364541383,0.399441939947267,9.66542750929368,6.32911392405063
"Agr2","Agr2","neonate",0.255517788857126,0.136404050875114,32843,0.515160070898624,0.102926192722372,0.305408970667278,5.94795539033457,2.9535864978903
"Cd79a","Cd79a","neonate",0.379264457850831,0.13584175425494,32851.5,0.515293397957743,0.193797395909005,0.43419326678939,8.92193308550186,5.90717299578059
"Acacb","Acacb","neonate",0.254426640739306,0.135233412975298,32948.5,0.516814894985334,0.0762901696211987,0.263995294779847,6.31970260223048,2.9535864978903
"Bmp5","Bmp5","neonate",0.434168106990715,0.135218877996754,32986.5,0.517410945367277,0.175219903709597,0.407212689973119,10.7806691449814,7.17299578059072
"Pdgfd","Pdgfd","neonate",0.264351841627524,0.134493122494096,32733.5,0.513442504666447,0.156498985375395,0.381490191734153,5.94795539033457,3.37552742616034
"Nr3c1","Nr3c1","neonate",0.364558122252061,0.133363142417893,32951,0.516854108826251,0.157051856314672,0.381904148160313,9.29368029739777,5.90717299578059
"Clu","Clu","neonate",0.27666063657378,0.132920239018175,32928,0.516493341489812,0.106046394471368,0.308508954582027,7.0631970260223,3.79746835443038
"Muc1","Muc1","neonate",0.367211437263743,0.132692262651357,32870.5,0.515591423148715,0.185250063547025,0.41835052208935,8.92193308550186,5.90717299578059
"Wnt5b","Wnt5b","neonate",0.349549073074712,0.132605846926623,32871.5,0.515607108685082,0.173931620753404,0.407065318993296,8.55018587360595,5.48523206751055
"Tlr8","Tlr8","neonate",0.266600588051601,0.132284930070363,32834,0.515018901071322,0.120476082231745,0.330894363595177,6.31970260223048,3.37552742616034
"Tnfsf9","Tnfsf9","neonate",0.520158741590878,0.131769857480915,32862,0.515458096089596,0.266655313581841,0.519248725861514,12.2676579925651,9.28270042194093
"Gc","Gc","neonate",0.178367563417443,0.13157179018659,32786,0.51426599532571,0.0512556903478282,0.220266910675796,4.08921933085502,1.26582278481013
"Dnmt3a","Dnmt3a","neonate",0.352194527518768,0.131438103257038,32982,0.517340360453626,0.135775982672132,0.351770568821893,8.92193308550186,5.48523206751055
"Krt10","Krt10","neonate",0.20660074074216,0.130933558202735,32873,0.515630636989632,0.0653833153450734,0.245989303392597,5.20446096654275,2.10970464135021
"Atg12","Atg12","neonate",0.277728194982866,0.130612026964604,32814.5,0.514713033112167,0.142468207545576,0.358882633923662,6.69144981412639,3.79746835443038
"Tnf","Tnf","neonate",0.678553720551916,0.130520347407532,32840.5,0.515120857057707,0.344890334388234,0.604315752873584,16.3568773234201,13.5021097046413
"Dll4","Dll4","neonate",0.208679038503323,0.130238558519501,32763.5,0.513913070757455,0.0923156344353764,0.288522531448496,4.83271375464684,2.10970464135021
"Tlr4","Tlr4","neonate",0.342806589048902,0.130034913784234,32783.5,0.514226781484793,0.209233739479668,0.450533976507659,8.17843866171004,5.48523206751055
"Ackr3","Ackr3","neonate",0.179798169250317,0.130026253888032,32785,0.514250309789343,0.0515121579012493,0.220418976083886,4.08921933085502,1.26582278481013
"Il12a","Il12a","neonate",0.214247196387075,0.129975710021584,32861,0.515442410553229,0.0686938746248664,0.25087103663367,5.20446096654275,2.10970464135021
"Nosip","Nosip","neonate",0.462143406666724,0.129635819242155,32884.5,0.515811020657851,0.239966573049198,0.48205847590618,11.5241635687732,8.43881856540084
"Atr","Atr","neonate",0.651275673534566,0.129394416780371,32846,0.515207127507725,0.333917644425271,0.596154938186768,15.6133828996283,13.0801687763713
"Myl12b","Myl12b","neonate",0.717153822218547,0.129371254672721,32759.5,0.513850328611987,0.399576999221935,0.661480220564969,17.1003717472119,14.7679324894515
"Msmb","Msmb","neonate",0.232720085022281,0.129263063355883,32848,0.515238498580459,0.0868744491960153,0.275840209708367,5.57620817843866,2.53164556962025
"Tnfsf10","Tnfsf10","neonate",0.396897243304539,0.128347659029937,32840.5,0.515120857057707,0.219816166615112,0.45951221775592,9.66542750929368,6.75105485232067
"Vcan","Vcan","neonate",0.47535422575646,0.128043398529664,32863,0.515473781625963,0.258309650745005,0.507958031149447,11.8959107806691,8.86075949367089
"Cd34","Cd34","neonate",0.349314199307163,0.127797147343799,32767.5,0.513975812902922,0.217384730873756,0.457241722955981,8.17843866171004,5.48523206751055
"Scg5","Scg5","neonate",0.218777830309129,0.127638777779136,32753.5,0.513756215393785,0.113632713824208,0.321415494119006,5.20446096654275,2.53164556962025
"Cd19","Cd19","neonate",0.193789351471362,0.126645086338432,32877,0.515693379135099,0.0509475782133687,0.219890629778046,4.83271375464684,1.68776371308017
"Gzmk","Gzmk","neonate",0.180127932971327,0.126632207820569,32889,0.515881605571503,0.0358416941726527,0.173466840243373,4.46096654275093,1.26582278481013
"Rxrb","Rxrb","neonate",0.37723882019109,0.126080768938199,32771,0.514030712280206,0.249674496959607,0.491947576025154,9.29368029739777,6.75105485232067
"Tnfsf12","Tnfsf12","neonate",0.451201397660598,0.125747689303876,32884,0.515803177889668,0.231785095050566,0.474829351226079,11.1524163568773,8.0168776371308
"Tnfrsf4","Tnfrsf4","neonate",0.339799294059291,0.125740480767931,32778.5,0.514148353802958,0.211756732650066,0.452080219383547,8.17843866171004,5.48523206751055
"Ffar3","Ffar3","neonate",0.294591358090309,0.125297851801631,32891,0.515912976644236,0.131174459353954,0.34325704980549,7.43494423791822,4.21940928270042
"Flt1","Flt1","neonate",0.276121006043335,0.125173262357866,32812,0.51467381927125,0.143535857831561,0.35956093029665,6.69144981412639,3.79746835443038
"Cxcl1","Cxcl1","neonate",0.261170406586884,0.125136671126263,32822,0.514830674634919,0.139302245044443,0.356113687972589,6.69144981412639,3.79746835443038
"Cd24a","Cd24a","neonate",0.407103942145983,0.124840842799005,32820,0.514799303562185,0.239720008522577,0.48205847590618,10.0371747211896,7.17299578059072
"Ctnnb1","Ctnnb1","neonate",1.34547741418586,0.124570459625801,32894,0.515960033253337,0.447738564428079,0.69582792525782,31.5985130111524,29.535864978903
"Qrfpr","Qrfpr","neonate",0.394549578636712,0.124320052549978,32759,0.513842485843803,0.266474791604675,0.519248725861514,9.66542750929368,7.17299578059072
"Ltf","Ltf","neonate",0.189376373782817,0.124103396028675,32883,0.515787492353301,0.0495727162759671,0.217425113378746,4.83271375464684,1.68776371308017
"Oasl1","Oasl1","neonate",0.267212653234032,0.123658650805449,32917,0.516320800589776,0.0976522145575923,0.29597787278224,6.69144981412639,3.37552742616034
"Ezr","Ezr","neonate",0.748163044014568,0.123288890331812,32866.5,0.515528681003247,0.35910185055457,0.615162448458602,18.5873605947955,15.6118143459916
"Ppara","Ppara","neonate",0.241882299339715,0.123236051740146,32834,0.515018901071322,0.106173047735942,0.308508954582027,5.94795539033457,2.9535864978903
"Il15","Il15","neonate",0.252426482366002,0.122900774798171,32925.5,0.516454127648895,0.082815296431825,0.272980988262063,6.31970260223048,2.9535864978903
"Ptgs1","Ptgs1","neonate",0.22482793442634,0.122611063931598,32848.5,0.515246341348642,0.0867120720813965,0.275840209708367,5.57620817843866,2.53164556962025
"Mrc2","Mrc2","neonate",0.716740575312033,0.122057734716231,32842,0.515144385362257,0.35698464652978,0.612588111170725,17.4721189591078,14.3459915611814
"Angpt1","Angpt1","neonate",0.221790128596378,0.121353704704654,32840.5,0.515120857057707,0.0893386868508496,0.281869211361699,5.57620817843866,2.53164556962025
"Gadd45b","Gadd45b","neonate",0.463482967823613,0.121200570746458,32932,0.51655608363528,0.214440948910496,0.455535194202544,11.5241635687732,8.0168776371308
"Cd40","Cd40","neonate",0.20096168767983,0.120427794826872,32863,0.515473781625963,0.068132737650361,0.249736542049301,5.20446096654275,2.10970464135021
"Krt4","Krt4","neonate",0.244848343560309,0.120257935139737,32925,0.516446284880712,0.0829621258208677,0.272980988262063,6.31970260223048,2.9535864978903
"Itga9","Itga9","neonate",0.256135985944761,0.119636808513077,32917.5,0.51632864335796,0.0974912549406517,0.29597787278224,6.69144981412639,3.37552742616034
"Bmp2","Bmp2","neonate",0.20411812297532,0.11961624892496,32866,0.515520838235063,0.0672981039371349,0.248556416075484,5.20446096654275,2.10970464135021
"Igf1","Igf1","neonate",0.403084937490761,0.119560334402077,32803,0.514532649443948,0.248298597975277,0.490205350854161,10.0371747211896,7.17299578059072
"Oas3","Oas3","neonate",0.177475815683337,0.11948123347101,32775.5,0.514101297193858,0.0709227273312594,0.257127124179148,4.46096654275093,1.68776371308017
"Adgrl2","Adgrl2","neonate",0.374397630559588,0.119339484002669,32825,0.51487773124402,0.216985558465028,0.457241722955981,9.29368029739777,6.32911392405063
"Abl1","Abl1","neonate",0.593311137324613,0.118959137096323,32721.5,0.513254278230044,0.385384175432207,0.641449120043256,14.4981412639405,12.2362869198312
"Pou5f1","Pou5f1","neonate",0.246410777878796,0.118640536288418,32717.5,0.513191536084576,0.164384436065335,0.39153852795296,5.94795539033457,3.37552742616034
"Apod","Apod","neonate",0.319903440857027,0.117997532191815,32767,0.513967970134739,0.205131834004213,0.448801133011549,7.80669144981413,5.06329113924051
"Ngfr","Ngfr","neonate",0.441265435180318,0.117493391801692,32863,0.515473781625963,0.241664513665208,0.48205847590618,11.1524163568773,8.0168776371308
"Scgb3a1","Scgb3a1","neonate",0.283688002039416,0.117098051540132,32785.5,0.514258152557527,0.169388899243008,0.398303614493583,7.0631970260223,4.21940928270042
"Smad4","Smad4","neonate",0.59353317164012,0.117010388976033,32776.5,0.514116982730224,0.352130839003255,0.611627955550951,14.4981412639405,11.8143459915612
"Dmbt1","Dmbt1","neonate",0.295470144733669,0.116548926603956,32688,0.512728812761752,0.227319926196233,0.470203249829138,7.0631970260223,4.64135021097046
"Lifr","Lifr","neonate",0.326536224280202,0.116294469056085,32766,0.513952284598372,0.205641363642246,0.448801133011549,7.80669144981413,5.06329113924051
"Cav1","Cav1","neonate",0.317024866874612,0.116188932379146,32764,0.513920913525638,0.20666300807762,0.449828130211146,7.80669144981413,5.06329113924051
"Clec5a","Clec5a","neonate",0.170821440262427,0.115817041264555,32883,0.515787492353301,0.0369536448999617,0.177984463600299,4.46096654275093,1.26582278481013
"Tnfrsf17","Tnfrsf17","neonate",0.251451924371629,0.115573649032238,32921,0.516383542735244,0.0841435186112237,0.274153882533954,6.31970260223048,2.9535864978903
"Mertk","Mertk","neonate",0.276174037192947,0.113804883650174,32692,0.51279155490722,0.210095663005568,0.450533976507659,6.69144981412639,4.21940928270042
"Ahi1","Ahi1","neonate",0.178269111792341,0.113535859945527,32766.5,0.513960127366555,0.0737950408574535,0.260904588832939,4.46096654275093,1.68776371308017
"Fgr","Fgr","neonate",0.529943742290089,0.112911589941796,32767.5,0.513975812902922,0.330268207283277,0.596154938186768,13.0111524163569,10.126582278481
"Ankrd42","Ankrd42","neonate",0.18200564029424,0.111006429770744,32760.5,0.513866014148354,0.0757622391511411,0.263995294779847,4.46096654275093,1.68776371308017
"Yes1","Yes1","neonate",0.258904665631241,0.110858012971279,32696,0.512854297052688,0.192107204831469,0.431375863101294,6.31970260223048,3.79746835443038
"Prss34","Prss34","neonate",0.162078578404351,0.110549749136502,32662.5,0.512328831584396,0.0807525760506518,0.269989426304757,3.71747211895911,1.26582278481013
"Icam2","Icam2","neonate",0.438770478951552,0.110466848708308,32743.5,0.513599360030116,0.299019395438089,0.560380333180028,10.7806691449814,8.0168776371308
"Cxcr1","Cxcr1","neonate",0.276492732815077,0.109808521476663,32680,0.512603328470817,0.231937707168606,0.474829351226079,7.0631970260223,4.64135021097046
"Camp","Camp","neonate",0.124293967880087,0.109637773604805,32694,0.512822925979954,0.029680550136253,0.153323878164996,2.97397769516729,0.421940928270042
"Ifit1","Ifit1","neonate",0.434043069552357,0.109107400585613,32664,0.512352359888946,0.350029581526835,0.609039254419292,10.7806691449814,8.43881856540084
"Ifih1","Ifih1","neonate",0.467309212793479,0.10890910256736,32723,0.513277806534594,0.327988176464263,0.595636087313061,11.5241635687732,8.86075949367089
"Notch3","Notch3","neonate",0.224119231334931,0.108862894879011,32819,0.514783618025818,0.111764383129044,0.317461794813837,5.94795539033457,2.9535864978903
"Vwa1","Vwa1","neonate",0.28961001504932,0.107343718088617,32665,0.512368045425313,0.240774649956292,0.48205847590618,7.0631970260223,4.64135021097046
"Prdm1","Prdm1","neonate",0.314727258514823,0.107314206793395,32752.5,0.513740529857418,0.225231408658496,0.466851797157007,8.17843866171004,5.48523206751055
"Wnt11","Wnt11","neonate",0.475872619277555,0.106762371309313,32725.5,0.513317020375512,0.334696912540382,0.596154938186768,11.8959107806691,9.28270042194093
"Myl12a","Myl12a","neonate",1.06988452623036,0.105666960726958,32710.5,0.513081737330008,0.50105447068707,0.731078989901634,26.0223048327138,22.7848101265823
"Sh3bgrl3","Sh3bgrl3","neonate",1.23374579972119,0.105466530741217,32707.5,0.513034680720907,0.523026916845452,0.747392517913689,28.996282527881,27.0042194092827
"Ifngr2","Ifngr2","neonate",0.616482538299435,0.10502319900085,32575,0.510956347152291,0.481247662785308,0.718027597594804,14.8698884758364,13.0801687763713
"Hdac4","Hdac4","neonate",0.523215321504028,0.10463322619817,32751,0.513717001552868,0.339307493606533,0.600331186115704,13.0111524163569,10.126582278481
"Plac8","Plac8","neonate",0.513009839234201,0.104182399422405,32693,0.512807240443587,0.361297610417516,0.616163720107304,12.2676579925651,9.70464135021097
"Ccdc80","Ccdc80","neonate",0.240544515877157,0.102338001821859,32799,0.51446990729848,0.134656653470811,0.351446815472246,6.31970260223048,3.37552742616034
"Map1lc3b","Map1lc3b","neonate",0.673165282453538,0.102234039797595,32604.5,0.511419070475115,0.480530750064262,0.718027597594804,16.3568773234201,14.3459915611814
"Psca","Psca","neonate",0.302617263152823,0.101753385708204,32653,0.51217981898891,0.262387996058619,0.514962267855203,7.43494423791822,5.06329113924051
"H2-Eb1","H2-Eb1","neonate",2.09217691365168,0.101581250928076,32767.5,0.513975812902922,0.547023169198695,0.760814264823686,43.1226765799257,42.1940928270042
"Naca","Naca","neonate",1.51100783160403,0.101103948009857,32427.5,0.508642730538171,0.69159835175414,0.847080536485108,35.6877323420074,32.4894514767932
"Ephb4","Ephb4","neonate",0.225465260936391,0.100534162955752,32707,0.513026837952724,0.152347968385,0.375967634851101,5.57620817843866,2.9535864978903
"Sec61g","Sec61g","neonate",1.42098408927235,0.10052864389931,32631.5,0.511842579957022,0.581038378372352,0.78170996129126,33.8289962825279,31.2236286919831
"Il20","Il20","neonate",0.57729165114184,0.100209858721544,32698.5,0.512893510893605,0.389251113237275,0.645729384188958,14.1263940520446,11.3924050632911
"Ptgis","Ptgis","neonate",0.20143633903087,0.100199548145973,32725.5,0.513317020375512,0.125637440261605,0.335366650592183,5.20446096654275,2.53164556962025
"Adgra3","Adgra3","neonate",0.194877368916517,0.0993699486487077,32732.5,0.51342681913008,0.122547384162121,0.333824431720313,5.20446096654275,2.53164556962025
"Fzd6","Fzd6","neonate",0.212333041352817,0.0993500271009127,32610.5,0.511513183693316,0.195890717124805,0.437899203976302,5.20446096654275,2.9535864978903
"Serpinb5","Serpinb5","neonate",0.157726274052572,0.0991309671135656,32538.5,0.510383825074898,0.156023282104292,0.381262775142105,3.71747211895911,1.68776371308017
"Txk","Txk","neonate",0.484700999760975,0.0989500472538552,32611,0.5115210264615,0.4000727913748,0.661480220564969,11.5241635687732,9.28270042194093
"Col6a1","Col6a1","neonate",0.322575395556256,0.0986229718205888,32632.5,0.511858265493389,0.301642242045836,0.56317849310805,8.17843866171004,5.90717299578059
"Rela","Rela","neonate",0.672461636499947,0.0971728614915773,32579,0.511019089297759,0.496047380370384,0.728364121103494,16.3568773234201,14.3459915611814
"Il11ra1/2","Il11ra1/2","neonate",0.580372243498988,0.0969121075306586,32639.5,0.511968064247957,0.427264352961815,0.68621576120119,14.1263940520446,11.8143459915612
"Gata3","Gata3","neonate",0.485362214192288,0.0968814383749502,32678.5,0.512579800166267,0.362158415228566,0.616163720107304,11.8959107806691,9.28270042194093
"Kir3dl1/2","Kir3dl1/2","neonate",0.40482275370014,0.0967641911815265,32731.5,0.513411133593713,0.296460441059214,0.556630997619655,10.4089219330855,7.59493670886076
"Ighd","Ighd","neonate",0.528115254258623,0.095479511368889,32597.5,0.511309271720547,0.430863657484398,0.68621576120119,12.639405204461,10.5485232067511
"Clec1a","Clec1a","neonate",0.300629838652231,0.0948658199068098,32612,0.511536711997867,0.288440421054731,0.546840564659772,7.43494423791822,5.06329113924051
"Best1","Best1","neonate",0.171374015465565,0.0946282707418881,32630,0.511819051652471,0.141616768205985,0.358355121577073,4.46096654275093,2.10970464135021
"Lyn","Lyn","neonate",0.228775467442786,0.094345792598478,32683.5,0.512658227848101,0.182129174793219,0.41552125233144,5.94795539033457,3.37552742616034
"Clec14a","Clec14a","neonate",0.516380015752275,0.0943205962809427,32606.5,0.511450441547849,0.425129197815672,0.68621576120119,12.639405204461,10.5485232067511
"Ccl20","Ccl20","neonate",0.375301610899697,0.0932869984917576,32479,0.509450535661067,0.438249256604616,0.690115966312372,8.92193308550186,7.17299578059072
"Col27a1","Col27a1","neonate",0.243504940564468,0.0927415459719697,32575,0.510956347152291,0.274842808659122,0.530016015924845,6.31970260223048,4.21940928270042
"Cx3cl1","Cx3cl1","neonate",0.39444489147333,0.0926941890185787,32657.5,0.512250403902561,0.335449268127158,0.596154938186768,10.0371747211896,7.59493670886076
"Wnt5a","Wnt5a","neonate",0.299229426843061,0.0925068454778095,32525,0.510172070333945,0.356248200315886,0.61243602479695,7.43494423791822,5.48523206751055
"Spry4","Spry4","neonate",0.296620701346726,0.0924944437518139,32734,0.51345034743463,0.222432895614777,0.462011660266527,7.80669144981413,5.06329113924051
"Sell","Sell","neonate",0.579882552346174,0.0921441691378741,32541,0.510423038915816,0.486486583618313,0.720021487688592,13.7546468401487,11.8143459915612
"Adgrf3","Adgrf3","neonate",0.158734797194116,0.0920709468030192,32527.5,0.510211284174862,0.163020361320254,0.39153852795296,3.71747211895911,1.68776371308017
"Actg2","Actg2","neonate",0.459719081929268,0.0916159319447081,32603.5,0.511403384938748,0.404905175777758,0.666155875000701,11.5241635687732,9.28270042194093
"Rora","Rora","neonate",0.348667394837542,0.0912611253171128,32492,0.509654447633837,0.417768953280092,0.67947087507382,8.55018587360595,6.75105485232067
"Cd209e","Cd209e","neonate",0.108174754307723,0.0905546533137353,32572,0.51090929054319,0.0500082695101826,0.217721592583634,2.60223048327138,0.421940928270042
"Cyp2u1","Cyp2u1","neonate",0.213780505357199,0.0905078970314602,32589,0.511175944661428,0.209319879486418,0.450533976507659,5.20446096654275,2.9535864978903
"H2-Ob","H2-Ob","neonate",0.895697638305598,0.0894015270151752,32582.5,0.511073988675043,0.548537467550998,0.76168782054087,22.3048327137546,20.253164556962
"Lyz3","Lyz3","neonate",0.294062648578859,0.0892597420972617,32528,0.510219126943046,0.33992632923434,0.600331186115704,7.0631970260223,5.06329113924051
"Itga2","Itga2","neonate",0.248462430329848,0.0886734966384201,32556.5,0.510666164729503,0.270235240163417,0.525194024255219,5.94795539033457,3.79746835443038
"Gas6","Gas6","neonate",0.598720580241334,0.0886150799570048,32511,0.509952472824808,0.511937143131497,0.740575523041561,14.1263940520446,12.2362869198312
"Tubb4b","Tubb4b","neonate",0.856624072440497,0.0883645400271839,32571,0.510893605006823,0.546209010382139,0.760814264823686,21.1895910780669,18.9873417721519
"Sdc1","Sdc1","neonate",0.316638058540585,0.0878983098050248,32595,0.511270057879629,0.313422077899844,0.578670021603971,7.80669144981413,5.48523206751055
"Csf3r","Csf3r","neonate",0.198376653550997,0.0878112930672743,32603,0.511395542170564,0.17923294334928,0.412691095887372,4.83271375464684,2.53164556962025
"Cd300a","Cd300a","neonate",0.36437953941322,0.0875526907582194,32655.5,0.512219032829828,0.316141020487939,0.581631908754421,9.29368029739777,6.75105485232067
"Tlr5","Tlr5","neonate",0.234246442206056,0.0870583133992352,32462,0.509183881542829,0.333148747177229,0.596154938186768,5.57620817843866,3.79746835443038
"Adgrv1","Adgrv1","neonate",0.163221613458231,0.0868140772317779,32406,0.508305491506282,0.272616227548818,0.526741044314285,3.71747211895911,2.10970464135021
"Fabp4","Fabp4","neonate",0.308157718819442,0.0861152224532771,32515,0.510015214970276,0.3637192358341,0.616714418582649,7.43494423791822,5.48523206751055
"Trmt5","Trmt5","neonate",0.133862189919263,0.0859787136878365,32545,0.510485781061283,0.122537491674117,0.333824431720313,3.3457249070632,1.26582278481013
"Itgb8","Itgb8","neonate",0.170350547880086,0.0853993367665849,32513,0.509983843897542,0.201125786529003,0.445605353709814,4.08921933085502,2.10970464135021
"Mx1","Mx1","neonate",0.348761410704458,0.085244837349402,32559.5,0.510713221338604,0.374098765925922,0.630027820317812,8.92193308550186,6.75105485232067
"Pgr","Pgr","neonate",0.180494082568025,0.0851403835404184,32501.5,0.509803460229323,0.235695206866533,0.479266041447576,4.46096654275093,2.53164556962025
"Lgals3bp","Lgals3bp","neonate",0.606916205936359,0.0849803906561909,32587,0.511144573588694,0.471057457913064,0.712662041789568,14.8698884758364,12.6582278481013
"Cd86","Cd86","neonate",0.486329984731817,0.0848675719523116,32495.5,0.509709347011121,0.488972794092191,0.721562331522127,11.8959107806691,10.126582278481
"Cd22","Cd22","neonate",0.229893860674504,0.0848177902845797,32471,0.509325051370132,0.325764981878519,0.593761767701797,5.57620817843866,3.79746835443038
"Bmp7","Bmp7","neonate",0.172338747672153,0.0847564413047816,32621,0.511677881825169,0.146437868239588,0.364093985691039,4.46096654275093,2.10970464135021
"Rarres1","Rarres1","neonate",0.4754036602531,0.0843312251992013,32502.5,0.509819145765689,0.476986283023387,0.716197777370958,11.5241635687732,9.70464135021097
"Bmp1","Bmp1","neonate",0.236522462220786,0.0839217340179349,32565,0.510799491788622,0.264288411814333,0.516657934468413,5.94795539033457,3.79746835443038
"Gpr183","Gpr183","neonate",0.484223850462747,0.0837513379307788,32315.5,0.506885950465076,0.623731015739959,0.796235368364583,11.5241635687732,10.5485232067511
"Cd70","Cd70","neonate",0.273155123347769,0.0837142110067423,32536.5,0.510352454002165,0.333658341918576,0.596154938186768,7.0631970260223,5.06329113924051
"Mthfd1l","Mthfd1l","neonate",0.204175411928896,0.0832911223014099,32479.5,0.50945837842925,0.276812907783031,0.531468739195269,4.83271375464684,2.9535864978903
"Pdgfa","Pdgfa","neonate",0.2893199575334,0.0831494360226885,32526,0.510187755870312,0.341412018583354,0.600331186115704,7.0631970260223,5.06329113924051
"Fgf18","Fgf18","neonate",0.577037788897489,0.0830056056576805,32502,0.509811302997506,0.523218326620311,0.747392517913689,14.4981412639405,12.6582278481013
"Fgf1","Fgf1","neonate",0.169956806692812,0.082628589873622,32511,0.509952472824808,0.202546218274753,0.446564336996146,4.08921933085502,2.10970464135021
"Pgk1","Pgk1","neonate",0.614426271011656,0.0825441493608549,32503,0.509826988533873,0.532479554588099,0.751957671280928,15.2416356877323,13.5021097046413
"Aicda","Aicda","neonate",0.2767313808086,0.08142352236151,32516,0.510030900506643,0.348902750613533,0.608139934198762,7.0631970260223,5.06329113924051
"Tnfsf15","Tnfsf15","neonate",0.1613484843778,0.0814043929989861,32510.5,0.509944630056625,0.202902351714397,0.446564336996146,4.08921933085502,2.10970464135021
"Cmklr1","Cmklr1","neonate",0.568542494654514,0.0811528422460295,32437.5,0.50879958590184,0.559510768408785,0.771552193780856,13.7546468401487,12.2362869198312
"Epha3","Epha3","neonate",0.282784248500727,0.0811115991987864,32418,0.508493717942685,0.434591949948535,0.68929863885244,7.0631970260223,5.48523206751055
"Hgf","Hgf","neonate",0.523411687936194,0.0805663209480606,32528.5,0.510226969711229,0.482714129422658,0.718167110752244,13.0111524163569,10.9704641350211
"Spn","Spn","neonate",0.903410751111535,0.0804294955759592,32502,0.509811302997506,0.589653365682258,0.78170996129126,21.5613382899628,19.4092827004219
"Pparg","Pparg","neonate",0.289765257271915,0.0802411115523529,32413,0.50841529026085,0.438850072860626,0.690115966312372,7.0631970260223,5.48523206751055
"Tnfsf14","Tnfsf14","neonate",0.15940993364566,0.080019437588982,32511,0.509952472824808,0.202546218274753,0.446564336996146,4.08921933085502,2.10970464135021
"Nppc","Nppc","neonate",0.285065667380999,0.0798065004564897,32424.5,0.50859567392907,0.429092238146467,0.68621576120119,7.0631970260223,5.48523206751055
"Wnt3","Wnt3","neonate",0.171466119947653,0.0791892650331326,32390.5,0.508062365692595,0.316193073766195,0.581631908754421,4.08921933085502,2.53164556962025
"Kit","Kit","neonate",0.226721561267418,0.0789779460059773,32453.5,0.509050554483711,0.340220784193501,0.600331186115704,5.57620817843866,3.79746835443038
"Cd84","Cd84","neonate",0.511384736030304,0.0785186150909034,32460,0.509152510470096,0.526927859114358,0.75012986389251,12.639405204461,10.9704641350211
"Adgrg6","Adgrg6","neonate",0.279428955216843,0.0783682125402273,32316,0.50689379323326,0.519875791986953,0.745778654116536,6.69144981412639,5.48523206751055
"Vegfa","Vegfa","neonate",0.839004430181438,0.0780943101428631,32478.5,0.509442692892883,0.593676039685638,0.782099176103967,20.0743494423792,18.1434599156118
"Efnb2","Efnb2","neonate",0.26601125910836,0.0780717713923167,32418.5,0.508501560710868,0.420184263869493,0.682286174393948,6.69144981412639,5.06329113924051
"Cd69","Cd69","neonate",0.700908050781935,0.0773610948359534,32473.5,0.509364265211049,0.571062979933675,0.776739141874316,17.1003717472119,15.1898734177215
"Cd5l","Cd5l","neonate",0.13625565325674,0.076749820291216,32418,0.508493717942685,0.229069440062415,0.472841059507719,3.3457249070632,1.68776371308017
"Brca1","Brca1","neonate",0.32308711117118,0.0759554812983698,32478,0.5094348501247,0.41717808931905,0.67947087507382,8.17843866171004,6.32911392405063
"S100b","S100b","neonate",0.124062364742459,0.075864266526122,32426,0.50861920223362,0.185425985881081,0.41835052208935,2.97397769516729,1.26582278481013
"Itgb5","Itgb5","neonate",0.335127106097852,0.0753389145381438,32368,0.507709441124339,0.512651919935726,0.740575523041561,8.17843866171004,6.75105485232067
"Btf3","Btf3","neonate",0.721007725982593,0.07523047304522,32438.5,0.508815271438207,0.602782389910386,0.78531846622323,17.8438661710037,16.4556962025316
"Tbx21","Tbx21","neonate",0.605942006965058,0.0743522181427475,32409.5,0.508360390883566,0.584152210562251,0.78170996129126,14.1263940520446,12.6582278481013
"Ier3","Ier3","neonate",0.86226010877633,0.074274898418388,32453.5,0.509050554483711,0.616173150725402,0.792950998675722,20.817843866171,19.4092827004219
"Ttn","Ttn","neonate",0.161529549413687,0.0734585709132316,32500,0.509779931924772,0.210489373674884,0.450533976507659,4.08921933085502,2.10970464135021
"Ctla4","Ctla4","neonate",0.486793477151992,0.0732554874518121,32504.5,0.509850516838423,0.486090438450791,0.720021487688592,12.2676579925651,10.126582278481
"Btk","Btk","neonate",0.239762310958541,0.0732147544599112,32429,0.508666258842721,0.379327438871243,0.633080779866507,5.94795539033457,4.21940928270042
"Fgfr1","Fgfr1","neonate",0.455018527796336,0.0730221410181847,32464,0.509215252615563,0.497321933603318,0.72880809541218,11.1524163568773,9.28270042194093
"Gzmf","Gzmf","neonate",0.295521806077847,0.0728851452144226,32494.5,0.509693661474754,0.379338403553791,0.633080779866507,7.43494423791822,5.48523206751055
"Mt2","Mt2","neonate",0.491743289692249,0.0728200051091449,32502,0.509811302997506,0.480921498208698,0.718027597594804,11.8959107806691,9.70464135021097
"Col4a5","Col4a5","neonate",0.401537528413753,0.0724474029262954,32334.5,0.507183975656048,0.576170298142907,0.779432547148546,9.66542750929368,8.43881856540084
"Tpm2","Tpm2","neonate",0.501752794896754,0.0723054469219461,32426,0.50861920223362,0.545347101469222,0.760814264823686,12.2676579925651,10.5485232067511
"Col9a2","Col9a2","neonate",0.503857700912933,0.072257578683359,32456.5,0.509097611092811,0.523249726683806,0.747392517913689,12.2676579925651,10.5485232067511
"Csf2rb","Csf2rb","neonate",0.475701354444649,0.0721267755864615,32601,0.511364171097831,0.425150999723578,0.68621576120119,12.639405204461,10.126582278481
"Pds5a","Pds5a","neonate",0.450530547116154,0.0718260719628793,32452,0.50902702617916,0.513277518978655,0.740575523041561,11.5241635687732,9.70464135021097
"Krt20","Krt20","neonate",0.140087650156177,0.0717967247646368,32410,0.50836823365175,0.236027709479197,0.479266041447576,3.3457249070632,1.68776371308017
"S100a8","S100a8","neonate",0.506729842545442,0.0712635918787639,32436.5,0.508783900365473,0.537687877749827,0.755034949459968,12.2676579925651,10.5485232067511
"Csf1r","Csf1r","neonate",0.295858105364049,0.0709989426569982,32396,0.508148636142613,0.453505491143884,0.69689061533175,7.0631970260223,5.48523206751055
"Pdgfc","Pdgfc","neonate",0.154976480276035,0.0708015848862234,32503,0.509826988533873,0.208301039295059,0.450533976507659,4.08921933085502,2.10970464135021
"Npr3","Npr3","neonate",0.186257667472679,0.0704071556414391,32468,0.509277994761031,0.286085120028012,0.545366854049576,4.83271375464684,2.9535864978903
"Npr2","Npr2","neonate",0.177044296280365,0.070146015885318,32372,0.507772183269807,0.359790684203779,0.615285269556034,4.46096654275093,2.9535864978903
"Atf3","Atf3","neonate",0.283710225163392,0.0699913672220385,32395.5,0.508140793374429,0.453940672800528,0.69689061533175,7.0631970260223,5.48523206751055
"Marco","Marco","neonate",0.232725877352107,0.0698576721087729,32334,0.507176132887864,0.458387871902845,0.699866322032369,5.57620817843866,4.21940928270042
"Il24","Il24","neonate",0.348070847211208,0.0683532299023613,32336.5,0.507215346728781,0.549567414230967,0.762056623071313,8.55018587360595,7.17299578059072
"Vhl","Vhl","neonate",0.374534631614899,0.0681421323764773,32322.5,0.506995749219645,0.5704802122549,0.776739141874316,8.92193308550186,7.59493670886076
"Adgrg1","Adgrg1","neonate",0.293025259718777,0.0680618602486015,32392.5,0.508093736765329,0.456556526958546,0.6992117624849,7.0631970260223,5.48523206751055
"Pdgfb","Pdgfb","neonate",0.429431498862138,0.0676056093513059,32308,0.506768308942324,0.60545457983238,0.787012015766471,10.0371747211896,8.86075949367089
"Pten","Pten","neonate",0.294900102997523,0.0669956678349549,32588.5,0.511168101893244,0.30413411692715,0.56676955995583,7.43494423791822,5.06329113924051
"Cxcl14","Cxcl14","neonate",0.307761520194695,0.0669561957743507,32366.5,0.507685912819789,0.49192205759172,0.723401365272703,7.43494423791822,5.90717299578059
"Prox1","Prox1","neonate",0.166579852929125,0.0666849592228752,32375,0.507819239878908,0.331022234345511,0.596154938186768,4.08921933085502,2.53164556962025
"Mmp2","Mmp2","neonate",0.408071225802828,0.0665125648532257,32310.5,0.506807522783242,0.60336403723871,0.78531846622323,10.0371747211896,8.86075949367089
"Fgfr2","Fgfr2","neonate",0.259636227048763,0.0658436776635929,32398,0.508180007215347,0.423021217927768,0.685775860608104,6.31970260223048,4.64135021097046
"Mmp12","Mmp12","neonate",0.327547391487524,0.0658410709216658,32348.5,0.507403573165184,0.519164448111636,0.745778654116536,7.80669144981413,6.32911392405063
"Fau","Fau","neonate",2.7078219815273,0.0654988837550374,32792,0.514360108543912,0.563296343111178,0.774984062672338,59.1078066914498,58.6497890295359
"Fap","Fap","neonate",0.16193319935329,0.0640452717912827,32375,0.507819239878908,0.331022234345511,0.596154938186768,4.08921933085502,2.53164556962025
"Ccl22","Ccl22","neonate",0.503464772972179,0.0638479775169206,32350.5,0.507434944237918,0.599168510449291,0.78472281282199,11.8959107806691,10.5485232067511
"Ica1","Ica1","neonate",0.310245833194016,0.0629282887603346,32267,0.506125201951281,0.589042388871116,0.78170996129126,7.43494423791822,6.32911392405063
"Erbb2","Erbb2","neonate",0.158011736666182,0.0619919712625611,32376,0.507834925415275,0.330052266199557,0.596154938186768,4.08921933085502,2.53164556962025
"Crp","Crp","neonate",0.133371849927504,0.0615631662010141,32403,0.508258434897181,0.242238010460377,0.48205847590618,3.3457249070632,1.68776371308017
"Fgf9","Fgf9","neonate",0.15930373886051,0.0613182582820936,32264,0.50607814534218,0.43664886422723,0.689891242917676,3.71747211895911,2.53164556962025
"Krt1","Krt1","neonate",0.148460631718352,0.0608633198318736,32270.5,0.506180101328565,0.428985268416182,0.68621576120119,3.71747211895911,2.53164556962025
"Tert","Tert","neonate",0.158529610357721,0.06037065333827,32265.5,0.50610167364673,0.434873464230878,0.68929863885244,3.71747211895911,2.53164556962025
"Il17b","Il17b","neonate",0.181486443495586,0.0601563500070918,32355.5,0.507513371919753,0.376027886919444,0.631684519944522,4.46096654275093,2.9535864978903
"Il6","Il6","neonate",0.141869495991724,0.0599779149670675,32385,0.507976095242577,0.292108651875759,0.549494954566286,3.71747211895911,2.10970464135021
"Myl9","Myl9","neonate",0.33347015921733,0.0598116521364161,32337,0.507223189496965,0.539626651827983,0.756691662267931,8.17843866171004,6.75105485232067
"Aatk","Aatk","neonate",0.703351937472407,0.0596424612527322,32365.5,0.507670227283422,0.644369637886192,0.810543974105363,17.1003717472119,15.6118143459916
"Ahr","Ahr","neonate",0.338587498787122,0.0595387644237129,32328.5,0.507089862437846,0.547145263669591,0.760814264823686,8.17843866171004,6.75105485232067
"Il21r","Il21r","neonate",0.554080426784984,0.0586274869656273,32317,0.506909478769627,0.64469545783907,0.810543974105363,13.3828996282528,12.2362869198312
"Ccl21a/b/d","Ccl21a/b/d","neonate",0.227549462055035,0.058517281368033,32309,0.506783994478691,0.483340151770066,0.718167110752244,5.57620817843866,4.21940928270042
"Cxcr3","Cxcr3","neonate",0.611555727208984,0.0584777828253468,32328,0.507082019669663,0.64707140518871,0.812506537749552,14.4981412639405,13.0801687763713
"Bbln","Bbln","neonate",0.282780432757017,0.0583959435613933,32276,0.506266371778583,0.570005128701774,0.776739141874316,7.0631970260223,5.90717299578059
"Sox2","Sox2","neonate",0.0967323997801643,0.0581659510185366,32316.5,0.506901636001443,0.215202684522967,0.455535194202544,2.23048327137546,0.843881856540084
"Tgfbr1","Tgfbr1","neonate",0.505084390334232,0.057879682182455,32351.5,0.507450629774285,0.611719039739726,0.790513819730791,13.0111524163569,11.3924050632911
"Tcf7","Tcf7","neonate",0.213932617719405,0.0570640892589326,32317,0.506909478769627,0.475276181585249,0.716197777370958,5.57620817843866,4.21940928270042
"Adgra2","Adgra2","neonate",0.325293410210296,0.0568027433978074,32340,0.507270246106066,0.536985460844268,0.755034949459968,8.17843866171004,6.75105485232067
"Fpr1","Fpr1","neonate",0.365100045341197,0.0564645263196478,32308.5,0.506776151710508,0.590595493258861,0.78170996129126,9.29368029739777,8.0168776371308
"Ephb3","Ephb3","neonate",0.188417521438008,0.0562677593310919,32236.5,0.50564679309209,0.5164069256339,0.74294041104906,4.46096654275093,3.37552742616034
"Havcr2","Havcr2","neonate",0.361288697754497,0.0560438022246063,32387,0.508007466315311,0.52910141605405,0.751401005789879,9.66542750929368,8.0168776371308
"Serpina1a","Serpina1a","neonate",0.326032720279224,0.0552003770104817,32334,0.507176132887864,0.542274376203588,0.759336450948001,8.17843866171004,6.75105485232067
"Ciita","Ciita","neonate",0.643186210876607,0.0551684011964771,32362.5,0.507623170674321,0.635970847996718,0.806695846631969,15.9851301115242,14.3459915611814
"Upk3a","Upk3a","neonate",0.188138289390144,0.0546337630456722,32339,0.507254560569699,0.415287683517737,0.678712738312795,4.83271375464684,3.37552742616034
"Azgp1","Azgp1","neonate",0.273835732166496,0.0541962355047933,32271,0.506187944096748,0.563554107760727,0.774984062672338,6.69144981412639,5.48523206751055
"Tnxb","Tnxb","neonate",0.251212974826006,0.0532214067526657,32286,0.506423227142252,0.53615285829378,0.755006214292229,6.31970260223048,5.06329113924051
"Cd38","Cd38","neonate",0.265302029286126,0.0521881545977955,32173.5,0.504658604300974,0.658935436350913,0.82261990032664,6.31970260223048,5.48523206751055
"Il16","Il16","neonate",0.351252813121228,0.0513667894582995,32299,0.506627139115022,0.590979613158669,0.78170996129126,8.92193308550186,7.59493670886076
"Ephb2","Ephb2","neonate",0.186522331551317,0.0511968676276722,32327,0.507066334133296,0.427507105214903,0.68621576120119,4.83271375464684,3.37552742616034
"Zfp36","Zfp36","neonate",0.779053247742176,0.0509533066324936,32358,0.50755258576067,0.667050627220846,0.824920298358633,19.7026022304833,17.7215189873418
"Tlr7","Tlr7","neonate",0.394496720487753,0.0508183931870123,32277.5,0.506289900083133,0.624598847799039,0.796323594956064,9.66542750929368,8.43881856540084
"Efnb1","Efnb1","neonate",0.262503035962641,0.0505174351852962,32370,0.507740812197073,0.463008287656068,0.705839851365596,6.69144981412639,5.06329113924051
"Calb1","Calb1","neonate",0.155989859094894,0.0501634498403255,32358,0.50755258576067,0.34779542582188,0.608139934198762,4.08921933085502,2.53164556962025
"Esam","Esam","neonate",0.586543783026826,0.0499403296164747,32233,0.505591893714806,0.71613557996191,0.858486050505297,14.1263940520446,13.0801687763713
"Cd33","Cd33","neonate",0.286909411194915,0.0497875969796985,32344.5,0.507340831019717,0.511587937826142,0.740575523041561,7.43494423791822,5.90717299578059
"Ttr","Ttr","neonate",0.239559649328764,0.0493685229947174,32283.5,0.506384013301335,0.524812756344388,0.748552672496931,5.94795539033457,4.64135021097046
"Krt6b","Krt6b","neonate",0.112810826223651,0.0493384705278396,32176,0.504697818141891,0.470779091612091,0.712662041789568,2.60223048327138,1.68776371308017
"Lgr5","Lgr5","neonate",0.11085369838782,0.0489322238657177,32179,0.504744874750992,0.466339243781104,0.709832406182841,2.60223048327138,1.68776371308017
"Il12rb2","Il12rb2","neonate",0.174960717398615,0.0488970291821461,32238.5,0.505678164164824,0.514076052887014,0.740655816081435,4.46096654275093,3.37552742616034
"Lefty1","Lefty1","neonate",0.677546604009672,0.0485855343218816,32265,0.506093830878547,0.71111469968583,0.857962298939654,16.728624535316,15.1898734177215
"Lep","Lep","neonate",0.343582154988586,0.0485782833446676,32286.5,0.506431069910436,0.593830568014747,0.782099176103967,8.55018587360595,7.17299578059072
"Igha","Igha","neonate",0.360147461588972,0.0476359444663881,32397.5,0.508172164447163,0.502723303717568,0.731700925264839,8.92193308550186,7.17299578059072
"Tnnc1","Tnnc1","neonate",0.497257103090212,0.0467891923151864,32408.5,0.508344705347199,0.566879904649178,0.7763451441418,13.0111524163569,10.9704641350211
"Stat3","Stat3","neonate",1.23829347593882,0.0461563775289013,32227,0.505497780496604,0.790729433139406,0.90662212923524,29.7397769516729,28.6919831223629
"Mmp14","Mmp14","neonate",0.848368357095091,0.0461465525151068,32248,0.505827176760309,0.747935705557916,0.87831790157979,20.817843866171,19.831223628692
"Nanog","Nanog","neonate",0.484088324938161,0.0460089366466235,32205.5,0.505160541464715,0.717459088291462,0.858486050505297,11.8959107806691,10.9704641350211
"Irf3","Irf3","neonate",0.563383118968382,0.0456249109162451,32306,0.50673693786959,0.65925105352155,0.82261990032664,14.1263940520446,12.6582278481013
"Atm","Atm","neonate",0.350741200654555,0.0454297991459323,32269.5,0.506164415792198,0.617181519530953,0.792950998675722,8.92193308550186,7.59493670886076
"Itgav","Itgav","neonate",0.240880305275169,0.0454228237613828,32181.5,0.504784088591909,0.639599817857578,0.80926057942864,5.94795539033457,5.06329113924051
"Ppard","Ppard","neonate",0.407724536747653,0.0451824544242912,32157.5,0.504407635719103,0.739071767788636,0.875124171597708,10.0371747211896,9.28270042194093
"Angpt2","Angpt2","neonate",0.291952864076956,0.0451268703733523,32146.5,0.504235094819067,0.697102552485204,0.850686958173498,6.69144981412639,5.90717299578059
"Osmr","Osmr","neonate",0.254143641554934,0.0450636415298833,32171.5,0.50462723322824,0.661091853649748,0.822857151172034,6.31970260223048,5.48523206751055
"Snai2","Snai2","neonate",0.149963236894651,0.0449560850019208,32253.5,0.505913447210327,0.449193951709849,0.69582792525782,3.71747211895911,2.53164556962025
"Osm","Osm","neonate",0.571410234687629,0.0448955285274476,32184,0.504823302432827,0.750812643928082,0.880659065877997,13.7546468401487,12.6582278481013
"Tnfrsf11a","Tnfrsf11a","neonate",0.419776717410254,0.0444276335089631,32153.5,0.504344893573636,0.747082787814915,0.87831790157979,10.4089219330855,9.70464135021097
"Nrg1","Nrg1","neonate",0.280887863555183,0.0438845828640874,32049,0.502705755023293,0.806556211556868,0.90862886205898,6.69144981412639,6.32911392405063
"Cd59a","Cd59a","neonate",0.973584971998116,0.0435235673417764,32209.5,0.505223283610183,0.783879458690599,0.905594229796671,23.7918215613383,22.3628691983122
"Tnxa","Tnxa","neonate",0.199749910165001,0.0434233341403454,32099.5,0.503497874609822,0.707191089967235,0.857962298939654,4.83271375464684,4.21940928270042
"Ptges2","Ptges2","neonate",0.391739883418587,0.0428477389965721,32325.5,0.507042805828745,0.587348588942639,0.78170996129126,10.0371747211896,8.43881856540084
"Cd80","Cd80","neonate",0.234222647084186,0.0423615962794699,32176,0.504697818141891,0.633932723370862,0.806005553103052,5.57620817843866,4.64135021097046
"Hif1a","Hif1a","neonate",0.172676389822303,0.0417645882833494,32223.5,0.50544288111932,0.531689482441703,0.751957671280928,4.46096654275093,3.37552742616034
"Twist1","Twist1","neonate",0.101678844826173,0.0414542547669462,32294,0.506548711433187,0.29193688774913,0.549494954566286,2.60223048327138,1.26582278481013
"Fzd3","Fzd3","neonate",0.3186313329934,0.0414051661967147,32203.5,0.505129170391982,0.667062873751411,0.824920298358633,8.17843866171004,7.17299578059072
"Mzt2","Mzt2","neonate",0.221297870988009,0.0413335056046815,32187,0.504870359041927,0.621505557283359,0.794411590527576,5.57620817843866,4.64135021097046
"Msh2","Msh2","neonate",0.567016300234688,0.0407088359233126,32159,0.504431164023654,0.771928331436945,0.898030976012409,13.7546468401487,13.0801687763713
"Ncam1","Ncam1","neonate",0.140660001643041,0.0404143815233648,32143,0.504180195441783,0.58119534530598,0.78170996129126,3.3457249070632,2.53164556962025
"Cntfr","Cntfr","neonate",0.0895170210997447,0.040371376907546,32185,0.504838987969194,0.412388571309157,0.676235864465838,2.23048327137546,1.26582278481013
"Hdac5","Hdac5","neonate",0.489664169349149,0.0401090791561589,32111,0.503678258278042,0.798082469487753,0.90662212923524,11.8959107806691,11.3924050632911
"Smo","Smo","neonate",0.276650829673092,0.0394184842954942,32234,0.505607579251173,0.611278138305336,0.790513819730791,7.0631970260223,5.90717299578059
"Rigi","Rigi","neonate",0.39075938126134,0.0392463063757026,32164.5,0.504517434473672,0.727935402978138,0.866052024784253,9.66542750929368,8.86075949367089
"Ptgs2","Ptgs2","neonate",0.0917437251457257,0.0391826223300865,32295,0.506564396969554,0.290781204135708,0.549440561920553,2.60223048327138,1.26582278481013
"Cidea","Cidea","neonate",0.305076493331849,0.0389166942320749,32200.5,0.505082113782881,0.662319826746532,0.82335768985822,7.80669144981413,6.75105485232067
"Cxcl3","Cxcl3","neonate",0.22956713066531,0.0388703321613593,32168,0.504572333850956,0.643036354061226,0.810543974105363,5.57620817843866,4.64135021097046
"Ccl2","Ccl2","neonate",0.317175131587311,0.0383035767552685,32195,0.504995843332863,0.667713822242144,0.824920298358633,7.80669144981413,6.75105485232067
"Fas","Fas","neonate",0.216833113982217,0.0380568076253327,32171,0.504619390460057,0.639616185145204,0.80926057942864,5.57620817843866,4.64135021097046
"Cr2","Cr2","neonate",0.40377529566467,0.0378379628047817,32262,0.506046774269446,0.644483274177193,0.810543974105363,10.0371747211896,8.86075949367089
"Csf3","Csf3","neonate",0.0985304850912368,0.0369743822591863,32170,0.50460370492369,0.479728368197082,0.718027597594804,2.60223048327138,1.68776371308017
"Col14a1","Col14a1","neonate",0.137145932975677,0.0368553713935997,32140,0.504133138832682,0.58546603954659,0.78170996129126,3.3457249070632,2.53164556962025
"Vegfc","Vegfc","neonate",0.25245434567712,0.0365719281173518,32258,0.505984032123978,0.564419797497338,0.775105424386841,6.31970260223048,5.06329113924051
"Col11a1","Col11a1","neonate",0.148489633530402,0.0364327016076128,32130,0.503976283469013,0.621421904746364,0.794411590527576,3.71747211895911,2.9535864978903
"Il17a","Il17a","neonate",0.0951570005987293,0.0357706510965686,32057.5,0.502839082082412,0.648262850628591,0.812978694436107,2.23048327137546,1.68776371308017
"Krt18","Krt18","neonate",0.441490878194925,0.0357471767038732,32197.5,0.50503505717378,0.71556660588467,0.858486050505297,11.1524163568773,10.126582278481
"Fcrla","Fcrla","neonate",0.243990313792533,0.0356278581164557,32159.5,0.504439006791837,0.663978501230977,0.824391738141076,5.94795539033457,5.06329113924051
"Rgs2","Rgs2","neonate",0.364745070576364,0.0354770011014017,32163.5,0.504501748937305,0.718131761405635,0.858486050505297,8.92193308550186,8.0168776371308
"Notch1","Notch1","neonate",0.289970663127854,0.0353913487040112,32115,0.503741000423509,0.744883477476996,0.87831790157979,7.43494423791822,6.75105485232067
"Casp3","Casp3","neonate",0.263266004154583,0.0347797104205206,32051.5,0.50274496886421,0.798103566657028,0.90662212923524,6.31970260223048,5.90717299578059
"Slpi","Slpi","neonate",0.288293766655959,0.0346623302198795,32228.5,0.505521308801154,0.616779564316184,0.792950998675722,7.0631970260223,5.90717299578059
"Pax5","Pax5","neonate",0.168654131560964,0.0343934701785015,32213.5,0.505286025755651,0.543599304225448,0.760124132275977,4.46096654275093,3.37552742616034
"Tgfb1","Tgfb1","neonate",1.05833295574794,0.0343249617596499,32155.5,0.50437626464637,0.823646896892424,0.917913728777414,25.2788104089219,24.8945147679325
"Col4a1","Col4a1","neonate",1.06837776848837,0.0335036942114852,32189.5,0.504909572882845,0.801979517971408,0.908114321119232,25.6505576208178,24.0506329113924
"Fn1","Fn1","neonate",0.50330924592256,0.0333074083752884,32121,0.503835113641711,0.791162073882599,0.90662212923524,12.2676579925651,11.3924050632911
"Egf","Egf","neonate",0.133718305568227,0.0326104438793007,32136,0.504070396687215,0.591182859391785,0.78170996129126,3.3457249070632,2.53164556962025
"Trp53","Trp53","neonate",0.424513176283684,0.0323174384890693,32198,0.505042899941963,0.710524962590078,0.857962298939654,10.7806691449814,9.70464135021097
"Cdkn3","Cdkn3","neonate",0.153930003602884,0.0321926611470257,32122,0.503850799178078,0.632493160574614,0.805358468828723,3.71747211895911,2.9535864978903
"Col6a2","Col6a2","neonate",0.374514633769584,0.0311400845164668,31968.5,0.501443069345756,0.910095666485928,0.9663103082923,8.92193308550186,8.86075949367089
"Oas1a/g","Oas1a/g","neonate",0.684589311975455,0.0309961142985471,32095.5,0.503435132464355,0.836426081313713,0.920437972483192,16.728624535316,16.0337552742616
"Ankrd1","Ankrd1","neonate",0.197951142206597,0.0308725137658798,32176.5,0.504705660910075,0.62026427687176,0.794411590527576,5.20446096654275,4.21940928270042
"Tgfb3","Tgfb3","neonate",0.283586333126203,0.0308712781323188,32107,0.503615516132574,0.746756900670377,0.87831790157979,7.0631970260223,6.32911392405063
"Igfbp5","Igfbp5","neonate",0.231375818783451,0.0300383874018903,32061,0.502893981459696,0.77345640988568,0.898759954144549,5.57620817843866,5.06329113924051
"Fgf12","Fgf12","neonate",0.0629792668844144,0.0294735899629343,32082.5,0.503231220491585,0.504241492908651,0.732840770306012,1.48698884758364,0.843881856540084
"Itga3","Itga3","neonate",0.252792269242057,0.0293699519940232,32135,0.504054711150848,0.700926141494028,0.853264179572095,6.31970260223048,5.48523206751055
"Krt15","Krt15","neonate",0.191120112653525,0.0289784819114206,32075,0.503113578968833,0.738176199207438,0.875103056610958,4.83271375464684,4.21940928270042
"Anxa4","Anxa4","neonate",0.842296988911924,0.0287154616184088,32172,0.504635075996424,0.799789152349479,0.907155614212094,21.1895910780669,20.253164556962
"Cxcr4","Cxcr4","neonate",0.458690014047258,0.0286061298934523,32029,0.502392044295955,0.864971399239027,0.938385729098269,11.1524163568773,10.9704641350211
"Bmpr1a","Bmpr1a","neonate",0.275842682617548,0.0278975384455792,32115,0.503741000423509,0.73104204007901,0.86871145883048,6.69144981412639,5.90717299578059
"Tie1","Tie1","neonate",0.396903356037395,0.0275616956287625,32039,0.502548899659624,0.846047330255297,0.924900425728653,9.66542750929368,9.28270042194093
"Krt86","Krt86","neonate",0.104509844121368,0.0275068735088166,32038,0.502533214123257,0.70975710437317,0.857962298939654,2.60223048327138,2.10970464135021
"Srebf1","Srebf1","neonate",0.170754838821652,0.0273678454088438,32089.5,0.503341019246153,0.707889724826494,0.857962298939654,4.46096654275093,3.79746835443038
"Il10rb","Il10rb","neonate",0.421255007700224,0.0271302871680523,32090,0.503348862014337,0.803804213155535,0.908114321119232,10.4089219330855,9.70464135021097
"Rb1","Rb1","neonate",0.538231123600859,0.0264134733859049,32104,0.503568459523473,0.810707823235102,0.911246561178576,13.0111524163569,12.2362869198312
"Col9a3","Col9a3","neonate",0.192972967845934,0.0258884314554772,32180.5,0.504768403055542,0.600717906715372,0.784948562248003,4.83271375464684,3.79746835443038
"Hdac3","Hdac3","neonate",0.368878216167467,0.0250087712644778,32231.5,0.505568365410255,0.65850850507624,0.82261990032664,9.29368029739777,8.0168776371308
"Col3a1","Col3a1","neonate",0.373893193275807,0.025005311684024,32214,0.505293868523834,0.680517614747624,0.836591938228583,9.66542750929368,8.43881856540084
"Hhex","Hhex","neonate",0.518599179856883,0.0237449568528545,32065,0.502956723605164,0.841695235764111,0.922165000062438,12.639405204461,12.2362869198312
"Blk","Blk","neonate",0.60089398418217,0.0236832503297475,31986.5,0.501725409000361,0.913052138132007,0.968418065657033,14.4981412639405,14.3459915611814
"Carmn","Carmn","neonate",0.170144668585239,0.0235100810174164,31983,0.501670509623077,0.848267878695525,0.925690522388082,4.08921933085502,3.79746835443038
"Sigirr","Sigirr","neonate",0.312307787564024,0.0226580580825061,31986,0.501717566232177,0.88301697578261,0.946632177263723,7.43494423791822,7.17299578059072
"Crip1","Crip1","neonate",2.13438043887342,0.0224792184732072,31878,0.50002352830455,0.999472089286224,1,47.2118959107807,45.9915611814346
"Mapk14","Mapk14","neonate",0.363034127260327,0.0222605114598098,32043,0.502611641805092,0.8392727267813,0.921536242952595,9.29368029739777,8.86075949367089
"Clec7a","Clec7a","neonate",0.455658106396209,0.0221957362783858,32060,0.502878295923329,0.841424370730834,0.922165000062438,11.8959107806691,11.3924050632911
"Vwf","Vwf","neonate",0.232386382657112,0.021753085154011,32130.5,0.503984126237197,0.696661650447449,0.850686958173498,5.94795539033457,5.06329113924051
"Nlrp1a","Nlrp1a","neonate",0.0838220485434111,0.0213978062387218,31937,0.500948974950198,0.873132106610589,0.942113322825495,1.85873605947955,1.68776371308017
"Fasn","Fasn","neonate",0.247502103414625,0.0213084091747932,32020,0.502250874468652,0.833959700581045,0.920437972483192,6.31970260223048,5.90717299578059
"Wnt7a","Wnt7a","neonate",0.18789517191085,0.0209986099825127,31966.5,0.501411698273022,0.877343569481087,0.944612892843028,4.46096654275093,4.21940928270042
"Mst1r","Mst1r","neonate",0.0790579220641955,0.0207052283271003,31937,0.500948974950198,0.873132106610589,0.942113322825495,1.85873605947955,1.68776371308017
"Erbb3","Erbb3","neonate",0.492030367716836,0.020680408566756,32050.5,0.502729283327843,0.8495554944685,0.925690522388082,11.8959107806691,11.3924050632911
"Il21","Il21","neonate",0.130978405608461,0.0205291941618323,32007.5,0.502054805264066,0.793087722178138,0.90662212923524,3.3457249070632,2.9535864978903
"Tpsb2","Tpsb2","neonate",0.13739422275966,0.0205185070672876,32006,0.502031276959516,0.795412944404822,0.90662212923524,3.3457249070632,2.9535864978903
"Wnt7b","Wnt7b","neonate",0.302076945155768,0.0205146942297816,31988,0.501748937304911,0.880886371192061,0.945941610041406,7.43494423791822,7.17299578059072
"Ido1","Ido1","neonate",0.164210134969709,0.020076538786121,31982.5,0.501662666854893,0.848974936061216,0.925690522388082,4.08921933085502,3.79746835443038
"Bst1","Bst1","neonate",0.271995616056764,0.0192309533793723,32091,0.503364547550703,0.76383032943805,0.891731660948168,7.0631970260223,6.32911392405063
"Ceacam3","Ceacam3","neonate",0.184426343957102,0.0192233841757747,31963.5,0.501364641663922,0.881424027811902,0.945941610041406,4.46096654275093,4.21940928270042
"Psd3","Psd3","neonate",0.0854969635374073,0.019211430488804,32047.5,0.502682226718743,0.666538289505237,0.824920298358633,2.23048327137546,1.68776371308017
"Cdh1","Cdh1","neonate",0.410507636646825,0.0189782148865132,31838.5,0.499403949618057,0.964802982920619,0.99417120104109,9.66542750929368,10.126582278481
"Fgg","Fgg","neonate",0.120569423481401,0.0187152943318683,32016.5,0.502195975091368,0.764821687951072,0.89184470513125,2.97397769516729,2.53164556962025
"Cldn4","Cldn4","neonate",0.261560541530303,0.0183670810014102,32025,0.502329302150487,0.828243058436512,0.918529843449613,6.31970260223048,5.90717299578059
"Cald1","Cald1","neonate",0.259643506048906,0.0182630251850942,32103,0.503552773987107,0.744115457299408,0.87831790157979,6.69144981412639,5.90717299578059
"Smad2","Smad2","neonate",0.138392247336047,0.01817337112989,32005,0.502015591423149,0.796964019985855,0.90662212923524,3.3457249070632,2.9535864978903
"Myh11","Myh11","neonate",0.226659587958396,0.0178087168823453,31942.5,0.501035245400216,0.916917173383883,0.969423565072886,5.20446096654275,5.06329113924051
"Vegfd","Vegfd","neonate",0.28919203626212,0.016810872182591,31891,0.50022744027732,0.984728799199907,0.99505301661547,7.0631970260223,7.17299578059072
"Nlrc4","Nlrc4","neonate",0.150349204853953,0.0164095824023977,31991.5,0.501803836682195,0.827884735660851,0.918529843449613,3.71747211895911,3.37552742616034
"Itga5","Itga5","neonate",0.637126040751522,0.0161860384760721,31885.5,0.500141169827302,0.99345858409199,0.997460431359229,15.2416356877323,16.0337552742616
"Nt5c3","Nt5c3","neonate",0.218882129294478,0.0155305753123347,32024,0.50231361661412,0.824043176745112,0.917913728777414,5.94795539033457,5.48523206751055
"Itgax","Itgax","neonate",4.36269640708365,0.0152073645905206,32513,0.509983843897542,0.698367642723414,0.851188923955066,100,100
"Krt14","Krt14","neonate",0.353034105384485,0.0147703596535775,31863,0.499788245259047,0.987068639350752,0.99505301661547,8.55018587360595,8.86075949367089
"Tshz2","Tshz2","neonate",0.205479243507576,0.0141181539581466,31950,0.501152886922968,0.90387553783143,0.961754441000999,4.83271375464684,4.64135021097046
"Cxcl12","Cxcl12","neonate",0.482648126108391,0.0134319708431431,31926.5,0.500784276818346,0.957767599403026,0.992788606358368,12.2676579925651,12.2362869198312
"Sec23a","Sec23a","neonate",0.333237249502123,0.0127309221713019,31948,0.501121515850234,0.927157520335018,0.976109870933488,8.17843866171004,8.0168776371308
"Foxp3","Foxp3","neonate",0.18145732334605,0.0123070794249659,31957.5,0.50127052844572,0.88959428752418,0.95153008863509,4.46096654275093,4.21940928270042
"Rbm47","Rbm47","neonate",0.258164426530096,0.0122888238869677,31995,0.50185873605948,0.866588811661364,0.939118527419978,6.69144981412639,6.32911392405063
"Msr1","Msr1","neonate",0.267707404528349,0.0121952204755389,31886.5,0.500156855363669,0.989358179190663,0.995348238802312,6.69144981412639,6.75105485232067
"Lgals9","Lgals9","neonate",0.48287410239105,0.0118096364363827,31950.5,0.501160729691152,0.936423264204632,0.981113064693741,11.8959107806691,11.8143459915612
"Il1rn","Il1rn","neonate",0.348820226100149,0.0116907598311498,32023,0.502297931077753,0.855562580783665,0.929189425970931,8.92193308550186,8.43881856540084
"H2-Q2","H2-Q2","neonate",0.227408351713244,0.0116358566961116,31915,0.500603893150126,0.953401190868338,0.991761667766102,5.57620817843866,5.48523206751055
"Reg1","Reg1","neonate",0.225560247937847,0.0115882624151583,31930.5,0.500847018963813,0.932097514015281,0.979242593754726,5.20446096654275,5.06329113924051
"Il1rap","Il1rap","neonate",0.278199392638109,0.0114482941960774,31889.5,0.50020391197277,0.985997907801592,0.99505301661547,6.69144981412639,6.75105485232067
"Acvr1b","Acvr1b","neonate",0.280929447469203,0.01112587827741,31979,0.501607767477609,0.887641307380681,0.950567543994134,7.0631970260223,6.75105485232067
"Nfkb1","Nfkb1","neonate",0.505077000297724,0.0110857277198902,32136,0.504070396687215,0.78319805966519,0.905594229796671,13.0111524163569,11.8143459915612
"Il36g","Il36g","neonate",0.194018428322461,0.0109152791418479,31942,0.501027402632033,0.914366673560309,0.968781693453377,4.83271375464684,4.64135021097046
"Nfkbia","Nfkbia","neonate",1.2071241787722,0.0107692163495194,31963,0.501356798895738,0.947770318904497,0.989452364343228,28.996282527881,28.6919831223629
"Tnfrsf10b","Tnfrsf10b","neonate",0.30330954357199,0.0106232477491134,32038.5,0.50254105689144,0.829495328085281,0.918896491223361,7.80669144981413,7.17299578059072
"Col16a1","Col16a1","neonate",0.164976712704959,0.0100005334399841,31738,0.497827553213182,0.803292179556807,0.908114321119232,3.71747211895911,4.21940928270042
"Spink1","Spink1","neonate",0.30794865201359,0.00970314337370404,32032.5,0.502446943673239,0.835737823068681,0.920437972483192,7.80669144981413,7.17299578059072
"Hsp90ab1","Hsp90ab1","neonate",1.15412205969009,0.00930658587403999,31941.5,0.501019559863849,0.960143284490722,0.992950273866563,27.5092936802974,27.4261603375527
"Clec4d","Clec4d","neonate",0.435868011997749,0.0090109533530176,31939,0.500980346022932,0.944701331825775,0.988318182403251,11.1524163568773,10.9704641350211
"Cdh19","Cdh19","neonate",0.0562041174198473,0.00823628393809925,31946,0.501090144777501,0.835379204468429,0.920437972483192,1.48698884758364,1.26582278481013
"Rarg","Rarg","neonate",0.525750912207381,0.00798661651389299,31969.5,0.501458754882123,0.922770068608836,0.973546834288899,13.0111524163569,12.6582278481013
"Cxcl5","Cxcl5","neonate",0.206152023476994,0.00715927484319895,31928.5,0.50081564789108,0.934630137327782,0.980869733595578,5.20446096654275,5.06329113924051
"Syk","Syk","neonate",0.378347858714343,0.00701733625382589,31893.5,0.500266654118238,0.984071374749001,0.99505301661547,9.29368029739777,9.28270042194093
"Havcr1","Havcr1","neonate",0.240746216409988,0.00679505108154743,31895.5,0.500298025190971,0.978029081078355,0.99505301661547,5.94795539033457,5.90717299578059
"Epha7","Epha7","neonate",0.164831625385046,0.00524415689313454,31842,0.499458848995341,0.952194924265748,0.991761667766102,4.08921933085502,4.21940928270042
"Cxcl2","Cxcl2","neonate",0.363195831998518,0.00504886164938723,31806,0.498894169686132,0.931841538004315,0.979242593754726,8.92193308550186,9.28270042194093
"Ifi44l","Ifi44l","neonate",0.223585569387391,0.00473861256920671,31897.5,0.500329396263705,0.975654551260113,0.99505301661547,5.94795539033457,5.90717299578059
"Nrxn3","Nrxn3","neonate",0.152084924654367,0.00460196632723381,31858,0.499709817577212,0.97343494751932,0.99505301661547,3.71747211895911,3.79746835443038
"Dpt","Dpt","neonate",0.443739765536321,0.0039924568327927,31787,0.498596144495161,0.919401228242743,0.97102015313349,10.4089219330855,10.9704641350211
"Il27ra","Il27ra","neonate",0.719550002746955,0.00395313800334529,31903,0.500415666713723,0.980775195903081,0.99505301661547,17.1003717472119,17.2995780590717
"Il12rb1","Il12rb1","neonate",0.556718605536257,0.0031330300265654,31898.5,0.500345081800072,0.982479305790467,0.99505301661547,13.7546468401487,13.5021097046413
"Il12b","Il12b","neonate",0.32401597989719,0.00272659160298744,31835.5,0.499356893008956,0.957936448662739,0.992788606358368,7.80669144981413,8.0168776371308
"Rarb","Rarb","neonate",0.117521040149036,0.00191667177816378,31888,0.500180383668219,0.981800082951536,0.99505301661547,2.97397769516729,2.9535864978903
"Fgf7","Fgf7","neonate",0.157576814273674,0.00190269389402714,31851,0.499600018822644,0.96311042691339,0.994017697342288,3.71747211895911,3.79746835443038
"Stat1","Stat1","neonate",1.01992927586992,0.00158228883083389,31909,0.500509779931925,0.979391689385949,0.99505301661547,24.907063197026,24.0506329113924
"Cd93","Cd93","neonate",0.778515615370569,0.00121332200687185,31827.5,0.499231408718021,0.965253483056946,0.99417120104109,18.2156133828996,18.9873417721519
"Fcgbp","Fcgbp","neonate",0.270701456997024,0.00110915101452314,31778,0.498454974667859,0.892019954162504,0.952188323661687,6.69144981412639,7.17299578059072
"Bst2","Bst2","neonate",0,0,31876.5,0.5,1,1,0,0
"Tm4sf1","Tm4sf1","neonate",0.287672511963214,-0.000346320119247345,31848.5,0.499560804981726,0.970748680286237,0.99505301661547,7.43494423791822,7.59493670886076
"Il6ra","Il6ra","neonate",0.173979358165994,-0.00184331803047971,31727,0.497655012313146,0.797223632875963,0.90662212923524,4.08921933085502,4.64135021097046
"Tyk2","Tyk2","neonate",0.641123222946744,-0.0022691997685681,31871.5,0.499921572318165,0.996536870341936,0.999544526892264,15.6133828996283,15.6118143459916
"Hsd17b2","Hsd17b2","neonate",0.144515259585902,-0.00227766659695908,31855,0.499662760968111,0.969009506810588,0.994956208331778,3.71747211895911,3.79746835443038
"Etv4","Etv4","neonate",0.247679304498802,-0.00453162968228982,31856,0.499678446504478,0.976955761247832,0.99505301661547,6.31970260223048,6.32911392405063
"Casr","Casr","neonate",0.244670151732011,-0.005628103654477,31878.5,0.500031371072734,0.998218350678867,1,5.94795539033457,5.90717299578059
"Rara","Rara","neonate",0.0853096396008375,-0.00597444646046154,31785.5,0.498572616190611,0.834285806976481,0.920437972483192,2.23048327137546,2.53164556962025
"Cd244a","Cd244a","neonate",0.197198159458078,-0.00625246457898887,31902.5,0.50040782394554,0.967605007685573,0.994538342951047,5.20446096654275,5.06329113924051
"Arid5b","Arid5b","neonate",0.213128417264874,-0.00688826618965013,31978,0.501592081941242,0.878580012841155,0.944923703131209,5.94795539033457,5.48523206751055
"S100a2","S100a2","neonate",0.471826967327679,-0.00689490387684588,31854.5,0.499654918199928,0.981246880948846,0.99505301661547,11.5241635687732,11.8143459915612
"Il3ra","Il3ra","neonate",0.614942047293031,-0.00717237891785538,31855,0.499662760968111,0.983753420215259,0.99505301661547,15.6133828996283,15.1898734177215
"Col5a1","Col5a1","neonate",0.239065432745894,-0.00741154191568241,31866,0.499835301868147,0.988476678912396,0.995348238802312,6.31970260223048,6.32911392405063
"Adipoq","Adipoq","neonate",0.122148462076161,-0.00766962613266392,31762.5,0.498211848854172,0.819542576788157,0.916388550027498,2.97397769516729,3.37552742616034
"Oas2","Oas2","neonate",0.391838431430131,-0.0078418220702498,31832,0.499301993631672,0.959071955317993,0.992933270459023,10.0371747211896,10.126582278481
"Ryk","Ryk","neonate",0.389358551746901,-0.00787222094618328,31826.5,0.499215723181654,0.953961323357765,0.991761667766102,10.0371747211896,10.126582278481
"Serpina3a","Serpina3a","neonate",0.147582705233334,-0.00787443856690553,31734.5,0.497772653835898,0.798409457842067,0.90662212923524,3.71747211895911,4.21940928270042
"Ryr2","Ryr2","neonate",0.2268808829121,-0.00825501225418501,31864.5,0.499811773563597,0.986341344357571,0.99505301661547,5.94795539033457,5.90717299578059
"Ptk2","Ptk2","neonate",0.103985175685884,-0.00933386737196888,31772.5,0.498368704217841,0.824349847143536,0.917913728777414,2.60223048327138,2.9535864978903
"Cpb1","Cpb1","neonate",0.116730683543201,-0.00947780615162892,31753.5,0.498070679026869,0.805509445389859,0.908476150513223,2.97397769516729,3.37552742616034
"Il2ra","Il2ra","neonate",0.130936440308632,-0.00952385481003726,31859,0.499725503113579,0.973528927482986,0.99505301661547,3.3457249070632,3.37552742616034
"Nlrc5","Nlrc5","neonate",0.95470610017777,-0.00960402337655375,31794,0.498705943249729,0.9457222499752,0.988349143842007,22.3048327137546,23.2067510548523
"Inhbb","Inhbb","neonate",0.431081789276767,-0.0104461562128373,31670,0.496760936740232,0.813302463143286,0.912017360115928,10.0371747211896,10.9704641350211
"Iapp","Iapp","neonate",0.079303177755065,-0.0104795914755635,31671,0.496776622276599,0.620969732152468,0.794411590527576,1.85873605947955,2.53164556962025
"Arf1","Arf1","neonate",0.893487383584185,-0.011452632093653,31804,0.498862798613399,0.951520337799124,0.991761667766102,21.5613382899628,21.9409282700422
"Ifi27","Ifi27","neonate",0.613236613923237,-0.0117576921265745,31633.5,0.496188414662839,0.814092546704541,0.912017360115928,14.8698884758364,16.0337552742616
"Tsc22d1","Tsc22d1","neonate",0.488365435120821,-0.0121045329932575,31836.5,0.499372578545323,0.966293663190593,0.994215461507762,12.2676579925651,12.2362869198312
"Sostdc1","Sostdc1","neonate",0.304099580248799,-0.0130727361641977,31709,0.497372672658542,0.825846153172859,0.917913728777414,7.43494423791822,8.0168776371308
"Nlrp3","Nlrp3","neonate",0.127121325799313,-0.0131600762809176,31851,0.499600018822644,0.961080255046373,0.992950273866563,3.3457249070632,3.37552742616034
"Il33","Il33","neonate",0.355373064908688,-0.014611320393311,31700.5,0.497239345599423,0.831830940722291,0.920437972483192,8.92193308550186,9.70464135021097
"Bmpr2","Bmpr2","neonate",0.494568258938296,-0.0147740336049856,31885.5,0.500141169827302,0.992795084238153,0.997460431359229,12.639405204461,12.2362869198312
"Cd36","Cd36","neonate",0.459595473940901,-0.0150574784514724,31644,0.496353112794692,0.796772970818173,0.90662212923524,10.7806691449814,11.8143459915612
"Krt13","Krt13","neonate",0.088466694490641,-0.0153335503696614,31777.5,0.498447131899675,0.819878221288393,0.916388550027498,2.23048327137546,2.53164556962025
"Cxcl9","Cxcl9","neonate",0.308254303377024,-0.0154234184565149,31722,0.497576584631311,0.839210181149557,0.921536242952595,7.43494423791822,8.0168776371308
"Itga1","Itga1","neonate",0.540702929083598,-0.0172193805107557,31846,0.499521591140809,0.975243459485677,0.99505301661547,13.3828996282528,13.0801687763713
"Fhit","Fhit","neonate",0.229016406649741,-0.0176692294164924,31658,0.496572710303829,0.745540789389646,0.87831790157979,5.57620817843866,6.32911392405063
"Rag1","Rag1","neonate",0.35359761662642,-0.0177472125579148,31685.5,0.497004062553919,0.814137864095462,0.912017360115928,8.55018587360595,9.28270042194093
"Uba52","Uba52","neonate",3.38390029015586,-0.0180473604613782,31237.5,0.489976942261541,0.693104300031729,0.847883419793416,69.5167286245353,69.620253164557
"Cd47","Cd47","neonate",1.28070781920756,-0.0183317024721512,31750,0.498015779649585,0.924738411451135,0.974592173590678,29.7397769516729,30.8016877637131
"Acvrl1","Acvrl1","neonate",0.526100768194985,-0.0190532088382833,31728.5,0.497678540617696,0.877146138070044,0.944612892843028,12.639405204461,13.0801687763713
"Bid","Bid","neonate",0.167581342442176,-0.019149368912311,31800,0.498800056467931,0.897907238959019,0.956424697908272,4.46096654275093,4.64135021097046
"Ar","Ar","neonate",0.417888415620198,-0.019288693276145,31702.5,0.497270716672157,0.843624358927518,0.923263980077646,10.4089219330855,10.9704641350211
"Cd40lg","Cd40lg","neonate",0.430543378245738,-0.019734054303615,31770.5,0.498337333145107,0.905296102350673,0.962239034161642,10.7806691449814,10.9704641350211
"Stat4","Stat4","neonate",0.36911444846924,-0.0198044123218822,31810.5,0.498964754599784,0.936830127972359,0.981113064693741,9.29368029739777,9.28270042194093
"Alcam","Alcam","neonate",0.457496696513514,-0.0198684046591262,31753.5,0.498070679026869,0.893459609261138,0.952705059287011,11.5241635687732,11.8143459915612
"Klrb1c","Klrb1c","neonate",0.170744580602195,-0.0210049535681949,31594.5,0.49557667874453,0.634618213827378,0.806005553103052,4.08921933085502,5.06329113924051
"Cst7","Cst7","neonate",0.557783325501366,-0.0225994154868724,31822.5,0.499152981036187,0.956420182889834,0.992788606358368,13.7546468401487,13.5021097046413
"Flt3l","Flt3l","neonate",0.427409454184227,-0.0237041201591287,31682,0.496949163176635,0.825429601315867,0.917913728777414,10.4089219330855,10.9704641350211
"Sfn","Sfn","neonate",0.330163731441161,-0.0243378567525003,31745,0.497937351967751,0.870263009050441,0.941054468571897,8.55018587360595,8.86075949367089
"Col18a1","Col18a1","neonate",0.307141979862326,-0.0250142826900401,31667.5,0.496721722899315,0.788337039310319,0.90662212923524,7.80669144981413,8.43881856540084
"Mrc1","Mrc1","neonate",0.260562297411074,-0.0265664467340403,31801.5,0.498823584772481,0.91669517559626,0.969423565072886,6.69144981412639,6.75105485232067
"Adgrf5","Adgrf5","neonate",0.661300615111598,-0.0282065094382462,31625,0.496055087603721,0.810649534353481,0.911246561178576,15.6133828996283,16.4556962025316
"Mcpt8","Mcpt8","neonate",0.110639761453777,-0.0283157687994137,31738.5,0.497835395981366,0.782261594718476,0.905594229796671,2.97397769516729,3.37552742616034
"Tcl1","Tcl1","neonate",0.0924987784312611,-0.0285905971345398,31650,0.496447226012893,0.615353388382831,0.792950998675722,2.23048327137546,2.9535864978903
"Lair1","Lair1","neonate",0.19949937307213,-0.0290852013105145,31549,0.494862986839835,0.608951010516597,0.789498254206824,4.83271375464684,5.90717299578059
"Jag1","Jag1","neonate",0.324981008227423,-0.0296521457717206,31655,0.496525653694728,0.780678981272015,0.905594229796671,8.17843866171004,8.86075949367089
"Fzd7","Fzd7","neonate",0.379237825536614,-0.0300070927792213,31624,0.496039402067354,0.768824095958513,0.895464513633922,9.66542750929368,10.5485232067511
"Itga8","Itga8","neonate",0.615111194507088,-0.030866606452443,31735.5,0.497788339372265,0.890448919454903,0.95153008863509,14.8698884758364,15.1898734177215
"Col8a1","Col8a1","neonate",0.283599189533847,-0.0312045911564861,31671,0.496776622276599,0.787083847800908,0.90662212923524,7.43494423791822,8.0168776371308
"H2-T23","H2-T23","neonate",1.37072604500892,-0.0326610178499362,31622.5,0.496015873762803,0.852900348456067,0.928320575775872,32.3420074349442,32.9113924050633
"Rspo3","Rspo3","neonate",0.0683896971996396,-0.03267513331047,31657,0.496557024767462,0.597328899922053,0.783601201608272,1.85873605947955,2.53164556962025
"Ldb2","Ldb2","neonate",0.225319352490858,-0.0328755907936959,31613.5,0.495874703935501,0.704595311565173,0.856684787354241,5.94795539033457,6.75105485232067
"Tnfaip6","Tnfaip6","neonate",0.175524683408352,-0.0338362126912379,31673.5,0.496815836117516,0.737621670328596,0.875103056610958,4.46096654275093,5.06329113924051
"Frmd8","Frmd8","neonate",0.65131158401469,-0.034077026621255,31586.5,0.495451194453594,0.782288625242024,0.905594229796671,15.6133828996283,16.4556962025316
"Esr1","Esr1","neonate",0.268517191094143,-0.0344084762079901,31606.5,0.495764905180933,0.712530374645972,0.857962298939654,6.69144981412639,7.59493670886076
"Cd14","Cd14","neonate",0.795098058122832,-0.0351779118974953,31591,0.495521779367245,0.804277778884936,0.908114321119232,19.7026022304833,20.6751054852321
"Ezh2","Ezh2","neonate",0.396916788709432,-0.0360819195678944,31591.5,0.495529622135429,0.740026075571422,0.87521470622148,9.66542750929368,10.5485232067511
"Plekhg2","Plekhg2","neonate",0.360952972177781,-0.0367187822276588,31534,0.494627703794331,0.676045167488084,0.832119792574839,8.55018587360595,9.70464135021097
"Adgre5","Adgre5","neonate",0.732410507714761,-0.0389670625243226,31531,0.49458064718523,0.757654077652923,0.885558165791283,18.2156133828996,19.4092827004219
"Tnfrsf21","Tnfrsf21","neonate",0.380247031888222,-0.0413614649993146,31571.5,0.495215911408091,0.72248074089024,0.86161877831049,9.66542750929368,10.5485232067511
"Spp1","Spp1","neonate",0.286284300790022,-0.0413766534454186,31450,0.49331011873951,0.574607017872895,0.778373908721843,7.0631970260223,8.43881856540084
"Egfr","Egfr","neonate",0.205564906830435,-0.0420578999049338,31511,0.494266936457892,0.580888082881038,0.78170996129126,5.20446096654275,6.32911392405063
"Areg","Areg","neonate",0.407867900351406,-0.0422896226502373,31397.5,0.492486628080247,0.583297637722904,0.78170996129126,9.66542750929368,11.3924050632911
"Clock","Clock","neonate",0.106087132549163,-0.0428676398963684,31598,0.495631578121814,0.587381788031427,0.78170996129126,2.97397769516729,3.79746835443038
"Adgrl4","Adgrl4","neonate",0.271871669819875,-0.0429139761439156,31476.5,0.493725785453234,0.589673313366868,0.78170996129126,6.69144981412639,8.0168776371308
"Timp1","Timp1","neonate",0.361447723398108,-0.043099456018806,31653.5,0.496502125390178,0.793458951395886,0.90662212923524,9.66542750929368,10.126582278481
"Mecom","Mecom","neonate",0.230817631349662,-0.0438646465598946,31593.5,0.495560993208163,0.683266095329798,0.838936326408631,5.94795539033457,6.75105485232067
"Ptprcap","Ptprcap","neonate",1.05183451708663,-0.0443115030376631,31544.5,0.494792401926184,0.791385482550218,0.90662212923524,25.2788104089219,25.3164556962025
"Thbs2","Thbs2","neonate",0.296760492703772,-0.0445861261919858,31536,0.494659074867065,0.657922589855212,0.82261990032664,7.43494423791822,8.43881856540084
"Il7","Il7","neonate",0.279299418977703,-0.0447977219984381,31556,0.494972785594403,0.669599702545868,0.825205072235143,7.0631970260223,8.0168776371308
"Acvr2a","Acvr2a","neonate",0.110631910853429,-0.0453416654468279,31604,0.495725691340015,0.595472466766419,0.782195058453386,2.97397769516729,3.79746835443038
"Cflar","Cflar","neonate",0.342283947025967,-0.0469095109234713,31406,0.492619955139366,0.569561765571388,0.776739141874316,8.55018587360595,10.126582278481
"Krt16","Krt16","neonate",0.186068066430182,-0.0470924234118511,31444.5,0.493223848289492,0.491941951509421,0.723401365272703,4.46096654275093,5.90717299578059
"Nrxn1","Nrxn1","neonate",0.219518765268659,-0.0476163285394208,31507,0.494204194312425,0.588560895426048,0.78170996129126,5.57620817843866,6.75105485232067
"Csf1","Csf1","neonate",0.310116188241216,-0.0478729785514644,31446,0.493247376594043,0.587990760592783,0.78170996129126,7.80669144981413,9.28270042194093
"Ddr2","Ddr2","neonate",0.0385236833826124,-0.0480590111521328,31554.5,0.494949257289853,0.364603907250526,0.617164848096391,1.11524163568773,2.10970464135021
"Ybx3","Ybx3","neonate",0.210859653297043,-0.0484891647551889,31490.5,0.49394538296237,0.571998723840079,0.776951945052532,5.57620817843866,6.75105485232067
"Cystm1","Cystm1","neonate",0.377259468319223,-0.0493180337782299,31574.5,0.495262968017191,0.720328672705655,0.860081061901243,9.29368029739777,10.126582278481
"Cd164","Cd164","neonate",0.758824498441275,-0.0496162304575081,31461.5,0.49349050240773,0.711998111830635,0.857962298939654,18.2156133828996,19.831223628692
"Mapk13","Mapk13","neonate",0.137618927586723,-0.0496990857639445,31465,0.493545401785014,0.458177652320058,0.699866322032369,3.3457249070632,4.64135021097046
"Fzd1","Fzd1","neonate",0.109152210973767,-0.0503083103742907,31497.5,0.494055181716939,0.446788674756379,0.69582792525782,2.60223048327138,3.79746835443038
"Il22ra1","Il22ra1","neonate",0.112881963201761,-0.0508359442507109,31471.5,0.493647357771399,0.442443212969273,0.694670682410024,2.97397769516729,4.21940928270042
"Krt7","Krt7","neonate",0.241460725629768,-0.0514067253274695,31375,0.492133703511992,0.48180588043222,0.718027597594804,5.94795539033457,7.59493670886076
"Ltb","Ltb","neonate",0.781487068727717,-0.0519774167467694,31521,0.494423791821561,0.753828347046197,0.883157299653418,18.9591078066914,19.831223628692
"Gm13889","Gm13889","neonate",0.320031593935181,-0.0525555400873377,31510,0.494251250921525,0.641143182789801,0.81016445277748,7.80669144981413,8.86075949367089
"Gpx1","Gpx1","neonate",1.5505456472334,-0.0527811052093889,31617.5,0.495937446080969,0.8539958621905,0.928499317997741,34.5724907063197,36.7088607594937
"Itgb6","Itgb6","neonate",0.135340809686818,-0.0528506893343187,31459,0.493451288566813,0.45164170101117,0.696780702523033,3.3457249070632,4.64135021097046
"Fgf13","Fgf13","neonate",0.187877098100451,-0.0533716085413423,31429,0.492980722475805,0.476520938023757,0.716197777370958,4.46096654275093,5.90717299578059
"Gzmb","Gzmb","neonate",0.80215725408491,-0.0553712376429105,31579.5,0.495341395699026,0.790866810023547,0.90662212923524,18.5873605947955,18.9873417721519
"Apc","Apc","neonate",0.134387789336334,-0.0554841242100737,31557.5,0.494996313898954,0.57439074840167,0.778373908721843,3.71747211895911,4.64135021097046
"Inhba","Inhba","neonate",0.0988157990209283,-0.0555461325093898,31489,0.49392185465782,0.436648979795524,0.689891242917676,2.60223048327138,3.79746835443038
"Becn1","Becn1","neonate",0.450962924851269,-0.0556486839124843,31368,0.492023904757423,0.578627487358627,0.781695941594243,10.7806691449814,12.6582278481013
"Nusap1","Nusap1","neonate",0.507174124049037,-0.0573884215162767,31524,0.494470848430662,0.717499358600407,0.858486050505297,13.0111524163569,13.9240506329114
"Mif","Mif","neonate",1.41886976356718,-0.0579292957986577,31650.5,0.496455068781077,0.870215773321598,0.941054468571897,32.3420074349442,35.0210970464135
"Ackr1","Ackr1","neonate",0.120792656558599,-0.0594615120339291,31354,0.491804307248286,0.334186924921043,0.596154938186768,2.97397769516729,4.64135021097046
"Plac9","Plac9","neonate",0.361514503137854,-0.0595116520878193,31383,0.492259187802927,0.550823228356376,0.76273716482126,8.55018587360595,10.126582278481
"Mb","Mb","neonate",0.340401012622341,-0.060576293807077,31461,0.493482659639546,0.612113007855738,0.790513819730791,8.55018587360595,9.70464135021097
"Cdkn1a","Cdkn1a","neonate",0.594322618265442,-0.0605781720087513,31438,0.493121892303107,0.669357693529667,0.825205072235143,14.4981412639405,16.0337552742616
"Sat1","Sat1","neonate",0.794564978732913,-0.0606385513468337,31366.5,0.492000376452873,0.660177225059267,0.822745866730112,19.7026022304833,21.5189873417722
"Npr1","Npr1","neonate",0.865569393726384,-0.0610741332566771,31462,0.493498345175913,0.726648829337872,0.865554220848098,21.5613382899628,21.9409282700422
"Atg5","Atg5","neonate",0.617332067755568,-0.0623813468690864,31452,0.493341489812244,0.6871939091583,0.842721189951814,15.6133828996283,16.8776371308017
"Dusp2","Dusp2","neonate",1.19173326734992,-0.0638731774574965,31474,0.493686571612316,0.756626533282117,0.885395133429895,27.1375464684015,28.6919831223629
"Cryab","Cryab","neonate",0.740651018050616,-0.0653364574467865,31460,0.493466974103179,0.708667701860044,0.857962298939654,18.2156133828996,18.9873417721519
"Tnfrsf19","Tnfrsf19","neonate",0.0931683806987125,-0.0665699502671894,31354,0.491804307248286,0.308249118935246,0.572298643535271,2.60223048327138,4.21940928270042
"Fzd5","Fzd5","neonate",0.52021407758,-0.0678124737256908,31311.5,0.491137671952692,0.566607942495143,0.7763451441418,13.0111524163569,14.7679324894515
"Casp8","Casp8","neonate",0.418477229051946,-0.0680233142957534,31310,0.491114143648142,0.529824380210918,0.751401005789879,10.4089219330855,12.2362869198312
"Gzmg","Gzmg","neonate",0.144060004930656,-0.0693985002645608,31308,0.491082772575408,0.33760179848824,0.598912799097464,3.71747211895911,5.48523206751055
"Cd63","Cd63","neonate",0.557498294230132,-0.0709742191480183,31198,0.489357363575047,0.501462818730598,0.731078989901634,13.3828996282528,16.0337552742616
"Adgrg3","Adgrg3","neonate",0.247510998368538,-0.0722262000786536,31320,0.491270999011811,0.447157659344092,0.69582792525782,6.31970260223048,8.0168776371308
"Wnt9a","Wnt9a","neonate",0.178143298608579,-0.0728809027981944,31395,0.49244741423933,0.443641191731844,0.695456396472718,4.46096654275093,5.90717299578059
"Notch2","Notch2","neonate",0.621639373044142,-0.072907213797667,31327.5,0.491388640534563,0.602435173165788,0.78531846622323,15.6133828996283,16.8776371308017
"Ets1","Ets1","neonate",0.937684364094723,-0.0734396234539294,31234,0.489922042884256,0.595228173765064,0.782195058453386,21.9330855018587,24.0506329113924
"Cd6","Cd6","neonate",0.566145841375058,-0.0774223977114096,31362.5,0.491937634307405,0.608620092663664,0.789498254206824,13.7546468401487,15.1898734177215
"Ace","Ace","neonate",0.500643222707091,-0.0786181957436621,31327.5,0.491388640534563,0.570455217013122,0.776739141874316,12.639405204461,13.9240506329114
"Icosl","Icosl","neonate",0.635237513112197,-0.0793839267520321,31246,0.490110269320659,0.553604052970822,0.765524605841761,15.6133828996283,17.7215189873418
"Il6st","Il6st","neonate",0.33702332777096,-0.0794874083570955,31257,0.490282810220695,0.449461568571751,0.69582792525782,8.17843866171004,10.126582278481
"Stat5a","Stat5a","neonate",0.580819229321211,-0.080285718889633,31245.5,0.490102426552476,0.531907287204355,0.751957671280928,13.7546468401487,15.6118143459916
"Krt6a","Krt6a","neonate",0.260537083959756,-0.0812812902492713,31390,0.492368986557495,0.511771962379934,0.740575523041561,6.69144981412639,8.0168776371308
"Ifnar1","Ifnar1","neonate",0.443535301271176,-0.0814484166213212,31230.5,0.489867143506972,0.48675474694294,0.720021487688592,11.1524163568773,13.0801687763713
"Krt8","Krt8","neonate",0.332369170277754,-0.081580940836622,31253.5,0.490227910843411,0.446902362184915,0.69582792525782,8.17843866171004,10.126582278481
"Dcn","Dcn","neonate",0.203401558783288,-0.0816087920178741,31245.5,0.490102426552476,0.355351125675703,0.61243602479695,5.20446096654275,7.17299578059072
"Ppia","Ppia","neonate",3.48821564767988,-0.0834318315548921,31285.5,0.490729848007153,0.716041693518075,0.858486050505297,71.3754646840149,72.9957805907173
"Htt","Htt","neonate",0.489623766185418,-0.0843975715189643,31207.5,0.489506376170533,0.489243867712094,0.721562331522127,12.2676579925651,14.3459915611814
"Olfm4","Olfm4","neonate",0.238258703239703,-0.0848163129336506,31281,0.490659263093501,0.415941307030208,0.678712738312795,6.31970260223048,8.0168776371308
"Itgam","Itgam","neonate",0.576164375379243,-0.0856598668875552,31136,0.488384860320299,0.468180116172486,0.711360828614459,13.7546468401487,16.4556962025316
"Krt23","Krt23","neonate",0.2878765649257,-0.086181579697023,31349.5,0.491733722334635,0.497811748220356,0.72880809541218,7.43494423791822,8.86075949367089
"Itm2a","Itm2a","neonate",0.0690350493914534,-0.0871850261941055,31253,0.490220068075228,0.181545550535168,0.415139710742117,1.85873605947955,3.79746835443038
"Ptges3","Ptges3","neonate",0.646358372107549,-0.0875989040574111,31206,0.489482847865983,0.534624346244469,0.753918632539937,16.3568773234201,18.1434599156118
"Acta2","Acta2","neonate",0.419030578745471,-0.0877877505918306,31203,0.489435791256882,0.451500999726631,0.696780702523033,10.0371747211896,12.2362869198312
"Pld3","Pld3","neonate",1.01989144466073,-0.0889885639480268,31216.5,0.489647545997835,0.599758057542985,0.78472281282199,24.5353159851301,26.5822784810127
"Klrb1","Klrb1","neonate",0.629488712072721,-0.0898539812246625,31260.5,0.49033770959798,0.556857128660074,0.768956450518135,15.2416356877323,16.8776371308017
"Spock2","Spock2","neonate",0.428653838605779,-0.0899578217487164,31204,0.489451476793249,0.452173635438719,0.696780702523033,10.0371747211896,12.2362869198312
"Efna5","Efna5","neonate",0.244007850308602,-0.0910849551312072,31280,0.490643577557135,0.415158180865581,0.678712738312795,6.31970260223048,8.0168776371308
"Ddr1","Ddr1","neonate",0.32583194040548,-0.0917284042113489,31047.5,0.486996690351827,0.32071298283351,0.585624256199652,8.17843866171004,10.9704641350211
"Cdh11","Cdh11","neonate",0.259110943031243,-0.0945575488328187,31080,0.487506470283751,0.288503647954905,0.546840564659772,6.31970260223048,8.86075949367089
"Tap2","Tap2","neonate",0.720240973531949,-0.0949582822016982,31131,0.488306432638464,0.501562717244451,0.731078989901634,17.1003717472119,19.831223628692
"Itgb2","Itgb2","neonate",0.95110317065778,-0.0956118858858278,31219,0.489686759838753,0.592529155304559,0.782099176103967,23.0483271375465,24.8945147679325
"Mlh1","Mlh1","neonate",0.160531720387697,-0.0957968251064352,31150.5,0.488612300597619,0.24790248577256,0.490205350854161,4.08921933085502,6.32911392405063
"Bmp3","Bmp3","neonate",0.39541562620593,-0.0962022553681873,31171,0.488933854093141,0.430278637228239,0.68621576120119,10.0371747211896,12.2362869198312
"Jchain","Jchain","neonate",0.49632137184905,-0.0993990578923956,31121.5,0.488157420042978,0.432129748834275,0.687134544797085,11.8959107806691,14.3459915611814
"Il17ra","Il17ra","neonate",0.347809798871561,-0.100936526254505,31166.5,0.48886326917949,0.40378116560074,0.665404664634609,8.92193308550186,10.9704641350211
"Vcam1","Vcam1","neonate",0.407308178335565,-0.101620572302807,31141,0.488463288002133,0.410919035952541,0.674936208969824,10.0371747211896,12.2362869198312
"Insr","Insr","neonate",0.28241372190222,-0.102669509054609,31040.5,0.486886891597258,0.287324424711208,0.546684067628005,7.0631970260223,9.70464135021097
"Map2k1","Map2k1","neonate",0.540036104683978,-0.103219668703274,30954,0.48553009270152,0.355074558251739,0.61243602479695,12.639405204461,16.0337552742616
"H2-DMb1","H2-DMb1","neonate",0.696563655867223,-0.10543405998794,31030,0.486722193465406,0.445379558811179,0.69582792525782,17.1003717472119,19.831223628692
"Fzd4","Fzd4","neonate",0.127349888626484,-0.105975787535553,31050.5,0.487043746960927,0.163428165024148,0.39153852795296,3.3457249070632,5.90717299578059
"Cenpf","Cenpf","neonate",0.479410961008647,-0.106098123025183,31009,0.4863927972017,0.363528056288238,0.616714418582649,11.5241635687732,14.3459915611814
"Pdgfrb","Pdgfrb","neonate",0.46753095436231,-0.108961858645635,30981.5,0.48596144495161,0.348509512776411,0.608139934198762,11.5241635687732,14.3459915611814
"Nr1h2","Nr1h2","neonate",0.745417877322811,-0.109189842731518,30978.5,0.485914388342509,0.429739195671423,0.68621576120119,18.2156133828996,21.0970464135021
"Ptgdr2","Ptgdr2","neonate",0.0160267428857432,-0.10931364841926,30922,0.485028155537779,0.0111191054867194,0.0931575476492377,0.371747211895911,3.37552742616034
"Adgrf1","Adgrf1","neonate",0.170257827383957,-0.109745241699941,31029,0.486706507929039,0.185144878329707,0.41835052208935,4.08921933085502,6.75105485232067
"Eng","Eng","neonate",0.648723271835509,-0.110050500479111,31098,0.487788809938356,0.468770375526278,0.711360828614459,15.9851301115242,18.1434599156118
"Birc3","Birc3","neonate",0.751092762371915,-0.110701811127147,31056,0.487130017410945,0.475838955662418,0.716197777370958,18.9591078066914,21.5189873417722
"Fyn","Fyn","neonate",0.896284399696994,-0.113175977259839,31010.5,0.486416325506251,0.473850305773851,0.715801143722014,21.9330855018587,24.0506329113924
"Ifnar2","Ifnar2","neonate",0.510793920785307,-0.114996205934854,30897.5,0.484643859896789,0.320550267310196,0.585624256199652,12.2676579925651,15.6118143459916
"Sparcl1","Sparcl1","neonate",0.166279724956601,-0.116190248360107,30907,0.484792872492275,0.136192015612087,0.351770568821893,4.08921933085502,7.17299578059072
"Snai1","Snai1","neonate",0.712212262245659,-0.117667332052657,31040.5,0.486886891597258,0.449073483604463,0.69582792525782,17.1003717472119,19.4092827004219
"Tnfrsf9","Tnfrsf9","neonate",0.530600842286581,-0.118905179454931,30966.5,0.485726161906106,0.367213009178151,0.619875178973238,13.3828996282528,16.0337552742616
"Mt1","Mt1","neonate",0.448993257095443,-0.119452480156811,31039.5,0.486871206060891,0.377446770636798,0.632461227436787,11.5241635687732,13.9240506329114
"Rarres2","Rarres2","neonate",0.308730998810469,-0.120245642680297,30984.5,0.486008501560711,0.276038477280475,0.531294134842921,7.80669144981413,10.5485232067511
"Tgfbi","Tgfbi","neonate",0.575765583254136,-0.121037180136592,31075,0.487428042601917,0.43732323522966,0.689891242917676,14.4981412639405,16.4556962025316
"Ncr1","Ncr1","neonate",0.434509979135306,-0.121168782813568,30934.5,0.485224224742365,0.306891750892001,0.570841559028592,10.4089219330855,13.5021097046413
"Ldha","Ldha","neonate",1.3586118026064,-0.121500505293591,30783,0.482847865982777,0.427546132810617,0.68621576120119,32.7137546468402,34.1772151898734
"Il1b","Il1b","neonate",0.374886691616831,-0.122475428891543,31006,0.4863457405926,0.318566611966338,0.583843588475072,9.29368029739777,11.8143459915612
"Atp5e","Atp5e","neonate",1.18283422524472,-0.122608575404288,31042.5,0.486918262669992,0.527423304502156,0.75012986389251,27.8810408921933,30.8016877637131
"Col5a2","Col5a2","neonate",0.289334712541906,-0.122723683921358,30885,0.484447790692203,0.221341661782112,0.460704878490117,7.43494423791822,10.5485232067511
"Clec12a","Clec12a","neonate",0.202386474852669,-0.123923370987178,30873.5,0.484267407023983,0.147646353227284,0.36617764718309,4.83271375464684,8.0168776371308
"Cd48","Cd48","neonate",0.623971781621873,-0.124291433377758,30906.5,0.484785029724091,0.361985221746238,0.616163720107304,15.2416356877323,18.1434599156118
"Gzma","Gzma","neonate",0.394195160012225,-0.125617807618349,31234.5,0.48992988565244,0.454341925742866,0.69689061533175,9.29368029739777,10.9704641350211
"Sod1","Sod1","neonate",1.78731200537624,-0.127944241501605,30630.5,0.480455821686823,0.400736541692022,0.661480682230043,42.0074349442379,44.3037974683544
"Krt19","Krt19","neonate",0.159373913433536,-0.12816206651623,30882,0.484400734083102,0.12637172147128,0.335980283484976,4.08921933085502,7.17299578059072
"Fasl","Fasl","neonate",0.580399913719685,-0.128552827758435,30888.5,0.484502690069487,0.340854737469373,0.600331186115704,14.1263940520446,17.2995780590717
"H2-Q1","H2-Q1","neonate",0.699837868743765,-0.131816508700287,30843,0.483788998164792,0.353497025526967,0.61243602479695,17.1003717472119,20.253164556962
"Dpp4","Dpp4","neonate",0.402046128671734,-0.132483335386591,30816.5,0.483373331451069,0.239566619488809,0.48205847590618,9.66542750929368,13.0801687763713
"Tap1","Tap1","neonate",1.45448984272495,-0.134139817444192,30766.5,0.482589054632723,0.429622973464596,0.68621576120119,34.5724907063197,36.7088607594937
"Ccl3","Ccl3","neonate",0.382797663166395,-0.134178370710129,30909,0.484824243565009,0.271583101070922,0.525763789840213,9.29368029739777,12.2362869198312
"Itga6","Itga6","neonate",0.260815070938753,-0.134795620293473,30812.5,0.483310589305601,0.166052572094318,0.392874473431395,6.31970260223048,9.70464135021097
"Cd81","Cd81","neonate",0.729105831407677,-0.136502630126659,30840,0.483741941555692,0.356157103640237,0.61243602479695,17.4721189591078,20.6751054852321
"G6pd2","G6pd2","neonate",0.334038413049314,-0.139673551462946,30887.5,0.48448700453312,0.244750582261959,0.485121929453625,8.55018587360595,11.3924050632911
"Psap","Psap","neonate",2.67759777998263,-0.140095674106267,30515,0.478644142236444,0.386416951615739,0.64209616793482,55.7620817843866,56.9620253164557
"Braf","Braf","neonate",0.0993518706030123,-0.141835067417639,30806,0.483208633319216,0.0592029992194811,0.231472118516952,2.60223048327138,5.90717299578059
"Col12a1","Col12a1","neonate",0.224964806208908,-0.142442535499575,30708,0.481671450755259,0.114851774814869,0.322555547860351,5.57620817843866,9.28270042194093
"C1qb","C1qb","neonate",0.837797435624738,-0.144410089523564,30850.5,0.483906639687544,0.379721470772489,0.633080779866507,19.3308550185874,22.7848101265823
"App","App","neonate",0.83322858020973,-0.144566881321366,30730,0.482016532555331,0.334871550039171,0.596154938186768,20.0743494423792,24.0506329113924
"Thbs1","Thbs1","neonate",0.404611604870041,-0.14599621498255,30626.5,0.480393079541355,0.178223386665714,0.411316473392864,10.0371747211896,14.3459915611814
"Gpx3","Gpx3","neonate",0.590126167112955,-0.151059141776621,30648,0.480730318573244,0.241129386298788,0.48205847590618,14.1263940520446,18.1434599156118
"Jak1","Jak1","neonate",0.529623130229927,-0.152865396795912,30678.5,0.481208727432435,0.240417286400176,0.48205847590618,13.3828996282528,16.8776371308017
"Gsk3b","Gsk3b","neonate",0.837390692382725,-0.153869312538588,30712.5,0.48174203566891,0.327543400733288,0.595636087313061,20.4460966542751,23.6286919831224
"Mmp9","Mmp9","neonate",0.587748740543485,-0.156774815257419,30638.5,0.480581305977758,0.235085286926711,0.479266041447576,13.7546468401487,18.1434599156118
"Cd44","Cd44","neonate",1.24302668351016,-0.160473801588331,30586.5,0.479765658086678,0.342735514407814,0.60159737300104,30.4832713754647,33.7552742616034
"Selenop","Selenop","neonate",0.288849686204834,-0.164254336682057,30583.5,0.479718601477577,0.117837002110417,0.327657314353885,7.43494423791822,11.3924050632911
"Lmna","Lmna","neonate",0.665141061408486,-0.167781650867371,30524.5,0.478793154831929,0.220780414891439,0.460498062022521,15.9851301115242,20.6751054852321
"Xkr4","Xkr4","neonate",0.326692698100735,-0.168410208382833,30563,0.479397047982056,0.125675010057824,0.335366650592183,8.17843866171004,12.2362869198312
"Entpd1","Entpd1","neonate",0.408891938073323,-0.16855953002022,30515,0.478644142236444,0.142545158509298,0.358882633923662,10.0371747211896,14.3459915611814
"Plcg1","Plcg1","neonate",0.659211265146756,-0.168794941587118,30660,0.480918545009647,0.264167053254104,0.516657934468413,15.9851301115242,19.4092827004219
"Tnfrsf12a","Tnfrsf12a","neonate",0.834022158733903,-0.169537617813464,30595.5,0.479906827913981,0.282892313395011,0.540313479798518,20.4460966542751,24.0506329113924
"Vsir","Vsir","neonate",0.602786173724255,-0.170465450351619,30638,0.480573463209574,0.242072392594084,0.48205847590618,14.8698884758364,18.1434599156118
"Hcst","Hcst","neonate",0.423767971592788,-0.171263965123982,30507,0.478518657945508,0.145839732300607,0.364093985691039,10.4089219330855,14.7679324894515
"Il13ra1","Il13ra1","neonate",0.280256053589705,-0.171889658461948,30474,0.4780010352454,0.0867114114642741,0.275840209708367,7.0631970260223,11.3924050632911
"B2m","B2m","neonate",4.00758953726289,-0.172207687327857,29674.5,0.465460448920051,0.178005084703544,0.411316473392864,78.8104089219331,81.0126582278481
"Tnfrsf1b","Tnfrsf1b","neonate",0.973994758764826,-0.172914347886609,30506.5,0.478510815177325,0.277195330372658,0.531468739195269,23.7918215613383,27.8481012658228
"Tyrobp","Tyrobp","neonate",1.04962046296553,-0.173686100957636,30605.5,0.48006368327765,0.317376947139547,0.582734468320678,24.5353159851301,28.2700421940928
"Smad3","Smad3","neonate",0.395756561868432,-0.174947966710808,30584.5,0.479734287013944,0.16103328544938,0.388741369474655,10.0371747211896,13.9240506329114
"Tubb5","Tubb5","neonate",1.0253114958667,-0.175701832228278,30557,0.479302934763854,0.300547350777713,0.562187070779325,24.907063197026,28.2700421940928
"Ifng","Ifng","neonate",0.294321645558088,-0.178886874444243,30552.5,0.479232349850203,0.109282393968123,0.313087778121317,7.43494423791822,11.3924050632911
"Ins1","Ins1","neonate",0.273355844102952,-0.179163970253114,30719,0.481843991655295,0.140632576688282,0.358355121577073,6.69144981412639,10.126582278481
"Krt80","Krt80","neonate",0.162444569759477,-0.179852482546261,30482,0.478126519536336,0.0410043660503906,0.191931234517556,4.08921933085502,8.43881856540084
"Lgals3","Lgals3","neonate",0.564706737242606,-0.180148733160107,30574,0.479569588882092,0.204302281754807,0.448655010813971,13.3828996282528,17.2995780590717
"Sox4","Sox4","neonate",1.07390280894893,-0.182422427375778,30520,0.478722569918278,0.290977549342078,0.549440561920553,24.907063197026,29.535864978903
"Cd4","Cd4","neonate",0.446843911085411,-0.183959370362563,30374.5,0.476440324376892,0.117982924626925,0.327657314353885,10.7806691449814,15.6118143459916
"Lpar5","Lpar5","neonate",0.728167424563411,-0.184694972133073,30395,0.476761877872414,0.197827129461721,0.441238586293817,18.2156133828996,22.3628691983122
"Dnmt1","Dnmt1","neonate",0.504618286490665,-0.184704758647679,30469,0.477922607563566,0.1654268579109,0.39269185080278,13.0111524163569,16.8776371308017
"Il7r","Il7r","neonate",0.362031417417227,-0.190834691270037,30506.5,0.478510815177325,0.122490575083344,0.333824431720313,8.92193308550186,13.0801687763713
"Cd27","Cd27","neonate",0.684283567725186,-0.191168858161536,30483.5,0.478150047840886,0.207092388933717,0.449828130211146,16.3568773234201,20.253164556962
"Igfbp7","Igfbp7","neonate",1.96073504977363,-0.193305037755996,30025,0.470958229416655,0.217860198649724,0.457277090639525,44.6096654275093,46.4135021097046
"Myl4","Myl4","neonate",0.279950684133506,-0.198356473052973,30352,0.476087399808636,0.0651786911169279,0.245989303392597,7.0631970260223,11.8143459915612
"Fcer1g","Fcer1g","neonate",0.554657298700405,-0.19848689096368,30276,0.474895299044751,0.128638016900476,0.339524251105545,13.7546468401487,18.9873417721519
"Ccnd1","Ccnd1","neonate",0.483524911866554,-0.201322543082703,30293,0.475161953162988,0.108056945948052,0.310897582398181,11.5241635687732,16.4556962025316
"H2-M3","H2-M3","neonate",0.789794825910885,-0.202190459321455,30274.5,0.4748717707402,0.174756224574279,0.407084009113448,19.7026022304833,23.6286919831224
"Il2rg","Il2rg","neonate",0.591996623835188,-0.203782479455011,30304.5,0.475342336831208,0.141441270535886,0.358355121577073,14.4981412639405,19.4092827004219
"Bgn","Bgn","neonate",1.0615585996711,-0.204476826350872,30279,0.474942355653852,0.214799670812596,0.455535194202544,25.6505576208178,29.1139240506329
"Ikzf3","Ikzf3","neonate",0.468684484807798,-0.205258255095315,30217,0.473969852399103,0.0941369831181843,0.291473826611273,11.5241635687732,16.8776371308017
"Csk","Csk","neonate",1.06357840868748,-0.205505481633959,30284.5,0.47502862610387,0.219846868474999,0.45951221775592,25.6505576208178,30.379746835443
"Ltbr","Ltbr","neonate",0.607939249750662,-0.205777861128089,30294.5,0.475185481467539,0.146441011295995,0.364093985691039,15.2416356877323,20.253164556962
"Xbp1","Xbp1","neonate",0.620484150679943,-0.20742196589574,30260,0.47464433046288,0.137836081933611,0.354181890947965,15.2416356877323,20.253164556962
"Itk","Itk","neonate",0.589876471141749,-0.207892098401601,30228.5,0.474150236067322,0.117675643055225,0.327657314353885,13.7546468401487,18.9873417721519
"Anxa1","Anxa1","neonate",0.833461799399413,-0.209146049611499,30260,0.47464433046288,0.181127819040448,0.415136633524888,20.817843866171,25.3164556962025
"Itgb1","Itgb1","neonate",0.369597612526473,-0.211819597660066,30157.5,0.473036562985271,0.0621801804039291,0.240121122767238,9.29368029739777,14.7679324894515
"C1qa","C1qa","neonate",0.735519528025486,-0.211935459899738,30277.5,0.474918827349301,0.16454828807652,0.39153852795296,18.2156133828996,22.3628691983122
"Bmp4","Bmp4","neonate",0.405163665382659,-0.214118785541984,30301,0.475287437453924,0.0920004262684744,0.288441588017827,10.0371747211896,14.7679324894515
"Tnfrsf14","Tnfrsf14","neonate",0.519268176467586,-0.215598913991,30206.5,0.47380515426725,0.0997994727408779,0.300604454146995,12.2676579925651,17.7215189873418
"Foxf1","Foxf1","neonate",0.396752628662518,-0.217758010455529,30134,0.472667952880649,0.0623785063156616,0.240121122767238,9.66542750929368,15.1898734177215
"Axl","Axl","neonate",1.08527253370147,-0.217926914816544,30203,0.473750254889966,0.200407054895761,0.445001856862079,26.3940520446097,30.8016877637131
"Hdac11","Hdac11","neonate",0.58325449874923,-0.217990422832557,30155,0.472997349144354,0.103902098879157,0.305576379299466,13.7546468401487,19.4092827004219
"Fcgr4","Fcgr4","neonate",0.692267188499731,-0.219901337440728,30219,0.474001223471837,0.143265026302827,0.35956093029665,17.1003717472119,21.9409282700422
"Calm2","Calm2","neonate",0.709918024903856,-0.220424094077271,30059,0.47149153765313,0.11412345528398,0.321415494119006,17.1003717472119,23.6286919831224
"Cd8a","Cd8a","neonate",4.38851868666972,-0.22096956854757,26432.5,0.414607940018509,0.000910544481444749,0.0221156781977301,100,100
"Lgals1","Lgals1","neonate",1.22154659793382,-0.225587187213762,30314,0.475491349426694,0.243601303874395,0.48380577681827,27.8810408921933,33.7552742616034
"Il4ra","Il4ra","neonate",0.435590711603106,-0.226668864593187,30026.5,0.470981757721205,0.0557267751781794,0.227619916860743,10.4089219330855,16.4556962025316
"Ms4a4b","Ms4a4b","neonate",0.534621224827234,-0.229509161999221,30157,0.473028720217088,0.0937489969802292,0.29127530835179,12.639405204461,18.1434599156118
"Ccr2","Ccr2","neonate",0.332758212055973,-0.232093725551992,30008.5,0.470699418066601,0.0337336137559067,0.164864769189407,7.80669144981413,13.9240506329114
"Ror1","Ror1","neonate",0.619098138612523,-0.234996128712722,30193,0.473593399526297,0.118802414808642,0.328986066558215,14.8698884758364,19.831223628692
"Stat6","Stat6","neonate",0.854836571385195,-0.237178204833551,29973.5,0.470150424293759,0.120062017321775,0.330668042181794,20.817843866171,27.0042194092827
"Hsp90b1","Hsp90b1","neonate",0.755905111693975,-0.242784387427939,30037.5,0.471154298621241,0.113967011033792,0.321415494119006,17.8438661710037,24.0506329113924
"Adm2","Adm2","neonate",0.663264830757832,-0.244542524209393,30032,0.471068028171223,0.0976697293333571,0.29597787278224,15.9851301115242,21.5189873417722
"Rac1","Rac1","neonate",1.40849203856915,-0.24835341514123,30016,0.470817059589353,0.185467332761778,0.41835052208935,33.0855018587361,38.3966244725738
"Srgn","Srgn","neonate",1.72123150395053,-0.252543072457261,29880.5,0.468691669411636,0.176123620544086,0.408361045773149,39.7769516728625,45.1476793248945
"C1qc","C1qc","neonate",0.368432805431394,-0.257563237385772,29782.5,0.467154486847678,0.024096066812568,0.137269148315387,8.92193308550186,15.6118143459916
"Cd37","Cd37","neonate",0.85592232409469,-0.258201009797421,29884.5,0.468754411557103,0.102612195361952,0.305408970667278,20.4460966542751,27.0042194092827
"Mtor","Mtor","neonate",0.639561948848531,-0.260632811468236,29863,0.468417172525214,0.0717979851375001,0.257491335187365,15.9851301115242,21.9409282700422
"Cd274","Cd274","neonate",0.629950067411719,-0.264615620650124,29848.5,0.468189732247894,0.0650315108640513,0.245989303392597,14.8698884758364,21.5189873417722
"Nlrp2","Nlrp2","neonate",0.1448504127874,-0.265006424321982,29807.5,0.467546625256851,0.00368238838780305,0.0532078438063716,3.71747211895911,10.126582278481
"Lag3","Lag3","neonate",0.578655078361116,-0.272820784540365,29822.5,0.467781908302354,0.054675068360536,0.227492518309617,13.7546468401487,20.253164556962
"Pdgfra","Pdgfra","neonate",0.596431027283979,-0.27447780250866,29808,0.467554468025034,0.0564284359347268,0.227769840594829,14.4981412639405,20.6751054852321
"Anxa2","Anxa2","neonate",0.617529211856726,-0.275142615671597,29743.5,0.466542750929368,0.0523076891767429,0.222866521834242,14.8698884758364,21.5189873417722
"Col6a3","Col6a3","neonate",0.602550916609121,-0.275332667196623,29858,0.46833874484338,0.063877350800584,0.244006585242078,14.8698884758364,20.6751054852321
"Runx3","Runx3","neonate",1.00928527496045,-0.276110024091459,29819.5,0.467734851693254,0.106503128309387,0.308508954582027,24.1635687732342,29.1139240506329
"Igf2r","Igf2r","neonate",0.417534250414268,-0.284348545396591,29674,0.465452606151867,0.0245008118073778,0.137269148315387,10.4089219330855,17.2995780590717
"Ccl4","Ccl4","neonate",0.861620826177583,-0.286283156432897,29814,0.467648581243236,0.089990662785585,0.283030570338259,20.4460966542751,26.5822784810127
"Cd68","Cd68","neonate",1.18890572725098,-0.286917949656082,29660.5,0.465240851410914,0.10099626355976,0.303063909058011,28.6245353159851,34.5991561181435
"Cd52","Cd52","neonate",1.83343049371356,-0.28772935457823,29963.5,0.46999356893009,0.199015066169391,0.442897368238578,40.8921933085502,47.2573839662447
"Rac2","Rac2","neonate",1.14762168922829,-0.288466822232954,29733.5,0.466385895565699,0.108206079330159,0.310897582398181,27.5092936802974,33.3333333333333
"Col1a1","Col1a1","neonate",0.602580455122262,-0.297723057304602,29656.5,0.465178109265446,0.0415435941344673,0.193546557719925,14.4981412639405,21.0970464135021
"Serpinh1","Serpinh1","neonate",0.48964589346404,-0.300926414363139,29521.5,0.463060561855913,0.0224224919212621,0.131130120270188,11.8959107806691,19.4092827004219
"Akt1","Akt1","neonate",0.967470447800495,-0.303437102672871,29563,0.46371151161514,0.0701966067928318,0.255423419607494,23.4200743494424,30.379746835443
"Itgal","Itgal","neonate",0.781413708185399,-0.307695033700019,29580,0.463978165733377,0.0549906689193758,0.227492518309617,18.9591078066914,26.1603375527426
"Il10ra","Il10ra","neonate",0.73128097687513,-0.309795580788342,29499,0.462707637287657,0.0439862895010996,0.199405553020423,18.2156133828996,25.3164556962025
"Pdcd1","Pdcd1","neonate",0.520647650351345,-0.315936491819966,29360.5,0.460535190500839,0.0174555306102216,0.114422361033353,12.639405204461,20.6751054852321
"Lamp2","Lamp2","neonate",0.517043302339943,-0.326261511589526,29342,0.460245008078051,0.0171891125258679,0.114422361033353,13.0111524163569,20.6751054852321
"H2-Q10","H2-Q10","neonate",0.489930622441141,-0.327082891956594,29385.5,0.460927328910012,0.0168669701829569,0.114422361033353,12.2676579925651,19.831223628692
"Gsn","Gsn","neonate",1.27452159530147,-0.333855778118546,29499.5,0.462715480055841,0.0833464729898077,0.273343531483021,29.7397769516729,36.7088607594937
"Ccr5","Ccr5","neonate",0.475852162271662,-0.335899903931447,29433.5,0.461680234655624,0.0172505833489443,0.114422361033353,11.8959107806691,18.9873417721519
"Ddit3","Ddit3","neonate",0.572065693658725,-0.337639514383645,29329,0.460041096105281,0.0182462029978359,0.116875618379087,13.3828996282528,21.5189873417722
"Tpm1","Tpm1","neonate",0.735940867617303,-0.341093858904505,29330,0.460056781641648,0.0303797417420156,0.155326166752767,17.8438661710037,25.3164556962025
"Parp1","Parp1","neonate",0.588143306515578,-0.345428272883177,29343.5,0.460268536382602,0.0211891896666203,0.12881476888793,14.4981412639405,21.9409282700422
"Tox","Tox","neonate",0.44624918381428,-0.349631649819282,29236.5,0.458590183991342,0.00887373147196691,0.0823924376538057,10.7806691449814,18.9873417721519
"Emp3","Emp3","neonate",0.449089342861595,-0.353023447211664,29117,0.456715762395495,0.00746461603423381,0.0767923636033398,11.5241635687732,19.831223628692
"Prf1","Prf1","neonate",0.518216192260336,-0.370711679928338,29235.5,0.458574498454975,0.0134848103013408,0.104538925704349,13.3828996282528,20.6751054852321
"Myc","Myc","neonate",0.561735816474331,-0.375946238525845,28995.5,0.454809969726915,0.00846232171034788,0.0795937494310374,13.7546468401487,22.3628691983122
"Dst","Dst","neonate",0.584253368926131,-0.384639040176386,28901,0.453327686540241,0.00779562814036958,0.0777224125594847,14.4981412639405,23.6286919831224
"Tlr2","Tlr2","neonate",0.556593063632484,-0.388197146899083,28937,0.45389236584945,0.00775106552600593,0.0777224125594847,14.1263940520446,22.7848101265823
"Cd53","Cd53","neonate",0.765680703948458,-0.392470503826001,28975.5,0.454496258999576,0.0153430843582612,0.108489752519053,18.5873605947955,26.5822784810127
"Mgp","Mgp","neonate",0.969688485999345,-0.402237802167012,28969.5,0.454402145781375,0.0225329308470173,0.131130120270188,22.3048327137546,31.2236286919831
"Col1a2","Col1a2","neonate",0.919370099840836,-0.402598464344337,28964,0.454315875331357,0.0219231339263184,0.130882422302631,23.0483271375465,29.957805907173
"Pfn1","Pfn1","neonate",3.34363438564264,-0.409923987166874,29414.5,0.461382209464653,0.129258725603151,0.339965979956162,67.6579925650558,76.3713080168776
"Cd3d","Cd3d","neonate",1.01259534494005,-0.412036017372595,28785,0.451508164321679,0.0174494190189804,0.114422361033353,24.1635687732342,32.4894514767932
"S100a4","S100a4","neonate",0.748438108771372,-0.420336756132989,28813,0.451947359339953,0.0102088849483724,0.0908773061922083,18.2156133828996,26.5822784810127
"Clec2d","Clec2d","neonate",1.20394638640989,-0.422953550515524,28592,0.448480855802864,0.0171338541632434,0.114422361033353,28.996282527881,38.3966244725738
"Csf2ra","Csf2ra","neonate",1.1003242599159,-0.43497922602505,28722,0.450519975530563,0.0175430256764668,0.114422361033353,25.6505576208178,34.5991561181435
"Icam1","Icam1","neonate",0.823085207376562,-0.437258526207597,28605,0.448684767775634,0.00827908485762533,0.0793677654139659,19.7026022304833,29.957805907173
"Fyb","Fyb","neonate",0.619923014392618,-0.438830839411572,28543.5,0.447720107289069,0.00336790144598552,0.0522831585997437,14.4981412639405,25.3164556962025
"Atp5b","Atp5b","neonate",0.806139059760122,-0.448414052149903,28406,0.445563346038618,0.00522440188404326,0.0676458269920926,20.4460966542751,29.535864978903
"Rbpj","Rbpj","neonate",1.07704586393108,-0.467074963808344,28228,0.442771320565307,0.00669369919342206,0.0714090537242685,26.3940520446097,36.2869198312236
"Cotl1","Cotl1","neonate",1.64938055144817,-0.477027034006162,28124.5,0.441147867551331,0.0110813558855647,0.0931575476492377,37.9182156133829,47.6793248945148
"Cd2","Cd2","neonate",0.509267292025252,-0.478628112284337,28449,0.446237824102395,0.00149230145138405,0.0291730303339197,12.639405204461,22.3628691983122
"Il2rb","Il2rb","neonate",0.905294279035282,-0.482147680647845,28396.5,0.445414333443132,0.00576529412110286,0.0687091157491036,20.817843866171,31.2236286919831
"Itm2b","Itm2b","neonate",2.72099905128591,-0.488718613309858,27768.5,0.435563816604709,0.0103126236615585,0.0909883698280866,59.4795539033457,68.3544303797468
"Selplg","Selplg","neonate",1.25086051558201,-0.530392826125205,27838,0.436653961382209,0.00361706902730888,0.0531716358289994,28.996282527881,40.084388185654
"Cxcr6","Cxcr6","neonate",1.01280314545571,-0.531590389014748,28004.5,0.439265603187301,0.00326008035888173,0.0520728923408288,23.4200743494424,35.4430379746835
"Sqstm1","Sqstm1","neonate",0.903113588208001,-0.54124299659677,27658,0.433830564836165,0.00114683360020587,0.0243275127533032,22.3048327137546,34.1772151898734
"Tgfbr2","Tgfbr2","neonate",0.780173770411432,-0.555559112490464,27580.5,0.432614935767729,0.00063123289405177,0.0178269476354737,18.9591078066914,32.9113924050633
"Ctsw","Ctsw","neonate",0.77274902159425,-0.592479611645211,27580,0.432607092999545,0.000466296790322214,0.0147821481575022,18.2156133828996,30.379746835443
"Glud1","Glud1","neonate",0.6440608581278,-0.606078475347375,27257,0.427540664753031,0.000125627607851197,0.00581231948193693,16.3568773234201,29.957805907173
"Tpt1","Tpt1","neonate",2.79454262474992,-0.614945848036172,26169,0.410474801185827,0.000371217215369005,0.0135945317557427,59.4795539033457,69.620253164557
"Rack1","Rack1","neonate",1.73406692353215,-0.647725301871818,26489.5,0.415502015591423,0.000345704004803151,0.0132564189534131,40.1486988847584,52.3206751054852
"Ptprc","Ptprc","neonate",1.38599777632579,-0.655950414855741,27174.5,0.426246608002761,0.00109666795206848,0.0237690858307017,31.5985130111524,46.8354430379747
"Ly75","Ly75","neonate",0.442821185366194,-0.675546125798969,26671,0.418348940442018,2.66335318012336e-06,0.000283007898611924,10.7806691449814,27.0042194092827
"Cd3g","Cd3g","neonate",1.09459886890791,-0.681480674368242,26660.5,0.418184242310166,0.000128255795990584,0.00581231948193693,26.3940520446097,38.8185654008439
"S100a10","S100a10","neonate",1.27769154593444,-0.697395758667271,26644,0.417925430960112,0.000257897735947345,0.0102849617095801,30.1115241635688,46.8354430379747
"Klrk1","Klrk1","neonate",0.541200711731719,-0.722693821859822,26310.5,0.412694304581745,2.21369601218928e-06,0.000283007898611924,13.7546468401487,29.957805907173
"Il18r1","Il18r1","neonate",0.51549549438186,-0.747666258508865,26501.5,0.415690242027826,2.26086400069331e-06,0.000283007898611924,11.8959107806691,28.2700421940928
"Vim","Vim","neonate",1.68635683374489,-0.774095929380641,25727,0.40354179411165,4.24944378868535e-05,0.00264793466082456,38.6617100371747,53.1645569620253
"Cd3e","Cd3e","neonate",0.928950506393836,-0.780662246526817,26238,0.411557103195144,1.91456127820035e-05,0.00146832122643519,21.5613382899628,37.9746835443038
"Nkg7","Nkg7","neonate",1.29704147109602,-0.797388738565552,25922.5,0.406608316471382,2.47346929911357e-05,0.00176146349372588,29.368029739777,43.8818565400844
"Cd8b1","Cd8b1","neonate",1.06615650124367,-0.801629353200558,26263,0.411949241604317,3.5008443862499e-05,0.00232689456872743,23.7918215613383,40.9282700421941
"H2-K1","H2-K1","neonate",2.49847597867652,-0.834721166314143,24418.5,0.38301726977554,2.74867225612929e-06,0.000283007898611924,54.6468401486989,67.5105485232068
"Ctsd","Ctsd","neonate",1.93565619488162,-0.923067982157336,25132,0.394208899973335,1.11854142878616e-05,0.000929321503749833,42.0074349442379,59.0717299578059
"Ms4a6b","Ms4a6b","neonate",1.23276049826035,-1.01729261309359,24654,0.386711213589949,4.37659477809654e-07,0.000109086624844056,27.5092936802974,49.3670886075949
"S100a6","S100a6","neonate",1.46388718911392,-1.17026710389057,22795,0.357551801483852,1.21675495767729e-09,6.06552346402131e-07,34.2007434944238,56.1181434599156
"Ccl5","Ccl5","neonate",2.08194279934347,-1.7124471911009,20808,0.326384640722789,5.87434964635448e-13,5.85672659741541e-10,40.1486988847584,61.6033755274262
