"","feature","group","avgExpr","logFC","statistic","auc","pval","padj","pct_in","pct_out"
"Il15ra","Il15ra","neonate",1.47974550747538,0.518385363951428,800890,0.563409907105497,6.30302887936983e-11,1.57102994818293e-08,35.0537634408602,24.3375858684985
"Col4a1","Col4a1","neonate",1.33123989488254,0.342780066605714,769055.5,0.541014980601546,1.6457323559917e-05,0.000442306942312124,32.3297491039427,24.1413150147203
"Cd1d1","Cd1d1","neonate",0.883255928052914,0.340521569448719,770002,0.54168082419689,2.22054904427089e-07,1.84490616428173e-05,21.7921146953405,13.8370951913641
"H2-D1","H2-D1","neonate",2.57614442863186,0.326028485178991,785812,0.552802839244322,3.43863660511506e-06,0.000138010468951743,57.7777777777778,53.0912659470069
"Acp5","Acp5","neonate",0.690026058934523,0.311865723533412,765191.5,0.538296734798682,1.23321617204918e-07,1.11774229412093e-05,17.4193548387097,10.0098135426889
"Lcn2","Lcn2","neonate",0.938330026145775,0.303548971185957,760867.5,0.535254888305001,2.22794008872127e-05,0.000541769821574417,22.7240143369176,16.2904808635918
"Col4a2","Col4a2","neonate",0.773773671960555,0.292267382887815,762873.5,0.536666068708868,1.94569913164793e-06,9.69931017126495e-05,19.5698924731183,12.4631992149166
"Ifitm2","Ifitm2","neonate",1.21169840349757,0.270206128344737,758884.5,0.533859887935674,0.000293790828920831,0.00424506458600099,30.0358422939068,23.846908734053
"Ppia","Ppia","neonate",2.97117723306736,0.26104928711766,749276.5,0.527100854376172,0.0188264133399481,0.0730347630347403,63.2974910394265,57.6054955839058
"Glul","Glul","neonate",0.856091175803009,0.260766310984306,757238.5,0.532701960246359,6.42599483664408e-05,0.00125621899061454,21.6487455197133,15.8979391560353
"Ccl17","Ccl17","neonate",0.713435532048497,0.25246792853526,752677,0.529493037309049,5.16664261233697e-05,0.00107315472593749,16.9175627240143,11.1874386653582
"Gstp1/2","Gstp1/2","neonate",1.01869948083657,0.249339820781257,754356,0.530674179830532,0.000495168985761868,0.00574050556749514,25.3763440860215,20.3140333660451
"Ffar2","Ffar2","neonate",0.882421976971655,0.248500541594775,752230,0.529178581855146,0.000415441758783432,0.00493089801794145,21.7921146953405,16.8792934249264
"Cd3d","Cd3d","neonate",0.623728403154474,0.245426182016488,754006,0.530427961913606,1.2830995477691e-05,0.000365500071178797,15.6272401433692,9.61727183513248
"Pgk1","Pgk1","neonate",0.62533777146178,0.23205263052491,753509,0.530078332471571,2.7893425682018e-05,0.000659301803522951,16.4874551971326,10.5986261040236
"Il18","Il18","neonate",0.469856394155721,0.21823018951579,748344.5,0.526445211237386,1.55192517414522e-05,0.000429797055172995,11.8996415770609,6.77134445534838
"Ccl11","Ccl11","neonate",0.678102347119797,0.212356666062407,748896.5,0.526833532066366,0.000331321237736035,0.00446388208138955,17.6344086021505,12.3650637880275
"Ifitm1","Ifitm1","neonate",0.75143230899116,0.20638055807839,748921.5,0.526851119060432,0.000575393471859178,0.0063040361697099,19.3548387096774,13.9352306182532
"Sla","Sla","neonate",0.913449101697082,0.199415111124658,745584,0.524503255352602,0.00385347491564132,0.0246276569929128,22.7956989247312,18.6457311089303
"Dusp1","Dusp1","neonate",0.81523295994622,0.194778511836322,745493,0.524439238694201,0.00249825403138646,0.0174178969880581,20.6451612903226,15.8979391560353
"Igkc","Igkc","neonate",0.726354101714459,0.19331833247375,740530,0.520947868632189,0.00339804727535306,0.0222885074574145,15.6272401433692,11.4818449460255
"B2m","B2m","neonate",3.48621772436941,0.191125884154653,750094.5,0.527676300822016,0.0184125931544623,0.0726913759975915,71.3978494623656,68.6947988223749
"Nfkbia","Nfkbia","neonate",1.53207455585317,0.190026128049786,744602.5,0.523812789965565,0.0199832013344317,0.0760429455359862,37.9928315412186,33.6604514229637
"Gpbar1","Gpbar1","neonate",0.285273690460538,0.18950497008952,743790.5,0.523241564398296,4.90012333891617e-07,3.48958783492816e-05,7.24014336917563,2.64965652600589
"Ccl8","Ccl8","neonate",0.387687780153527,0.188478066095229,741668.5,0.521748780341961,8.70743663653959e-05,0.0016379838352132,9.60573476702509,5.39744847890088
"Efna4","Efna4","neonate",0.44906555989385,0.187484571481683,742883.5,0.522603508253576,0.000221242366084045,0.00361604326206218,11.5412186379928,7.26202158979392
"Pnoc","Pnoc","neonate",0.34755230280201,0.184518251342185,743122,0.522771288176967,1.6858238523431e-05,0.000442306942312124,8.96057347670251,4.51422963689892
"Tyms","Tyms","neonate",0.30667751018201,0.183166502804702,741614,0.521710440694897,7.66432192157168e-06,0.000254710965193565,7.67025089605735,3.43473994111874
"Il10","Il10","neonate",0.45935863986938,0.181070868204578,742119,0.522065697975034,0.000336999132983429,0.00447984180779305,11.6845878136201,7.36015701668302
"Itga6","Itga6","neonate",0.488865701649816,0.179210345873496,742465.5,0.52230945371279,0.000538613328775919,0.00610224419079081,12.7598566308244,8.4396467124632
"Bcl6","Bcl6","neonate",0.692414093177446,0.178828687510921,744097.5,0.523457532685428,0.00209333910285903,0.0154596969300033,18.1362007168459,13.4445534838077
"Elane","Elane","neonate",0.468488252856059,0.175268535249179,742226,0.522140970309637,0.00040324039955382,0.00490281315067266,12.0430107526882,7.75269872423945
"H2az1","H2az1","neonate",0.894086223746383,0.17507117903779,739998.5,0.520573969138343,0.0142426398363197,0.0609438279691448,21.8637992831541,18.6457311089303
"Ramp2","Ramp2","neonate",0.632950112805155,0.17304512390289,741890.5,0.521904952849269,0.00239614334184473,0.0169429426370156,16.0573476702509,11.5799803729146
"Spry4","Spry4","neonate",0.430141577775132,0.16931084733838,740641,0.521025954885843,0.000412068867788146,0.00493089801794145,10.8960573476703,6.77134445534838
"Ccr7","Ccr7","neonate",0.435215796983302,0.16927024955905,740843,0.521168057797897,0.000386927463931049,0.00490281315067266,10.9677419354839,6.77134445534838
"Ccr9","Ccr9","neonate",0.41944057050813,0.168956207565756,742161.5,0.522095595864946,0.000176383460261906,0.00293090516468534,10.8243727598566,6.37880274779195
"Myl12b","Myl12b","neonate",0.782854181436742,0.168676361358293,741023.5,0.521295035895055,0.00836655097592826,0.0419168408190978,20.2867383512545,16.2904808635918
"Dusp6","Dusp6","neonate",0.963122822985494,0.167474847860979,739607.5,0.520298908551148,0.0193577597240438,0.0745161638798136,24.0143369175627,20.1177625122669
"Ms4a4b","Ms4a4b","neonate",0.443579675051705,0.166669192550614,739415.5,0.52016384043672,0.000878335243330983,0.0084708252279521,11.1827956989247,7.26202158979392
"Top2a","Top2a","neonate",0.487612818958433,0.165949383498105,739797,0.52043221796617,0.00149885422614746,0.0121967132038447,12.5448028673835,8.63591756624141
"Xcl1","Xcl1","neonate",0.398384068934316,0.1659122529085,740202.5,0.520717479009923,0.000326409681107123,0.00445795139813426,10.2508960573477,6.18253189401374
"Marcksl1","Marcksl1","neonate",0.654243541259031,0.165164424292088,738155,0.519277104195905,0.00901720086173397,0.0447245864422961,16.415770609319,12.9538763493621
"Icos","Icos","neonate",0.360878346963631,0.163931479428754,740546.5,0.520959476048273,0.000139204258773687,0.00243485343855027,9.46236559139785,5.29931305201178
"Tnfrsf13c","Tnfrsf13c","neonate",0.309881365698124,0.162684102126035,739230.5,0.520033696680631,5.72252335675393e-05,0.00116435832381299,7.88530465949821,3.92541707556428
"Vpreb3","Vpreb3","neonate",0.244577386973871,0.162630983941043,738877,0.519785016584535,3.80479138151728e-06,0.000145899115668182,6.16487455197133,2.25711481844946
"Cd276","Cd276","neonate",0.404392916244259,0.158706342660553,738221.5,0.519323885600121,0.00106308047996146,0.00929729156597877,10.5376344086022,6.86947988223749
"Hmgb2","Hmgb2","neonate",0.951019129906135,0.156743476058981,736562.5,0.518156812673891,0.0355357207656708,0.114832128011712,23.2258064516129,20.5103042198234
"Wif1","Wif1","neonate",0.258613136914456,0.156088683559894,738861.5,0.519774112648214,1.10632513625288e-05,0.00032441357671886,6.66666666666667,2.74779195289499
"Ifi27","Ifi27","neonate",0.685087765294061,0.155781712289471,737315.5,0.518686532935164,0.0140442660000794,0.060354022422755,17.4910394265233,14.1315014720314
"Sod2","Sod2","neonate",0.616114339210775,0.155287082720509,738246,0.519341120854306,0.0081692000494187,0.0414284595602288,16.1290322580645,12.5613346418057
"Ccl19","Ccl19","neonate",0.392353813946198,0.154079519850015,737876,0.519080833342127,0.000984346622818511,0.00898139343790576,10.179211469534,6.47693817468106
"Tnfrsf10b","Tnfrsf10b","neonate",0.398345380356316,0.152459542493222,737007.5,0.518469861168269,0.00160410725128877,0.0125928734609048,10.3225806451613,6.77134445534838
"Bcl2","Bcl2","neonate",0.499289699179898,0.152425449235489,737250.5,0.518640806750592,0.00432100030578978,0.0263852247196052,12.7598566308244,9.22473012757605
"Btg1","Btg1","neonate",0.624899438014062,0.152379249665885,736900.5,0.518394588833666,0.0116818600196398,0.0529400656344583,15.9856630824373,12.5613346418057
"Calm1","Calm1","neonate",0.559540394193705,0.151805201133666,739385.5,0.520142736043841,0.00373028326193943,0.0241499507282702,14.6953405017921,10.5986261040236
"Angptl1","Angptl1","neonate",0.362675024536608,0.151335340431952,738566,0.519566234378352,0.000388800904143623,0.00490281315067266,9.39068100358423,5.49558390578999
"Pdcd1lg2","Pdcd1lg2","neonate",0.327617930299045,0.149013653194533,737589,0.518878934650247,0.000322156067185461,0.00445795139813426,8.53046594982079,4.80863591756624
"Rnf43","Rnf43","neonate",0.314471174782213,0.148323845660781,735746.5,0.517582773187572,0.000588637577996907,0.00637903983981431,8.02867383512545,4.61236506378803
"Ccl3","Ccl3","neonate",0.331531135580353,0.148011767110357,736731,0.518275349013897,0.0003983250898974,0.00490281315067266,8.24372759856631,4.61236506378803
"Ms4a1","Ms4a1","neonate",0.311056395347206,0.147767346646192,736893,0.518389312735446,0.000275346928836514,0.00403707188308831,7.95698924731183,4.31795878312071
"Ifit3/b","Ifit3/b","neonate",0.357669516642166,0.146010235253029,737356,0.518715023865551,0.000649443297848319,0.00675202236660761,9.24731182795699,5.49558390578999
"Cd27","Cd27","neonate",0.457517697928387,0.145866327243341,735756.5,0.517589807985199,0.00456035704534433,0.0275556119648988,11.4695340501792,8.04710500490677
"Cd200r3","Cd200r3","neonate",0.216014358610391,0.144876792470413,736329,0.517992550149314,7.15976645600504e-06,0.000252542223439906,5.44802867383513,1.86457311089303
"Aicda","Aicda","neonate",0.354457946611713,0.144405271383754,737004.5,0.518467750728981,0.000837202311928503,0.00818324220581095,9.31899641577061,5.6918547595682
"Il20ra","Il20ra","neonate",0.769182952099827,0.142189654411003,736515,0.518123397385166,0.0235370982032032,0.0853326796676131,19.6415770609319,16.1923454367026
"Ccl9","Ccl9","neonate",0.468047791284229,0.14206765367999,736669,0.518231733268613,0.00434019744635431,0.0263852247196052,12.258064516129,8.63591756624141
"Hspa1a","Hspa1a","neonate",0.364619720099516,0.140822266459518,735603,0.517481823841633,0.00182973091104364,0.0136137441664963,9.46236559139785,6.08439646712463
"Gh","Gh","neonate",0.314845091587744,0.140737704268179,735394.5,0.517335148311121,0.000755213329077354,0.00776234731020745,8.10035842293907,4.71050049067713
"Apod","Apod","neonate",0.42172768179517,0.140420731865374,734559,0.51674739096943,0.00507871973522294,0.0289599593677481,10.6093189964158,7.36015701668302
"Adgra2","Adgra2","neonate",0.497183211372235,0.140347932842888,734949.5,0.517022099816744,0.0102049578313964,0.0487674113903593,12.9749103942652,9.8135426889107
"Col6a2","Col6a2","neonate",0.5419090912653,0.139774956020555,735979.5,0.517746683972269,0.0102938606762787,0.0487674113903593,14.2652329749104,10.8930323846909
"Itga8","Itga8","neonate",0.769087238118684,0.138719211142185,734624.5,0.516793468893884,0.0338287738445751,0.110219893866148,19.0681003584229,15.7998037291462
"Chil1","Chil1","neonate",1.0759808724998,0.138532766017726,734474.5,0.516687946929487,0.0646974685392466,0.171714423985054,26.1648745519713,23.1599607458292
"Pigr","Pigr","neonate",0.272785277411661,0.138327714520967,736603.5,0.51818565534416,0.0001308545405112,0.00232967815874404,7.16845878136201,3.53287536800785
"H2-T23","H2-T23","neonate",1.13042329409419,0.137976417074615,735502,0.517410772385605,0.0598309659181371,0.163877673132919,27.5268817204301,25.3189401373896
"Chek2","Chek2","neonate",0.327845098379839,0.137373246173084,735001.5,0.517058680764401,0.00122842871674292,0.0103791816151923,8.45878136200717,5.10304219823356
"Vwa1","Vwa1","neonate",0.328593447778972,0.137188254923535,736185,0.517891249063493,0.000772213970062626,0.00785609518522896,8.67383512544803,5.10304219823356
"Cpa3","Cpa3","neonate",0.277198871528428,0.137026078549395,734412,0.516643979444321,0.000507818988509885,0.00581948886832593,7.09677419354839,3.82728164867517
"Lum","Lum","neonate",0.317276301125062,0.13599686777637,735323,0.517284849508092,0.000990926056338649,0.00898139343790576,8.38709677419355,5.00490677134446
"Cd79a","Cd79a","neonate",0.346148289009317,0.135368739495212,735350,0.517303843461683,0.00153081811459256,0.0122610925145903,9.03225806451613,5.5937193326791
"Tubb5","Tubb5","neonate",0.989974504699035,0.134752616595903,734119.5,0.516438211613747,0.0626394394173753,0.168507283728927,24.4444444444444,21.98233562316
"Ly6d","Ly6d","neonate",1.26134335409795,0.134465725519054,734081,0.516411127642886,0.087764030141479,0.208282046800323,30.752688172043,28.2630029440628
"Ube2c","Ube2c","neonate",0.358935023471765,0.133596372868016,732701,0.515440325570434,0.00522825269192941,0.029616863260532,9.03225806451613,6.08439646712463
"Cd6","Cd6","neonate",0.376691444777016,0.131332796811548,735230.5,0.517219777630047,0.00246741931305713,0.0173240637684363,9.74910394265233,6.28066732090285
"Mmp2","Mmp2","neonate",0.497911965397651,0.13037827870704,733977,0.51633796574757,0.0136798823340096,0.0592993160304675,12.9749103942652,9.8135426889107
"Cyp2u1","Cyp2u1","neonate",0.262232722863946,0.130352881932776,731480,0.514581376780244,0.00153724830925154,0.0122610925145903,6.45161290322581,3.63101079489696
"Rgcc","Rgcc","neonate",0.552058632179006,0.129677949244831,734548,0.516739652692041,0.0160923698217433,0.0661931515697561,14.4086021505376,11.0893032384691
"Ramp3","Ramp3","neonate",0.277507450217663,0.129352012087439,733068.5,0.515698854383207,0.00104110790614992,0.00928325026134357,7.02508960573477,3.92541707556428
"Ackr4","Ackr4","neonate",0.345835250974549,0.129338089613236,733212.5,0.515800155469028,0.00399004566156863,0.0253380606661396,8.96057347670251,5.88812561334642
"Il23a","Il23a","neonate",0.25864687171485,0.129149358765645,733068.5,0.515698854383207,0.000562367354795296,0.00622978058589901,6.45161290322581,3.33660451422964
"Cd9","Cd9","neonate",1.42602694265124,0.127757596824818,733542,0.516031952050819,0.110744971691924,0.245372102416209,35.4121863799283,32.2865554465162
"Ccl21a/b/d","Ccl21a/b/d","neonate",0.334825684370369,0.127078443165011,732734.5,0.515463892142483,0.00384116491003036,0.0246276569929128,8.53046594982079,5.49558390578999
"Gpnmb","Gpnmb","neonate",0.342043606563021,0.12652570948929,732739,0.515467057801415,0.0047236316732103,0.0279566162181958,8.88888888888889,5.88812561334642
"Arf1","Arf1","neonate",0.884660869260427,0.125833679281841,733459.5,0.515973914970401,0.0615097790560067,0.166644700322931,22.6523297491039,19.8233562315996
"Tnfrsf22","Tnfrsf22","neonate",0.426373215221127,0.12506366436215,732363.5,0.515202901150541,0.0133345761930989,0.0583880921303584,11.0394265232975,8.14524043179588
"Tnfsf8","Tnfsf8","neonate",0.386580062994828,0.124931999102007,732911.5,0.515588408060471,0.00801032637720053,0.0411664711240666,10.179211469534,7.16388616290481
"Cldn4","Cldn4","neonate",0.26382564629588,0.124456821371894,732842.5,0.515539867956849,0.000956799240524621,0.00883267447039858,6.81003584229391,3.72914622178607
"Tsc22d1","Tsc22d1","neonate",0.601443930500805,0.122883119012167,733864.5,0.516258824274273,0.026004737480096,0.0924022335996627,15.9856630824373,12.6594700686948
"Mzb1","Mzb1","neonate",0.219771251739429,0.122383230470135,732795,0.515506452668123,0.000257742217507532,0.00391770167017018,5.73476702508961,2.64965652600589
"Hcar2","Hcar2","neonate",0.474585859000967,0.122170705109549,732105,0.515021051631897,0.0214728795051412,0.0804829355888187,12.4731182795699,9.61727183513248
"Itga2","Itga2","neonate",0.263528777672516,0.120311419121171,732674,0.515421331616843,0.00113496670303619,0.00983966785153984,6.88172043010753,3.82728164867517
"Cxcr6","Cxcr6","neonate",0.509793006043782,0.119994747900215,732109.5,0.515024217290829,0.0218696007997148,0.0807555259159841,12.6164874551971,9.61727183513248
"Cd74","Cd74","neonate",3.39895414439252,0.119209776585226,707507,0.497716856430333,0.842513318633527,0.918017244456422,61.1469534050179,56.7222767419038
"Spn","Spn","neonate",0.505834323798531,0.119004077333905,733144,0.515751967105286,0.0183345235442578,0.0726913759975915,13.1899641577061,10.0098135426889
"Isg15","Isg15","neonate",0.4248428177294,0.118602795952525,731911,0.514884576557944,0.0150100456238287,0.0636809169657755,10.9677419354839,8.04710500490677
"Ctsd","Ctsd","neonate",1.69174498607852,0.118230358275329,729307,0.513052715256014,0.203423116957825,0.363463884600272,37.8494623655914,34.6418056918548
"Dusp4","Dusp4","neonate",0.464285349133886,0.117387383808653,730898.5,0.514172303298265,0.0276527437174573,0.0960619703355572,12.0430107526882,9.32286555446516
"Cxcr5","Cxcr5","neonate",0.353517433491491,0.117323825589008,731009.5,0.514250389551919,0.0103208864627541,0.0487674113903593,9.03225806451613,6.28066732090285
"Ntrk2","Ntrk2","neonate",0.387372560468186,0.116894286896981,733406.5,0.515936630542981,0.00706266222428984,0.0384780012984534,10.3942652329749,7.16388616290481
"Ccr10","Ccr10","neonate",0.361617208518735,0.116863838338651,731617,0.514677753507726,0.0103802153468853,0.0488163900983237,9.60573476702509,6.77134445534838
"Il17d","Il17d","neonate",0.246031980299558,0.116517687236072,731632,0.514688305704166,0.00147799917792636,0.0121782246313436,6.52329749103943,3.63101079489696
"Tnfrsf4","Tnfrsf4","neonate",0.288807848930829,0.116316828656531,732608,0.515374901952508,0.00214704094465796,0.0156248162176933,7.59856630824373,4.51422963689892
"Tnfrsf18","Tnfrsf18","neonate",0.524777712085968,0.116247551229829,730084,0.51359931903159,0.0461130552628708,0.137648850590066,13.4767025089606,10.99116781158
"Prtn3","Prtn3","neonate",0.218398936322054,0.116102180777053,731069.5,0.514292598337677,0.00079814375434948,0.00797647021628577,5.66308243727599,2.8459273797841
"Lgals3bp","Lgals3bp","neonate",0.658204405108963,0.115738206685585,731104,0.514316868389489,0.0593188803053647,0.163372717305107,17.0609318996416,14.5240431795878
"Tek","Tek","neonate",0.465896106475964,0.115150267109539,731735.5,0.514761115859599,0.0204869255494773,0.0775303238360456,11.8996415770609,8.93032384690873
"Cd52","Cd52","neonate",1.17705916741075,0.114756786022063,730363.5,0.513795941625249,0.139735576155002,0.283400928891126,28.3154121863799,26.0058881256133
"Il7r","Il7r","neonate",0.477281245163803,0.114679687790101,729647,0.513291898375314,0.0395472663505413,0.124774128327499,12.0430107526882,9.51913640824337
"Ndrg1","Ndrg1","neonate",0.371087111096035,0.114668133451707,730411.5,0.513829708653856,0.0157430900911543,0.0653994200870034,9.53405017921147,6.86947988223749
"Itga9","Itga9","neonate",0.335650081524157,0.114515498801885,730729.5,0.514053415218378,0.010833656242911,0.0507096491745646,8.88888888888889,6.18253189401374
"Igfbp3","Igfbp3","neonate",0.403725454315256,0.114153304620736,731235,0.514409024238395,0.0161333358389676,0.0661931515697561,10.4659498207885,7.65456329735034
"Il11","Il11","neonate",0.311956288172003,0.113877341185726,728947,0.512799462541461,0.0131339999332692,0.0579406988206609,7.74193548387097,5.29931305201178
"Ctsg","Ctsg","neonate",0.189743072327347,0.113754378787241,730923,0.51418953855245,0.000259346349279069,0.00391770167017018,4.87455197132617,2.06084396467125
"Col6a1","Col6a1","neonate",0.328488979201975,0.113559384914971,731330.5,0.514476206555728,0.008185964426645,0.0414284595602288,8.81720430107527,5.98626104023552
"Map1lc3b","Map1lc3b","neonate",0.649687875154812,0.113385825071824,730196.5,0.513678460504887,0.070364194304558,0.180342163808854,16.8458781362007,14.4259077526987
"Cxcl12","Cxcl12","neonate",0.464562264590239,0.112423699002696,730386.5,0.51381212165979,0.0304196409350317,0.102301288609526,11.8279569892473,9.12659470068695
"Adgrg5","Adgrg5","neonate",0.673084968352843,0.112004390006171,730060.5,0.513582787257168,0.0735944169817361,0.185286953865634,17.0609318996416,14.5240431795878
"Lamp3","Lamp3","neonate",0.55046079688759,0.111596613576574,728858.5,0.512737204582467,0.0636606962679831,0.169892346915512,13.6200716845878,11.2855740922473
"Phlda2","Phlda2","neonate",0.23888216164737,0.111347826520423,729966,0.513516308419598,0.00255999182190904,0.017724387822523,6.09318996415771,3.43473994111874
"Ppara","Ppara","neonate",0.209674721394147,0.110830779542648,728902.5,0.512768157692024,0.00178986444774508,0.0135189004121352,5.16129032258065,2.64965652600589
"Cd209e","Cd209e","neonate",0.261637369143362,0.110547251042272,728812,0.512704492773504,0.00753977551145551,0.0395314547307415,6.66666666666667,4.2198233562316
"Bmpr2","Bmpr2","neonate",0.726548452260699,0.109462751858063,730397,0.513819508197298,0.0810483406764961,0.198553762904755,18.8530465949821,16.1923454367026
"Cd80","Cd80","neonate",0.281371806618071,0.109189606750686,728627,0.512574349017415,0.0115481710756787,0.0525731806504641,7.24014336917563,4.80863591756624
"Mki67","Mki67","neonate",0.445266393092621,0.108846096006007,730368.5,0.513799459024063,0.0291447161032022,0.0988342923635803,11.6129032258065,8.93032384690873
"Cd28","Cd28","neonate",0.26075983327866,0.108813095944409,729723.5,0.513345714577156,0.00500240903222847,0.0289599593677481,6.73835125448029,4.12168792934249
"Cd5","Cd5","neonate",0.41436303025192,0.108778408899791,729823,0.513415710813539,0.0271658278324181,0.0949191080338149,10.6810035842294,8.04710500490677
"Il12b","Il12b","neonate",0.852464599695003,0.108497368317304,730787.5,0.514094217044611,0.0923557483037296,0.217680097065765,21.505376344086,18.8420019627085
"Cd163","Cd163","neonate",0.194741790732105,0.108343526852586,730311.5,0.513759360677592,0.000597509995695912,0.00640556414740671,5.08960573476702,2.35525024533857
"Ptk6","Ptk6","neonate",0.194315631521108,0.108248971362212,729381,0.51310477275845,0.000956527945993961,0.00883267447039858,4.94623655913978,2.35525024533857
"Ttr","Ttr","neonate",0.364695016121938,0.108094351407297,728900,0.512766398992617,0.0261383029373167,0.0924022335996627,9.46236559139785,7.0657507360157
"Src","Src","neonate",0.336824665307375,0.107931612146258,728680,0.512611633444835,0.0215644157565958,0.0805233052783746,8.67383512544803,6.28066732090285
"Dusp2","Dusp2","neonate",0.60064685533315,0.107628866726465,730278,0.513735794105543,0.0526032113249796,0.1506084057201,14.7670250896057,11.972522080471
"Ddc","Ddc","neonate",0.355415081278301,0.106535006166576,729944.5,0.513501183604701,0.0171026556396352,0.0693144214338063,9.31899641577061,6.67320902845927
"Il24","Il24","neonate",0.325718503604523,0.105940763872408,729928.5,0.513489927928498,0.0125720881334468,0.0557083194179844,8.53046594982079,5.88812561334642
"Irf4","Irf4","neonate",0.351245394160234,0.105512694542985,729242.5,0.513007340811323,0.021000222432548,0.0790083840198128,9.17562724014337,6.67320902845927
"Upk3a","Upk3a","neonate",0.201146004915221,0.104314825947063,729730,0.513350287195613,0.00121938001162046,0.0103791816151923,5.30465949820788,2.64965652600589
"Mmp1a","Mmp1a","neonate",0.290536870713924,0.104221326023819,729090.5,0.512900411887401,0.0109572124001141,0.0507748043370773,7.52688172043011,5.00490677134446
"Arid5b","Arid5b","neonate",0.38877232348336,0.104107766500276,729191,0.512971111603547,0.0289971606971528,0.0986695195053287,10.179211469534,7.65456329735034
"Adgrl2","Adgrl2","neonate",0.458814811600099,0.104016289786612,729301.5,0.513048846117319,0.0426006778331069,0.131065374077685,11.9713261648746,9.42100098135427
"Mt1","Mt1","neonate",0.612876326207193,0.103979286788619,727714.5,0.511932423734,0.102308834780129,0.232881069122805,15.4121863799283,13.4445534838077
"Scgb3a1","Scgb3a1","neonate",0.246321987470678,0.10335098939134,728227,0.512292957112356,0.0073526140661467,0.0393249925583884,6.23655913978495,3.82728164867517
"Sh3bgrl3","Sh3bgrl3","neonate",1.03106619374641,0.102400019068358,728932.5,0.512789262084903,0.156848031099209,0.304236356042628,25.5197132616487,24.0431795878312
"Clec4a1","Clec4a1","neonate",0.392421476269579,0.10239368122428,728547,0.512518070636403,0.036226362110512,0.116134029016657,10.2508960573477,7.85083415112856
"Ephb6","Ephb6","neonate",0.276527924263238,0.102328532590535,729419,0.51313150498943,0.00835022019463924,0.0419168408190978,7.31182795698925,4.71050049067713
"Syk","Syk","neonate",0.546853868341467,0.102296489065033,729305.5,0.51305166003637,0.0627043152090592,0.168507283728927,14.336917562724,11.7762512266928
"Plekhg2","Plekhg2","neonate",0.554193204798898,0.102274697689312,729150.5,0.51294262067316,0.0649311312360737,0.171714423985054,14.336917562724,11.7762512266928
"Jak2","Jak2","neonate",0.63770694739097,0.101669683632173,729379,0.513103365798924,0.0799753229826861,0.196877523490711,16.4874551971326,14.0333660451423
"Icam2","Icam2","neonate",0.461493685704082,0.100985894662534,728767,0.512672836184185,0.0485517625337953,0.14363830043381,11.8996415770609,9.42100098135427
"Twist2","Twist2","neonate",0.307450965675824,0.100958492328619,728216,0.512285218834967,0.0185922687812717,0.072978314861921,7.88530465949821,5.49558390578999
"Il17re","Il17re","neonate",0.311943709182752,0.100874937821545,728221.5,0.512289087973662,0.0222928569161182,0.0820146802412171,8.31541218637993,5.98626104023552
"Ezr","Ezr","neonate",0.754722507371644,0.100814931256098,728782.5,0.512683740120506,0.116281075929444,0.252575670373978,19.5698924731183,17.2718351324828
"Efna5","Efna5","neonate",0.724172081971066,0.100427740466621,728113,0.512212760419415,0.121698001788514,0.261432131844114,18.4229390681004,16.3886162904809
"Myh11","Myh11","neonate",0.22735488663518,0.100304705006528,728396,0.512411845192243,0.00470912118720242,0.0279566162181958,5.80645161290323,3.33660451422964
"Oasl1","Oasl1","neonate",0.228282806552949,0.09933485223741,727685,0.511911671081002,0.00737590131235569,0.0393249925583884,5.87813620071685,3.53287536800785
"Pou5f1","Pou5f1","neonate",0.279216904538498,0.0992570426153389,728486.5,0.512475510110763,0.0135997263080473,0.0592092887734636,7.45519713261649,5.00490677134446
"Igf1r","Igf1r","neonate",0.363345062079733,0.0992118192182266,728052.5,0.512170199893775,0.035589897247361,0.114832128011712,9.60573476702509,7.26202158979392
"Tnfsf13b","Tnfsf13b","neonate",0.428374855680737,0.0989536360352002,727032.5,0.511452650535876,0.0652651144273034,0.171759017456833,10.9677419354839,8.83218842001963
"Col27a1","Col27a1","neonate",0.284568941394824,0.0987914030214775,728169.5,0.512252507026004,0.0159924703975147,0.0661597219349466,7.52688172043011,5.10304219823356
"Tie1","Tie1","neonate",0.627349938954815,0.0987345499170891,728038,0.512159999437216,0.100295059817336,0.232297321553104,15.9856630824373,13.738959764475
"Rgs2","Rgs2","neonate",0.386712629454148,0.0979971521524943,727722.5,0.511938051572101,0.0440336036119767,0.133244916696613,10.0358422939068,7.75269872423945
"Tnfsf13","Tnfsf13","neonate",0.34365696097088,0.0978062230605526,728432.5,0.51243752220358,0.0269630826787492,0.0946556106715244,9.10394265232975,6.67320902845927
"Cd209a","Cd209a","neonate",0.422334429667727,0.0969830450423118,728510,0.512492041885185,0.0408442885660084,0.127654406584045,10.752688172043,8.24337585868498
"Col17a1","Col17a1","neonate",0.272890056885637,0.0968793733596968,726992.5,0.51142451134537,0.0205295942755427,0.0775303238360456,7.02508960573477,4.80863591756624
"Il1r2","Il1r2","neonate",0.145586682286702,0.0961122486022808,727474.5,0.511763588590965,0.000562022122097043,0.00622978058589901,3.79928315412186,1.4720314033366
"Tnfsf9","Tnfsf9","neonate",0.390042201074522,0.0955523173507892,726981.5,0.511416773067981,0.0536270914845417,0.152212397576337,9.96415770609319,7.75269872423945
"Nfkb1","Nfkb1","neonate",0.563009975392958,0.0954822452360763,727347,0.511673894921228,0.0999560269802764,0.232297321553104,14.5519713261649,12.3650637880275
"H2-Pa","H2-Pa","neonate",0.293710911730352,0.0948323589876684,725585.5,0.510434715319327,0.0419890662019106,0.130414638639579,7.45519713261649,5.49558390578999
"Casp3","Casp3","neonate",0.239558169500792,0.0942917258664177,728660.5,0.512597915589463,0.006797114756205,0.0372347440216285,6.45161290322581,3.92541707556428
"Jun","Jun","neonate",0.470846864107592,0.0940607737640743,727486.5,0.511772030348117,0.0710595949876982,0.181657477442911,12.1863799283154,9.9116781157998
"Ffar4","Ffar4","neonate",0.39770801585943,0.0939764335892433,727253,0.511607767823539,0.0545163264334691,0.153704477063521,10.3942652329749,8.14524043179588
"Klra17","Klra17","neonate",0.242451052373918,0.0934353762038438,728334.5,0.512368581186841,0.00721284170254364,0.0390826259643261,6.30824372759857,3.82728164867517
"Ptger4","Ptger4","neonate",0.56600909612049,0.093274036167299,726646,0.511180755607613,0.115124395001357,0.250609217939636,14.4802867383513,12.4631992149166
"Rgs1","Rgs1","neonate",0.378697375867704,0.093081763272981,726483,0.511066088406302,0.0592481320651449,0.163372717305107,9.74910394265233,7.65456329735034
"Ephb2","Ephb2","neonate",0.20440832005536,0.0930602289184765,727852,0.512029152201364,0.0049545812006307,0.0288872365908118,5.51971326164875,3.14033366045142
"Cd19","Cd19","neonate",0.198628328651796,0.0919223098586201,726956,0.511398834334033,0.00508324261720754,0.0289599593677481,5.01792114695341,2.74779195289499
"Erbb2","Erbb2","neonate",0.196047894592284,0.0913781139418179,726762,0.51126235926008,0.00661507954701641,0.0364377586098086,5.16129032258065,2.94406280667321
"Npr3","Npr3","neonate",0.141790852705781,0.0908171370256502,726418.5,0.511020713961611,0.00104285258703157,0.00928325026134357,3.65591397849462,1.4720314033366
"Oas3","Oas3","neonate",0.234187790730494,0.0901681530183011,726471.5,0.511057998389031,0.0155091565444434,0.0651478236337474,6.09318996415771,3.92541707556428
"Hsp90aa1","Hsp90aa1","neonate",0.635470453141177,0.0901125460961897,725330,0.510254976239971,0.172051688284742,0.325494370436219,16.3440860215054,14.5240431795878
"Col15a1","Col15a1","neonate",0.250152970835353,0.0901023050033276,725142,0.510122722044594,0.0332543422739036,0.109419214464336,6.45161290322581,4.51422963689892
"Tnfsf14","Tnfsf14","neonate",0.235399178160892,0.089576454368578,726339.5,0.510965139060362,0.0172201714436437,0.0695081414142216,6.16487455197133,4.02355250245339
"Il11ra1/2","Il11ra1/2","neonate",1.00416028038291,0.0889762922347113,726802.5,0.511290850190467,0.211344914219246,0.372939609693076,25.5913978494624,23.9450441609421
"Hspa1b","Hspa1b","neonate",0.272392694368015,0.0888606963659342,726365.5,0.510983429534191,0.0278602643365511,0.0962282915125226,7.16845878136201,5.00490677134446
"Fgf2","Fgf2","neonate",0.337873930733419,0.0885678505347157,726547,0.511111111111111,0.0449948904536757,0.13552841626077,8.74551971326165,6.57507360157017
"Cxcl3","Cxcl3","neonate",0.300682547419651,0.0885320279621539,726662.5,0.511192363023697,0.0320143779966973,0.106040979610323,7.81362007168459,5.5937193326791
"Selenop","Selenop","neonate",0.629710927695118,0.0883723040227289,727147.5,0.51153355070858,0.122456174093482,0.261432131844114,16.3440860215054,14.0333660451423
"Hey1","Hey1","neonate",0.262244266164809,0.0881861324521666,726272.5,0.510918005916265,0.0230387437574204,0.0841378297661105,6.66666666666667,4.51422963689892
"Myl12a","Myl12a","neonate",1.06730696709608,0.0877615303629853,726565,0.511123773746839,0.226857500877854,0.394554125142736,26.8817204301075,25.3189401373896
"Mxra8","Mxra8","neonate",0.37806627369424,0.087638410084882,727173,0.511551489442527,0.0503844550487665,0.146880999074913,9.96415770609319,7.65456329735034
"Cd22","Cd22","neonate",0.363174268306301,0.087252427885496,725802.5,0.510587370427821,0.0663106287352127,0.17269530028749,9.39068100358423,7.36015701668302
"Krt10","Krt10","neonate",0.255678227642187,0.0871759582435983,725935,0.510680581496372,0.0246827845784805,0.0891620877708155,6.52329749103943,4.41609421000981
"Cd86","Cd86","neonate",0.544150780394085,0.0871705732214032,726140,0.510824794847714,0.121145126408234,0.261432131844114,13.9784946236559,11.972522080471
"Lefty1","Lefty1","neonate",1.20123755323715,0.0869829386588765,726670.5,0.511197990861798,0.240429534397993,0.4083615771632,29.9641577060932,27.7723258096173
"Rxrb","Rxrb","neonate",0.326572500592698,0.0869233569897845,725183.5,0.510151916454743,0.0663413239820548,0.17269530028749,8.60215053763441,6.67320902845927
"Efnb1","Efnb1","neonate",0.360617623913087,0.0858085882221788,726741,0.511247586185064,0.0515912038605503,0.149199328009722,9.53405017921147,7.26202158979392
"Eno1/b","Eno1/b","neonate",1.11917094875789,0.0857657587140821,725902,0.510657366664204,0.256701361721872,0.425842358796517,28.4587813620072,26.8891069676153
"Cd38","Cd38","neonate",0.314889035666785,0.0856514054870431,726824,0.511305975005364,0.0374417186289475,0.118883418704015,8.45878136200717,6.18253189401374
"Mertk","Mertk","neonate",0.340943290346836,0.0854069471643455,725928,0.510675657138033,0.0576052720887934,0.160425855509852,8.96057347670251,6.86947988223749
"Itm2a","Itm2a","neonate",0.198124179343186,0.0851367739261906,727007,0.511434711801928,0.00606319663254382,0.0337709890650625,5.23297491039427,2.94406280667321
"Lgals9","Lgals9","neonate",0.496327649038778,0.0849884685167236,724627.5,0.509760781706712,0.143231207953637,0.288631067972465,12.5448028673835,10.7948969578018
"Col5a3","Col5a3","neonate",0.247473505824059,0.0849647354136999,726039,0.510753743391687,0.0227519689536009,0.0833960038483091,6.45161290322581,4.31795878312071
"Bax","Bax","neonate",0.674308143128032,0.0847426564640256,726731.5,0.511240903127319,0.147049125033159,0.292630693928262,17.7777777777778,15.5053974484789
"Adgrg1","Adgrg1","neonate",0.412079014950189,0.0847131692546652,724009,0.509325679473516,0.130462511417641,0.271018098167096,10.6093189964158,8.93032384690873
"Mfap5","Mfap5","neonate",0.315685100275427,0.0835011705979716,721772.5,0.507752346984358,0.145123075188502,0.290969606646376,7.74193548387097,6.37880274779195
"Notch1","Notch1","neonate",0.338945281252206,0.0834398547891103,725479.5,0.510360146464487,0.0672904895091192,0.174709942814041,9.03225806451613,7.0657507360157
"Sox9","Sox9","neonate",0.144997935034061,0.0829740671407304,724508,0.509676715875076,0.00426483473005118,0.0263852247196052,3.584229390681,1.66830225711482
"Ifitm3","Ifitm3","neonate",1.2314021005702,0.0805843857949737,724431.5,0.509622899673234,0.322327631770128,0.496259814569782,31.3978494623656,29.8331697742885
"Epha7","Epha7","neonate",0.286382081094969,0.0805362298869198,725756,0.510554658618858,0.0408416579153826,0.127654406584045,7.59856630824373,5.49558390578999
"Jak1","Jak1","neonate",0.519055496401032,0.0800050177022867,726643,0.511178645168325,0.106055630440847,0.238101941412431,13.8351254480287,11.4818449460255
"Olr1","Olr1","neonate",0.248271316570482,0.0799844564114855,724159,0.509431201437913,0.0496142481682701,0.145059839952391,6.52329749103943,4.71050049067713
"Yes1","Yes1","neonate",0.28688564141802,0.0798957231017252,725296,0.510231057928041,0.0480690889942911,0.14263357656937,7.59856630824373,5.5937193326791
"Flt1","Flt1","neonate",0.385591420888982,0.0796508385510467,723788,0.509170210445971,0.126498837521925,0.265978061260503,10.0358422939068,8.34151128557409
"Itgb1","Itgb1","neonate",0.416327129113569,0.0796150388899133,724533,0.509694302869142,0.122044904557607,0.261432131844114,11.0394265232975,9.22473012757605
"Cxcl13","Cxcl13","neonate",0.328283709691224,0.0794683871145783,724575.5,0.509724200759055,0.0764239773290316,0.190011734157218,8.45878136200717,6.57507360157017
"Atf3","Atf3","neonate",0.395208579390241,0.0793693612884288,724659,0.509782941319236,0.106513004884598,0.238101941412431,10.3225806451613,8.4396467124632
"Ptges2","Ptges2","neonate",0.402277340096597,0.0792807422096795,724846.5,0.509914843774732,0.103884400913861,0.235392608434361,10.4659498207885,8.53778213935231
"Maf","Maf","neonate",0.317968697755885,0.0788647327809419,724679.5,0.50979736265437,0.0727939984279263,0.184670779726826,8.38709677419355,6.47693817468106
"Cdh1","Cdh1","neonate",0.526906430090523,0.078499716160797,724687.5,0.509802990492471,0.155820544990431,0.302832521160741,13.6200716845878,11.6781157998037
"Hck","Hck","neonate",0.540195012568344,0.0784216499821078,722190.5,0.508046401525144,0.253093034856678,0.423378784818972,13.9068100358423,12.6594700686948
"Aqp3","Aqp3","neonate",0.326295258788054,0.0783674299967855,724097.5,0.50938793743251,0.087950593483386,0.208282046800323,8.45878136200717,6.67320902845927
"Lyz3","Lyz3","neonate",0.340329886948208,0.0781970883294775,723390.5,0.508890577240319,0.114681549198896,0.250191476042231,8.81720430107527,7.16388616290481
"Il16","Il16","neonate",0.447366182972267,0.0777583346129052,723857,0.509218750549594,0.150630843756179,0.297384061831506,11.5412186379928,9.8135426889107
"Sst","Sst","neonate",0.22256992197547,0.0777099271395819,724450.5,0.509636265788724,0.0308604327630041,0.102808084640047,5.73476702508961,3.82728164867517
"Vwf","Vwf","neonate",0.391975874154161,0.0770576178035361,724634,0.509765354325169,0.102298287305634,0.232881069122805,10.0358422939068,8.14524043179588
"Spock2","Spock2","neonate",0.532811797784281,0.0770541104906788,725480.5,0.510360849944249,0.131416442103282,0.271830275470897,13.5483870967742,11.3837095191364
"Becn1","Becn1","neonate",0.39278236870175,0.0767967179757306,721940,0.507870179844601,0.194124931662631,0.351256909015686,10.1075268817204,8.73405299313052
"Krt86","Krt86","neonate",0.168806948550264,0.0763920408907931,724793,0.50987720760743,0.0110003588132484,0.0507748043370773,4.51612903225806,2.55152109911678
"Cd70","Cd70","neonate",0.268479661541292,0.0763746223102833,724041,0.50934819082592,0.0612330762786583,0.166347076430034,7.02508960573477,5.20117762512267
"Dpt","Dpt","neonate",0.457250713465189,0.0762970005603445,723898,0.509247593219862,0.152796752202871,0.301063956415538,11.7562724014337,10.0098135426889
"Vtn","Vtn","neonate",0.282984896445563,0.0762353814929387,723818,0.50919131483885,0.0732462593205737,0.184877267196486,7.38351254480287,5.5937193326791
"Notch2","Notch2","neonate",0.784395970943696,0.0762020768986879,724446.5,0.509633451869673,0.240279683783837,0.4083615771632,20.1433691756272,18.2531894013739
"Itgae","Itgae","neonate",0.42914081232596,0.0760503744724745,723350,0.508862086309932,0.154497960988086,0.302228608603432,10.8243727598566,9.12659470068695
"Csf2","Csf2","neonate",0.274252918162503,0.0757839695484007,724395.5,0.509597574401778,0.0553882340676658,0.155335141557808,7.09677419354839,5.20117762512267
"Cacna1c","Cacna1c","neonate",0.356360131164755,0.0756274083451257,726056,0.510765702547652,0.0659075082745299,0.172480186737594,9.74910394265233,7.55642787046124
"St6gal1","St6gal1","neonate",0.343879500156451,0.0755794552529299,724845.5,0.509914140294969,0.0785574400869898,0.194346818279724,8.96057347670251,6.96761530912659
"Pf4","Pf4","neonate",0.324260339513455,0.0752058150709049,723496.5,0.50896514609516,0.100648689993107,0.232297321553104,8.31541218637993,6.57507360157017
"Nr1h3","Nr1h3","neonate",0.550594102980848,0.0751529943031657,724051.5,0.509355577363428,0.187956196238962,0.344116403160049,14.4086021505376,12.6594700686948
"Nhej1","Nhej1","neonate",0.382815429714599,0.0749657030789558,723967,0.509296133323485,0.122865066275049,0.261606981602142,10.179211469534,8.34151128557409
"Ptges","Ptges","neonate",0.408921529899327,0.0747522793307323,723130,0.50870732076215,0.159506712704482,0.308194171640248,10.6810035842294,9.02845927379784
"Dnmt1","Dnmt1","neonate",0.612946842404997,0.0744052737244064,723774,0.509160361729294,0.218356328190913,0.383276864799894,15.9856630824373,14.2296368989205
"Flt3l","Flt3l","neonate",0.364029074261078,0.07417619110139,724555,0.50970977942392,0.0928824253762352,0.218405137028553,9.39068100358423,7.45829244357213
"Mmp7","Mmp7","neonate",0.297243054215854,0.0741512772482124,723998.5,0.509318292936008,0.0774706104530997,0.19213482244214,7.81362007168459,5.98626104023552
"Ifit1","Ifit1","neonate",0.776724262685573,0.0739122555020216,724835.5,0.509907105497343,0.227577881774162,0.394600257615373,20.2150537634409,18.2531894013739
"Ptk2","Ptk2","neonate",0.230352629151428,0.0736597532480829,725416,0.510315475499559,0.027228550549319,0.0949191080338149,6.30824372759857,4.2198233562316
"Ceacam1","Ceacam1","neonate",0.375862068198682,0.0736458754082646,724007,0.50932427251399,0.112725195201762,0.247916612283294,9.67741935483871,7.85083415112856
"Agr2","Agr2","neonate",0.246480962877569,0.0734001884985657,723458.5,0.508938413864179,0.0618982773282858,0.167242770992686,6.45161290322581,4.71050049067713
"Csk","Csk","neonate",1.14287034674318,0.0733073000856215,724816.5,0.509893739381852,0.294352875853121,0.46880162496096,28.6021505376344,27.47791952895
"Twist1","Twist1","neonate",0.142297937166733,0.0731282874242391,722933.5,0.50856908698879,0.0138751454980993,0.0598853682320563,3.65591397849462,1.96270853778214
"Il27ra","Il27ra","neonate",0.369903410634034,0.0728378815655719,724201,0.509460747587944,0.105320878409778,0.237031412583631,9.60573476702509,7.65456329735034
"Lif","Lif","neonate",0.167461526129077,0.0726352004873173,722741.5,0.508434018874362,0.0281601616805402,0.0967423028875899,4.3010752688172,2.64965652600589
"Celsr2","Celsr2","neonate",0.226415797997703,0.0723569767884844,722086,0.507972887889948,0.0763745276942737,0.190011734157218,5.66308243727599,4.12168792934249
"Il1rl1","Il1rl1","neonate",0.220018443274189,0.0722507482428462,722587,0.508325331251033,0.0652925452518952,0.171759017456833,5.73476702508961,4.12168792934249
"Ltf","Ltf","neonate",0.172136019939025,0.0719441020766513,722002.5,0.507914147329767,0.042724419834752,0.131065374077685,4.37275985663082,2.8459273797841
"Hdac1","Hdac1","neonate",0.58619291765367,0.0716611060816412,723388.5,0.508889170280794,0.225240601021339,0.392595942689292,15.3405017921147,13.8370951913641
"Fgfr2","Fgfr2","neonate",0.382917355767541,0.0713277407023623,723391,0.508890928980201,0.135283511564398,0.276833564168313,9.89247311827957,8.14524043179588
"Ceacam3","Ceacam3","neonate",0.296568485719847,0.0712996053625087,725023,0.510039007952839,0.0591939350463214,0.163372717305107,8.02867383512545,5.98626104023552
"Tshz2","Tshz2","neonate",0.236431232319244,0.0711534022109078,722819,0.508488538555967,0.0702017079782742,0.180342163808854,6.16487455197133,4.51422963689892
"Uba52","Uba52","neonate",2.55745705104297,0.0710513001263431,719326.5,0.506031635484926,0.595305112821926,0.732607357820216,56.1290322580645,54.1707556427871
"Birc5","Birc5","neonate",0.336808003949113,0.0710015057004278,721024,0.507225792382018,0.198756175292939,0.357099754540494,8.60215053763441,7.36015701668302
"Mapk13","Mapk13","neonate",0.189654188210502,0.0708158140743591,723066.5,0.508662649797222,0.0367299542622672,0.116996052394506,4.94623655913978,3.23846908734053
"Igf2","Igf2","neonate",0.139690035933768,0.0707682463971949,723022,0.508631344947784,0.0119720494521393,0.0535252614519411,3.584229390681,1.86457311089303
"Frmd8","Frmd8","neonate",0.573001470401868,0.0705873975553464,722889.5,0.508538133879234,0.235477168288927,0.402694231190498,14.7670250896057,13.1501472031403
"Adipoq","Adipoq","neonate",0.152234035719209,0.070574607645231,721971.5,0.507892339457125,0.0283337537042891,0.0967423028875899,3.79928315412186,2.25711481844946
"Dmbt1","Dmbt1","neonate",0.307801884573328,0.070488096449972,723765.5,0.509154382151311,0.088684462880428,0.209522297373902,8.10035842293907,6.28066732090285
"Fzd4","Fzd4","neonate",0.335749749761841,0.0700236494967954,722867.5,0.508522657324455,0.130480127502714,0.271018098167096,8.81720430107527,7.16388616290481
"Il17a","Il17a","neonate",0.13275899702944,0.0698438236596325,723385,0.508886708101625,0.00773298934739854,0.0399471223374242,3.44086021505376,1.66830225711482
"Adgrg6","Adgrg6","neonate",0.429478406983665,0.0697922090309429,722692.5,0.508399548365992,0.183455774167241,0.338087628178816,11.1111111111111,9.51913640824337
"Fabp4","Fabp4","neonate",0.27125076977034,0.069750379171336,723539,0.508995043985072,0.0690482333728046,0.178344789307477,6.88172043010753,5.10304219823356
"Tcl1","Tcl1","neonate",0.219568954481943,0.0694857276350868,723828.5,0.509198701376358,0.0424831717375028,0.131065374077685,5.87813620071685,4.02355250245339
"Bmp1","Bmp1","neonate",0.289368486348171,0.0694595794349846,722808.5,0.508481152018459,0.105173718565285,0.237031412583631,7.59856630824373,5.98626104023552
"Fap","Fap","neonate",0.251129411588477,0.0693128050272746,723801.5,0.509179707422767,0.0601852039326537,0.163947126559715,6.73835125448029,4.90677134445535
"Qrfpr","Qrfpr","neonate",0.783951311744381,0.0690552908713253,723607.5,0.509043232348813,0.27112679624686,0.442411482582847,20.1433691756272,18.4494602551521
"Tap2","Tap2","neonate",0.578674518082156,0.069039219797566,722695,0.508401307065399,0.247737321920262,0.41721978032855,15.0537634408602,13.5426889106968
"Cx3cr1","Cx3cr1","neonate",0.360452081303211,0.0690184221852811,722038,0.507939120861341,0.168518663372569,0.320635701111548,9.17562724014337,7.65456329735034
"Acvr2a","Acvr2a","neonate",0.268543436527215,0.0689155588323513,723072,0.508666518935917,0.0855386715765242,0.205498929064565,7.09677419354839,5.39744847890088
"Casr","Casr","neonate",0.281365744535943,0.0689059735151638,723188,0.508748122588383,0.0854259532197053,0.205498929064565,7.24014336917563,5.49558390578999
"Krt20","Krt20","neonate",0.197866129088774,0.068888387660328,723003,0.508617978832294,0.0441031319055991,0.133244916696613,5.23297491039427,3.53287536800785
"Ighg1","Ighg1","neonate",0.257385411283711,0.0687357080212214,722140,0.508010875797131,0.102090771527115,0.232881069122805,6.66666666666667,5.10304219823356
"Il1rap","Il1rap","neonate",0.254819974356024,0.0685376775862425,721235,0.507374226611936,0.132356841737292,0.273208636049854,6.59498207885305,5.20117762512267
"Hcst","Hcst","neonate",0.231928926695417,0.0681906335863751,722434.5,0.50821805058723,0.0763856420910758,0.190011734157218,6.02150537634409,4.41609421000981
"Nrg1","Nrg1","neonate",0.672651035894133,0.0680827241143316,721359.5,0.507461809842385,0.333316980765975,0.505809786641822,17.0609318996416,15.9960745829244
"Tpsab1","Tpsab1","neonate",0.254216125284905,0.0679204932142484,723150.5,0.508721742097284,0.0750962923521929,0.188591948300091,6.73835125448029,5.00490677134446
"Efna1","Efna1","neonate",0.296976271608506,0.0672993940567063,721582,0.507618334089574,0.143302285502879,0.288631067972465,7.45519713261649,5.98626104023552
"Plcg1","Plcg1","neonate",0.679887052800676,0.0672047837389743,721071.5,0.507259207670743,0.349557748758097,0.520579890293238,17.3476702508961,16.1923454367026
"Ankrd42","Ankrd42","neonate",0.185537613130813,0.0670722758716594,722567,0.50831126165578,0.0440624873918181,0.133244916696613,4.87455197132617,3.23846908734053
"Cxcr1","Cxcr1","neonate",0.188930525109697,0.0670218974535166,721119,0.507292622959469,0.0730661869459312,0.184877267196486,4.6594982078853,3.23846908734053
"Il20","Il20","neonate",1.17925892896874,0.0669979992490506,722855,0.508513863827422,0.36783735201689,0.536945592914845,28.9605734767025,27.3797841020608
"Gc","Gc","neonate",0.142986377433154,0.0667513255550229,721580.5,0.50761727886993,0.03093523108527,0.102808084640047,3.65591397849462,2.15897939156035
"Flt3","Flt3","neonate",0.962388593952856,0.066512654213231,723043,0.5086461180228,0.331572433146569,0.505711716301451,24.8028673835125,22.7674190382728
"Mzt2","Mzt2","neonate",0.243127568851025,0.0654872875466145,722574,0.508316186014119,0.0834240191274924,0.202862797731975,6.45161290322581,4.80863591756624
"Krt13","Krt13","neonate",0.204735116963994,0.0653765416674756,722986,0.508606019676329,0.049090636473813,0.144375706679621,5.44802867383513,3.72914622178607
"Tacstd2","Tacstd2","neonate",0.236806686791959,0.0650379360837761,721946.5,0.507874752463058,0.0965199321998839,0.225892892965456,6.23655913978495,4.71050049067713
"Msmb","Msmb","neonate",0.219146262502826,0.0648033246653674,721910,0.507849075451722,0.0810545451376484,0.198553762904755,5.66308243727599,4.12168792934249
"Il2","Il2","neonate",0.190226793382673,0.0645631121806756,721393,0.507485376414434,0.0697689949153811,0.179740795686395,4.80286738351255,3.33660451422964
"Efnb2","Efnb2","neonate",0.312221337261462,0.0639976391961681,723313.5,0.508836409298596,0.106509861832453,0.238101941412431,8.38709677419355,6.57507360157017
"Il36g","Il36g","neonate",0.219630436693877,0.0639907049108108,721844.5,0.507802997527269,0.0852645733879903,0.205498929064565,5.73476702508961,4.2198233562316
"Mif","Mif","neonate",1.85399551737343,0.0638554702063201,722981,0.508602502277516,0.428119128124285,0.591183892991568,45.4480286738351,44.062806673209
"Cpb1","Cpb1","neonate",0.306641236086389,0.0633833101236005,722377,0.508177600500878,0.13031819383894,0.271018098167096,8.10035842293907,6.47693817468106
"Tlr3","Tlr3","neonate",0.324049723840803,0.0630223888391289,721978.5,0.507897263815463,0.15520666760778,0.302228608603432,8.53046594982079,6.96761530912659
"Fgf7","Fgf7","neonate",0.1589057239462,0.0627579785762883,721190,0.507342570022617,0.051946466454813,0.149252527537316,4.08602150537634,2.64965652600589
"Ephb4","Ephb4","neonate",0.281306305290015,0.0625986447249997,721712.5,0.507710138198599,0.136311041511693,0.277918422059627,7.38351254480287,5.88812561334642
"Sod1","Sod1","neonate",2.38378207513058,0.0625874209888053,724101.5,0.509390751351561,0.409854952198906,0.577193833168041,56.9175627240143,55.6427870461237
"Tyk2","Tyk2","neonate",0.56871724970058,0.0624993477688491,720506,0.506861389864967,0.342206383614456,0.516212573826939,14.6953405017921,13.5426889106968
"Atg12","Atg12","neonate",0.36564299597181,0.0618808330425505,721083.5,0.507267649427895,0.219271710007446,0.384207196621132,9.60573476702509,8.24337585868498
"Cd34","Cd34","neonate",0.294586558231444,0.0617819301667931,721470,0.507539544356158,0.153142534100578,0.301150111436443,7.67025089605735,6.18253189401374
"Fas","Fas","neonate",0.211721448318915,0.0616350097517702,722308.5,0.508129412137136,0.0718810143643905,0.182819824799228,5.73476702508961,4.12168792934249
"Tlr4","Tlr4","neonate",0.480856485376869,0.0615156540392437,721344,0.507450905906064,0.265275304744736,0.434562362405739,12.4731182795699,11.0893032384691
"Itgb8","Itgb8","neonate",0.151513822264928,0.061413494052915,720944,0.507169514001006,0.0506003919584325,0.147080439599292,3.87096774193548,2.45338567222767
"Bag3","Bag3","neonate",0.409250501199183,0.0611081163505415,722070.5,0.507961983953627,0.205733969699194,0.366361085636689,11.0394265232975,9.42100098135427
"Krt1","Krt1","neonate",0.216466543985714,0.0600962567196475,720508,0.506862796824492,0.133088766742746,0.273858979830385,5.73476702508961,4.41609421000981
"Ltb","Ltb","neonate",0.400566017707289,0.0597241888829065,720683.5,0.506986257522837,0.254559282288319,0.424407365286713,10.3225806451613,9.02845927379784
"Vegfb","Vegfb","neonate",0.492086236175317,0.0596943380508761,720394.5,0.506782951871432,0.317762152523992,0.493528674953776,12.831541218638,11.5799803729146
"Naca","Naca","neonate",1.33399955699627,0.0588408312943347,722308,0.508129060397255,0.412882118778119,0.579691069142837,33.0465949820789,32.3846908734053
"Prox1","Prox1","neonate",0.241847493129285,0.0584822363054188,719924.5,0.506452316382988,0.177749692240866,0.333113614970195,6.23655913978495,5.00490677134446
"Gper1","Gper1","neonate",0.288725230589588,0.0583099754433909,719710,0.506301419973901,0.229946378473868,0.396971025550165,7.45519713261649,6.28066732090285
"Tnfrsf17","Tnfrsf17","neonate",0.133621009242137,0.058299572873603,720695,0.506994347540107,0.0417157047309549,0.129970492552381,3.44086021505376,2.06084396467125
"Junb","Junb","neonate",1.2283729956343,0.0579832816445975,721225.5,0.507367543554191,0.448008279953583,0.609702234156694,31.1111111111111,29.9313052011776
"Mx1","Mx1","neonate",0.35856214081289,0.0579160080754852,721091,0.507272925526115,0.2061470100724,0.366361085636689,9.10394265232975,7.65456329735034
"Ms4a4a","Ms4a4a","neonate",0.207654153486077,0.0573397414918407,719538,0.506180421454726,0.161061101362222,0.309398686046504,5.30465949820788,4.12168792934249
"Hpgds","Hpgds","neonate",0.197689778602149,0.0569496962066884,721163,0.507323576069025,0.085746899556572,0.205503987639188,5.08960573476702,3.63101079489696
"Tnfrsf11b","Tnfrsf11b","neonate",0.174724696783087,0.056774843208577,721866.5,0.507818474082047,0.0487716698601469,0.143861996599309,4.51612903225806,2.94406280667321
"Il3ra","Il3ra","neonate",0.744975108399124,0.0566616726836723,721352,0.507456533744166,0.358410801785437,0.529386028711231,19.426523297491,18.0569185475957
"Tgfb3","Tgfb3","neonate",0.291089730698471,0.0564940442904011,719484,0.506142433547543,0.244506794257108,0.414580397745471,7.52688172043011,6.37880274779195
"Ccdc80","Ccdc80","neonate",0.287174149439734,0.0564822569234472,721100.5,0.50727960858386,0.164311695444673,0.314431401839423,7.52688172043011,6.08439646712463
"Osmr","Osmr","neonate",0.27874654681777,0.0563911215675396,721270.5,0.50739920014351,0.155170717016588,0.302228608603432,7.45519713261649,5.98626104023552
"Wnt3","Wnt3","neonate",0.198362021984342,0.0563523273386475,720705.5,0.507001734077615,0.109385384468785,0.243431313203971,5.30465949820788,3.92541707556428
"Clu","Clu","neonate",0.358332225665788,0.0558129091242737,720133,0.5065989919135,0.257593533559568,0.425905062950066,9.24731182795699,8.04710500490677
"Klf2","Klf2","neonate",0.826813547280006,0.05578752476952,720356,0.50675586790057,0.420915598025605,0.584474723163688,20.9318996415771,19.9214916584887
"Itgb6","Itgb6","neonate",0.282747062763228,0.0556425671387867,722685,0.508394272267773,0.110749695172812,0.245372102416209,7.74193548387097,5.98626104023552
"Rspo3","Rspo3","neonate",0.276215020578868,0.0553147174086217,722155,0.50802142799357,0.121185502710095,0.261432131844114,7.45519713261649,5.78999018645731
"Tnfrsf14","Tnfrsf14","neonate",0.542773206740771,0.0553143282688798,720469,0.506835361113749,0.332264947882955,0.505711716301451,13.9784946236559,12.6594700686948
"Epor","Epor","neonate",0.174569449903661,0.055205061072244,719553.5,0.506191325391047,0.122445665244121,0.261432131844114,4.44444444444444,3.23846908734053
"Bst2","Bst2","neonate",4.19995821359462,0.0549540572214235,743660.5,0.523150112029152,0.0517021522754109,0.149199328009722,100,100
"Il15","Il15","neonate",0.169176797962878,0.0545297509709058,719876.5,0.506418549354381,0.102107427908275,0.232881069122805,4.3010752688172,3.04219823356232
"Ncam1","Ncam1","neonate",0.173207685286331,0.0543591396157925,719524.5,0.50617092447793,0.123682439132725,0.262364663436866,4.44444444444444,3.23846908734053
"Fcrla","Fcrla","neonate",0.284391357996845,0.0543097199216128,719792.5,0.506359457054319,0.2204992490556,0.385680265453391,7.31182795698925,6.08439646712463
"Cxcl1","Cxcl1","neonate",0.255899068687277,0.0542511366739361,718961,0.505774513631679,0.24612251537642,0.415905335305578,6.66666666666667,5.5937193326791
"Cav1","Cav1","neonate",0.368473169764542,0.0541031901575079,719247,0.505975708843796,0.313462576881249,0.492160927796228,9.53405017921147,8.4396467124632
"Tcf7","Tcf7","neonate",0.248887657386904,0.0535106992210351,720475.5,0.506839933732206,0.158655661289255,0.30714503748619,6.45161290322581,5.10304219823356
"Epcam","Epcam","neonate",0.16207912177349,0.0530406742621338,720337.5,0.506742853524961,0.0875766698982922,0.208282046800323,4.37275985663082,3.04219823356232
"Cst7","Cst7","neonate",0.478702333555852,0.0529679191488626,720215,0.506656677254037,0.322543991816668,0.496259814569782,12.6164874551971,11.2855740922473
"Csf3","Csf3","neonate",0.146169595928487,0.0525201573585604,720774,0.507049922441356,0.0545751102111197,0.153704477063521,3.87096774193548,2.45338567222767
"Tnfsf15","Tnfsf15","neonate",0.135634946716912,0.052280782590601,719296.5,0.506010531092047,0.0843833899388863,0.20469644712669,3.44086021505376,2.25711481844946
"Gzmk","Gzmk","neonate",0.139822315377429,0.0522590661033663,720670,0.506976760546041,0.0495933819135683,0.145059839952391,3.65591397849462,2.25711481844946
"Krt17","Krt17","neonate",0.197339363740249,0.0521341484898767,718388.5,0.505371771467564,0.209557412141736,0.37109900516041,4.94623655913978,3.92541707556428
"Lifr","Lifr","neonate",0.422311228788871,0.0520813069057147,721744,0.507732297811123,0.221573006783814,0.386879663333559,11.1827956989247,9.51913640824337
"P2rx5","P2rx5","neonate",0.177996088642172,0.051972266310108,718596,0.505517743518313,0.179242472682446,0.334544032439568,4.58781362007168,3.53287536800785
"Tnfaip6","Tnfaip6","neonate",0.182769319897368,0.0517818809571711,719334,0.506036911583146,0.149261053625038,0.296068187468602,4.80286738351255,3.63101079489696
"Ptgds","Ptgds","neonate",0.302977467337795,0.0515612928376342,717952.5,0.505065054291051,0.344987642885728,0.517222075123414,7.67025089605735,6.77134445534838
"Ahi1","Ahi1","neonate",0.133424836109088,0.0515545395849589,718690,0.505583870616002,0.111284449638213,0.24578325693244,3.44086021505376,2.35525024533857
"S100b","S100b","neonate",0.135070929089833,0.0509040814813046,719219.5,0.505956363150323,0.0872204027240602,0.208035266784421,3.44086021505376,2.25711481844946
"Il1a","Il1a","neonate",0.187027779087185,0.0505148685900692,719958,0.506475882955037,0.128667991727879,0.26893498480649,5.01792114695341,3.72914622178607
"Tbx21","Tbx21","neonate",0.288478282203884,0.0504101265004017,719245,0.505974301884271,0.248387431188065,0.417609222419057,7.24014336917563,6.08439646712463
"Wnt10b","Wnt10b","neonate",0.191652179826097,0.0503255871602509,718781,0.505647887274403,0.18899743197379,0.345110695380713,5.01792114695341,3.92541707556428
"Stat5b","Stat5b","neonate",0.515875302011403,0.0503082922545863,719491.5,0.506147709645763,0.380011797791269,0.549825866874464,13.6917562724014,12.5613346418057
"Dll1","Dll1","neonate",0.636515023452071,0.0499938914864559,718925.5,0.505749540100105,0.448868044003023,0.609702234156694,16.415770609319,15.4072620215898
"Clec5a","Clec5a","neonate",0.139462806690939,0.0499659279514323,719256.5,0.505982391901541,0.100748936892224,0.232297321553104,3.72759856630824,2.55152109911678
"Clec10a","Clec10a","neonate",0.257089813263483,0.0496866820522884,721062.5,0.50725287635288,0.137563997589185,0.279900623666157,6.59498207885305,5.10304219823356
"Hif1a","Hif1a","neonate",0.156834247352878,0.0490177266586052,717385.5,0.50466618126563,0.227155534435236,0.394554125142736,4.01433691756272,3.14033366045142
"Tnf","Tnf","neonate",1.06341473724434,0.0482673461706336,719205,0.505946162693765,0.520166598755922,0.679693445556559,26.9534050179211,26.0058881256133
"Fkbp5","Fkbp5","neonate",0.24034888571758,0.048066427919489,718582.5,0.505508246541518,0.249932027468889,0.419498706037849,6.16487455197133,5.10304219823356
"Cxcr3","Cxcr3","neonate",0.369325830904711,0.0479364413457063,719572,0.506204339766656,0.292286311664991,0.466255124367994,9.46236559139785,8.24337585868498
"Bcl2l1","Bcl2l1","neonate",1.46777358301184,0.0479323637533613,722125.5,0.508000675340572,0.432965062205183,0.597048640412956,35.9139784946237,35.6231599607458
"Rbm47","Rbm47","neonate",0.410704722014436,0.0478997359133142,718661.5,0.505563821442767,0.379109600493693,0.549825866874464,10.8960573476703,9.9116781157998
"Calm3","Calm3","neonate",1.46191695411649,0.0478645915410045,718895,0.505728083967344,0.574800013035291,0.725412168349601,36.2724014336918,35.3287536800785
"Kitl","Kitl","neonate",0.258948603858717,0.0476171936281723,717941,0.50505696427378,0.314261403043841,0.492639337790423,6.73835125448029,5.78999018645731
"Nlrp1a","Nlrp1a","neonate",0.145754740332388,0.0475480087033154,718535,0.505474831252792,0.135501283163627,0.276833564168313,3.72759856630824,2.64965652600589
"Ptgdr2","Ptgdr2","neonate",0.196254991276312,0.0471742992080584,719843,0.506394982782333,0.145349836140394,0.290969606646376,5.30465949820788,4.02355250245339
"Mcpt8","Mcpt8","neonate",0.265771729468035,0.0468909246699896,720204.5,0.506649290716529,0.193719845460126,0.351161247134084,7.16845878136201,5.78999018645731
"Mst1r","Mst1r","neonate",0.241989753126321,0.046866042177671,718665.5,0.505566635361817,0.25286860497654,0.423378784818972,6.37992831541219,5.29931305201178
"Marco","Marco","neonate",0.303804392264902,0.0467866110953199,718520,0.505464279056352,0.31332633701347,0.492160927796228,7.88530465949821,6.86947988223749
"Acacb","Acacb","neonate",0.267520022949829,0.0465313152883367,719443,0.506113590877274,0.232110012523997,0.398302379494708,7.09677419354839,5.88812561334642
"Il17b","Il17b","neonate",0.199055833332337,0.046065817517575,717910,0.505035156401138,0.247633465974668,0.41721978032855,5.08960573476702,4.12168792934249
"Tlr5","Tlr5","neonate",0.205968496473599,0.0460345689361988,717443.5,0.504706983091864,0.291657720973487,0.466255124367994,5.30465949820788,4.41609421000981
"Pgf","Pgf","neonate",0.176160250767735,0.0454773614704134,717616,0.50482833335092,0.230723573393771,0.397290850904301,4.37275985663082,3.43473994111874
"Col9a3","Col9a3","neonate",0.262936529849176,0.0454607812533277,716863.5,0.504298964829529,0.392290752206831,0.561945229813521,6.66666666666667,5.88812561334642
"H2-Eb1","H2-Eb1","neonate",2.18263780200232,0.0452508091120727,719204.5,0.505945810953883,0.582430952524502,0.728586774989872,44.4444444444444,43.7684003925417
"Prss34","Prss34","neonate",0.202484270853045,0.0452347124722462,719846,0.506397093221621,0.153445210802407,0.301151329074803,5.51971326164875,4.2198233562316
"Krt16","Krt16","neonate",0.231263645604028,0.0450091726389833,718464,0.505424884189644,0.257171682170727,0.425905062950066,6.16487455197133,5.10304219823356
"Fabp5","Fabp5","neonate",1.02395057222277,0.0449891469573083,718573,0.505501563483773,0.546137978104854,0.706225115655693,26.0215053763441,24.8282630029441
"Hsp90b1","Hsp90b1","neonate",1.16806138794203,0.044971631925439,718286,0.505299664791893,0.577582635599066,0.726013855461229,28.9605734767025,28.6555446516192
"Bbln","Bbln","neonate",0.374740707283929,0.044752609139928,718121,0.505183590631057,0.38678073501312,0.55725490290185,9.67741935483871,8.73405299313052
"Sigirr","Sigirr","neonate",0.391724564015621,0.044717936387234,718714.5,0.505601105870187,0.364634588234688,0.534547866550366,10.3942652329749,9.32286555446516
"Krt6b","Krt6b","neonate",0.107824447251046,0.0443544321726433,717667.5,0.504864562558697,0.116928816030003,0.253430499091114,2.72401433691756,1.76643768400393
"Angpt1","Angpt1","neonate",0.235840553344533,0.0438166676636476,718140,0.505196956746547,0.284170727171003,0.460680024373154,6.30824372759857,5.29931305201178
"Cdkn1a","Cdkn1a","neonate",0.572726042462323,0.0431412009576057,718698.5,0.505589850193985,0.438487219461996,0.601280943618251,14.6236559139785,13.5426889106968
"Adgrf3","Adgrf3","neonate",0.173562703369538,0.0429153239957207,718477,0.505434029426558,0.181686373103635,0.337320882652372,4.51612903225806,3.43473994111874
"C5ar2","C5ar2","neonate",0.237058439791774,0.042444040404063,717531.5,0.504768889310977,0.3158859132737,0.493528674953776,6.02150537634409,5.10304219823356
"Ifngr1","Ifngr1","neonate",0.574818684337267,0.0421162925603812,718494,0.505445988582523,0.46016327054236,0.623007632937083,15.3405017921147,14.3277723258096
"Mmp12","Mmp12","neonate",0.368814652654786,0.0418275533325884,717294,0.504601812867348,0.427847152193674,0.591183892991568,9.03225806451613,8.14524043179588
"Gzmf","Gzmf","neonate",0.197301767409215,0.041651438451152,717181,0.504522319654169,0.301131585477688,0.477310319111693,5.08960573476702,4.2198233562316
"Wnt9a","Wnt9a","neonate",0.224348502045614,0.0413581169015741,716088,0.503753416273597,0.416625346984491,0.581227842762019,5.59139784946237,4.90677134445535
"Adgrl4","Adgrl4","neonate",0.358587495068424,0.0410203933909956,716809,0.504260625182465,0.467692985478048,0.630610978995765,9.17562724014337,8.4396467124632
"Bmpr1a","Bmpr1a","neonate",0.250204322396355,0.0404513391135001,717672,0.504867728217628,0.332714593979943,0.505711716301451,6.73835125448029,5.78999018645731
"Cd40","Cd40","neonate",0.235955168339647,0.0403175966805253,717351.5,0.504642262953701,0.332234020691095,0.505711716301451,6.09318996415771,5.20117762512267
"Hspb1","Hspb1","neonate",0.417737814519033,0.0402599662120105,715324,0.503215957734936,0.609300044211222,0.741473068251359,10.5376344086022,10.107948969578
"Cdh5","Cdh5","neonate",1.18612479646388,0.0401452873418027,718017.5,0.505110780475623,0.593731812829467,0.732607357820216,29.5340501792115,29.2443572129539
"S100a8","S100a8","neonate",1.01111191339562,0.0400834127845691,717357,0.504646132092395,0.609837428250867,0.741473068251359,25.9498207885305,24.730127576055
"Ackr3","Ackr3","neonate",0.150324803122138,0.0400775675579342,716833,0.504277508696769,0.260261583683043,0.428186136851475,3.87096774193548,3.04219823356232
"Myh6","Myh6","neonate",0.328491900270616,0.0400338771586464,719358.5,0.506054146837331,0.263944675527193,0.433530216640216,7.95698924731183,6.77134445534838
"Mmp19","Mmp19","neonate",0.299775059665779,0.0397572773185237,715771,0.503530413188839,0.517982904865027,0.678143619245842,7.81362007168459,7.26202158979392
"Il6","Il6","neonate",0.275038988255879,0.0395596028723832,716007,0.503696434412823,0.477636368974122,0.638342439500268,7.09677419354839,6.47693817468106
"Ccl20","Ccl20","neonate",0.511314163507341,0.0395326995033349,718625.5,0.505538496171311,0.423296376335134,0.586963125460541,13.3333333333333,12.1687929342493
"Tnfsf12","Tnfsf12","neonate",0.483729138362255,0.0389175753095979,715343,0.503229323850426,0.631823991366092,0.759865523995167,12.258064516129,11.8743866535819
"Il1r1","Il1r1","neonate",0.20309058784443,0.0389067216957277,717658,0.504857879500952,0.278372080406454,0.453491771511822,5.37634408602151,4.41609421000981
"Ido1","Ido1","neonate",0.261037799946299,0.0388656367961432,717957,0.505068219949983,0.317576832696453,0.493528674953776,6.88172043010753,5.88812561334642
"Best1","Best1","neonate",0.134834810824935,0.038726362118881,716099,0.503761154550986,0.289851286092447,0.466099568119629,3.36917562724014,2.64965652600589
"Il22ra1","Il22ra1","neonate",0.0878186782832893,0.0386652942947851,716863.5,0.504298964829529,0.123062862960286,0.261606981602142,2.22222222222222,1.3738959764475
"Sparcl1","Sparcl1","neonate",0.409058384925542,0.0386257236775088,718191.5,0.505233185954323,0.407257487075549,0.576003232358468,10.8960573476703,9.8135426889107
"Fpr1","Fpr1","neonate",0.869140640198731,0.0382923920598873,717054.5,0.504433329464195,0.605423333964078,0.737905946164041,22.0071684587814,21.2953876349362
"Ptprcap","Ptprcap","neonate",0.59296235384711,0.0380873502048988,717761.5,0.504930689656385,0.499630492002232,0.66240904325296,14.9820788530466,14.0333660451423
"Fzd6","Fzd6","neonate",0.246826201198965,0.0379038619684312,718051.5,0.505134698787553,0.297822906599702,0.472817576241883,6.52329749103943,5.49558390578999
"Pttg1","Pttg1","neonate",0.637811937933935,0.0377816607374785,716863.5,0.504298964829529,0.571238395090381,0.724586106749504,16.2724014336918,15.603532875368
"Notch3","Notch3","neonate",0.265271518430223,0.0372533058759381,717614.5,0.504827278131276,0.346830665907901,0.519204465330596,7.02508960573477,6.08439646712463
"Sox2","Sox2","neonate",0.117755687699434,0.0370681091784505,717487.5,0.50473793620142,0.149370409525282,0.296068187468602,3.01075268817204,2.06084396467125
"Bid","Bid","neonate",0.175132568352255,0.0367574630725269,715336,0.503224399492088,0.439049675982033,0.601280943618251,4.51612903225806,3.92541707556428
"Kras","Kras","neonate",0.495305585113547,0.0366227572722779,715984.5,0.503680606118163,0.589384743984195,0.732607357820216,12.6881720430108,12.0706575073602
"Ighm","Ighm","neonate",0.582075721859971,0.0365501196256776,713535,0.501957432439562,0.779875518585962,0.866818162798444,13.2616487455197,13.1501472031403
"H2-Q2","H2-Q2","neonate",0.194782159026979,0.0360540115755242,715188.5,0.503120636227097,0.471811199671129,0.633956558048673,4.87455197132617,4.31795878312071
"Krt15","Krt15","neonate",0.258638408899919,0.0357049904872539,716674,0.504165655414508,0.414167231643699,0.579691069142837,6.88172043010753,6.08439646712463
"Acvr1","Acvr1","neonate",0.282199748998906,0.0355753904048922,714715,0.502787538559484,0.599404718739004,0.735063351270341,7.31182795698925,6.86947988223749
"Mpo","Mpo","neonate",0.10912797679426,0.0355706025328646,717550,0.504781903686586,0.145630725894224,0.290969606646376,3.01075268817204,2.06084396467125
"Il12rb2","Il12rb2","neonate",0.162344661511785,0.0350222108554593,717555.5,0.50478577282528,0.230139671783345,0.396971025550165,4.3010752688172,3.33660451422964
"Pax5","Pax5","neonate",0.155897940763604,0.0349988134663399,716431.5,0.503995061572066,0.303764571292788,0.479957650679729,4.01433691756272,3.23846908734053
"Lgr5","Lgr5","neonate",0.150055978213949,0.0348045380968139,715671,0.503460065212574,0.362497152119634,0.534308450488613,3.79928315412186,3.14033366045142
"Tnxb","Tnxb","neonate",0.291145708723193,0.0344872177940301,715740.5,0.503508957056078,0.514080870582175,0.676172332414813,7.59856630824373,6.96761530912659
"Lag3","Lag3","neonate",0.300450793491123,0.0344351598250278,716049,0.503725980562854,0.489531489972872,0.65161935314146,7.67025089605735,6.96761530912659
"Ptgs2","Ptgs2","neonate",0.172760077500997,0.0342531338248219,716055.5,0.503730553181311,0.36385823554841,0.534308450488613,4.44444444444444,3.72914622178607
"Foxp3","Foxp3","neonate",0.18903688000315,0.0335265534379491,716935.5,0.50434961537244,0.319970459298774,0.494641852182155,5.08960573476702,4.2198233562316
"Fgf13","Fgf13","neonate",0.154811229491358,0.0334381063688723,716269.5,0.503881097850518,0.317767946585354,0.493528674953776,4.01433691756272,3.23846908734053
"Tigit","Tigit","neonate",0.403774940539501,0.0334103118038706,715525,0.503357357167228,0.591660200604325,0.732607357820216,10.4659498207885,9.9116781157998
"Tnxa","Tnxa","neonate",0.236825640440698,0.0333157898834809,716801.5,0.504255349084245,0.380521412380522,0.549825866874464,6.23655913978495,5.39744847890088
"Ier3","Ier3","neonate",0.632196593932328,0.0332326070627961,715482,0.503327107537434,0.659504302083117,0.77538418535008,15.9856630824373,15.5053974484789
"Pdcd1","Pdcd1","neonate",0.278418716030554,0.0332110730457945,716858,0.504295095690835,0.410614798613267,0.577408962224862,7.24014336917563,6.37880274779195
"Il10rb","Il10rb","neonate",0.451054542059259,0.0328404213491691,716900,0.504324641840866,0.512696009059673,0.675241639408843,11.8996415770609,11.0893032384691
"Nlrp3","Nlrp3","neonate",0.169764759320347,0.0326420207671308,715689,0.503472727848302,0.391054198330773,0.561788235930519,4.3010752688172,3.63101079489696
"Stmn1","Stmn1","neonate",1.15393391553046,0.0325146993838297,717178.5,0.504520560954763,0.634255933240801,0.76095447104823,28.673835125448,28.7536800785083
"Mt2","Mt2","neonate",0.495636203080165,0.032450492042522,714636.5,0.502732315398117,0.684281045514347,0.793288607416051,12.1863799283154,11.7762512266928
"Tnfsf10","Tnfsf10","neonate",0.283146081313637,0.0322176005213447,716504.5,0.504046415594739,0.443293039412258,0.606259479141319,7.38351254480287,6.57507360157017
"Pgr","Pgr","neonate",0.158664409157593,0.0317036299926252,715536.5,0.503365447184498,0.393880464507524,0.563316594772068,4.08602150537634,3.43473994111874
"Egf","Egf","neonate",0.0931644046461718,0.0314015288340059,716253.5,0.503869842174315,0.19171260211451,0.348155672692471,2.43727598566308,1.66830225711482
"Inhba","Inhba","neonate",0.223045787411749,0.0313831236529939,717147.5,0.504498753082121,0.344081581502145,0.517222075123414,6.02150537634409,5.10304219823356
"Col11a1","Col11a1","neonate",0.231108390603578,0.0313589967320916,717605,0.504820595073531,0.320500136920433,0.494641852182155,6.30824372759857,5.29931305201178
"Cd81","Cd81","neonate",1.0010947404733,0.0313453754560383,715422.5,0.503285250491556,0.716453657401279,0.816386331917552,25.2329749103943,24.6319921491658
"Tagln","Tagln","neonate",0.279612583225293,0.0308349637209737,714711.5,0.502785076380315,0.595728252191135,0.732607357820216,7.16845878136201,6.67320902845927
"Cd83","Cd83","neonate",0.397239122391426,0.0305781326935315,715590.5,0.503403435091681,0.585903310521423,0.730182000737324,10.4659498207885,9.8135426889107
"Epha2","Epha2","neonate",0.321113950120616,0.030341125555773,715126,0.503076668741932,0.584277066407378,0.729066627294313,8.31541218637993,7.75269872423945
"Ctnnb1","Ctnnb1","neonate",1.21803405180552,0.0302416534182572,717023,0.504411169851671,0.647848971256225,0.769502910315631,30.2508960573477,29.9313052011776
"H2-DMb2","H2-DMb2","neonate",0.733758812559858,0.0301783032299044,714873,0.502898688361983,0.717475176830944,0.816386331917552,18.2795698924731,18.1550539744848
"Met","Met","neonate",0.141988274959196,0.0298613381804644,715744.5,0.503511770975128,0.349838040618325,0.520579890293238,3.72759856630824,3.04219823356232
"Wnt5b","Wnt5b","neonate",0.348081739285174,0.0293311276344039,715804.5,0.503553979760887,0.542074445253949,0.703708622289307,9.03225806451613,8.34151128557409
"Clcf1","Clcf1","neonate",0.293319216304578,0.0292814544103369,715767,0.503527599269788,0.515118519617569,0.676644484925845,7.74193548387097,7.0657507360157
"Il17rb","Il17rb","neonate",0.12752031841014,0.028998199957928,714524,0.502653173924819,0.446210561946653,0.608579931957336,3.15412186379928,2.64965652600589
"Vhl","Vhl","neonate",0.422097204723851,0.0289352168324561,714283,0.502483635302021,0.699587660280885,0.803558637442446,11.0394265232975,10.6967615309127
"Coro1b","Coro1b","neonate",0.712645358002021,0.0288719142151925,715282.5,0.503186763324786,0.691845929105415,0.797422417708785,18.494623655914,18.2531894013739
"Cd36","Cd36","neonate",0.678743273212831,0.0287150360631828,716361.5,0.503945817988681,0.616388626615444,0.747614915736736,17.7777777777778,17.0755642787046
"H2-M3","H2-M3","neonate",1.35345989649715,0.0286413649052153,717088.5,0.504457247776125,0.656387786960286,0.773675032489564,33.8351254480287,33.5623159960746
"Itgax","Itgax","neonate",4.10914954342485,0.0286181609034584,727414,0.511721028065325,0.324596499439995,0.498648243361594,100,100
"Psd3","Psd3","neonate",0.174364653177896,0.0285984829580826,716395,0.50396938456073,0.347414121853637,0.519298170147041,4.73118279569892,3.92541707556428
"Ffar3","Ffar3","neonate",0.241432934295033,0.0283331859954405,714727,0.502795980316636,0.570794683962955,0.724586106749504,6.30824372759857,5.78999018645731
"Fgfr3","Fgfr3","neonate",0.742801023816532,0.0280285337330373,716197.5,0.503830447307607,0.636799499186916,0.762188238680563,19.2114695340502,18.2531894013739
"Itk","Itk","neonate",0.325354972662407,0.0280057663638189,716511.5,0.504051339953078,0.468056293336877,0.630610978995765,8.31541218637993,7.45829244357213
"Inha","Inha","neonate",0.24809228190412,0.0279907372265258,714281,0.502482228342496,0.621362487079362,0.749091172452386,6.52329749103943,6.08439646712463
"Cotl1","Cotl1","neonate",1.3261403807098,0.0279387473703876,716582,0.504100935276344,0.674967612523318,0.787797025202542,31.326164874552,31.207065750736
"Reg1","Reg1","neonate",0.298633224810286,0.0273810091381891,716152.5,0.503798790718288,0.48776991706506,0.650915369979398,7.95698924731183,7.16388616290481
"Brca1","Brca1","neonate",0.519217006263256,0.0270378630104139,716325,0.503920140977344,0.578189569946054,0.726013855461229,13.7634408602151,12.9538763493621
"Il2ra","Il2ra","neonate",0.221910977990559,0.0265921013187353,716342,0.503932100133309,0.409882882530565,0.577193833168041,6.02150537634409,5.20117762512267
"Rara","Rara","neonate",0.215739048723982,0.02639651098043,714235.5,0.502450220013296,0.603842054392297,0.737456557325644,5.73476702508961,5.29931305201178
"Ica1","Ica1","neonate",0.272716771155423,0.0261103746703346,714545,0.502667946999835,0.611286691991482,0.74232988053046,7.16845878136201,6.67320902845927
"Cald1","Cald1","neonate",0.375574227292186,0.0260824567175212,714266.5,0.502472027885938,0.687430004467025,0.794022829736597,9.96415770609319,9.61727183513248
"Spry2","Spry2","neonate",0.295856328189075,0.0256271927869103,713785,0.502133302380224,0.693878841513696,0.798518541698909,7.59856630824373,7.26202158979392
"Prss2","Prss2","neonate",0.194844181122248,0.0256058700359037,712080.5,0.500934221124794,0.831595079456687,0.91050481738541,4.80286738351255,4.71050049067713
"Cd24a","Cd24a","neonate",0.422618111698682,0.0255326871999985,714448,0.502599709462858,0.686775559617402,0.794022829736597,11.1111111111111,10.6967615309127
"Celsr1","Celsr1","neonate",0.295692348566866,0.0254144973562277,713729,0.502093907513516,0.700710388967549,0.803922045800514,7.67025089605735,7.36015701668302
"Dll4","Dll4","neonate",0.138241090737588,0.0249676864245446,715773.5,0.503532171888245,0.341363433984161,0.516212573826939,3.65591397849462,2.94406280667321
"Ccl28","Ccl28","neonate",0.0905337053534668,0.0249483968829705,714550,0.502671464398648,0.362829985965537,0.534308450488613,2.29390681003584,1.76643768400393
"Tpi1","Tpi1","neonate",1.33633027432428,0.0249336157899303,717046,0.504427349886212,0.658914310972823,0.77538418535008,33.7634408602151,33.954857703631
"Eif5a","Eif5a","neonate",1.31627046382653,0.0248875525958183,715546,0.503372130242243,0.732756592270161,0.829089965442824,32.4014336917563,31.9921491658489
"Eomes","Eomes","neonate",0.13885776886801,0.0246223317572551,714564.5,0.502681664855206,0.475294874395582,0.636065758083752,3.65591397849462,3.14033366045142
"Bmp7","Bmp7","neonate",0.185214719927852,0.0240829756808838,712745,0.501401683427072,0.746584654131792,0.839171251600222,4.73118279569892,4.51422963689892
"Col14a1","Col14a1","neonate",0.226302093778362,0.0234808649217195,714948.5,0.502951801084062,0.544330174200409,0.705718054197409,6.16487455197133,5.5937193326791
"Gata3","Gata3","neonate",0.893866703779895,0.0228415190419784,715923.5,0.503637693852642,0.673431918407665,0.787117963250225,22.5089605734767,21.3935230618253
"Ephb3","Ephb3","neonate",0.232014908131378,0.0223822882430754,715173.5,0.503110084030658,0.526997636250777,0.686819141623562,6.30824372759857,5.6918547595682
"Cd5l","Cd5l","neonate",0.190097462007404,0.0222936034667248,713881,0.502200836437438,0.619194868186042,0.748799964105694,5.01792114695341,4.61236506378803
"Il34","Il34","neonate",0.185032123459861,0.0221076526869122,714735,0.502801608154737,0.518300338881977,0.678143619245842,4.87455197132617,4.31795878312071
"S100a9","S100a9","neonate",0.2520286075726,0.0218036826801838,715384,0.503258166520695,0.518040655896939,0.678143619245842,6.66666666666667,5.98626104023552
"Myl7","Myl7","neonate",0.236770924364076,0.0217597064078047,716716.5,0.50419555330442,0.363887099179306,0.534308450488613,5.66308243727599,4.80863591756624
"Rxra","Rxra","neonate",0.390789383417423,0.0216635964176263,712466,0.501205412573294,0.846752266609065,0.918531487642141,10.179211469534,10.107948969578
"Ifi44l","Ifi44l","neonate",0.316367207072095,0.0213727181354392,715284,0.50318781854443,0.574342196086663,0.725412168349601,8.53046594982079,7.85083415112856
"Kit","Kit","neonate",0.282958821844309,0.0213028926505341,713481,0.501919444532379,0.719762874378664,0.816386331917552,7.38351254480287,7.0657507360157
"Psca","Psca","neonate",0.320212610253217,0.0212834409843727,713649,0.502037629132504,0.718356819405459,0.816386331917552,8.31541218637993,7.94896957801766
"Calb1","Calb1","neonate",0.109398330700076,0.0211984099274858,714414,0.502575791150928,0.4366973905873,0.600384805566283,2.8673835125448,2.35525024533857
"Txk","Txk","neonate",0.489650729887925,0.0210739257483885,714139,0.5023823342162,0.728720215651989,0.825606880687538,12.831541218638,12.3650637880275
"Rela","Rela","neonate",0.587206527360372,0.0210256879988813,711770.5,0.500716142398374,0.923108767552596,0.958686917968686,14.9820788530466,15.3091265947007
"Ldb2","Ldb2","neonate",0.26809501811525,0.02054022303008,716064,0.503736532759294,0.472872492238085,0.634527422289867,7.16845878136201,6.37880274779195
"Itgb4","Itgb4","neonate",0.0982369509443524,0.0202916621823046,713326.5,0.501810756909051,0.562929529770867,0.719925027248005,2.5089605734767,2.15897939156035
"Nrxn3","Nrxn3","neonate",0.175893632270528,0.0200728238510711,713979.5,0.502270129194058,0.594334407743351,0.732607357820216,4.6594982078853,4.2198233562316
"Acvr1b","Acvr1b","neonate",0.311580481301185,0.0193743240103549,713376.5,0.501845930897183,0.743303012268655,0.83642562441518,8.24372759856631,7.94896957801766
"Hilpda","Hilpda","neonate",0.782319485149141,0.0191459940207419,714260,0.502467455267481,0.767013614780295,0.855746791537858,20.2867383512545,19.8233562315996
"Ldlr","Ldlr","neonate",0.432312382404324,0.0190941750487067,711476,0.500508967608274,0.9378341521033,0.968288600894363,11.1827956989247,11.2855740922473
"Anxa4","Anxa4","neonate",1.11427582766272,0.0189810629755396,714708,0.502782614201146,0.768072032985814,0.855746791537858,28.0286738351254,28.2630029440628
"Cxcl9","Cxcl9","neonate",0.326456850301372,0.018009904566068,711660,0.500638407884601,0.91006703461792,0.954087101486926,8.17204301075269,8.14524043179588
"Vim","Vim","neonate",1.79763702806568,0.017624598677884,710195.5,0.499608161772206,0.970518656874979,0.980351672648789,41.2903225806452,40.1373895976447
"Sorbs1","Sorbs1","neonate",1.09784545586678,0.0174243921358865,713742,0.50210305275043,0.821536156576007,0.904052481353509,27.2401433691756,27.0853778213935
"Itgav","Itgav","neonate",0.24718200207545,0.0173643053003839,712618,0.501312341497216,0.797602067697368,0.883565846104751,6.66666666666667,6.47693817468106
"Ahr","Ahr","neonate",0.354827417843646,0.017244031781899,712614.5,0.501309879318047,0.824809738519342,0.905655626986546,9.10394265232975,8.93032384690873
"Bmp2","Bmp2","neonate",0.148320217517645,0.0167403154584604,713706.5,0.502078079218856,0.59666717607825,0.732607357820216,3.9426523297491,3.53287536800785
"Camp","Camp","neonate",0.10195886755585,0.0166870774520779,713424.5,0.50187969792579,0.564342892042624,0.719925027248005,2.72401433691756,2.35525024533857
"Srebf1","Srebf1","neonate",0.177597629701269,0.0164019885562835,711665.5,0.500642277023296,0.881313508610339,0.945823001167393,4.58781362007168,4.51422963689892
"Havcr1","Havcr1","neonate",0.25261807672101,0.0163540523756243,714995.5,0.502984864632907,0.552545331867386,0.712661961024299,6.59498207885305,5.98626104023552
"Ets1","Ets1","neonate",0.676647545123237,0.0163128993701517,713124.5,0.501668653996996,0.830775813594031,0.91050481738541,17.2043010752688,16.9774288518155
"Nod2","Nod2","neonate",0.362331773522676,0.0154814054952811,711739,0.50069398278585,0.907044444350248,0.951919274754945,9.10394265232975,9.12659470068695
"Adgrl1","Adgrl1","neonate",0.257834778250779,0.0153341619362434,713789.5,0.502136468039156,0.677173571312516,0.787797025202542,6.81003584229391,6.37880274779195
"Nt5c3","Nt5c3","neonate",0.391327016725819,0.0149560745279375,714470,0.502615186017636,0.676617869598689,0.787797025202542,10.5376344086022,9.9116781157998
"Rarb","Rarb","neonate",0.15817326561695,0.0149360311335916,713192.5,0.501716490620856,0.671637829470331,0.78594238965014,4.15770609318996,3.82728164867517
"Cuzd1","Cuzd1","neonate",0.17276546783149,0.0148110851283103,712784.5,0.501429470877697,0.737384459562907,0.83164288029889,4.58781362007168,4.31795878312071
"Ramp1","Ramp1","neonate",0.444608913635516,0.0144528999141708,713495,0.501929293249056,0.768848231265471,0.855746791537858,11.5412186379928,11.1874386653582
"Slc2a1","Slc2a1","neonate",0.541881132281241,0.0136312167405181,711964.5,0.500852617472327,0.904770411879775,0.951919274754945,13.7634408602151,13.738959764475
"Snai2","Snai2","neonate",0.117688564497051,0.013320086675635,713440,0.501890601862111,0.59472890985429,0.732607357820216,3.2258064516129,2.8459273797841
"Serpinb5","Serpinb5","neonate",0.254452371902116,0.0133151821392484,712742.5,0.501399924727665,0.785027804151383,0.871573185678095,6.73835125448029,6.47693817468106
"Cxcl5","Cxcl5","neonate",0.273937193831489,0.013070521962713,712985.5,0.501570870309988,0.769056294100222,0.855746791537858,7.38351254480287,7.0657507360157
"Ackr1","Ackr1","neonate",0.234684179300186,0.0129765517861861,714200,0.502425246481722,0.62292702411116,0.750070341834331,6.30824372759857,5.78999018645731
"Ifnar2","Ifnar2","neonate",0.601096434966092,0.0127266437690015,711645.5,0.500628207428043,0.932914323117814,0.965852108150011,15.2688172043011,15.4072620215898
"Hsd17b2","Hsd17b2","neonate",0.189819752005256,0.0124952177799937,713690,0.502066471802772,0.64075406778657,0.764152877491878,5.01792114695341,4.61236506378803
"S100a2","S100a2","neonate",0.775687685448618,0.0121184898823128,713366,0.501838544359675,0.824296317635835,0.905655626986546,20,19.5289499509323
"Apoc1","Apoc1","neonate",0.729525948406293,0.0117084542791703,712296.5,0.501086172753525,0.893418872221759,0.947594271920312,18.9247311827957,18.5475956820412
"Hdac3","Hdac3","neonate",0.30203640108102,0.0114520090734935,711458,0.500496304972547,0.928869341879162,0.962663964504703,7.88530465949821,7.85083415112856
"Eng","Eng","neonate",0.886704550604514,0.0112752546205097,712216.5,0.501029894372514,0.905516369820822,0.951919274754945,22.2939068100358,22.3748773307164
"Adgrv1","Adgrv1","neonate",0.118500149812903,0.0111975139203268,711388.5,0.500447413129043,0.898541467843558,0.951004080084955,3.01075268817204,2.94406280667321
"Nlrc4","Nlrc4","neonate",0.162327537307294,0.0109637181362034,712744.5,0.501401331687191,0.734295319778766,0.82909675404239,4.3010752688172,4.02355250245339
"Gdf15","Gdf15","neonate",0.629586971714413,0.0106360461287719,711961,0.500850155293158,0.911623940323025,0.954715408090395,16.3440860215054,16.2904808635918
"Stat4","Stat4","neonate",0.593911284172441,0.0103243539816734,712294.5,0.501084765794,0.884661265353718,0.946360432405796,15.4838709677419,15.3091265947007
"Fkbp11","Fkbp11","neonate",0.234631732312236,0.0100994932482887,711239.5,0.500342594644409,0.944672779396684,0.968288600894363,6.09318996415771,6.08439646712463
"Selplg","Selplg","neonate",1.05260225717815,0.00988569303853226,712034.5,0.500901861055712,0.921933049844361,0.958686917968686,26.0931899641577,26.3002944062807
"Ndufa4l2","Ndufa4l2","neonate",1.18675758064494,0.00987692185122402,712462.5,0.501202950394125,0.899865547054145,0.95139549354505,29.3189964157706,29.0480863591757
"Ptgis","Ptgis","neonate",0.167662952298127,0.00977447900856479,712232.5,0.501041150048716,0.806229632362194,0.8911429528438,4.51612903225806,4.31795878312071
"Csf1","Csf1","neonate",0.379749919971935,0.00915169405001409,711918.5,0.500820257403245,0.894614748119643,0.947854308050249,10.0358422939068,9.9116781157998
"Trp53","Trp53","neonate",0.404901045396682,0.00914462435234464,712383.5,0.501147375492875,0.856850169932063,0.926550563364715,10.6810035842294,10.5004906771344
"Ptgs1","Ptgs1","neonate",0.228015499337311,0.00864554992147795,712185.5,0.501008086499872,0.834386129034269,0.912152380095577,5.87813620071685,5.6918547595682
"Cd244a","Cd244a","neonate",0.276212455064895,0.0086180644793184,713277.5,0.501776286400681,0.73921408622076,0.832764343459998,7.38351254480287,6.96761530912659
"Mapk14","Mapk14","neonate",0.390592984872855,0.00857544410438366,712043,0.500907840633695,0.885520106708364,0.946360432405796,10.4659498207885,10.3042198233562
"Lgals3","Lgals3","neonate",0.650135470868938,0.00854330210473542,711737,0.500692575826325,0.927503253004608,0.962248432097392,16.1290322580645,15.9960745829244
"Btk","Btk","neonate",0.219619630078203,0.00851333802191082,710281.5,0.499668661031794,0.945251098180485,0.968288600894363,5.73476702508961,5.88812561334642
"Lyn","Lyn","neonate",0.308207653689911,0.00843175790361778,711606,0.500600419977418,0.914604168901462,0.955828465822598,8.02867383512545,7.94896957801766
"Wnt7b","Wnt7b","neonate",0.485604300351524,0.00815127377433833,712657.5,0.501340128947841,0.845978922374667,0.918531487642141,12.9032258064516,12.5613346418057
"Cd3g","Cd3g","neonate",0.553601335228185,0.00790750188798683,712556,0.501268725751932,0.858322263247419,0.927136832565197,13.7634408602151,13.5426889106968
"Cdkn3","Cdkn3","neonate",0.105159897755699,0.00731012133891148,709137,0.498863528443446,0.733457722688637,0.829089965442824,2.58064516129032,2.8459273797841
"Tnfsf4","Tnfsf4","neonate",0.111009192269555,0.00705446908670733,710895,0.500100245866177,0.977116444039251,0.982041426116062,2.93906810035842,2.94406280667321
"Gzma","Gzma","neonate",0.293418430406346,0.00670452421469031,714506,0.502640511289091,0.620677089094043,0.749091172452386,7.45519713261649,6.86947988223749
"Wnt7a","Wnt7a","neonate",0.136289011555209,0.00565547439995404,710926.5,0.5001224054787,0.974076191083784,0.981853109347201,3.44086021505376,3.43473994111874
"Sdc1","Sdc1","neonate",0.298805755857926,0.00560806226065641,711004,0.500176925160305,0.974887412351868,0.981853109347201,8.02867383512545,8.04710500490677
"Calm2","Calm2","neonate",0.892657209540809,0.00556265395115829,711604,0.500599013017893,0.945467663784804,0.968288600894363,22.9390681003584,22.7674190382728
"Mthfd1l","Mthfd1l","neonate",0.2057078005939,0.00554168556641207,711582,0.500583536463115,0.900999701533932,0.951585489861579,5.51971326164875,5.39744847890088
"Cyp1b1","Cyp1b1","neonate",0.5730635896766,0.00548465751356975,711167,0.500291592361617,0.968745839538031,0.980351672648789,15.1971326164875,15.2109911678116
"Birc3","Birc3","neonate",1.08849282358694,0.00515862329287042,711729.5,0.500687299728105,0.941626254978892,0.968288600894363,27.6702508960573,27.6741903827282
"Pdgfd","Pdgfd","neonate",0.202905771658488,0.00506237972740087,711758,0.50070734890134,0.879265451529769,0.94464186980084,5.44802867383513,5.29931305201178
"Fgf1","Fgf1","neonate",0.170982346893333,0.00474868687611615,710637,0.499918748087414,0.984719798667402,0.987691790011469,4.37275985663082,4.41609421000981
"Il6ra","Il6ra","neonate",0.254448276049401,0.00460345517196351,711555,0.500564542509523,0.913682321033523,0.955828465822598,6.88172043010753,6.77134445534838
"Casp8","Casp8","neonate",0.457477497439561,0.00403652148941452,709626,0.499207530047379,0.906005812869474,0.951919274754945,11.8279569892473,12.1687929342493
"Tnfrsf13b","Tnfrsf13b","neonate",0.964958984594161,0.00353380784082136,711563,0.500570170347625,0.949361469642952,0.970782959214383,24.5161290322581,24.3375858684985
"Scg5","Scg5","neonate",0.23128471500629,0.0034272412088876,711754.5,0.500704886722171,0.887111986486556,0.946360432405796,6.23655913978495,6.08439646712463
"Pds5a","Pds5a","neonate",0.498289404756581,0.00306583603717225,710245,0.499642984020457,0.959156927904118,0.974800669847508,12.9749103942652,13.1501472031403
"Pcna","Pcna","neonate",0.76793454104334,0.00283915379587907,711121.5,0.500259584032416,0.9749594566236,0.981853109347201,19.7132616487455,19.6270853778214
"Gsn","Gsn","neonate",1.7266856895947,0.00278079133738052,709607,0.499194163931889,0.939218612693131,0.968288600894363,40.8602150537634,39.7448478900883
"Fos","Fos","neonate",0.368661045744897,0.00274685058884017,710160,0.499583188240632,0.945950950121474,0.968288600894363,9.74910394265233,9.9116781157998
"Cd33","Cd33","neonate",0.249318218577521,0.00164956441717198,710471,0.499801970446815,0.969267618882136,0.980351672648789,6.59498207885305,6.67320902845927
"Lair1","Lair1","neonate",0.355717545924475,0.00162664624674558,711007,0.500179035599593,0.976245952662912,0.982041426116062,9.31899641577061,9.32286555446516
"Epha4","Epha4","neonate",0.0918357934298745,0.00159793173478477,710674,0.499944776838632,0.986244326802759,0.988226727459649,2.43727598566308,2.45338567222767
"Il12a","Il12a","neonate",0.219564226119261,0.00115946969462472,710392,0.499746395545566,0.958235507929776,0.974800669847508,5.80645161290323,5.88812561334642
"Pdgfc","Pdgfc","neonate",0.256147869789498,0.00107714233368694,710038.5,0.499497715449471,0.922959214600874,0.958686917968686,6.73835125448029,6.86947988223749
"Pten","Pten","neonate",0.298543533589937,0.0010035805831391,710102.5,0.49954273815428,0.934769675346665,0.966769052199819,7.88530465949821,8.04710500490677
"Nlrc5","Nlrc5","neonate",0.550323723141288,0.000958602763790006,708992,0.498761523877862,0.863233282808388,0.930425540084918,13.8351254480287,14.3277723258096
"Cd3e","Cd3e","neonate",0.451756653361386,0.000957051190295821,709505,0.499122408996099,0.892644254838301,0.947594271920312,11.0394265232975,11.2855740922473
"S100a4","S100a4","neonate",0.498327839060298,0.00063686932580409,711460.5,0.500498063671953,0.942633629925886,0.968288600894363,12.9032258064516,12.7576054955839
"Tpm2","Tpm2","neonate",0.496746329455329,0.00030251126144698,709377,0.499032363586481,0.888622278309073,0.946360432405796,12.6881720430108,12.9538763493621
"Braf","Braf","neonate",0.133838168133334,0.000238078799118219,710440,0.499780162574173,0.95444483175779,0.973983108764091,3.584229390681,3.63101079489696
"Rb1","Rb1","neonate",0.513650160373549,0.00016330809995313,711203.5,0.500317269372953,0.964142781547746,0.978870013445115,13.4767025089606,13.3464180569185
"Pdgfb","Pdgfb","neonate",0.372806136688268,-8.6986844694048e-05,709041.5,0.498796346126113,0.844415355359497,0.918531487642141,9.60573476702509,10.0098135426889
"Fgf12","Fgf12","neonate",0.068664772789836,-0.000116417763418891,710920.5,0.500118184600124,0.965522898438411,0.979273987531125,1.7921146953405,1.76643768400393
"Fasn","Fasn","neonate",0.292918729796183,-0.000294669932411451,710180,0.499597257835885,0.942262142498936,0.968288600894363,7.81362007168459,7.94896957801766
"Tox","Tox","neonate",0.820944450485979,-0.000932417885531001,710687.5,0.499954273815428,0.995733362110346,0.995733362110346,21.0752688172043,21.099116781158
"Gsk3b","Gsk3b","neonate",1.39125839315473,-0.000944195869639231,710639,0.49992015504694,0.993748200987482,0.994745940145099,35.1254480286738,35.1324828263003
"H2-DMb1","H2-DMb1","neonate",0.903930856361238,-0.00301293821423154,710073,0.499521985501282,0.956236493310645,0.974800669847508,22.3655913978495,22.7674190382728
"Azgp1","Azgp1","neonate",0.673274259372701,-0.00331581964040861,710990,0.500167076443628,0.983142657089152,0.987102949766249,17.7060931899642,17.3699705593719
"Arhgdib","Arhgdib","neonate",0.611182444430933,-0.00336373853582417,708574.5,0.498467821076957,0.840597154835088,0.916931469770878,15.84229390681,16.48675171737
"Smad2","Smad2","neonate",0.148593705833443,-0.00340635543184367,710445,0.499783679972986,0.957870048645482,0.974800669847508,4.08602150537634,4.12168792934249
"Trmt5","Trmt5","neonate",0.157044473906851,-0.00347115362716333,710148.5,0.499575098223362,0.918839516733708,0.958245813999484,4.22939068100358,4.31795878312071
"Col16a1","Col16a1","neonate",0.165501896067418,-0.0036342695454509,711613,0.500605344335757,0.887610442641392,0.946360432405796,4.58781362007168,4.41609421000981
"Ifnl2/3","Ifnl2/3","neonate",0.607637633664893,-0.0036674299795153,708906.5,0.498701376358156,0.863776227021215,0.930425540084918,15.6989247311828,16.0942100098135
"Dnmt3a","Dnmt3a","neonate",0.322339764878005,-0.00404212642290708,708228.5,0.498224417079082,0.759687382595754,0.851020584772996,8.45878136200717,8.93032384690873
"Crp","Crp","neonate",0.09091039327971,-0.00503767183869137,708849.5,0.498661278011685,0.676609303768078,0.787797025202542,2.36559139784946,2.64965652600589
"Fgg","Fgg","neonate",0.153074757342453,-0.00508707014620588,709619,0.499202605689041,0.847591743862357,0.918531487642141,4.15770609318996,4.31795878312071
"Gadd45b","Gadd45b","neonate",0.374840356254148,-0.00523507107843274,707607.5,0.497787556146479,0.719289092009743,0.816386331917552,9.60573476702509,10.2060843964671
"Krt80","Krt80","neonate",0.350105344147359,-0.00619629211275141,709504,0.499121705516337,0.883685025707891,0.946360432405796,9.24731182795699,9.42100098135427
"Cd37","Cd37","neonate",0.788768763207112,-0.00630218789781123,709326.5,0.498996837858467,0.903593986471623,0.951919274754945,19.6415770609319,20.0196270853778
"Nosip","Nosip","neonate",0.739976693592828,-0.00650441215704634,709533,0.499142106429453,0.916316548117555,0.956615286359375,19.1397849462366,19.0382728164867
"Cd69","Cd69","neonate",0.705183751191149,-0.00666071951757774,708325,0.498292302876177,0.831965785996097,0.91050481738541,18.2078853046595,18.7438665358194
"Cd40lg","Cd40lg","neonate",0.824886843452442,-0.00690920626482983,709824.5,0.499347170780265,0.93865990258529,0.968288600894363,21.0035842293907,21.099116781158
"Gzmb","Gzmb","neonate",0.265771012777936,-0.0073774910991567,710297.5,0.499679916707996,0.950739696674761,0.971196186049935,6.73835125448029,6.77134445534838
"Cfd","Cfd","neonate",0.822055624322289,-0.00775286436606748,708753,0.498593392214589,0.868468587520974,0.934048739760962,21.0035842293907,21.2953876349362
"Rarres2","Rarres2","neonate",0.403375937592155,-0.00784916277301967,709538.5,0.499145975568148,0.891883215047174,0.947594271920312,10.2508960573477,10.4023552502453
"Ccl26","Ccl26","neonate",0.737423284866723,-0.00925854461541076,709115.5,0.498848403628549,0.887917038899324,0.946360432405796,19.0681003584229,19.234543670265
"Nanog","Nanog","neonate",0.838878794968078,-0.00956844526276435,709551,0.499154769065181,0.921335025912653,0.958686917968686,21.505376344086,21.5897939156035
"Pecam1","Pecam1","neonate",1.25879053591819,-0.00969462014117961,709121.5,0.498852624507124,0.906744076261072,0.951919274754945,31.1827956989247,31.6977428851816
"Pfn1","Pfn1","neonate",3.19503741129677,-0.00971454498621105,711374,0.500437212672484,0.970301911809704,0.980351672648789,69.7491039426523,69.9705593719333
"Iapp","Iapp","neonate",0.135631742107546,-0.00977804503758001,708002,0.498065078912842,0.618460422148861,0.748799964105694,3.51254480286738,3.92541707556428
"Actg2","Actg2","neonate",0.67570972515971,-0.0106502636848987,708152,0.498170600877239,0.817382495935915,0.901200087851262,17.4910394265233,18.0569185475957
"Krt8","Krt8","neonate",0.424567924225621,-0.0121082234508991,706711,0.497156886539266,0.656498573205788,0.773675032489564,10.3942652329749,11.1874386653582
"Apoa1","Apoa1","neonate",0.215041004811297,-0.0122606067604426,708249.5,0.498239190154097,0.716737436396063,0.816386331917552,5.73476702508961,6.08439646712463
"Irf3","Irf3","neonate",0.497220694935214,-0.0126652829374897,708446.5,0.498377775667338,0.818040200105709,0.901200087851262,13.2616487455197,13.6408243375859
"Cflar","Cflar","neonate",0.40080955462699,-0.013218483705052,706891.5,0.497283864636424,0.670919242429756,0.78594238965014,10.4659498207885,11.0893032384691
"Ifngr2","Ifngr2","neonate",0.52099845320405,-0.0134757792582831,704901,0.495883588168877,0.565397488801592,0.719925027248005,13.405017921147,14.6221786064769
"Gcg","Gcg","neonate",0.476128759762984,-0.0135953754044759,708302,0.498276122841636,0.803213354767217,0.888794355941083,12.6881720430108,13.0520117762512
"Nr3c1","Nr3c1","neonate",0.398797751952616,-0.0141764349170803,709040,0.498795290906469,0.851049110276017,0.921276832730933,10.752688172043,10.8930323846909
"Abl2","Abl2","neonate",0.718224367692888,-0.0141841354614228,708772.5,0.498607110069961,0.864166549767938,0.930425540084918,18.9247311827957,19.0382728164867
"Meg3","Meg3","neonate",0.582556512458839,-0.0142544757152498,705879,0.496571591376745,0.645420467604962,0.767880914322372,14.8387096774194,15.8979391560353
"Adgrf1","Adgrf1","neonate",0.210547455593976,-0.0143752463806381,707351,0.49760711358736,0.619618826867801,0.748799964105694,5.59139784946237,6.08439646712463
"Ybx3","Ybx3","neonate",0.24629848575846,-0.0145859488567816,707445.5,0.49767359242493,0.654038766878342,0.772602666561264,6.59498207885305,7.0657507360157
"Saa1/2","Saa1/2","neonate",0.659335380949635,-0.0157165312171469,708575.5,0.49846852455672,0.846144404837362,0.918531487642141,17.4910394265233,17.6643768400393
"Apc","Apc","neonate",0.160171103046876,-0.0158930222759815,708970.5,0.498746399062965,0.766702856210505,0.855746791537858,4.3010752688172,4.51422963689892
"Hsp90ab1","Hsp90ab1","neonate",1.03399281963158,-0.0161957003119428,708116,0.498145275605784,0.840244643027515,0.916931469770878,25.9498207885305,26.4965652600589
"Cntfr","Cntfr","neonate",0.129938015330018,-0.0177511137878137,707724,0.497869511538827,0.583430888847696,0.728923052858588,3.51254480286738,3.92541707556428
"Fgf9","Fgf9","neonate",0.128983971617839,-0.0178534291877895,706066.5,0.496703493832241,0.398664865736865,0.567002669243444,3.44086021505376,4.12168792934249
"Sfn","Sfn","neonate",0.720469312880551,-0.017899812075167,707266.5,0.497547669547416,0.762639376793353,0.853368640474717,18.5663082437276,19.234543670265
"Fzd1","Fzd1","neonate",0.161913532561751,-0.0182827059530622,705484,0.4962937168705,0.378148068671308,0.549825866874464,4.01433691756272,4.80863591756624
"Fau","Fau","neonate",2.28415598831761,-0.0191254156981775,712988,0.501572629009395,0.889407949011265,0.946360432405796,53.5483870967742,54.7595682041217
"Slc40a1","Slc40a1","neonate",0.268403502294978,-0.0195793911467755,705146.5,0.496056292450607,0.469083177439556,0.631141603113681,7.16845878136201,8.04710500490677
"Bst1","Bst1","neonate",0.698934367573375,-0.0197191205109333,707726,0.497870918498352,0.791540987349991,0.877826879185696,18.494623655914,18.4494602551521
"Ikzf3","Ikzf3","neonate",0.661248554151726,-0.0197426613067728,707268,0.49754872476706,0.755872259447208,0.8476992605949,17.3476702508961,17.7625122669284
"Csf3r","Csf3r","neonate",0.188794723532152,-0.0203399790313251,707288,0.497562794362313,0.595167409083307,0.732607357820216,5.01792114695341,5.49558390578999
"Stat5a","Stat5a","neonate",0.509578866753779,-0.0208483689461261,705391,0.496228293252574,0.592174878984624,0.732607357820216,12.9749103942652,13.9352306182532
"Cxcl14","Cxcl14","neonate",0.29222512073467,-0.0212031787941168,706147.5,0.496760475693016,0.568149318185087,0.722506212028739,7.95698924731183,8.63591756624141
"Gzmg","Gzmg","neonate",0.205373558022096,-0.0222278565502135,707225.5,0.497518826877148,0.604314952191626,0.737456557325644,5.51971326164875,5.98626104023552
"Csf1r","Csf1r","neonate",0.429243801970344,-0.0223960647514254,705830.5,0.496537472608257,0.602462589277077,0.737000247250609,11.3978494623656,12.1687929342493
"Ifih1","Ifih1","neonate",0.684555506219563,-0.022521802780797,706525,0.497026039303414,0.709955636855117,0.813592839016726,17.921146953405,18.4494602551521
"Cd63","Cd63","neonate",0.652750452302337,-0.0226406358450326,705740,0.496473807689737,0.650870158787552,0.770685924360082,16.6308243727599,17.5662414131501
"Clec4d","Clec4d","neonate",0.853886702810322,-0.0228087006870459,706253,0.496834692807975,0.714031958676006,0.816386331917552,21.7921146953405,22.4730127576055
"Rora","Rora","neonate",0.534197322713388,-0.0229899502313666,706039.5,0.49668449987865,0.64909924531138,0.769502910315631,14.1935483870968,14.9165848871443
"Arg1","Arg1","neonate",0.533382131291936,-0.0231258164891209,705931,0.496608172324403,0.63995133098974,0.764152877491878,14.0501792114695,14.720314033366
"Ifnar1","Ifnar1","neonate",0.421584843438979,-0.023176109957688,707006.5,0.497364764809128,0.688100024967322,0.794022829736597,11.1827956989247,11.6781157998037
"H2-Ab1","H2-Ab1","neonate",2.2862820989713,-0.0232193149661137,705847,0.49654908002434,0.753477550589805,0.845965222903193,47.0967741935484,47.3012757605496
"Atp5e","Atp5e","neonate",1.1860848300103,-0.0234380403808621,707540.5,0.497740423002381,0.814688123974758,0.899495082616649,29.3906810035842,30.7163886162905
"Alcam","Alcam","neonate",0.682111536510612,-0.0234768541579721,706108.5,0.496733039982272,0.681466113927325,0.791866801381752,17.6344086021505,18.351324828263
"Tfeb","Tfeb","neonate",0.225271816468882,-0.0237034744426796,706564,0.497053475014158,0.557660278208372,0.715774663698146,6.09318996415771,6.67320902845927
"Tpsb2","Tpsb2","neonate",0.220339933181998,-0.0239772692962207,706591.5,0.49707282070763,0.557830404908184,0.715774663698146,6.02150537634409,6.57507360157017
"Ccr6","Ccr6","neonate",0.77500703969507,-0.0243083637582552,705262.5,0.496137896103074,0.644410710582387,0.767595553704468,20,20.8047105004907
"Il21","Il21","neonate",0.200658972517697,-0.0246408162163179,706695.5,0.497145982602945,0.549751756216399,0.709977332833873,5.44802867383513,5.98626104023552
"Clock","Clock","neonate",0.175539407879283,-0.0246923134778535,704582,0.495659178124593,0.332745121257525,0.505711716301451,4.58781362007168,5.49558390578999
"Lgals1","Lgals1","neonate",0.903780084338517,-0.0248871365030405,706285.5,0.496857555900261,0.718673143226542,0.816386331917552,22.2939068100358,23.1599607458292
"Rac1","Rac1","neonate",1.39908747717467,-0.0253393300065798,704515,0.495612044980496,0.664594484477977,0.780448411100758,34.6236559139785,35.1324828263003
"Bmp3","Bmp3","neonate",0.742426013452717,-0.0253855083170946,706477.5,0.496992624014689,0.715099755107264,0.816386331917552,19.3548387096774,19.8233562315996
"Npr2","Npr2","neonate",0.256290494204546,-0.0257612728538345,706526.5,0.497027094523058,0.573273767904074,0.725322267259342,6.81003584229391,7.36015701668302
"Thsd4","Thsd4","neonate",0.189983873676708,-0.0259297109652955,704544,0.495632445893613,0.342761006894116,0.516212573826939,4.87455197132617,5.78999018645731
"Zfp36","Zfp36","neonate",0.813831501668867,-0.0267811666083484,705900,0.496586364451761,0.6879403454298,0.794022829736597,20.8602150537634,21.5897939156035
"Adgra3","Adgra3","neonate",0.211520722204102,-0.026864058883522,705628.5,0.496395369696202,0.460538240195215,0.623007632937083,5.66308243727599,6.37880274779195
"Gpr183","Gpr183","neonate",0.449551559492376,-0.0269487539005138,704084.5,0.495309196942677,0.488349745982537,0.650915369979398,11.7562724014337,12.855740922473
"Carmn","Carmn","neonate",0.250544417905399,-0.0270316503621353,703437.5,0.494854045536245,0.328244035486863,0.503475851354466,6.52329749103943,7.65456329735034
"Mlh1","Mlh1","neonate",0.152232596178633,-0.0277637989852522,704367.5,0.495508281715506,0.291963338186133,0.466255124367994,4.08602150537634,5.00490677134446
"Tert","Tert","neonate",0.139538245555129,-0.028076692640425,705344,0.496195229703729,0.344961197451346,0.517222075123414,3.65591397849462,4.41609421000981
"Prdm1","Prdm1","neonate",0.176764325442625,-0.0281093605506802,704129.5,0.495340853531996,0.296589725920043,0.471610776303482,4.51612903225806,5.49558390578999
"Serpina1a","Serpina1a","neonate",0.60027023634496,-0.0282977498685265,705848,0.496549783504103,0.648813088524899,0.769502910315631,15.6989247311828,16.1923454367026
"Ccrl2","Ccrl2","neonate",0.655344449011485,-0.0284185770888946,705510,0.496312007344329,0.640258873286401,0.764152877491878,17.2043010752688,18.0569185475957
"Inhbb","Inhbb","neonate",0.76246349962418,-0.0286767260842109,705489.5,0.496297586009194,0.653696205068895,0.772602666561264,19.3548387096774,20.0196270853778
"Clec1a","Clec1a","neonate",0.383533756978593,-0.0288843757508487,707109.5,0.497437223224681,0.683281762630757,0.793052290271088,10.179211469534,10.5004906771344
"Krt4","Krt4","neonate",0.255008243545602,-0.0290393968345645,704696.5,0.495739726557416,0.419570927228414,0.584234936378113,6.66666666666667,7.55642787046124
"Tnfrsf21","Tnfrsf21","neonate",0.746628383472707,-0.0291244595935517,706139.5,0.496754847854914,0.694398771968861,0.798518541698909,19.5698924731183,19.8233562315996
"Itga3","Itga3","neonate",0.182587653983897,-0.0293608421208747,705173,0.496074934664317,0.388519574056154,0.558952403079344,4.80286738351255,5.5937193326791
"Srgn","Srgn","neonate",1.39408909885005,-0.0300550573973108,703985,0.495239200706294,0.636813242548554,0.762188238680563,34.1935483870968,34.7399411187439
"Igf1","Igf1","neonate",0.555321106680829,-0.0300927234483404,704508,0.495607120622158,0.55365210195015,0.713166854837596,14.6953405017921,15.7016683022571
"Cdh19","Cdh19","neonate",0.0513441831382651,-0.0303518918392,704616.5,0.495683448176405,0.100887402439814,0.232297321553104,1.29032258064516,2.15897939156035
"Aif1","Aif1","neonate",0.621246936628636,-0.0303639074913072,704719,0.495755554852076,0.579765195759455,0.72707660399016,15.9856630824373,16.8792934249264
"Mmp14","Mmp14","neonate",0.921785188025655,-0.0307545029949835,704704,0.495745002655636,0.6330016925372,0.760364683686251,23.584229390681,24.5338567222767
"Krt23","Krt23","neonate",0.733432494506281,-0.0311018782639823,705717.5,0.496457979395078,0.66566722827569,0.780788501871603,19.1397849462366,19.5289499509323
"Myl9","Myl9","neonate",0.31742144472248,-0.0329495085065585,703032.5,0.494569136232373,0.351498254044356,0.522270878214938,8.24372759856631,9.42100098135427
"Ctla4","Ctla4","neonate",0.530312048504102,-0.0345108434270029,704400.5,0.495531496547673,0.536715505270807,0.698570964432108,13.9068100358423,14.720314033366
"Tm4sf1","Tm4sf1","neonate",0.53374975042331,-0.0348976350288907,704984.5,0.495942328729058,0.576684166700504,0.726013855461229,14.1218637992832,14.8184494602552
"Clec14a","Clec14a","neonate",0.984158871807854,-0.0350073972694986,704037,0.495275781653951,0.60233330098478,0.737000247250609,24.6594982078853,25.8096172718351
"Epha3","Epha3","neonate",0.486337292385191,-0.0351953294613078,704774.5,0.495794597978903,0.545437189109445,0.706225115655693,12.6881720430108,13.4445534838077
"Cxcl16","Cxcl16","neonate",0.688619872741558,-0.0354127292670997,704590,0.495664805962694,0.582034013056002,0.728586774989872,17.0609318996416,18.0569185475957
"Tpt1","Tpt1","neonate",2.41373318402949,-0.0355143018213027,694705,0.488710908508939,0.31766852867128,0.493528674953776,53.9784946236559,53.5819430814524
"Kdr","Kdr","neonate",0.747201016676743,-0.0356914169207193,704087.5,0.495311307381965,0.572471348565651,0.725227362795367,19.4982078853047,20.6084396467125
"Fyn","Fyn","neonate",0.703453929642709,-0.0372548886162937,704144.5,0.495351405728436,0.565240190782681,0.719925027248005,18.2078853046595,19.234543670265
"Muc1","Muc1","neonate",0.698103358189072,-0.0373110306057918,704677,0.495726008702045,0.5963365067298,0.732607357820216,18.3512544802867,18.8420019627085
"Ccr1","Ccr1","neonate",0.348870022875371,-0.0383108902036097,701573,0.493542407518792,0.287635394822839,0.465053183747486,8.96057347670251,10.4023552502453
"Ifng","Ifng","neonate",0.501678851180548,-0.0385926538467609,704062.5,0.495293720387899,0.507220459517955,0.66998501548464,13.2616487455197,14.1315014720314
"Ifna","Ifna","neonate",0.777124880403752,-0.040282030998313,702912,0.494484366920975,0.509790627815826,0.672303248587803,19.9283154121864,20.9028459273798
"Wnt11","Wnt11","neonate",0.703121950817961,-0.0404084351675857,704048.5,0.495283871671222,0.560647915199914,0.718465258938707,18.5663082437276,19.0382728164867
"Klrb1c","Klrb1c","neonate",0.153083438692684,-0.0405156408738258,703475.5,0.494880777767226,0.231779712574471,0.398302379494708,4.08602150537634,5.10304219823356
"Blk","Blk","neonate",0.885066483432456,-0.0405297018735716,703565,0.494943739205982,0.564818144636009,0.719925027248005,22.7240143369176,23.5525024533857
"Tubb4b","Tubb4b","neonate",1.08267978244978,-0.0406601359700569,703286.5,0.494747820092086,0.577765211490037,0.726013855461229,27.5268817204301,28.9499509322866
"Bmp5","Bmp5","neonate",0.316169819974194,-0.0409855520029165,702470.5,0.494173780605766,0.319621046236814,0.494641852182155,8.31541218637993,9.51913640824337
"Cd84","Cd84","neonate",0.640917239709345,-0.0424894374714755,702327,0.494072831259827,0.449956815063361,0.610349584514518,16.8458781362007,17.9587831207066
"Maml2","Maml2","neonate",0.979840529206622,-0.0425037461563881,702833,0.494428792019726,0.540112572526343,0.702075925435155,24.8028673835125,26.1040235525025
"Cmklr1","Cmklr1","neonate",0.778179422909648,-0.042507511314079,702817,0.494417536343523,0.507360768997897,0.66998501548464,20.2150537634409,21.2953876349362
"Fes","Fes","neonate",0.858716408629225,-0.04263491929601,703535,0.494922634813103,0.556928993563185,0.715774663698146,21.5770609318996,22.8655544651619
"Tnfrsf19","Tnfrsf19","neonate",0.462303074924929,-0.0429658927239301,702869.5,0.494454469031062,0.420751195940392,0.584474723163688,12.258064516129,13.3464180569185
"Tcap","Tcap","neonate",0.346694537345566,-0.0430124001438087,703158.5,0.494657774682467,0.365530201616259,0.534547866550366,8.53046594982079,9.61727183513248
"Fcgbp","Fcgbp","neonate",0.429362761335912,-0.0435195970935118,703187.5,0.494678175595584,0.42692966630437,0.59117899625758,11.5412186379928,12.4631992149166
"Il2rb","Il2rb","neonate",0.515505828605514,-0.0436896626411661,701489,0.493483315218729,0.355937706163579,0.526513194428914,12.831541218638,14.3277723258096
"Nr1h2","Nr1h2","neonate",1.37616377158885,-0.0437416100311827,703067,0.494593406284185,0.592634217449865,0.732607357820216,34.2652329749104,35.2306182531894
"Cdh11","Cdh11","neonate",0.356740674005759,-0.0437786880368651,703309,0.494763648386745,0.398457092780271,0.567002669243444,9.60573476702509,10.5986261040236
"Dpp4","Dpp4","neonate",0.514279910979671,-0.0439373338695733,703031.5,0.494568432752611,0.448718273199418,0.609702234156694,13.5483870967742,14.5240431795878
"Ttn","Ttn","neonate",0.192904434739296,-0.0444286510565258,702729.5,0.494355981864292,0.235223464543088,0.402694231190498,5.16129032258065,6.28066732090285
"Mecom","Mecom","neonate",0.489677456212325,-0.0445238851652202,701990,0.493835758579815,0.38317946113231,0.552865300649658,12.9749103942652,14.2296368989205
"Ezh2","Ezh2","neonate",0.501710569726594,-0.0455607490319575,701920.5,0.493786866736311,0.380044113086415,0.549825866874464,13.0465949820789,14.2296368989205
"Cystm1","Cystm1","neonate",0.496190340927935,-0.0459433355452137,702617,0.494276840390994,0.413787515794898,0.579691069142837,12.7598566308244,13.8370951913641
"Cd14","Cd14","neonate",1.18042710079559,-0.0461029994837023,701960,0.493814654186936,0.521480479696436,0.680518374682391,29.6774193548387,30.5201177625123
"Rgs5","Rgs5","neonate",0.719550360470376,-0.0461452509868975,702867,0.494452710331656,0.494839759526452,0.656931078891974,18.4229390681004,19.5289499509323
"Gm13889","Gm13889","neonate",0.363072320425122,-0.0466483950810725,702308,0.494059465144336,0.342513873143962,0.516212573826939,9.74910394265233,10.8930323846909
"Chek1","Chek1","neonate",0.564686434355601,-0.0476211422588375,701829.5,0.49372285007791,0.400039011667222,0.568146573550171,14.8387096774194,15.9960745829244
"Il21r","Il21r","neonate",0.293518192713708,-0.0479167488735913,700028,0.492455531285504,0.182719336369414,0.337979922746394,7.52688172043011,9.12659470068695
"Il12rb1","Il12rb1","neonate",0.922249743461557,-0.0482129960063765,702064.5,0.493888167822132,0.493327324790705,0.655796457088443,23.5125448028674,24.8282630029441
"Vegfd","Vegfd","neonate",0.4592717170019,-0.0482987889190888,702814,0.494415425904235,0.416828392753103,0.581227842762019,12.258064516129,13.2482826300294
"Kir3dl1/2","Kir3dl1/2","neonate",0.719457015716879,-0.0497076871276481,701319.5,0.493364075398961,0.414563422566542,0.579691069142837,18.4229390681004,19.6270853778214
"Ace","Ace","neonate",0.874771092198957,-0.0502908143787923,702375.5,0.494106950028315,0.500486100954272,0.662662208036399,22.5806451612903,23.1599607458292
"Clec7a","Clec7a","neonate",0.721751537968695,-0.0504112614787984,700465,0.49276295194178,0.376056596254715,0.548140974365425,18.494623655914,20.1177625122669
"Pparg","Pparg","neonate",0.226647521550606,-0.0512612364910431,701014.5,0.493149514071354,0.180577044079088,0.335886777885916,6.02150537634409,7.36015701668302
"Il4ra","Il4ra","neonate",0.41225986431769,-0.0517003583064559,699627.5,0.492173787640564,0.236119789359102,0.4027919245996,10.8243727598566,12.5613346418057
"Itgb2","Itgb2","neonate",0.804501810142793,-0.0527507760611353,700499,0.49278687025371,0.394943129133074,0.563316594772068,20.4301075268817,21.8842001962709
"Il6st","Il6st","neonate",0.425138073307182,-0.0528043481012965,699966.5,0.492412267280101,0.256598541021553,0.425842358796517,11.1827956989247,12.855740922473
"Cd48","Cd48","neonate",0.446747677766865,-0.0544820179073034,700401.5,0.492718280976852,0.289737449815549,0.466099568119629,12.0430107526882,13.5426889106968
"Etv5","Etv5","neonate",0.70386646929214,-0.0545238383074599,700889,0.493061227361142,0.391925140130156,0.561945229813521,18.2078853046595,19.5289499509323
"Cd300a","Cd300a","neonate",0.398824557870051,-0.054628692707182,698246,0.491201930348469,0.175188835413318,0.330801645657344,10.2508960573477,12.2669283611384
"Pdgfa","Pdgfa","neonate",0.291786708219644,-0.0548127708761013,700181,0.492563163689189,0.195108692140457,0.35239740228992,7.81362007168459,9.32286555446516
"Cd2","Cd2","neonate",0.281542366014806,-0.0552610476960257,698582.5,0.491438651288599,0.121520023467482,0.261432131844114,7.02508960573477,8.83218842001963
"Emp3","Emp3","neonate",0.49568668996386,-0.0553982719347482,700093.5,0.492501609209957,0.291927422930663,0.466255124367994,13.0465949820789,14.6221786064769
"Serpina3a","Serpina3a","neonate",0.135348620489914,-0.0557333554924092,700428,0.492736923190562,0.0813133554995098,0.19869954762993,3.65591397849462,5.10304219823356
"Hdac5","Hdac5","neonate",1.08104232291704,-0.0563343076434251,701193,0.493275085208986,0.473951181403121,0.635120064326494,27.168458781362,28.5574092247301
"Oas2","Oas2","neonate",0.675889630398235,-0.0565599390759357,701301,0.493351061023352,0.405661223985973,0.575311863889069,17.6344086021505,18.8420019627085
"Lmna","Lmna","neonate",0.747324960055339,-0.0566055515135908,700096.5,0.492503719649245,0.365658620849899,0.534547866550366,19.1397849462366,20.8047105004907
"Tlr1","Tlr1","neonate",0.917389416742424,-0.0571376328053578,700830.5,0.493020073795027,0.435186459846153,0.599283011694219,23.6559139784946,25.0245338567223
"Acta2","Acta2","neonate",0.534926482742321,-0.0576223182157012,699275,0.491925811024231,0.260101951742058,0.428186136851475,13.1899641577061,15.0147203140334
"Atm","Atm","neonate",0.61074489792271,-0.0580296612770401,700456,0.492756620623916,0.349143083267515,0.520579890293238,16.2007168458781,17.468105986261
"Etv4","Etv4","neonate",0.465805660156237,-0.0582033193480823,699530.5,0.492105550103587,0.254389049359387,0.424407365286713,12.1863799283154,13.8370951913641
"Clec12a","Clec12a","neonate",0.263918467339432,-0.0583834749055749,699399.5,0.492013394254681,0.146612966699908,0.292346255599617,7.02508960573477,8.63591756624141
"Myl4","Myl4","neonate",0.858259009914704,-0.0586461604374152,701809,0.493708428742776,0.466997276043554,0.630610978995765,21.8637992831541,22.5711481844946
"Esam","Esam","neonate",0.897149228996941,-0.0588122403353515,699677.5,0.492208961628696,0.379768586973519,0.549825866874464,23.1541218637993,24.4357212953876
"C1qb","C1qb","neonate",0.753313032130698,-0.0591084914039957,700983.5,0.493127706198712,0.394797988279489,0.563316594772068,17.9928315412186,19.4308145240432
"Plac8","Plac8","neonate",0.45830136805998,-0.0605900037205944,701240,0.493308148757831,0.317798805737537,0.493528674953776,11.3978494623656,12.6594700686948
"Ccl2","Ccl2","neonate",0.470381734030593,-0.0608941311176646,700755.5,0.492967312812829,0.310619843725079,0.489238521633339,12.4014336917563,13.6408243375859
"Tnfrsf1a","Tnfrsf1a","neonate",0.539440196474777,-0.0612806462656539,696886,0.49024519787127,0.184292793109554,0.339003532712592,13.8351254480287,16.0942100098135
"Ccl22","Ccl22","neonate",0.574613454702702,-0.0614198889942106,700681.5,0.492915255310393,0.337761755259774,0.51177579026443,14.336917562724,15.8979391560353
"Col5a1","Col5a1","neonate",0.501083740102228,-0.0615903669771852,699223,0.491889230076574,0.258550942147938,0.426780280333599,13.3333333333333,14.9165848871443
"Akt1","Akt1","neonate",1.00278810554335,-0.0617384426696104,699906.5,0.492370058494342,0.407420455565943,0.576003232358468,25.663082437276,27.0853778213935
"Havcr2","Havcr2","neonate",0.462628116812413,-0.0617952907492104,698964.5,0.49170738055793,0.236342302799164,0.4027919245996,12.5448028673835,14.1315014720314
"Cxcl10","Cxcl10","neonate",0.832983924560163,-0.0629857130660583,699479,0.492069320895811,0.354322550523322,0.525683903082964,21.0035842293907,22.3748773307164
"Ankrd1","Ankrd1","neonate",0.520082904837802,-0.0636217104914764,699246.5,0.491905761850996,0.265444813144529,0.434562362405739,13.7634408602151,15.3091265947007
"Tgfb1","Tgfb1","neonate",1.45500821569671,-0.0636248070764891,699328,0.491963095451652,0.43719094166612,0.600384805566283,36.7025089605735,38.567222767419
"Gpx3","Gpx3","neonate",0.722736355946416,-0.063759802644606,699170.5,0.491852297389035,0.320213479808507,0.494641852182155,18.5663082437276,20.3140333660451
"Jchain","Jchain","neonate",1.25878285988522,-0.064349385251431,700166.5,0.49255296323263,0.44474917953771,0.607417715067256,30.1075268817204,32.090284592738
"Krt19","Krt19","neonate",0.273221880049289,-0.0655259515865876,698779,0.491576885061959,0.12671973831368,0.265978061260503,7.02508960573477,8.73405299313052
"Itga5","Itga5","neonate",0.809894785290015,-0.0655554004025679,698137,0.49112525105434,0.30279327669706,0.479182375979316,21.1469534050179,22.963689892051
"Rarres1","Rarres1","neonate",0.773181353086855,-0.0661002817272082,698606.5,0.491455534802903,0.310611216148926,0.489238521633339,20,21.6879293424926
"Fn1","Fn1","neonate",0.518523979132216,-0.0662210639389306,701297,0.493348247104301,0.355358512074709,0.5264374985713,13.6917562724014,14.6221786064769
"Krt14","Krt14","neonate",0.469628740903499,-0.0666798900945811,698454,0.491348254139099,0.212899152408748,0.374859962937246,12.258064516129,13.9352306182532
"Ciita","Ciita","neonate",0.840896438052701,-0.06768107243648,700716.5,0.492939877102085,0.407881927828564,0.576003232358468,20.9318996415771,21.98233562316
"Clec4e","Clec4e","neonate",0.522901119609621,-0.0678211844877573,697833.5,0.490911744946377,0.210603907997269,0.372290950839144,13.6200716845878,15.4072620215898
"Rac2","Rac2","neonate",0.535924129694748,-0.0685428505945408,697032,0.490347905916617,0.182041813597067,0.337352580216126,13.3333333333333,15.5053974484789
"Col12a1","Col12a1","neonate",0.487145413718119,-0.0687557883276483,695504,0.489272988839294,0.131129144206144,0.27179991013207,12.6164874551971,15.1128557409225
"Map2k1","Map2k1","neonate",0.508726873006548,-0.0690130577238276,697585.5,0.490737281965241,0.19694827861752,0.355076733782401,13.1899641577061,15.1128557409225
"Ccr2","Ccr2","neonate",0.383629693740467,-0.0699569547067364,699158,0.491843503892002,0.202715547257134,0.362849911338174,10.1075268817204,11.6781157998037
"Tnfrsf11a","Tnfrsf11a","neonate",0.441655831562533,-0.070698764965814,697117.5,0.490408053436323,0.160737636591208,0.309373404790415,11.6845878136201,13.6408243375859
"Btf3","Btf3","neonate",1.05520862336499,-0.0713234534650387,696398,0.489901899747099,0.283505187780856,0.460349629018752,27.2401433691756,28.9499509322866
"Itgb5","Itgb5","neonate",0.439397733500772,-0.0739961241431471,696198,0.48976120379457,0.133221269024811,0.273858979830385,11.5412186379928,13.6408243375859
"Osm","Osm","neonate",0.550091229039208,-0.0740434122072218,695623,0.489356702931048,0.149836619453051,0.296402995227563,14.0501792114695,16.2904808635918
"Itga1","Itga1","neonate",0.575063599307546,-0.0746753166903554,695863,0.489525538074083,0.168140364257505,0.320527615993753,15.1254480286738,17.2718351324828
"Rarg","Rarg","neonate",0.727476187911118,-0.0747864396423725,696543.5,0.490004256052564,0.228092085937158,0.394805225137754,19.0681003584229,21.0009813542689
"Vsir","Vsir","neonate",0.618072801090813,-0.0767299372489216,696649.5,0.490078824907404,0.198786723941799,0.357099754540494,15.84229390681,17.7625122669284
"Angpt2","Angpt2","neonate",0.331223681340161,-0.0772069072636562,696980.5,0.49031167670884,0.113410096772655,0.247960233513897,8.96057347670251,10.7948969578018
"Relt","Relt","neonate",1.00998120851393,-0.0773929270406741,696789.5,0.490177312074175,0.287801218026278,0.465053183747486,25.663082437276,27.6741903827282
"Htt","Htt","neonate",0.904567476181609,-0.0778816654231106,696288,0.489824516973208,0.255875920189483,0.425842358796517,23.5125448028674,25.4170755642787
"Fcer1g","Fcer1g","neonate",0.574598330220644,-0.0781286767887712,696097,0.489690152338543,0.169768407985451,0.322398290974276,14.6953405017921,16.7811579980373
"Mb","Mb","neonate",0.676088788252154,-0.0785660179563646,698241,0.491198412949655,0.269657426312566,0.440735170546932,17.4193548387097,18.8420019627085
"Col3a1","Col3a1","neonate",0.412542011647779,-0.0787598366440891,693715.5,0.488014815283801,0.0718207617637247,0.182819824799228,10.6810035842294,13.2482826300294
"Ppard","Ppard","neonate",0.598673224205354,-0.0790536865946629,696263,0.489806929979142,0.18810776301126,0.344116403160049,15.9856630824373,17.8606476938175
"Ms4a6b","Ms4a6b","neonate",0.656606764983801,-0.0793070319274937,699135.5,0.491827675597342,0.291308123974529,0.466255124367994,16.2007168458781,17.5662414131501
"Ctsw","Ctsw","neonate",0.352385849760439,-0.0830439319019077,696322,0.489848435285138,0.100355625547743,0.232297321553104,9.10394265232975,11.0893032384691
"Csf2rb","Csf2rb","neonate",0.687076456971964,-0.0832248306338076,696223,0.489778790788636,0.206045774654004,0.366361085636689,17.8494623655914,19.7252208047105
"Acvrl1","Acvrl1","neonate",0.862940764730226,-0.0834390677804048,695169.5,0.489037674858688,0.213185154448765,0.374859962937246,22.078853046595,24.8282630029441
"Il1rn","Il1rn","neonate",0.746544815422466,-0.0840940726282616,694680.5,0.488693673254755,0.17661740106599,0.332240658231682,19.4982078853047,21.4916584887144
"Fzd7","Fzd7","neonate",0.568106944510006,-0.0845300713413026,695018,0.488931097674648,0.143976083044082,0.289403537893043,14.9820788530466,17.1736997055937
"Col4a5","Col4a5","neonate",0.639678370175554,-0.0852783768953901,695188.5,0.489051040974179,0.167301613101261,0.319539670999917,16.989247311828,18.8420019627085
"Abl1","Abl1","neonate",0.826920645356296,-0.0857228763138295,694281,0.488412633089578,0.183126369901808,0.338087628178816,21.5770609318996,23.846908734053
"Cd93","Cd93","neonate",1.15447593628941,-0.0857891617873199,695929.5,0.489572319478299,0.27935075200972,0.454343719010915,29.0322580645161,31.207065750736
"H2-Aa","H2-Aa","neonate",1.40307679531411,-0.0864672149506283,697062.5,0.490369362049377,0.329830440287222,0.505132026061998,31.326164874552,33.6604514229637
"Spp1","Spp1","neonate",0.362945376809107,-0.0872915603936171,696307.5,0.48983823482858,0.103174193191227,0.234315878386455,9.31899641577061,11.2855740922473
"Ddr2","Ddr2","neonate",0.147898077260742,-0.0876941873431045,694150,0.488320477240671,0.00887981208513759,0.0442658632444109,3.9426523297491,6.28066732090285
"Cxcl17","Cxcl17","neonate",0.777624322865171,-0.0878541968070992,694276.5,0.488409467430646,0.170652670833846,0.323461431219286,20.1433691756272,21.98233562316
"Cxcr4","Cxcr4","neonate",0.63293818206414,-0.0879292537715026,694756.5,0.488747137716716,0.15503978253249,0.302228608603432,16.7741935483871,18.9401373895976
"Cr2","Cr2","neonate",0.774870681238413,-0.0887653599716259,694661.5,0.488680307139264,0.17951961620378,0.334544032439568,19.8566308243728,21.98233562316
"Col5a2","Col5a2","neonate",0.764517630317132,-0.0888362815181089,695147.5,0.48902219830391,0.190231536722117,0.346699724735967,19.7132616487455,21.3935230618253
"Fgf18","Fgf18","neonate",0.95296000584902,-0.0895977748637155,694163,0.488329622477585,0.200946448518919,0.360330232326191,24.7311827956989,26.7909715407262
"Tlr8","Tlr8","neonate",0.120311535495225,-0.0909202732381676,694076.5,0.488268771478116,0.00429513672457244,0.0263852247196052,3.15412186379928,5.49558390578999
"Ngfr","Ngfr","neonate",0.707304909486842,-0.0910834846102933,695002,0.488919841998445,0.176441178173973,0.332240658231682,18.5663082437276,20.3140333660451
"Adgrf5","Adgrf5","neonate",0.980725612372723,-0.0924205358959278,693581.5,0.487920548995607,0.187395335745416,0.344075782206592,24.8028673835125,27.3797841020608
"Crip1","Crip1","neonate",1.84419853484314,-0.0925264812558184,693034.5,0.487535745565439,0.245031710776985,0.414765052028276,42.0071684587814,43.6702649656526
"Hhex","Hhex","neonate",0.730785390836355,-0.0940964301631098,692639,0.487257519319313,0.124105985722644,0.262704177846022,18.5663082437276,21.5897939156035
"Atp5b","Atp5b","neonate",0.890263301866997,-0.0952175286385916,693662.5,0.487977530856381,0.177252523384139,0.332807468576245,22.8673835125448,25.5152109911678
"Tnnc1","Tnnc1","neonate",0.729421971951431,-0.0956704973214956,693420,0.487806937013939,0.139852815460816,0.283400928891126,18.6379928315412,21.099116781158
"Il33","Il33","neonate",0.752854966094216,-0.0960919646743462,694171,0.488335250315687,0.162620623265878,0.31179377191554,19.4982078853047,21.2953876349362
"Igf2r","Igf2r","neonate",1.12158119784817,-0.0967156714539419,693664.5,0.487978937815906,0.207153399968978,0.367494554749236,28.0286738351254,30.2257114818449
"Cd47","Cd47","neonate",1.08662181803125,-0.0974466639634701,692656.5,0.487269830215159,0.17813525153362,0.333209841986903,27.5268817204301,29.342492639843
"Ins1","Ins1","neonate",0.412188578016189,-0.0975086664136198,695852.5,0.489518151536576,0.111428317084717,0.24578325693244,10.6810035842294,12.5613346418057
"Smad4","Smad4","neonate",0.739543576071424,-0.0996422582602166,691889,0.486729909497329,0.113038572951979,0.247916612283294,19.3548387096774,21.7860647693817
"Rbpj","Rbpj","neonate",1.5205321991782,-0.101160503890784,695008,0.488924062877021,0.288500391572988,0.465428625239917,37.4910394265233,40.2355250245339
"Slpi","Slpi","neonate",0.192978122977446,-0.10271363993354,693348.5,0.48775663821091,0.0121862477300329,0.0542396829769766,4.94623655913978,7.36015701668302
"Egfr","Egfr","neonate",0.539393857795843,-0.103519741033219,691399,0.486385204413632,0.0676383610578693,0.175157002531677,14.1935483870968,16.7811579980373
"Fyb","Fyb","neonate",0.55466736441885,-0.104513943554542,694496.5,0.488564232978428,0.124801794279636,0.263060018809296,14.4802867383513,16.3886162904809
"Ryr2","Ryr2","neonate",0.381884319837987,-0.106334108441183,691198,0.48624380498134,0.0361037883342821,0.116114441836385,10.2508960573477,12.9538763493621
"C1qc","C1qc","neonate",0.45289365438598,-0.10672375439627,692142,0.486907889877278,0.0580285231705362,0.161154422286977,11.7562724014337,14.2296368989205
"Insr","Insr","neonate",0.711670695813511,-0.106795879225744,691239,0.486272647651609,0.0967664386515262,0.225939436383072,18.6379928315412,21.1972522080471
"Fzd3","Fzd3","neonate",0.55623520150698,-0.107465946956061,692096,0.486875529808196,0.0818462093781151,0.199512642420491,14.7670250896057,17.0755642787046
"Fzd5","Fzd5","neonate",0.831140108773311,-0.108895662800096,690762.5,0.485937439544708,0.104477387352388,0.236199444876034,21.0752688172043,23.846908734053
"Ccl4","Ccl4","neonate",0.875365908912493,-0.109107512780332,691462.5,0.48642987537856,0.124565754817128,0.263060018809296,22.3655913978495,24.9263984298332
"Smo","Smo","neonate",0.463913004902788,-0.10959028933998,691423,0.486402087927936,0.0531144303938299,0.15130024886471,12.258064516129,14.8184494602552
"Atr","Atr","neonate",0.888413083346626,-0.109720197534799,690412,0.485690869887901,0.107843594110725,0.240537054425935,22.7956989247312,25.4170755642787
"Tpm1","Tpm1","neonate",0.969062280278542,-0.110801961270856,692718.5,0.487313445960443,0.159950631500643,0.308454119160815,23.9426523297491,26.1040235525025
"S100a10","S100a10","neonate",1.22299560851921,-0.111060103701946,692425,0.487106974650107,0.190563138571023,0.346699724735967,30.6810035842294,33.7585868498528
"Nppc","Nppc","neonate",0.434249235423281,-0.11121692228796,691219.5,0.486258929796237,0.046037435204307,0.137648850590066,11.6129032258065,14.2296368989205
"Dusp5","Dusp5","neonate",1.09077161311718,-0.112112669879724,690194.5,0.485537863039525,0.127799753111109,0.267681415654991,27.5985663082437,30.1275760549558
"Xkr4","Xkr4","neonate",0.640988180573629,-0.113018987107948,689967,0.485377821393523,0.0659126892146673,0.172480186737594,16.7741935483871,19.4308145240432
"Itgal","Itgal","neonate",0.860461256406681,-0.114506895210503,690081,0.485458018086465,0.101346787667052,0.2328173901015,22.6523297491039,25.2208047105005
"Plac9","Plac9","neonate",0.786780686757557,-0.114891665545059,689151.5,0.484804133647085,0.0759327842958379,0.190011734157218,20.3584229390681,23.2580961727183
"Nrxn1","Nrxn1","neonate",0.379820804037817,-0.114918410007391,689977.5,0.485385207931031,0.0262152773922438,0.0924022335996627,10.2508960573477,13.0520117762512
"Adgrg3","Adgrg3","neonate",0.434217319000329,-0.11515208243561,689961.5,0.485373952254828,0.032207337026028,0.10632687091043,11.2544802867384,14.1315014720314
"Dcn","Dcn","neonate",0.616206146526861,-0.115838013627031,689559,0.485090801650364,0.0556711021061641,0.155473638094805,15.7706093189964,18.7438665358194
"Msr1","Msr1","neonate",0.446720353378632,-0.116687498608403,689329,0.484929001304955,0.0309269151928418,0.102808084640047,11.8996415770609,14.8184494602552
"Wnt5a","Wnt5a","neonate",0.384075785324652,-0.117203112009579,689194,0.484834031536998,0.0216820591760954,0.08066049626331,10.3225806451613,13.2482826300294
"Col8a1","Col8a1","neonate",0.588217163383882,-0.117345916129472,689017.5,0.484709867358891,0.0469699953452079,0.139788314504992,15.2688172043011,18.2531894013739
"Il17ra","Il17ra","neonate",0.448510347125191,-0.117621778321978,688595.5,0.484412998899054,0.0250206993913912,0.090056452322083,11.6845878136201,14.8184494602552
"Col1a1","Col1a1","neonate",1.01232449993107,-0.117808503524199,691090,0.486167829166974,0.13507914095627,0.276833564168313,25.7347670250896,27.8704612365064
"Vcam1","Vcam1","neonate",0.811425575458632,-0.120624160792264,687957,0.483963827070605,0.0635476617174757,0.169892346915512,20.8602150537634,23.846908734053
"Mrc1","Mrc1","neonate",0.396845296930047,-0.122540393400889,690879,0.486019394937056,0.033458211972409,0.109419214464336,10.3225806451613,12.9538763493621
"Krt7","Krt7","neonate",0.246190612589847,-0.122685877634192,689255,0.484876943802519,0.00598253648138383,0.0335089262468521,6.45161290322581,9.42100098135427
"Tnfrsf9","Tnfrsf9","neonate",1.17028388398682,-0.122811763919185,688935,0.484651830278472,0.113141483038013,0.247916612283294,29.1039426523297,32.1884200196271
"Tgfbr1","Tgfbr1","neonate",0.552030326909894,-0.122865992787197,688055,0.484032768087344,0.0334732802523795,0.109419214464336,14.2652329749104,17.3699705593719
"Tlr7","Tlr7","neonate",0.617345880927737,-0.122874025905339,687464.5,0.483617363287502,0.0378813300590475,0.119897416091652,16.1290322580645,19.5289499509323
"Nkg7","Nkg7","neonate",0.424382506345748,-0.123297430332163,691618,0.486539266481651,0.040292091387798,0.126723076068248,10.3225806451613,12.855740922473
"Jag1","Jag1","neonate",0.737536416336015,-0.123764443445454,687936.5,0.483949405735471,0.0554657075171312,0.155335141557808,19.1397849462366,22.1786064769382
"Cd59a","Cd59a","neonate",1.38368410474509,-0.123782965144052,689501,0.48504999982413,0.141873952205458,0.286913448983452,34.2652329749104,37.1933267909715
"Cx3cl1","Cx3cl1","neonate",0.531216964365447,-0.126667507533896,687033.5,0.483314163509801,0.0251155218266016,0.0900725728817331,13.8351254480287,17.2718351324828
"Erbb3","Erbb3","neonate",1.04517183030785,-0.127750178412348,687831,0.483875188620511,0.085485943783822,0.205498929064565,26.3082437275986,29.4406280667321
"Msh2","Msh2","neonate",0.787697207041509,-0.129392274203527,687860,0.483895589533628,0.060173788768126,0.163947126559715,20.4301075268817,23.2580961727183
"Aatk","Aatk","neonate",0.852221680295641,-0.129654209140683,687151,0.483396822381912,0.0595408707115316,0.163532363910184,22.078853046595,24.9263984298332
"Atg5","Atg5","neonate",0.94788358641621,-0.130770652595643,686801,0.483150604464986,0.064833798400858,0.171714423985054,24.2293906810036,27.47791952895
"Thbs2","Thbs2","neonate",0.534421549616824,-0.131683819397907,687599.5,0.483712333055459,0.0298971148301593,0.101042113510742,14.336917562724,17.1736997055937
"Tgfbi","Tgfbi","neonate",0.73502671999895,-0.132060796365878,686492,0.482933229218328,0.0425135184458968,0.131065374077685,19.2831541218638,22.4730127576055
"Adgre5","Adgre5","neonate",1.24629837359344,-0.132496238670847,687355,0.483540332253492,0.0952711774212355,0.223494973856404,30.6810035842294,34.1511285574092
"Tgfb2","Tgfb2","neonate",0.467994274519706,-0.133278413020465,686660,0.483051413818453,0.0176436112720306,0.0709301630573167,12.4731182795699,15.7016683022571
"Entpd1","Entpd1","neonate",0.916682495048015,-0.133289538600921,685861.5,0.48248968522798,0.0527204950815596,0.1506084057201,23.4408602150538,26.9872423945044
"Fhit","Fhit","neonate",0.33097093020038,-0.136954878185305,686878.5,0.483205124146591,0.00749475326170607,0.0395314547307415,8.96057347670251,12.1687929342493
"Fgfr1","Fgfr1","neonate",0.749637170681838,-0.136955245994876,685390.5,0.482158346259774,0.0352181471879318,0.114372940541915,19.6415770609319,22.8655544651619
"Sostdc1","Sostdc1","neonate",0.641785102895355,-0.137321679167048,685808,0.482452049060679,0.0278936572187753,0.0962282915125226,16.6308243727599,20.0196270853778
"Ccnd1","Ccnd1","neonate",0.542614666785121,-0.138646185966647,685550.5,0.482270903021797,0.0187441030632903,0.0730347630347403,14.336917562724,17.6643768400393
"Xbp1","Xbp1","neonate",1.07718601847224,-0.140668615258205,684521,0.481546670606153,0.0537399838985663,0.152212397576337,27.8136200716846,31.3052011776251
"Sec23a","Sec23a","neonate",0.516386295691186,-0.140844759678014,685029.5,0.481904390065459,0.0146873590095145,0.0625781920191709,13.6917562724014,17.0755642787046
"Fzd8","Fzd8","neonate",1.06190176068002,-0.142594145120901,684734,0.481696511795597,0.0517783023985594,0.149199328009722,26.594982078853,29.7350343473994
"Icosl","Icosl","neonate",1.18850678468054,-0.143718648219823,686279.5,0.482783739768766,0.0793448099261414,0.195808850238522,30.1075268817204,33.6604514229637
"Hgf","Hgf","neonate",0.667062529279092,-0.144309210557426,683852,0.481076042644943,0.0199765724868696,0.0760429455359862,17.3476702508961,21.099116781158
"Hdac4","Hdac4","neonate",0.544234218613737,-0.144524483945516,682670,0.480244529565496,0.0095671079773008,0.0467568953596515,14.4802867383513,18.4494602551521
"Igfbp5","Igfbp5","neonate",0.622657278067522,-0.146726388445002,684252,0.481357434550002,0.0188196081185689,0.0730347630347403,16.3440860215054,19.8233562315996
"G6pd2","G6pd2","neonate",0.676905537239407,-0.14725343372525,684122,0.481265982180858,0.0218217035081124,0.0807555259159841,17.5627240143369,21.2953876349362
"Pdgfrb","Pdgfrb","neonate",0.954151215096431,-0.148843273972776,684837,0.481768970211149,0.0452300486445996,0.135826381020078,23.7992831541219,27.6741903827282
"Cd164","Cd164","neonate",0.729395288039595,-0.149077746663342,682757.5,0.480306084044727,0.0192470108613241,0.0743770148400779,18.8530465949821,23.0618253189401
"Spink1","Spink1","neonate",0.732897943603711,-0.150472342603582,683732.5,0.480991976813307,0.0232130174750949,0.0844648847542687,18.9247311827957,22.3748773307164
"Gas6","Gas6","neonate",0.672499390267864,-0.150610356607118,682673.5,0.480246991744665,0.0155972305972298,0.0651478236337474,17.4193548387097,21.4916584887144
"Ldha","Ldha","neonate",1.47830569501754,-0.150617597916384,685374,0.48214673884369,0.0871928166804512,0.208035266784421,36.8458781362007,41.2168792934249
"Col9a2","Col9a2","neonate",0.766148332850191,-0.150901035467374,683799,0.481038758217523,0.0262285176616896,0.0924022335996627,20,23.2580961727183
"Oas1a/g","Oas1a/g","neonate",1.0862353557607,-0.151432612113838,683310,0.480694756613589,0.0435934753709415,0.132913440198253,27.6702508960573,31.5014720314033
"Olfm4","Olfm4","neonate",0.679274427845258,-0.151996588088127,683366,0.480734151480297,0.0184462568980849,0.0726913759975915,17.5627240143369,21.3935230618253
"Runx3","Runx3","neonate",0.607637347659078,-0.152496674326062,682963.5,0.480451000875832,0.0119315299916713,0.0535252614519411,15.2688172043011,19.234543670265
"Anxa2","Anxa2","neonate",0.675505183163172,-0.153033057242304,682606.5,0.480199858600568,0.0156171813926435,0.0651478236337474,17.6344086021505,21.4916584887144
"Vcan","Vcan","neonate",0.540366998329948,-0.155310634050859,682057.5,0.479813648210875,0.00757322753618017,0.0395314547307415,14.2652329749104,17.9587831207066
"Cd4","Cd4","neonate",0.961917027555545,-0.156584669578225,682683,0.48025367480241,0.0304749074393472,0.102301288609526,24.0860215053763,27.6741903827282
"Il7","Il7","neonate",0.791686979700425,-0.156621174179033,682196,0.479911080158002,0.019934800052542,0.0760429455359862,20.5017921146953,24.1413150147203
"Ccr5","Ccr5","neonate",0.335879975555534,-0.156730838632588,681622.5,0.479507634514124,0.00105843284354191,0.00929729156597877,8.45878136200717,12.6594700686948
"Nusap1","Nusap1","neonate",0.888331078272628,-0.156808206433232,682211.5,0.479921984094323,0.0253291755572496,0.0905132187475908,23.010752688172,26.4965652600589
"Cd55","Cd55","neonate",0.703313124024902,-0.157938039911402,682698,0.48026422699885,0.0170477611675302,0.0693144214338063,18.3512544802867,21.6879293424926
"Cryab","Cryab","neonate",0.582290582387662,-0.158209915117082,684303,0.481393312017897,0.0152002525671445,0.0642146263111994,14.910394265233,18.351324828263
"Vegfc","Vegfc","neonate",0.433453639706291,-0.160121378087714,679202.5,0.477805213488521,0.0015047098536338,0.0121967132038447,11.2544802867384,15.7998037291462
"Ptges3","Ptges3","neonate",0.899081658418036,-0.16233860003713,680084,0.478425330899293,0.0169929396483457,0.0693144214338063,23.2974910394265,27.1835132482826
"Il13ra1","Il13ra1","neonate",0.69851084472342,-0.163069767732375,680828.5,0.478949071582583,0.0114032551073593,0.0521515841377854,18.3512544802867,22.3748773307164
"Cd8b1","Cd8b1","neonate",0.426712114323897,-0.163306210052755,684972.5,0.481864291718988,0.00773299359189856,0.0399471223374242,10.9677419354839,14.3277723258096
"Ar","Ar","neonate",0.582850328431971,-0.163759410720887,681849.5,0.479667324420245,0.00906155111468788,0.0447245864422961,15.4838709677419,19.1364082433759
"Il2rg","Il2rg","neonate",0.897401005705109,-0.164372873431088,680333.5,0.478600849100073,0.0179810600582402,0.0717084675122618,23.2974910394265,27.2816486751717
"Igha","Igha","neonate",0.599401895998806,-0.165027874636224,681017,0.479081677517842,0.00737197898720302,0.0393249925583884,15.4838709677419,19.3326790971541
"Cd68","Cd68","neonate",1.93048163086321,-0.166025860106239,679128.5,0.477753155986085,0.0435168553737362,0.132913440198253,46.3799283154122,49.7546614327772
"Sell","Sell","neonate",0.617509438107641,-0.16701849762617,681997.5,0.479771439425116,0.0101417048125969,0.0487674113903593,15.84229390681,19.6270853778214
"Il18r1","Il18r1","neonate",0.378597638981698,-0.168336619506449,683287.5,0.48067892831893,0.00334405673209839,0.0220796328602788,9.96415770609319,13.5426889106968
"Ncr1","Ncr1","neonate",1.04532911148918,-0.169601345096905,681603,0.479493916658753,0.0283256167972209,0.0967423028875899,25.7347670250896,29.7350343473994
"Gpx1","Gpx1","neonate",1.73195965907192,-0.170864815535904,682728,0.480285331391729,0.0637309305380155,0.169892346915512,39.7849462365591,43.5721295387635
"Clec2d","Clec2d","neonate",1.54082115044606,-0.172682351508706,679426,0.477962441215472,0.0365377167081922,0.116756742173294,38.4229390681004,42.2963689892051
"Rag1","Rag1","neonate",0.645266372797172,-0.173147345769946,679087.5,0.477724313315817,0.00589746072154461,0.0332190301659886,16.9175627240143,21.099116781158
"Ddr1","Ddr1","neonate",0.546520390270961,-0.178042446988074,677668,0.476725723792741,0.00234277700212301,0.0166839190794046,14.336917562724,18.9401373895976
"Foxf1","Foxf1","neonate",0.723734680981174,-0.17893915182349,678795.5,0.477518897225124,0.00754034102599256,0.0395314547307415,18.9247311827957,22.963689892051
"Cd8a","Cd8a","neonate",0.402088358193457,-0.180185569904794,682141,0.479872388771056,0.00227440295307254,0.0164317372769082,9.89247311827957,13.738959764475
"Rigi","Rigi","neonate",0.659567166670482,-0.181176235675444,676950.5,0.476220977063042,0.0036307020085799,0.023658888251988,17.2043010752688,21.8842001962709
"Nlrp2","Nlrp2","neonate",0.620541061457811,-0.182740289630443,678386,0.477230822262321,0.00418748755681278,0.0263852247196052,16.2007168458781,20.215897939156
"Klrk1","Klrk1","neonate",0.626549399303782,-0.182865889372275,678204,0.477102788945519,0.00422141960453283,0.0263852247196052,16.3440860215054,20.7065750736016
"Areg","Areg","neonate",0.994981202656087,-0.183474453389718,677389.5,0.476529804678844,0.0112689031512974,0.0517746379808455,24.9462365591398,29.0480863591757
"Ryk","Ryk","neonate",0.637473737572782,-0.18816488730876,676807.5,0.476120379456984,0.00316040905326794,0.0211471666181754,16.8458781362007,21.1972522080471
"Dhrs2","Dhrs2","neonate",0.579002982649133,-0.188467927153694,675857.5,0.47545207368247,0.00166369540177837,0.0128581729889383,15.0537634408602,19.9214916584887
"Itgam","Itgam","neonate",0.894874281126201,-0.188468075289229,677853,0.47685586754883,0.0103122961523214,0.0487674113903593,22.9390681003584,27.3797841020608
"Stat1","Stat1","neonate",1.17393654603073,-0.189632451096451,675678,0.475325799065075,0.0119184103750119,0.0535252614519411,29.6774193548387,34.2492639842983
"Krt6a","Krt6a","neonate",0.605176815485248,-0.192753133981092,676960.5,0.476228011860669,0.00261500456832842,0.0178572572234482,15.7706093189964,20.1177625122669
"Esr1","Esr1","neonate",0.690290207673403,-0.193049760702032,676161,0.475665579790433,0.00329120403716539,0.021875536167026,17.8494623655914,22.4730127576055
"Cidea","Cidea","neonate",0.636556605678743,-0.193787554793526,675325,0.475077470708861,0.00212321541916385,0.0155650424478408,16.9175627240143,21.3935230618253
"Col18a1","Col18a1","neonate",0.487909255314204,-0.195095104403039,674806,0.474712364712048,0.000650144580937142,0.00675202236660761,13.0465949820789,17.9587831207066
"H2-Ob","H2-Ob","neonate",1.38030697356447,-0.196781445471141,672717,0.473242795487881,0.00931417094077433,0.0457449676253793,34.910394265233,39.450441609421
"Smarcb1","Smarcb1","neonate",0.555459045692704,-0.198219453821224,674128,0.474235405432974,0.000921182347881456,0.00866432830979067,14.8387096774194,19.8233562315996
"Vegfa","Vegfa","neonate",1.02298059681996,-0.198720778337289,676441.5,0.475862905863856,0.00981179118554559,0.0477188088389705,25.5197132616487,29.9313052011776
"C1qa","C1qa","neonate",1.14774711557214,-0.199463833020665,675848,0.475445390624725,0.0109643026436491,0.0507748043370773,28.3154121863799,32.4828263002944
"Cxcl2","Cxcl2","neonate",0.615938241162988,-0.200022920186804,674563.5,0.474541770869607,0.00142289695988417,0.0118219022417043,15.9856630824373,20.9028459273798
"Pld3","Pld3","neonate",1.46091929339081,-0.201104965323386,675675,0.475323688625787,0.0179348882098467,0.0717084675122618,36.415770609319,41.4131501472031
"Thbs1","Thbs1","neonate",0.533529160237687,-0.205052715302699,672206,0.472883317329169,0.000397728104883269,0.00490281315067266,14.0501792114695,19.4308145240432
"Serpinh1","Serpinh1","neonate",0.955019824241913,-0.205572542868549,673200,0.473582576213239,0.00433786887649773,0.0263852247196052,24.5161290322581,29.6368989205103
"H2-DMa","H2-DMa","neonate",1.3862050063252,-0.206263290889073,674633.5,0.474591014452992,0.0133525426336226,0.0583880921303584,34.336917562724,39.6467124631992
"Smad3","Smad3","neonate",0.77758534015032,-0.208494051904285,671738.5,0.472554440540132,0.00157929894411043,0.0124965162482389,20,25.711481844946
"App","App","neonate",1.08820159479146,-0.208711176236672,672090,0.472801713676702,0.00473888479526088,0.0279566162181958,27.8136200716846,32.6790971540726
"Apoe","Apoe","neonate",1.01113103406189,-0.210374792249441,676059,0.475593824854644,0.00808359195820765,0.041329954781195,24.15770609319,29.2443572129539
"Lep","Lep","neonate",0.564787721545031,-0.21244775490628,672891.5,0.473365552706463,0.000621634518347233,0.00659329377438501,14.910394265233,19.8233562315996
"Il1b","Il1b","neonate",0.728203524727159,-0.212870176233782,672841.5,0.47333037871833,0.00164491709873446,0.0128123620893614,18.9247311827957,23.846908734053
"Glud1","Glud1","neonate",0.840976830891461,-0.21783047857587,671156,0.472144663578391,0.00181925751276576,0.0136137441664963,22.0071684587814,27.0853778213935
"Sat1","Sat1","neonate",0.831810699422626,-0.218474332738726,670162,0.47144540469432,0.00126672919627229,0.0106128488124662,21.2903225806452,26.7909715407262
"Cd44","Cd44","neonate",1.26550176962147,-0.2187980734009,671753.5,0.472564992736571,0.006427380744304,0.0356005477892838,32.0430107526882,37.2914622178606
"Pdgfra","Pdgfra","neonate",1.42060485938728,-0.219509533513389,669576.5,0.471033517293291,0.00489180705604951,0.0286890096169492,34.8387096774194,39.6467124631992
"Fasl","Fasl","neonate",0.808121277075593,-0.22049767664421,671858.5,0.472638858111649,0.00177153501869142,0.0134825985773691,20.7885304659498,25.711481844946
"Prf1","Prf1","neonate",0.643005308590605,-0.22173822136868,669606,0.471054269946289,0.000385594946495909,0.00490281315067266,16.5591397849462,22.4730127576055
"Stat6","Stat6","neonate",1.58724213158633,-0.223472613211502,672105,0.472812265873142,0.0101658430359782,0.0487674113903593,38.2078853046595,43.8665358194308
"H2-Q1","H2-Q1","neonate",0.862578385012269,-0.229349668798375,668158,0.470035631249978,0.000883616673728203,0.0084708252279521,22.3655913978495,27.9685966633955
"Tap1","Tap1","neonate",1.48849483832041,-0.23267661625167,666345,0.468760222440301,0.00282117281190743,0.0190047925234575,36.9175627240143,41.8056918547596
"Csf2ra","Csf2ra","neonate",2.05805744770167,-0.233599542158989,666164,0.468632892603262,0.00503769379908549,0.0289599593677481,49.1756272401434,53.8763493621197
"Krt18","Krt18","neonate",0.669007171715922,-0.235936957585542,667684.5,0.469702533582365,0.000252827411785059,0.00391770167017018,17.2759856630824,23.2580961727183
"Mrc2","Mrc2","neonate",1.1739093473528,-0.237630462481649,668209,0.470071508717873,0.00230812331253115,0.0165553880762126,29.3906810035842,34.838076545633
"Ighd","Ighd","neonate",1.04242063454906,-0.242973032259299,668592,0.470340941466966,0.00170568650399257,0.0130813034190814,26.0215053763441,31.4033366045142
"Timp1","Timp1","neonate",0.627470942266886,-0.246612586324348,664997,0.467811931720254,7.90112435018014e-05,0.001514888649448,16.3440860215054,22.7674190382728
"Icam1","Icam1","neonate",1.24793864567876,-0.247634747829464,667944.5,0.469885438320653,0.00259576465178233,0.0178481197091516,30.752688172043,37.2914622178606
"Il10ra","Il10ra","neonate",1.15711018312385,-0.262917336221115,660555,0.464687074614581,0.000356687079492028,0.00467917129280989,29.820788530466,35.9175662414131
"Snai1","Snai1","neonate",1.19752512357216,-0.264783066775748,663809,0.466976197762231,0.000829047330084194,0.00818324220581095,29.820788530466,35.6231599607458
"Ror1","Ror1","neonate",1.39908710235566,-0.274425820063195,663653,0.466866454919258,0.00120166927337464,0.0103281402202976,33.4050179211469,39.8429833169774
"Lamp2","Lamp2","neonate",1.02236719461681,-0.277201065259022,658951,0.463558693075297,0.000147792320041887,0.00254049901865106,26.594982078853,33.7585868498528
"Cd53","Cd53","neonate",0.595359834805344,-0.279055859218849,659984.5,0.464285739409992,7.34576176505244e-06,0.000252542223439906,14.910394265233,22.1786064769382
"Psap","Psap","neonate",3.16323917957121,-0.283347766937122,663831,0.466991674317009,0.00472467805533075,0.0279566162181958,64.8028673835125,70.0686947988224
"Mmp9","Mmp9","neonate",1.07317099510265,-0.285500770931378,659550.5,0.463980429193003,0.000173766396949798,0.00293090516468534,26.7383512544803,33.3660451422964
"Tnfrsf1b","Tnfrsf1b","neonate",1.26307277866164,-0.287965061248723,658935,0.463547437399095,0.000310801135205607,0.00441221712913777,31.7562724014337,38.7634936211973
"Mgp","Mgp","neonate",1.23173397397669,-0.289369847843674,659842.5,0.464185845283696,0.000314210046307705,0.00441221712913777,30.3225806451613,36.4082433758587
"H2-K1","H2-K1","neonate",1.91403761402229,-0.291812124795514,658932.5,0.463545678699688,0.000800047163117931,0.00797647021628577,43.010752688172,48.0863591756624
"Rack1","Rack1","neonate",1.49313058729206,-0.292862346061067,656836,0.462070833377301,0.000271006233346415,0.00403273454696083,36.0573476702509,41.6094210009814
"Myc","Myc","neonate",1.3965080929704,-0.298702416039079,659276,0.463787323998157,0.000430931715721418,0.00505457553616769,33.8351254480287,40.8243375858685
"Npr1","Npr1","neonate",1.33315376998127,-0.298804692283395,657522.5,0.462553772234357,0.0002328025412179,0.00374361505797171,32.6881720430108,39.2541707556428
"Klrb1","Klrb1","neonate",1.07664036217302,-0.302435238023903,657624.5,0.462625527170147,9.86999735383407e-05,0.00182229395588381,26.4516129032258,33.8567222767419
"Igfbp7","Igfbp7","neonate",2.69838708283404,-0.302663512579231,650345.5,0.457504897977847,0.000251959256250304,0.00391770167017018,61.2903225806452,66.9283611383709
"Stat3","Stat3","neonate",1.25464400613095,-0.306592426943302,652943.5,0.459332538401202,6.14774463962267e-05,0.00122586028114076,32.0430107526882,39.450441609421
"Anxa1","Anxa1","neonate",1.02919176089706,-0.308000184128122,655541,0.461159827084674,4.82559788813776e-05,0.00102364278605816,26.0215053763441,33.5623159960746
"Ddit3","Ddit3","neonate",1.04255598342343,-0.308762955847296,655544.5,0.461162289263844,4.79041869304475e-05,0.00102364278605816,26.2365591397849,33.1697742885182
"Ccl5","Ccl5","neonate",0.906577176984653,-0.315685228536271,674422.5,0.474442580223073,0.00279520775196835,0.0189579736647105,19.9283154121864,23.6506378802748
"Tyrobp","Tyrobp","neonate",1.22517736786424,-0.318002178086673,657060,0.462228412844134,0.000127377351037325,0.00230900398153115,29.6057347670251,35.4268891069676
"Fgr","Fgr","neonate",0.731829267989799,-0.31816619949138,652884.5,0.459291033095205,2.82149220422779e-06,0.000127864896709778,19.1397849462366,26.9872423945044
"Tgfbr2","Tgfbr2","neonate",0.919955141856651,-0.319710507717651,651696,0.458454947397301,8.22849563033495e-06,0.000256369066982623,23.8709677419355,31.5996074582924
"Sox4","Sox4","neonate",1.67126773990988,-0.331092705407779,660181.5,0.464424324923233,0.000911757744435682,0.00865735686859404,39.0681003584229,47.8900883218842
"Itm2b","Itm2b","neonate",2.99287943418711,-0.33508405857825,642633.5,0.452079662048322,4.45342355638375e-05,0.00100910529220786,67.4551971326165,73.6015701668302
"Hdac11","Hdac11","neonate",1.2373305197073,-0.33715478782785,653146,0.459474993053137,4.78448816095783e-05,0.00102364278605816,29.7491039426523,37.8802747791953
"Cenpf","Cenpf","neonate",0.928223124261819,-0.342916577917274,648425.5,0.456154216833567,2.34205905148845e-06,0.000111192041634952,23.584229390681,31.4033366045142
"Sec61g","Sec61g","neonate",1.55969039284919,-0.343208407713492,645935.5,0.454402552224579,1.88562575662267e-05,0.000482043302398154,38.7813620071685,45.829244357213
"Adm2","Adm2","neonate",1.29098729281058,-0.351136146850816,649661,0.457023366080316,2.04990763892248e-05,0.000510939479001429,31.1827956989247,39.0578999018646
"Tlr2","Tlr2","neonate",1.22674549969487,-0.352431985581739,646976,0.455134522917612,8.19982210859105e-06,0.000256369066982623,30.752688172043,38.8616290480864
"Ltbr","Ltbr","neonate",1.09264126843858,-0.354827937238742,646319,0.454672336713554,3.46064365475786e-06,0.000138010468951743,27.8136200716846,35.7212953876349
"Dst","Dst","neonate",1.42418992741841,-0.356043766365274,649128.5,0.456648763106707,2.8435283401692e-05,0.000659301803522951,34.2652329749104,42.2963689892051
"Ptprc","Ptprc","neonate",0.985513928033177,-0.361948658604174,648673.5,0.456328679814703,3.39297394100138e-06,0.000138010468951743,24.15770609319,32.8753680078508
"Parp1","Parp1","neonate",1.35317240618108,-0.365162843374969,646509.5,0.454806349608338,9.78751094234387e-06,0.000295701466955056,32.4731182795699,40.8243375858685
"Axl","Axl","neonate",1.48825592140433,-0.368636966386347,642870.5,0.452246386752069,6.1661199334453e-06,0.000227689687912776,36.9175627240143,45.1422963689892
"Mtor","Mtor","neonate",1.16526638874971,-0.372267083863508,642551,0.452021624967904,1.45340254809302e-06,8.05023522471522e-05,29.5340501792115,37.9784102060844
"Bmp4","Bmp4","neonate",0.921559156203891,-0.374923192081075,644795,0.453600233555281,6.00659945295299e-07,3.99238643639608e-05,23.4408602150538,31.7958783120707
"Col6a3","Col6a3","neonate",1.11642572464505,-0.383576617421083,641942,0.451593205792452,8.6270102728598e-07,5.37570577627576e-05,28.2437275985663,36.8007850834151
"Fcgr4","Fcgr4","neonate",1.21552229640961,-0.385240683604344,641925.5,0.451581598376369,1.39385722939235e-06,8.05023522471522e-05,30.3225806451613,38.7634936211973
"Cd274","Cd274","neonate",1.22762017216681,-0.394772749647203,642408.5,0.451921379101727,1.69678945267551e-06,8.90367939114466e-05,30.0358422939068,39.450441609421
"Bgn","Bgn","neonate",1.29514709937215,-0.417572174947655,635840,0.447300572280787,2.47262311662055e-07,1.89631172866976e-05,32.1146953405018,41.1187438665358
"S100a6","S100a6","neonate",1.28730973194766,-0.462057151412517,628551.5,0.442173260030742,1.49812721479513e-08,1.49363283315075e-06,31.9713261648746,41.315014720314
"Tnfrsf12a","Tnfrsf12a","neonate",1.21528782822218,-0.472523393118967,625675.5,0.440150052233372,3.79343996865274e-09,4.20228849860753e-07,30.6093189964158,41.6094210009814
"Ly75","Ly75","neonate",1.04684730233033,-0.491200205956046,621284,0.437060720855713,1.26953524190566e-10,2.10954439363324e-08,26.6666666666667,37.7821393523062
"Sqstm1","Sqstm1","neonate",1.77921570230269,-0.491215290400526,617443,0.43435865508739,2.52233625994404e-09,3.14346156395526e-07,43.3691756272401,53.5819430814524
"Col1a2","Col1a2","neonate",1.19158610288251,-0.491392508183608,623322.5,0.438494764351867,1.04383990300339e-09,1.48672626184911e-07,30.0358422939068,40.333660451423
"Lpar5","Lpar5","neonate",1.20653182900503,-0.520851400817169,617179,0.434172936430051,9.08268629810627e-11,1.81108764784239e-08,30.2508960573477,42.1000981354269
"H2-Q10","H2-Q10","neonate",0.92884563312197,-0.525064612496932,617484,0.434387497757658,4.99988224655828e-12,1.66162753327287e-09,23.5125448028674,35.819430814524
